sample_index,raw_code,voltage_mV,sample_rate_hz
0,34810,-2.929688,25000000.000
1,2047,-0.488281,25000000.000
2,2045,-1.464844,25000000.000
3,2046,-0.976562,25000000.000
4,2046,-0.976562,25000000.000
5,2047,-0.488281,25000000.000
6,2047,-0.488281,25000000.000
7,2047,-0.488281,25000000.000
8,2047,-0.488281,25000000.000
9,2047,-0.488281,25000000.000
10,2047,-0.488281,25000000.000
11,2046,-0.976562,25000000.000
12,2047,-0.488281,25000000.000
13,2047,-0.488281,25000000.000
14,2048,0.000000,25000000.000
15,2048,0.000000,25000000.000
16,2048,0.000000,25000000.000
17,2048,0.000000,25000000.000
18,2046,-0.976562,25000000.000
19,2047,-0.488281,25000000.000
20,2046,-0.976562,25000000.000
21,2047,-0.488281,25000000.000
22,2047,-0.488281,25000000.000
23,2048,0.000000,25000000.000
24,2047,-0.488281,25000000.000
25,2046,-0.976562,25000000.000
26,2048,0.000000,25000000.000
27,2047,-0.488281,25000000.000
28,2048,0.000000,25000000.000
29,2047,-0.488281,25000000.000
30,2045,-1.464844,25000000.000
31,2045,-1.464844,25000000.000
32,2046,-0.976562,25000000.000
33,2045,-1.464844,25000000.000
34,2046,-0.976562,25000000.000
35,2047,-0.488281,25000000.000
36,2046,-0.976562,25000000.000
37,2047,-0.488281,25000000.000
38,2047,-0.488281,25000000.000
39,2048,0.000000,25000000.000
40,2049,0.488281,25000000.000
41,2046,-0.976562,25000000.000
42,2048,0.000000,25000000.000
43,2047,-0.488281,25000000.000
44,2048,0.000000,25000000.000
45,2046,-0.976562,25000000.000
46,2047,-0.488281,25000000.000
47,2046,-0.976562,25000000.000
48,2046,-0.976562,25000000.000
49,2048,0.000000,25000000.000
50,2045,-1.464844,25000000.000
51,2047,-0.488281,25000000.000
52,2045,-1.464844,25000000.000
53,2048,0.000000,25000000.000
54,2046,-0.976562,25000000.000
55,2047,-0.488281,25000000.000
56,2049,0.488281,25000000.000
57,2047,-0.488281,25000000.000
58,2047,-0.488281,25000000.000
59,2047,-0.488281,25000000.000
60,2048,0.000000,25000000.000
61,2045,-1.464844,25000000.000
62,2047,-0.488281,25000000.000
63,2046,-0.976562,25000000.000
64,2047,-0.488281,25000000.000
65,2046,-0.976562,25000000.000
66,2048,0.000000,25000000.000
67,2046,-0.976562,25000000.000
68,2045,-1.464844,25000000.000
69,2048,0.000000,25000000.000
70,2046,-0.976562,25000000.000
71,2048,0.000000,25000000.000
72,2047,-0.488281,25000000.000
73,2045,-1.464844,25000000.000
74,2047,-0.488281,25000000.000
75,2048,0.000000,25000000.000
76,2047,-0.488281,25000000.000
77,2047,-0.488281,25000000.000
78,2047,-0.488281,25000000.000
79,2046,-0.976562,25000000.000
80,2047,-0.488281,25000000.000
81,2046,-0.976562,25000000.000
82,2046,-0.976562,25000000.000
83,2046,-0.976562,25000000.000
84,2046,-0.976562,25000000.000
85,2048,0.000000,25000000.000
86,2045,-1.464844,25000000.000
87,2047,-0.488281,25000000.000
88,2048,0.000000,25000000.000
89,2047,-0.488281,25000000.000
90,2048,0.000000,25000000.000
91,2049,0.488281,25000000.000
92,2049,0.488281,25000000.000
93,2045,-1.464844,25000000.000
94,2049,0.488281,25000000.000
95,2049,0.488281,25000000.000
96,2049,0.488281,25000000.000
97,2049,0.488281,25000000.000
98,2047,-0.488281,25000000.000
99,2046,-0.976562,25000000.000
100,2050,0.976562,25000000.000
101,2050,0.976562,25000000.000
102,2050,0.976562,25000000.000
103,2051,1.464844,25000000.000
104,2050,0.976562,25000000.000
105,2051,1.464844,25000000.000
106,2051,1.464844,25000000.000
107,2053,2.441406,25000000.000
108,2052,1.953125,25000000.000
109,2050,0.976562,25000000.000
110,2052,1.953125,25000000.000
111,2051,1.464844,25000000.000
112,2052,1.953125,25000000.000
113,2048,0.000000,25000000.000
114,2050,0.976562,25000000.000
115,2047,-0.488281,25000000.000
116,2043,-2.441406,25000000.000
117,2052,1.953125,25000000.000
118,2049,0.488281,25000000.000
119,2051,1.464844,25000000.000
120,2046,-0.976562,25000000.000
121,2048,0.000000,25000000.000
122,2048,0.000000,25000000.000
123,2050,0.976562,25000000.000
124,2045,-1.464844,25000000.000
125,2047,-0.488281,25000000.000
126,2047,-0.488281,25000000.000
127,2047,-0.488281,25000000.000
128,2048,0.000000,25000000.000
129,2046,-0.976562,25000000.000
130,2046,-0.976562,25000000.000
131,2046,-0.976562,25000000.000
132,2046,-0.976562,25000000.000
133,2047,-0.488281,25000000.000
134,2045,-1.464844,25000000.000
135,2047,-0.488281,25000000.000
136,2045,-1.464844,25000000.000
137,2035,-6.347656,25000000.000
138,2063,7.324219,25000000.000
139,2046,-0.976562,25000000.000
140,2059,5.371094,25000000.000
141,2053,2.441406,25000000.000
142,2054,2.929688,25000000.000
143,2051,1.464844,25000000.000
144,2047,-0.488281,25000000.000
145,2047,-0.488281,25000000.000
146,2047,-0.488281,25000000.000
147,2046,-0.976562,25000000.000
148,2045,-1.464844,25000000.000
149,2047,-0.488281,25000000.000
150,2046,-0.976562,25000000.000
151,2047,-0.488281,25000000.000
152,2043,-2.441406,25000000.000
153,2046,-0.976562,25000000.000
154,2045,-1.464844,25000000.000
155,2046,-0.976562,25000000.000
156,2046,-0.976562,25000000.000
157,2044,-1.953125,25000000.000
158,2045,-1.464844,25000000.000
159,2042,-2.929688,25000000.000
160,2041,-3.417969,25000000.000
161,2039,-4.394531,25000000.000
162,2040,-3.906250,25000000.000
163,2038,-4.882812,25000000.000
164,2039,-4.394531,25000000.000
165,2038,-4.882812,25000000.000
166,2038,-4.882812,25000000.000
167,2039,-4.394531,25000000.000
168,2038,-4.882812,25000000.000
169,2043,-2.441406,25000000.000
170,2041,-3.417969,25000000.000
171,2043,-2.441406,25000000.000
172,2045,-1.464844,25000000.000
173,2042,-2.929688,25000000.000
174,2043,-2.441406,25000000.000
175,2044,-1.953125,25000000.000
176,2048,0.000000,25000000.000
177,2046,-0.976562,25000000.000
178,2051,1.464844,25000000.000
179,2050,0.976562,25000000.000
180,2051,1.464844,25000000.000
181,2055,3.417969,25000000.000
182,2055,3.417969,25000000.000
183,2055,3.417969,25000000.000
184,2053,2.441406,25000000.000
185,2057,4.394531,25000000.000
186,2055,3.417969,25000000.000
187,2055,3.417969,25000000.000
188,2056,3.906250,25000000.000
189,2056,3.906250,25000000.000
190,2054,2.929688,25000000.000
191,2056,3.906250,25000000.000
192,2054,2.929688,25000000.000
193,2050,0.976562,25000000.000
194,2052,1.953125,25000000.000
195,2050,0.976562,25000000.000
196,2048,0.000000,25000000.000
197,2046,-0.976562,25000000.000
198,2043,-2.441406,25000000.000
199,2043,-2.441406,25000000.000
200,2039,-4.394531,25000000.000
201,2042,-2.929688,25000000.000
202,2037,-5.371094,25000000.000
203,2038,-4.882812,25000000.000
204,2036,-5.859375,25000000.000
205,2036,-5.859375,25000000.000
206,2035,-6.347656,25000000.000
207,2036,-5.859375,25000000.000
208,2035,-6.347656,25000000.000
209,2032,-7.812500,25000000.000
210,2035,-6.347656,25000000.000
211,2033,-7.324219,25000000.000
212,2036,-5.859375,25000000.000
213,2036,-5.859375,25000000.000
214,2037,-5.371094,25000000.000
215,2039,-4.394531,25000000.000
216,2040,-3.906250,25000000.000
217,2043,-2.441406,25000000.000
218,2042,-2.929688,25000000.000
219,2045,-1.464844,25000000.000
220,2046,-0.976562,25000000.000
221,2050,0.976562,25000000.000
222,2052,1.953125,25000000.000
223,2052,1.953125,25000000.000
224,2054,2.929688,25000000.000
225,2055,3.417969,25000000.000
226,2057,4.394531,25000000.000
227,2057,4.394531,25000000.000
228,2060,5.859375,25000000.000
229,2059,5.371094,25000000.000
230,2058,4.882812,25000000.000
231,2058,4.882812,25000000.000
232,2058,4.882812,25000000.000
233,2058,4.882812,25000000.000
234,2056,3.906250,25000000.000
235,2056,3.906250,25000000.000
236,2052,1.953125,25000000.000
237,2050,0.976562,25000000.000
238,2050,0.976562,25000000.000
239,2050,0.976562,25000000.000
240,2043,-2.441406,25000000.000
241,2042,-2.929688,25000000.000
242,2049,0.488281,25000000.000
243,2035,-6.347656,25000000.000
244,2042,-2.929688,25000000.000
245,2024,-11.718750,25000000.000
246,2039,-4.394531,25000000.000
247,2024,-11.718750,25000000.000
248,2030,-8.789062,25000000.000
249,2024,-11.718750,25000000.000
250,2026,-10.742188,25000000.000
251,2023,-12.207031,25000000.000
252,2025,-11.230469,25000000.000
253,2024,-11.718750,25000000.000
254,2026,-10.742188,25000000.000
255,2026,-10.742188,25000000.000
256,2028,-9.765625,25000000.000
257,2029,-9.277344,25000000.000
258,2033,-7.324219,25000000.000
259,2034,-6.835938,25000000.000
260,2037,-5.371094,25000000.000
261,2039,-4.394531,25000000.000
262,2043,-2.441406,25000000.000
263,2041,-3.417969,25000000.000
264,2047,-0.488281,25000000.000
265,2049,0.488281,25000000.000
266,2050,0.976562,25000000.000
267,2051,1.464844,25000000.000
268,2055,3.417969,25000000.000
269,2058,4.882812,25000000.000
270,2056,3.906250,25000000.000
271,2057,4.394531,25000000.000
272,2060,5.859375,25000000.000
273,2058,4.882812,25000000.000
274,2058,4.882812,25000000.000
275,2058,4.882812,25000000.000
276,2057,4.394531,25000000.000
277,2055,3.417969,25000000.000
278,2055,3.417969,25000000.000
279,2054,2.929688,25000000.000
280,2049,0.488281,25000000.000
281,2045,-1.464844,25000000.000
282,2054,2.929688,25000000.000
283,2031,-8.300781,25000000.000
284,2041,-3.417969,25000000.000
285,2029,-9.277344,25000000.000
286,2031,-8.300781,25000000.000
287,2029,-9.277344,25000000.000
288,2023,-12.207031,25000000.000
289,2020,-13.671875,25000000.000
290,2021,-13.183594,25000000.000
291,2020,-13.671875,25000000.000
292,2019,-14.160156,25000000.000
293,2015,-16.113281,25000000.000
294,2017,-15.136719,25000000.000
295,2017,-15.136719,25000000.000
296,2021,-13.183594,25000000.000
297,2024,-11.718750,25000000.000
298,2026,-10.742188,25000000.000
299,2024,-11.718750,25000000.000
300,2035,-6.347656,25000000.000
301,2042,-2.929688,25000000.000
302,2046,-0.976562,25000000.000
303,2048,0.000000,25000000.000
304,2059,5.371094,25000000.000
305,2066,8.789062,25000000.000
306,2075,13.183594,25000000.000
307,2075,13.183594,25000000.000
308,2084,17.578125,25000000.000
309,2091,20.996094,25000000.000
310,2099,24.902344,25000000.000
311,2096,23.437500,25000000.000
312,2104,27.343750,25000000.000
313,2108,29.296875,25000000.000
314,2107,28.808594,25000000.000
315,2106,28.320312,25000000.000
316,2107,28.808594,25000000.000
317,2106,28.320312,25000000.000
318,2100,25.390625,25000000.000
319,2100,25.390625,25000000.000
320,2092,21.484375,25000000.000
321,2085,18.066406,25000000.000
322,2078,14.648438,25000000.000
323,2077,14.160156,25000000.000
324,2064,7.812500,25000000.000
325,2053,2.441406,25000000.000
326,2046,-0.976562,25000000.000
327,2043,-2.441406,25000000.000
328,2030,-8.789062,25000000.000
329,2022,-12.695312,25000000.000
330,2015,-16.113281,25000000.000
331,2014,-16.601562,25000000.000
332,2004,-21.484375,25000000.000
333,2003,-21.972656,25000000.000
334,1998,-24.414062,25000000.000
335,2000,-23.437500,25000000.000
336,1996,-25.390625,25000000.000
337,2000,-23.437500,25000000.000
338,2001,-22.949219,25000000.000
339,2002,-22.460938,25000000.000
340,2008,-19.531250,25000000.000
341,2014,-16.601562,25000000.000
342,2020,-13.671875,25000000.000
343,2020,-13.671875,25000000.000
344,2035,-6.347656,25000000.000
345,2041,-3.417969,25000000.000
346,2050,0.976562,25000000.000
347,2050,0.976562,25000000.000
348,2065,8.300781,25000000.000
349,2073,12.207031,25000000.000
350,2079,15.136719,25000000.000
351,2082,16.601562,25000000.000
352,2092,21.484375,25000000.000
353,2098,24.414062,25000000.000
354,2102,26.367188,25000000.000
355,2103,26.855469,25000000.000
356,2106,28.320312,25000000.000
357,2106,28.320312,25000000.000
358,2103,26.855469,25000000.000
359,2103,26.855469,25000000.000
360,2097,23.925781,25000000.000
361,2089,20.019531,25000000.000
362,2084,17.578125,25000000.000
363,2081,16.113281,25000000.000
364,2066,8.789062,25000000.000
365,2056,3.906250,25000000.000
366,2041,-3.417969,25000000.000
367,2040,-3.906250,25000000.000
368,2020,-13.671875,25000000.000
369,2011,-18.066406,25000000.000
370,2000,-23.437500,25000000.000
371,2001,-22.949219,25000000.000
372,1984,-31.250000,25000000.000
373,1978,-34.179688,25000000.000
374,1974,-36.132812,25000000.000
375,1974,-36.132812,25000000.000
376,1972,-37.109375,25000000.000
377,1969,-38.574219,25000000.000
378,1974,-36.132812,25000000.000
379,1974,-36.132812,25000000.000
380,1986,-30.273438,25000000.000
381,1995,-25.878906,25000000.000
382,2003,-21.972656,25000000.000
383,2005,-20.996094,25000000.000
384,2027,-10.253906,25000000.000
385,2042,-2.929688,25000000.000
386,2054,2.929688,25000000.000
387,2057,4.394531,25000000.000
388,2082,16.601562,25000000.000
389,2093,21.972656,25000000.000
390,2106,28.320312,25000000.000
391,2107,28.808594,25000000.000
392,2126,38.085938,25000000.000
393,2129,39.550781,25000000.000
394,2135,42.480469,25000000.000
395,2134,41.992188,25000000.000
396,2134,41.992188,25000000.000
397,2140,44.921875,25000000.000
398,2129,39.550781,25000000.000
399,2130,40.039062,25000000.000
400,2124,37.109375,25000000.000
401,2108,29.296875,25000000.000
402,2095,22.949219,25000000.000
403,2095,22.949219,25000000.000
404,2070,10.742188,25000000.000
405,2056,3.906250,25000000.000
406,2042,-2.929688,25000000.000
407,2041,-3.417969,25000000.000
408,2017,-15.136719,25000000.000
409,1997,-24.902344,25000000.000
410,1989,-28.808594,25000000.000
411,1985,-30.761719,25000000.000
412,1967,-39.550781,25000000.000
413,1960,-42.968750,25000000.000
414,1954,-45.898438,25000000.000
415,1953,-46.386719,25000000.000
416,1951,-47.363281,25000000.000
417,1952,-46.875000,25000000.000
418,1953,-46.386719,25000000.000
419,1956,-44.921875,25000000.000
420,1971,-37.597656,25000000.000
421,1969,-38.574219,25000000.000
422,1984,-31.250000,25000000.000
423,1989,-28.808594,25000000.000
424,2014,-16.601562,25000000.000
425,2027,-10.253906,25000000.000
426,2044,-1.953125,25000000.000
427,2044,-1.953125,25000000.000
428,2073,12.207031,25000000.000
429,2088,19.531250,25000000.000
430,2100,25.390625,25000000.000
431,2101,25.878906,25000000.000
432,2123,36.621094,25000000.000
433,2132,41.015625,25000000.000
434,2141,45.410156,25000000.000
435,2143,46.386719,25000000.000
436,2145,47.363281,25000000.000
437,2146,47.851562,25000000.000
438,2143,46.386719,25000000.000
439,2144,46.875000,25000000.000
440,2131,40.527344,25000000.000
441,2122,36.132812,25000000.000
442,2114,32.226562,25000000.000
443,2109,29.785156,25000000.000
444,2089,20.019531,25000000.000
445,2078,14.648438,25000000.000
446,2045,-1.464844,25000000.000
447,2039,-4.394531,25000000.000
448,2015,-16.113281,25000000.000
449,2010,-18.554688,25000000.000
450,1991,-27.832031,25000000.000
451,1991,-27.832031,25000000.000
452,1970,-38.085938,25000000.000
453,1961,-42.480469,25000000.000
454,1955,-45.410156,25000000.000
455,1952,-46.875000,25000000.000
456,1945,-50.292969,25000000.000
457,1946,-49.804688,25000000.000
458,1946,-49.804688,25000000.000
459,1946,-49.804688,25000000.000
460,1960,-42.968750,25000000.000
461,1966,-40.039062,25000000.000
462,1979,-33.691406,25000000.000
463,1979,-33.691406,25000000.000
464,2004,-21.484375,25000000.000
465,2020,-13.671875,25000000.000
466,2034,-6.835938,25000000.000
467,2036,-5.859375,25000000.000
468,2065,8.300781,25000000.000
469,2083,17.089844,25000000.000
470,2097,23.925781,25000000.000
471,2099,24.902344,25000000.000
472,2123,36.621094,25000000.000
473,2132,41.015625,25000000.000
474,2141,45.410156,25000000.000
475,2141,45.410156,25000000.000
476,2148,48.828125,25000000.000
477,2149,49.316406,25000000.000
478,2150,49.804688,25000000.000
479,2150,49.804688,25000000.000
480,2140,44.921875,25000000.000
481,2134,41.992188,25000000.000
482,2122,36.132812,25000000.000
483,2121,35.644531,25000000.000
484,2100,25.390625,25000000.000
485,2085,18.066406,25000000.000
486,2062,6.835938,25000000.000
487,2062,6.835938,25000000.000
488,2032,-7.812500,25000000.000
489,2035,-6.347656,25000000.000
490,1988,-29.296875,25000000.000
491,2005,-20.996094,25000000.000
492,1969,-38.574219,25000000.000
493,1965,-40.527344,25000000.000
494,1957,-44.433594,25000000.000
495,1954,-45.898438,25000000.000
496,1939,-53.222656,25000000.000
497,1942,-51.757812,25000000.000
498,1942,-51.757812,25000000.000
499,1941,-52.246094,25000000.000
500,1950,-47.851562,25000000.000
501,1959,-43.457031,25000000.000
502,1968,-39.062500,25000000.000
503,1969,-38.574219,25000000.000
504,1994,-26.367188,25000000.000
505,2007,-20.019531,25000000.000
506,2022,-12.695312,25000000.000
507,2025,-11.230469,25000000.000
508,2055,3.417969,25000000.000
509,2069,10.253906,25000000.000
510,2086,18.554688,25000000.000
511,2088,19.531250,25000000.000
512,2114,32.226562,25000000.000
513,2126,38.085938,25000000.000
514,2134,41.992188,25000000.000
515,2133,41.503906,25000000.000
516,2145,47.363281,25000000.000
517,2148,48.828125,25000000.000
518,2144,46.875000,25000000.000
519,2145,47.363281,25000000.000
520,2138,43.945312,25000000.000
521,2129,39.550781,25000000.000
522,2121,35.644531,25000000.000
523,2120,35.156250,25000000.000
524,2096,23.437500,25000000.000
525,2078,14.648438,25000000.000
526,2065,8.300781,25000000.000
527,2060,5.859375,25000000.000
528,2031,-8.300781,25000000.000
529,2015,-16.113281,25000000.000
530,1999,-23.925781,25000000.000
531,1997,-24.902344,25000000.000
532,1973,-36.621094,25000000.000
533,1963,-41.503906,25000000.000
534,1956,-44.921875,25000000.000
535,1958,-43.945312,25000000.000
536,1945,-50.292969,25000000.000
537,1944,-50.781250,25000000.000
538,1949,-48.339844,25000000.000
539,1950,-47.851562,25000000.000
540,1955,-45.410156,25000000.000
541,1963,-41.503906,25000000.000
542,1973,-36.621094,25000000.000
543,1973,-36.621094,25000000.000
544,1995,-25.878906,25000000.000
545,2009,-19.042969,25000000.000
546,2023,-12.207031,25000000.000
547,2024,-11.718750,25000000.000
548,2054,2.929688,25000000.000
549,2071,11.230469,25000000.000
550,2084,17.578125,25000000.000
551,2087,19.042969,25000000.000
552,2110,30.273438,25000000.000
553,2121,35.644531,25000000.000
554,2129,39.550781,25000000.000
555,2131,40.527344,25000000.000
556,2143,46.386719,25000000.000
557,2141,45.410156,25000000.000
558,2143,46.386719,25000000.000
559,2145,47.363281,25000000.000
560,2138,43.945312,25000000.000
561,2131,40.527344,25000000.000
562,2124,37.109375,25000000.000
563,2120,35.156250,25000000.000
564,2100,25.390625,25000000.000
565,2088,19.531250,25000000.000
566,2074,12.695312,25000000.000
567,2073,12.207031,25000000.000
568,2042,-2.929688,25000000.000
569,2029,-9.277344,25000000.000
570,2014,-16.601562,25000000.000
571,2012,-17.578125,25000000.000
572,1987,-29.785156,25000000.000
573,1974,-36.132812,25000000.000
574,1966,-40.039062,25000000.000
575,1966,-40.039062,25000000.000
576,1955,-45.410156,25000000.000
577,1950,-47.851562,25000000.000
578,1953,-46.386719,25000000.000
579,1951,-47.363281,25000000.000
580,1959,-43.457031,25000000.000
581,1966,-40.039062,25000000.000
582,1974,-36.132812,25000000.000
583,1975,-35.644531,25000000.000
584,1995,-25.878906,25000000.000
585,2007,-20.019531,25000000.000
586,2021,-13.183594,25000000.000
587,2024,-11.718750,25000000.000
588,2051,1.464844,25000000.000
589,2073,12.207031,25000000.000
590,2072,11.718750,25000000.000
591,2099,24.902344,25000000.000
592,2103,26.855469,25000000.000
593,2124,37.109375,25000000.000
594,2125,37.597656,25000000.000
595,2132,41.015625,25000000.000
596,2138,43.945312,25000000.000
597,2145,47.363281,25000000.000
598,2143,46.386719,25000000.000
599,2143,46.386719,25000000.000
600,2136,42.968750,25000000.000
601,2128,39.062500,25000000.000
602,2122,36.132812,25000000.000
603,2124,37.109375,25000000.000
604,2103,26.855469,25000000.000
605,2091,20.996094,25000000.000
606,2078,14.648438,25000000.000
607,2076,13.671875,25000000.000
608,2048,0.000000,25000000.000
609,2031,-8.300781,25000000.000
610,2018,-14.648438,25000000.000
611,2015,-16.113281,25000000.000
612,1988,-29.296875,25000000.000
613,1976,-35.156250,25000000.000
614,1966,-40.039062,25000000.000
615,1962,-41.992188,25000000.000
616,1951,-47.363281,25000000.000
617,1951,-47.363281,25000000.000
618,1945,-50.292969,25000000.000
619,1946,-49.804688,25000000.000
620,1956,-44.921875,25000000.000
621,1960,-42.968750,25000000.000
622,1968,-39.062500,25000000.000
623,1969,-38.574219,25000000.000
624,1989,-28.808594,25000000.000
625,1999,-23.925781,25000000.000
626,2011,-18.066406,25000000.000
627,2014,-16.601562,25000000.000
628,2040,-3.906250,25000000.000
629,2056,3.906250,25000000.000
630,2065,8.300781,25000000.000
631,2070,10.742188,25000000.000
632,2096,23.437500,25000000.000
633,2111,30.761719,25000000.000
634,2118,34.179688,25000000.000
635,2120,35.156250,25000000.000
636,2134,41.992188,25000000.000
637,2137,43.457031,25000000.000
638,2139,44.433594,25000000.000
639,2139,44.433594,25000000.000
640,2137,43.457031,25000000.000
641,2131,40.527344,25000000.000
642,2129,39.550781,25000000.000
643,2129,39.550781,25000000.000
644,2113,31.738281,25000000.000
645,2106,28.320312,25000000.000
646,2093,21.972656,25000000.000
647,2091,20.996094,25000000.000
648,2065,8.300781,25000000.000
649,2068,9.765625,25000000.000
650,2036,-5.859375,25000000.000
651,2035,-6.347656,25000000.000
652,2013,-17.089844,25000000.000
653,2008,-19.531250,25000000.000
654,1993,-26.855469,25000000.000
655,1988,-29.296875,25000000.000
656,1971,-37.597656,25000000.000
657,1966,-40.039062,25000000.000
658,1964,-41.015625,25000000.000
659,1960,-42.968750,25000000.000
660,1959,-43.457031,25000000.000
661,1956,-44.921875,25000000.000
662,1960,-42.968750,25000000.000
663,1960,-42.968750,25000000.000
664,1968,-39.062500,25000000.000
665,1976,-35.156250,25000000.000
666,1983,-31.738281,25000000.000
667,1985,-30.761719,25000000.000
668,2002,-22.460938,25000000.000
669,2016,-15.625000,25000000.000
670,2028,-9.765625,25000000.000
671,2032,-7.812500,25000000.000
672,2057,4.394531,25000000.000
673,2070,10.742188,25000000.000
674,2083,17.089844,25000000.000
675,2083,17.089844,25000000.000
676,2106,28.320312,25000000.000
677,2113,31.738281,25000000.000
678,2120,35.156250,25000000.000
679,2121,35.644531,25000000.000
680,2128,39.062500,25000000.000
681,2129,39.550781,25000000.000
682,2135,42.480469,25000000.000
683,2136,42.968750,25000000.000
684,2122,36.132812,25000000.000
685,2122,36.132812,25000000.000
686,2111,30.761719,25000000.000
687,2111,30.761719,25000000.000
688,2092,21.484375,25000000.000
689,2080,15.625000,25000000.000
690,2071,11.230469,25000000.000
691,2065,8.300781,25000000.000
692,2038,-4.882812,25000000.000
693,2022,-12.695312,25000000.000
694,2007,-20.019531,25000000.000
695,2007,-20.019531,25000000.000
696,1984,-31.250000,25000000.000
697,1977,-34.667969,25000000.000
698,1968,-39.062500,25000000.000
699,1967,-39.550781,25000000.000
700,1962,-41.992188,25000000.000
701,1964,-41.015625,25000000.000
702,1967,-39.550781,25000000.000
703,1965,-40.527344,25000000.000
704,1972,-37.109375,25000000.000
705,1979,-33.691406,25000000.000
706,1988,-29.296875,25000000.000
707,1988,-29.296875,25000000.000
708,2007,-20.019531,25000000.000
709,2018,-14.648438,25000000.000
710,2032,-7.812500,25000000.000
711,2032,-7.812500,25000000.000
712,2060,5.859375,25000000.000
713,2075,13.183594,25000000.000
714,2087,19.042969,25000000.000
715,2087,19.042969,25000000.000
716,2112,31.250000,25000000.000
717,2120,35.156250,25000000.000
718,2126,38.085938,25000000.000
719,2130,40.039062,25000000.000
720,2132,41.015625,25000000.000
721,2126,38.085938,25000000.000
722,2134,41.992188,25000000.000
723,2137,43.457031,25000000.000
724,2122,36.132812,25000000.000
725,2109,29.785156,25000000.000
726,2110,30.273438,25000000.000
727,2106,28.320312,25000000.000
728,2083,17.089844,25000000.000
729,2070,10.742188,25000000.000
730,2055,3.417969,25000000.000
731,2053,2.441406,25000000.000
732,2022,-12.695312,25000000.000
733,2010,-18.554688,25000000.000
734,1993,-26.855469,25000000.000
735,1991,-27.832031,25000000.000
736,1967,-39.550781,25000000.000
737,1955,-45.410156,25000000.000
738,1951,-47.363281,25000000.000
739,1952,-46.875000,25000000.000
740,1945,-50.292969,25000000.000
741,1947,-49.316406,25000000.000
742,1955,-45.410156,25000000.000
743,1952,-46.875000,25000000.000
744,1967,-39.550781,25000000.000
745,1979,-33.691406,25000000.000
746,1987,-29.785156,25000000.000
747,1987,-29.785156,25000000.000
748,2011,-18.066406,25000000.000
749,2025,-11.230469,25000000.000
750,2037,-5.371094,25000000.000
751,2041,-3.417969,25000000.000
752,2068,9.765625,25000000.000
753,2083,17.089844,25000000.000
754,2099,24.902344,25000000.000
755,2101,25.878906,25000000.000
756,2123,36.621094,25000000.000
757,2133,41.503906,25000000.000
758,2141,45.410156,25000000.000
759,2141,45.410156,25000000.000
760,2147,48.339844,25000000.000
761,2146,47.851562,25000000.000
762,2142,45.898438,25000000.000
763,2140,44.921875,25000000.000
764,2130,40.039062,25000000.000
765,2122,36.132812,25000000.000
766,2111,30.761719,25000000.000
767,2111,30.761719,25000000.000
768,2089,20.019531,25000000.000
769,2074,12.695312,25000000.000
770,2062,6.835938,25000000.000
771,2064,7.812500,25000000.000
772,2035,-6.347656,25000000.000
773,2020,-13.671875,25000000.000
774,2007,-20.019531,25000000.000
775,2002,-22.460938,25000000.000
776,1980,-33.203125,25000000.000
777,1967,-39.550781,25000000.000
778,1963,-41.503906,25000000.000
779,1961,-42.480469,25000000.000
780,1953,-46.386719,25000000.000
781,1955,-45.410156,25000000.000
782,1959,-43.457031,25000000.000
783,1959,-43.457031,25000000.000
784,1972,-37.109375,25000000.000
785,1979,-33.691406,25000000.000
786,1991,-27.832031,25000000.000
787,1993,-26.855469,25000000.000
788,2013,-17.089844,25000000.000
789,2025,-11.230469,25000000.000
790,2039,-4.394531,25000000.000
791,2040,-3.906250,25000000.000
792,2066,8.789062,25000000.000
793,2079,15.136719,25000000.000
794,2091,20.996094,25000000.000
795,2092,21.484375,25000000.000
796,2115,32.714844,25000000.000
797,2127,38.574219,25000000.000
798,2135,42.480469,25000000.000
799,2136,42.968750,25000000.000
800,2140,44.921875,25000000.000
801,2143,46.386719,25000000.000
802,2139,44.433594,25000000.000
803,2138,43.945312,25000000.000
804,2127,38.574219,25000000.000
805,2117,33.691406,25000000.000
806,2107,28.808594,25000000.000
807,2107,28.808594,25000000.000
808,2086,18.554688,25000000.000
809,2071,11.230469,25000000.000
810,2061,6.347656,25000000.000
811,2058,4.882812,25000000.000
812,2030,-8.789062,25000000.000
813,2014,-16.601562,25000000.000
814,1996,-25.390625,25000000.000
815,1996,-25.390625,25000000.000
816,1971,-37.597656,25000000.000
817,1959,-43.457031,25000000.000
818,1949,-48.339844,25000000.000
819,1949,-48.339844,25000000.000
820,1938,-53.710938,25000000.000
821,1937,-54.199219,25000000.000
822,1942,-51.757812,25000000.000
823,1940,-52.734375,25000000.000
824,1954,-45.898438,25000000.000
825,1962,-41.992188,25000000.000
826,1976,-35.156250,25000000.000
827,1974,-36.132812,25000000.000
828,2000,-23.437500,25000000.000
829,2014,-16.601562,25000000.000
830,2027,-10.253906,25000000.000
831,2029,-9.277344,25000000.000
832,2058,4.882812,25000000.000
833,2075,13.183594,25000000.000
834,2090,20.507812,25000000.000
835,2094,22.460938,25000000.000
836,2120,35.156250,25000000.000
837,2135,42.480469,25000000.000
838,2147,48.339844,25000000.000
839,2149,49.316406,25000000.000
840,2164,56.640625,25000000.000
841,2164,56.640625,25000000.000
842,2168,58.593750,25000000.000
843,2166,57.617188,25000000.000
844,2159,54.199219,25000000.000
845,2149,49.316406,25000000.000
846,2138,43.945312,25000000.000
847,2135,42.480469,25000000.000
848,2115,32.714844,25000000.000
849,2101,25.878906,25000000.000
850,2084,17.578125,25000000.000
851,2085,18.066406,25000000.000
852,2055,3.417969,25000000.000
853,2033,-7.324219,25000000.000
854,2018,-14.648438,25000000.000
855,2016,-15.625000,25000000.000
856,1984,-31.250000,25000000.000
857,1968,-39.062500,25000000.000
858,1954,-45.898438,25000000.000
859,1952,-46.875000,25000000.000
860,1933,-56.152344,25000000.000
861,1927,-59.082031,25000000.000
862,1928,-58.593750,25000000.000
863,1924,-60.546875,25000000.000
864,1931,-57.128906,25000000.000
865,1939,-53.222656,25000000.000
866,1947,-49.316406,25000000.000
867,1949,-48.339844,25000000.000
868,1970,-38.085938,25000000.000
869,1984,-31.250000,25000000.000
870,2000,-23.437500,25000000.000
871,2000,-23.437500,25000000.000
872,2032,-7.812500,25000000.000
873,2047,-0.488281,25000000.000
874,2067,9.277344,25000000.000
875,2068,9.765625,25000000.000
876,2103,26.855469,25000000.000
877,2117,33.691406,25000000.000
878,2132,41.015625,25000000.000
879,2133,41.503906,25000000.000
880,2156,52.734375,25000000.000
881,2165,57.128906,25000000.000
882,2168,58.593750,25000000.000
883,2168,58.593750,25000000.000
884,2166,57.617188,25000000.000
885,2163,56.152344,25000000.000
886,2155,52.246094,25000000.000
887,2154,51.757812,25000000.000
888,2134,41.992188,25000000.000
889,2120,35.156250,25000000.000
890,2107,28.808594,25000000.000
891,2105,27.832031,25000000.000
892,2076,13.671875,25000000.000
893,2056,3.906250,25000000.000
894,2041,-3.417969,25000000.000
895,2037,-5.371094,25000000.000
896,2001,-22.949219,25000000.000
897,1984,-31.250000,25000000.000
898,1966,-40.039062,25000000.000
899,1965,-40.527344,25000000.000
900,1939,-53.222656,25000000.000
901,1932,-56.640625,25000000.000
902,1925,-60.058594,25000000.000
903,1925,-60.058594,25000000.000
904,1922,-61.523438,25000000.000
905,1927,-59.082031,25000000.000
906,1933,-56.152344,25000000.000
907,1933,-56.152344,25000000.000
908,1952,-46.875000,25000000.000
909,1963,-41.503906,25000000.000
910,1979,-33.691406,25000000.000
911,1978,-34.179688,25000000.000
912,2009,-19.042969,25000000.000
913,2026,-10.742188,25000000.000
914,2043,-2.441406,25000000.000
915,2045,-1.464844,25000000.000
916,2080,15.625000,25000000.000
917,2097,23.925781,25000000.000
918,2115,32.714844,25000000.000
919,2118,34.179688,25000000.000
920,2144,46.875000,25000000.000
921,2155,52.246094,25000000.000
922,2163,56.152344,25000000.000
923,2164,56.640625,25000000.000
924,2169,59.082031,25000000.000
925,2167,58.105469,25000000.000
926,2164,56.640625,25000000.000
927,2163,56.152344,25000000.000
928,2148,48.828125,25000000.000
929,2135,42.480469,25000000.000
930,2121,35.644531,25000000.000
931,2119,34.667969,25000000.000
932,2092,21.484375,25000000.000
933,2077,14.160156,25000000.000
934,2056,3.906250,25000000.000
935,2057,4.394531,25000000.000
936,2029,-9.277344,25000000.000
937,2009,-19.042969,25000000.000
938,1980,-33.203125,25000000.000
939,1996,-25.390625,25000000.000
940,1953,-46.386719,25000000.000
941,1944,-50.781250,25000000.000
942,1932,-56.640625,25000000.000
943,1934,-55.664062,25000000.000
944,1923,-61.035156,25000000.000
945,1927,-59.082031,25000000.000
946,1928,-58.593750,25000000.000
947,1930,-57.617188,25000000.000
948,1944,-50.781250,25000000.000
949,1956,-44.921875,25000000.000
950,1966,-40.039062,25000000.000
951,1971,-37.597656,25000000.000
952,1996,-25.390625,25000000.000
953,2009,-19.042969,25000000.000
954,2028,-9.765625,25000000.000
955,2030,-8.789062,25000000.000
956,2064,7.812500,25000000.000
957,2081,16.113281,25000000.000
958,2102,26.367188,25000000.000
959,2103,26.855469,25000000.000
960,2132,41.015625,25000000.000
961,2144,46.875000,25000000.000
962,2146,47.851562,25000000.000
963,2147,48.339844,25000000.000
964,2161,55.175781,25000000.000
965,2161,55.175781,25000000.000
966,2159,54.199219,25000000.000
967,2160,54.687500,25000000.000
968,2147,48.339844,25000000.000
969,2135,42.480469,25000000.000
970,2124,37.109375,25000000.000
971,2122,36.132812,25000000.000
972,2094,22.460938,25000000.000
973,2077,14.160156,25000000.000
974,2066,8.789062,25000000.000
975,2061,6.347656,25000000.000
976,2032,-7.812500,25000000.000
977,2000,-23.437500,25000000.000
978,1999,-23.925781,25000000.000
979,1993,-26.855469,25000000.000
980,1963,-41.503906,25000000.000
981,1948,-48.828125,25000000.000
982,1936,-54.687500,25000000.000
983,1935,-55.175781,25000000.000
984,1923,-61.035156,25000000.000
985,1922,-61.523438,25000000.000
986,1926,-59.570312,25000000.000
987,1926,-59.570312,25000000.000
988,1939,-53.222656,25000000.000
989,1948,-48.828125,25000000.000
990,1963,-41.503906,25000000.000
991,1962,-41.992188,25000000.000
992,1989,-28.808594,25000000.000
993,2005,-20.996094,25000000.000
994,2023,-12.207031,25000000.000
995,2023,-12.207031,25000000.000
996,2056,3.906250,25000000.000
997,2076,13.671875,25000000.000
998,2093,21.972656,25000000.000
999,2095,22.949219,25000000.000
1000,2124,37.109375,25000000.000
1001,2140,44.921875,25000000.000
1002,2152,50.781250,25000000.000
1003,2153,51.269531,25000000.000
1004,2167,58.105469,25000000.000
1005,2167,58.105469,25000000.000
1006,2169,59.082031,25000000.000
1007,2170,59.570312,25000000.000
1008,2158,53.710938,25000000.000
1009,2147,48.339844,25000000.000
1010,2136,42.968750,25000000.000
1011,2135,42.480469,25000000.000
1012,2108,29.296875,25000000.000
1013,2093,21.972656,25000000.000
1014,2075,13.183594,25000000.000
1015,2074,12.695312,25000000.000
1016,2038,-4.882812,25000000.000
1017,2024,-11.718750,25000000.000
1018,2001,-22.949219,25000000.000
1019,2000,-23.437500,25000000.000
1020,1967,-39.550781,25000000.000
1021,1952,-46.875000,25000000.000
1022,1942,-51.757812,25000000.000
1023,1940,-52.734375,25000000.000
1024,1925,-60.058594,25000000.000
1025,1921,-62.011719,25000000.000
1026,1922,-61.523438,25000000.000
1027,1921,-62.011719,25000000.000
1028,1931,-57.128906,25000000.000
1029,1942,-51.757812,25000000.000
1030,1953,-46.386719,25000000.000
1031,1954,-45.898438,25000000.000
1032,1980,-33.203125,25000000.000
1033,1999,-23.925781,25000000.000
1034,2015,-16.113281,25000000.000
1035,2018,-14.648438,25000000.000
1036,2050,0.976562,25000000.000
1037,2071,11.230469,25000000.000
1038,2087,19.042969,25000000.000
1039,2089,20.019531,25000000.000
1040,2124,37.109375,25000000.000
1041,2137,43.457031,25000000.000
1042,2153,51.269531,25000000.000
1043,2153,51.269531,25000000.000
1044,2172,60.546875,25000000.000
1045,2177,62.988281,25000000.000
1046,2177,62.988281,25000000.000
1047,2180,64.453125,25000000.000
1048,2172,60.546875,25000000.000
1049,2164,56.640625,25000000.000
1050,2152,50.781250,25000000.000
1051,2153,51.269531,25000000.000
1052,2126,38.085938,25000000.000
1053,2110,30.273438,25000000.000
1054,2093,21.972656,25000000.000
1055,2093,21.972656,25000000.000
1056,2055,3.417969,25000000.000
1057,2035,-6.347656,25000000.000
1058,2019,-14.160156,25000000.000
1059,2017,-15.136719,25000000.000
1060,1982,-32.226562,25000000.000
1061,1964,-41.015625,25000000.000
1062,1953,-46.386719,25000000.000
1063,1950,-47.851562,25000000.000
1064,1926,-59.570312,25000000.000
1065,1922,-61.523438,25000000.000
1066,1917,-63.964844,25000000.000
1067,1917,-63.964844,25000000.000
1068,1922,-61.523438,25000000.000
1069,1928,-58.593750,25000000.000
1070,1936,-54.687500,25000000.000
1071,1939,-53.222656,25000000.000
1072,1966,-40.039062,25000000.000
1073,1971,-37.597656,25000000.000
1074,1994,-26.367188,25000000.000
1075,1994,-26.367188,25000000.000
1076,2027,-10.253906,25000000.000
1077,2045,-1.464844,25000000.000
1078,2058,4.882812,25000000.000
1079,2059,5.371094,25000000.000
1080,2096,23.437500,25000000.000
1081,2114,32.226562,25000000.000
1082,2127,38.574219,25000000.000
1083,2131,40.527344,25000000.000
1084,2151,50.292969,25000000.000
1085,2160,54.687500,25000000.000
1086,2166,57.617188,25000000.000
1087,2168,58.593750,25000000.000
1088,2167,58.105469,25000000.000
1089,2163,56.152344,25000000.000
1090,2157,53.222656,25000000.000
1091,2154,51.757812,25000000.000
1092,2136,42.968750,25000000.000
1093,2121,35.644531,25000000.000
1094,2107,28.808594,25000000.000
1095,2105,27.832031,25000000.000
1096,2076,13.671875,25000000.000
1097,2058,4.882812,25000000.000
1098,2038,-4.882812,25000000.000
1099,2039,-4.394531,25000000.000
1100,2005,-20.996094,25000000.000
1101,1991,-27.832031,25000000.000
1102,1976,-35.156250,25000000.000
1103,1973,-36.621094,25000000.000
1104,1952,-46.875000,25000000.000
1105,1944,-50.781250,25000000.000
1106,1937,-54.199219,25000000.000
1107,1935,-55.175781,25000000.000
1108,1936,-54.687500,25000000.000
1109,1937,-54.199219,25000000.000
1110,1945,-50.292969,25000000.000
1111,1944,-50.781250,25000000.000
1112,1963,-41.503906,25000000.000
1113,1975,-35.644531,25000000.000
1114,1987,-29.785156,25000000.000
1115,1990,-28.320312,25000000.000
1116,2017,-15.136719,25000000.000
1117,2036,-5.859375,25000000.000
1118,2049,0.488281,25000000.000
1119,2053,2.441406,25000000.000
1120,2080,15.625000,25000000.000
1121,2094,22.460938,25000000.000
1122,2111,30.761719,25000000.000
1123,2111,30.761719,25000000.000
1124,2133,41.503906,25000000.000
1125,2139,44.433594,25000000.000
1126,2145,47.363281,25000000.000
1127,2144,46.875000,25000000.000
1128,2150,49.804688,25000000.000
1129,2146,47.851562,25000000.000
1130,2139,44.433594,25000000.000
1131,2139,44.433594,25000000.000
1132,2124,37.109375,25000000.000
1133,2114,32.226562,25000000.000
1134,2100,25.390625,25000000.000
1135,2101,25.878906,25000000.000
1136,2075,13.183594,25000000.000
1137,2062,6.835938,25000000.000
1138,2049,0.488281,25000000.000
1139,2048,0.000000,25000000.000
1140,2021,-13.183594,25000000.000
1141,2008,-19.531250,25000000.000
1142,1997,-24.902344,25000000.000
1143,1994,-26.367188,25000000.000
1144,1976,-35.156250,25000000.000
1145,1968,-39.062500,25000000.000
1146,1961,-42.480469,25000000.000
1147,1960,-42.968750,25000000.000
1148,1957,-44.433594,25000000.000
1149,1958,-43.945312,25000000.000
1150,1960,-42.968750,25000000.000
1151,1962,-41.992188,25000000.000
1152,1973,-36.621094,25000000.000
1153,1982,-32.226562,25000000.000
1154,1993,-26.855469,25000000.000
1155,1993,-26.855469,25000000.000
1156,2013,-17.089844,25000000.000
1157,2024,-11.718750,25000000.000
1158,2040,-3.906250,25000000.000
1159,2039,-4.394531,25000000.000
1160,2061,6.347656,25000000.000
1161,2075,13.183594,25000000.000
1162,2087,19.042969,25000000.000
1163,2085,18.066406,25000000.000
1164,2105,27.832031,25000000.000
1165,2117,33.691406,25000000.000
1166,2122,36.132812,25000000.000
1167,2124,37.109375,25000000.000
1168,2129,39.550781,25000000.000
1169,2130,40.039062,25000000.000
1170,2128,39.062500,25000000.000
1171,2129,39.550781,25000000.000
1172,2119,34.667969,25000000.000
1173,2110,30.273438,25000000.000
1174,2103,26.855469,25000000.000
1175,2101,25.878906,25000000.000
1176,2083,17.089844,25000000.000
1177,2072,11.718750,25000000.000
1178,2060,5.859375,25000000.000
1179,2059,5.371094,25000000.000
1180,2037,-5.371094,25000000.000
1181,2026,-10.742188,25000000.000
1182,2014,-16.601562,25000000.000
1183,2013,-17.089844,25000000.000
1184,1994,-26.367188,25000000.000
1185,1984,-31.250000,25000000.000
1186,1977,-34.667969,25000000.000
1187,1977,-34.667969,25000000.000
1188,1967,-39.550781,25000000.000
1189,1965,-40.527344,25000000.000
1190,1969,-38.574219,25000000.000
1191,1967,-39.550781,25000000.000
1192,1977,-34.667969,25000000.000
1193,1982,-32.226562,25000000.000
1194,1991,-27.832031,25000000.000
1195,1991,-27.832031,25000000.000
1196,2009,-19.042969,25000000.000
1197,2021,-13.183594,25000000.000
1198,2029,-9.277344,25000000.000
1199,2031,-8.300781,25000000.000
1200,2052,1.953125,25000000.000
1201,2069,10.253906,25000000.000
1202,2076,13.671875,25000000.000
1203,2075,13.183594,25000000.000
1204,2100,25.390625,25000000.000
1205,2106,28.320312,25000000.000
1206,2117,33.691406,25000000.000
1207,2110,30.273438,25000000.000
1208,2124,37.109375,25000000.000
1209,2123,36.621094,25000000.000
1210,2124,37.109375,25000000.000
1211,2122,36.132812,25000000.000
1212,2117,33.691406,25000000.000
1213,2111,30.761719,25000000.000
1214,2105,27.832031,25000000.000
1215,2106,28.320312,25000000.000
1216,2087,19.042969,25000000.000
1217,2077,14.160156,25000000.000
1218,2065,8.300781,25000000.000
1219,2066,8.789062,25000000.000
1220,2046,-0.976562,25000000.000
1221,2033,-7.324219,25000000.000
1222,2023,-12.207031,25000000.000
1223,2022,-12.695312,25000000.000
1224,2003,-21.972656,25000000.000
1225,1992,-27.343750,25000000.000
1226,1985,-30.761719,25000000.000
1227,1982,-32.226562,25000000.000
1228,1970,-38.085938,25000000.000
1229,1969,-38.574219,25000000.000
1230,1969,-38.574219,25000000.000
1231,1970,-38.085938,25000000.000
1232,1971,-37.597656,25000000.000
1233,1976,-35.156250,25000000.000
1234,1980,-33.203125,25000000.000
1235,1980,-33.203125,25000000.000
1236,2000,-23.437500,25000000.000
1237,2008,-19.531250,25000000.000
1238,2022,-12.695312,25000000.000
1239,2024,-11.718750,25000000.000
1240,2043,-2.441406,25000000.000
1241,2052,1.953125,25000000.000
1242,2064,7.812500,25000000.000
1243,2062,6.835938,25000000.000
1244,2085,18.066406,25000000.000
1245,2096,23.437500,25000000.000
1246,2106,28.320312,25000000.000
1247,2108,29.296875,25000000.000
1248,2120,35.156250,25000000.000
1249,2126,38.085938,25000000.000
1250,2127,38.574219,25000000.000
1251,2129,39.550781,25000000.000
1252,2126,38.085938,25000000.000
1253,2122,36.132812,25000000.000
1254,2117,33.691406,25000000.000
1255,2115,32.714844,25000000.000
1256,2100,25.390625,25000000.000
1257,2090,20.507812,25000000.000
1258,2083,17.089844,25000000.000
1259,2079,15.136719,25000000.000
1260,2058,4.882812,25000000.000
1261,2048,0.000000,25000000.000
1262,2036,-5.859375,25000000.000
1263,2033,-7.324219,25000000.000
1264,2012,-17.578125,25000000.000
1265,2001,-22.949219,25000000.000
1266,1991,-27.832031,25000000.000
1267,1991,-27.832031,25000000.000
1268,1974,-36.132812,25000000.000
1269,1968,-39.062500,25000000.000
1270,1964,-41.015625,25000000.000
1271,1965,-40.527344,25000000.000
1272,1965,-40.527344,25000000.000
1273,1966,-40.039062,25000000.000
1274,1971,-37.597656,25000000.000
1275,1971,-37.597656,25000000.000
1276,1988,-29.296875,25000000.000
1277,1995,-25.878906,25000000.000
1278,2005,-20.996094,25000000.000
1279,2004,-21.484375,25000000.000
1280,2026,-10.742188,25000000.000
1281,2043,-2.441406,25000000.000
1282,2036,-5.859375,25000000.000
1283,2062,6.835938,25000000.000
1284,2075,13.183594,25000000.000
1285,2088,19.531250,25000000.000
1286,2094,22.460938,25000000.000
1287,2102,26.367188,25000000.000
1288,2113,31.738281,25000000.000
1289,2121,35.644531,25000000.000
1290,2127,38.574219,25000000.000
1291,2126,38.085938,25000000.000
1292,2131,40.527344,25000000.000
1293,2129,39.550781,25000000.000
1294,2125,37.597656,25000000.000
1295,2124,37.109375,25000000.000
1296,2112,31.250000,25000000.000
1297,2104,27.343750,25000000.000
1298,2094,22.460938,25000000.000
1299,2096,23.437500,25000000.000
1300,2074,12.695312,25000000.000
1301,2065,8.300781,25000000.000
1302,2054,2.929688,25000000.000
1303,2054,2.929688,25000000.000
1304,2031,-8.300781,25000000.000
1305,2017,-15.136719,25000000.000
1306,2006,-20.507812,25000000.000
1307,2003,-21.972656,25000000.000
1308,1978,-34.179688,25000000.000
1309,1991,-27.832031,25000000.000
1310,1968,-39.062500,25000000.000
1311,1966,-40.039062,25000000.000
1312,1967,-39.550781,25000000.000
1313,1966,-40.039062,25000000.000
1314,1975,-35.644531,25000000.000
1315,1973,-36.621094,25000000.000
1316,1979,-33.691406,25000000.000
1317,1988,-29.296875,25000000.000
1318,1994,-26.367188,25000000.000
1319,1995,-25.878906,25000000.000
1320,2013,-17.089844,25000000.000
1321,2023,-12.207031,25000000.000
1322,2034,-6.835938,25000000.000
1323,2038,-4.882812,25000000.000
1324,2061,6.347656,25000000.000
1325,2073,12.207031,25000000.000
1326,2078,14.648438,25000000.000
1327,2082,16.601562,25000000.000
1328,2099,24.902344,25000000.000
1329,2111,30.761719,25000000.000
1330,2114,32.226562,25000000.000
1331,2116,33.203125,25000000.000
1332,2122,36.132812,25000000.000
1333,2123,36.621094,25000000.000
1334,2121,35.644531,25000000.000
1335,2121,35.644531,25000000.000
1336,2113,31.738281,25000000.000
1337,2103,26.855469,25000000.000
1338,2098,24.414062,25000000.000
1339,2097,23.925781,25000000.000
1340,2080,15.625000,25000000.000
1341,2069,10.253906,25000000.000
1342,2060,5.859375,25000000.000
1343,2059,5.371094,25000000.000
1344,2037,-5.371094,25000000.000
1345,2026,-10.742188,25000000.000
1346,2015,-16.113281,25000000.000
1347,2013,-17.089844,25000000.000
1348,1993,-26.855469,25000000.000
1349,1986,-30.273438,25000000.000
1350,1977,-34.667969,25000000.000
1351,1978,-34.179688,25000000.000
1352,1969,-38.574219,25000000.000
1353,1967,-39.550781,25000000.000
1354,1970,-38.085938,25000000.000
1355,1969,-38.574219,25000000.000
1356,1975,-35.644531,25000000.000
1357,1980,-33.203125,25000000.000
1358,1989,-28.808594,25000000.000
1359,1990,-28.320312,25000000.000
1360,2006,-20.507812,25000000.000
1361,2017,-15.136719,25000000.000
1362,2026,-10.742188,25000000.000
1363,2026,-10.742188,25000000.000
1364,2047,-0.488281,25000000.000
1365,2062,6.835938,25000000.000
1366,2069,10.253906,25000000.000
1367,2073,12.207031,25000000.000
1368,2092,21.484375,25000000.000
1369,2102,26.367188,25000000.000
1370,2111,30.761719,25000000.000
1371,2111,30.761719,25000000.000
1372,2122,36.132812,25000000.000
1373,2126,38.085938,25000000.000
1374,2127,38.574219,25000000.000
1375,2127,38.574219,25000000.000
1376,2121,35.644531,25000000.000
1377,2115,32.714844,25000000.000
1378,2108,29.296875,25000000.000
1379,2108,29.296875,25000000.000
1380,2094,22.460938,25000000.000
1381,2087,19.042969,25000000.000
1382,2074,12.695312,25000000.000
1383,2074,12.695312,25000000.000
1384,2053,2.441406,25000000.000
1385,2042,-2.929688,25000000.000
1386,2032,-7.812500,25000000.000
1387,2030,-8.789062,25000000.000
1388,2009,-19.042969,25000000.000
1389,1998,-24.414062,25000000.000
1390,1992,-27.343750,25000000.000
1391,1989,-28.808594,25000000.000
1392,1978,-34.179688,25000000.000
1393,1973,-36.621094,25000000.000
1394,1971,-37.597656,25000000.000
1395,1969,-38.574219,25000000.000
1396,1971,-37.597656,25000000.000
1397,1977,-34.667969,25000000.000
1398,1982,-32.226562,25000000.000
1399,1981,-32.714844,25000000.000
1400,1996,-25.390625,25000000.000
1401,2004,-21.484375,25000000.000
1402,2013,-17.089844,25000000.000
1403,2015,-16.113281,25000000.000
1404,2033,-7.324219,25000000.000
1405,2043,-2.441406,25000000.000
1406,2056,3.906250,25000000.000
1407,2056,3.906250,25000000.000
1408,2080,15.625000,25000000.000
1409,2090,20.507812,25000000.000
1410,2096,23.437500,25000000.000
1411,2103,26.855469,25000000.000
1412,2114,32.226562,25000000.000
1413,2121,35.644531,25000000.000
1414,2123,36.621094,25000000.000
1415,2126,38.085938,25000000.000
1416,2123,36.621094,25000000.000
1417,2121,35.644531,25000000.000
1418,2118,34.179688,25000000.000
1419,2117,33.691406,25000000.000
1420,2105,27.832031,25000000.000
1421,2096,23.437500,25000000.000
1422,2087,19.042969,25000000.000
1423,2087,19.042969,25000000.000
1424,2068,9.765625,25000000.000
1425,2056,3.906250,25000000.000
1426,2045,-1.464844,25000000.000
1427,2045,-1.464844,25000000.000
1428,2022,-12.695312,25000000.000
1429,2012,-17.578125,25000000.000
1430,1999,-23.925781,25000000.000
1431,2000,-23.437500,25000000.000
1432,1985,-30.761719,25000000.000
1433,1977,-34.667969,25000000.000
1434,1973,-36.621094,25000000.000
1435,1974,-36.132812,25000000.000
1436,1971,-37.597656,25000000.000
1437,1973,-36.621094,25000000.000
1438,1977,-34.667969,25000000.000
1439,1976,-35.156250,25000000.000
1440,1989,-28.808594,25000000.000
1441,1994,-26.367188,25000000.000
1442,2003,-21.972656,25000000.000
1443,2003,-21.972656,25000000.000
1444,2021,-13.183594,25000000.000
1445,2035,-6.347656,25000000.000
1446,2043,-2.441406,25000000.000
1447,2049,0.488281,25000000.000
1448,2057,4.394531,25000000.000
1449,2073,12.207031,25000000.000
1450,2088,19.531250,25000000.000
1451,2076,13.671875,25000000.000
1452,2102,26.367188,25000000.000
1453,2109,29.785156,25000000.000
1454,2114,32.226562,25000000.000
1455,2113,31.738281,25000000.000
1456,2123,36.621094,25000000.000
1457,2117,33.691406,25000000.000
1458,2116,33.203125,25000000.000
1459,2115,32.714844,25000000.000
1460,2106,28.320312,25000000.000
1461,2100,25.390625,25000000.000
1462,2092,21.484375,25000000.000
1463,2091,20.996094,25000000.000
1464,2073,12.207031,25000000.000
1465,2066,8.789062,25000000.000
1466,2054,2.929688,25000000.000
1467,2054,2.929688,25000000.000
1468,2035,-6.347656,25000000.000
1469,2024,-11.718750,25000000.000
1470,2014,-16.601562,25000000.000
1471,2013,-17.089844,25000000.000
1472,1997,-24.902344,25000000.000
1473,1988,-29.296875,25000000.000
1474,1983,-31.738281,25000000.000
1475,1983,-31.738281,25000000.000
1476,1977,-34.667969,25000000.000
1477,1978,-34.179688,25000000.000
1478,1979,-33.691406,25000000.000
1479,1978,-34.179688,25000000.000
1480,1984,-31.250000,25000000.000
1481,1993,-26.855469,25000000.000
1482,1999,-23.925781,25000000.000
1483,1999,-23.925781,25000000.000
1484,2013,-17.089844,25000000.000
1485,2021,-13.183594,25000000.000
1486,2033,-7.324219,25000000.000
1487,2034,-6.835938,25000000.000
1488,2053,2.441406,25000000.000
1489,2063,7.324219,25000000.000
1490,2075,13.183594,25000000.000
1491,2076,13.671875,25000000.000
1492,2094,22.460938,25000000.000
1493,2103,26.855469,25000000.000
1494,2109,29.785156,25000000.000
1495,2109,29.785156,25000000.000
1496,2117,33.691406,25000000.000
1497,2119,34.667969,25000000.000
1498,2120,35.156250,25000000.000
1499,2121,35.644531,25000000.000
1500,2113,31.738281,25000000.000
1501,2108,29.296875,25000000.000
1502,2102,26.367188,25000000.000
1503,2102,26.367188,25000000.000
1504,2084,17.578125,25000000.000
1505,2078,14.648438,25000000.000
1506,2068,9.765625,25000000.000
1507,2067,9.277344,25000000.000
1508,2048,0.000000,25000000.000
1509,2037,-5.371094,25000000.000
1510,2027,-10.253906,25000000.000
1511,2025,-11.230469,25000000.000
1512,2005,-20.996094,25000000.000
1513,1996,-25.390625,25000000.000
1514,1987,-29.785156,25000000.000
1515,1987,-29.785156,25000000.000
1516,1979,-33.691406,25000000.000
1517,1974,-36.132812,25000000.000
1518,1974,-36.132812,25000000.000
1519,1973,-36.621094,25000000.000
1520,1977,-34.667969,25000000.000
1521,1979,-33.691406,25000000.000
1522,1985,-30.761719,25000000.000
1523,1984,-31.250000,25000000.000
1524,1999,-23.925781,25000000.000
1525,2006,-20.507812,25000000.000
1526,2015,-16.113281,25000000.000
1527,2014,-16.601562,25000000.000
1528,2035,-6.347656,25000000.000
1529,2047,-0.488281,25000000.000
1530,2058,4.882812,25000000.000
1531,2059,5.371094,25000000.000
1532,2079,15.136719,25000000.000
1533,2090,20.507812,25000000.000
1534,2099,24.902344,25000000.000
1535,2100,25.390625,25000000.000
1536,2114,32.226562,25000000.000
1537,2116,33.203125,25000000.000
1538,2119,34.667969,25000000.000
1539,2119,34.667969,25000000.000
1540,2117,33.691406,25000000.000
1541,2112,31.250000,25000000.000
1542,2110,30.273438,25000000.000
1543,2108,29.296875,25000000.000
1544,2099,24.902344,25000000.000
1545,2092,21.484375,25000000.000
1546,2082,16.601562,25000000.000
1547,2081,16.113281,25000000.000
1548,2061,6.347656,25000000.000
1549,2053,2.441406,25000000.000
1550,2040,-3.906250,25000000.000
1551,2039,-4.394531,25000000.000
1552,2018,-14.648438,25000000.000
1553,2006,-20.507812,25000000.000
1554,1997,-24.902344,25000000.000
1555,1996,-25.390625,25000000.000
1556,1983,-31.738281,25000000.000
1557,1976,-35.156250,25000000.000
1558,1974,-36.132812,25000000.000
1559,1974,-36.132812,25000000.000
1560,1978,-34.179688,25000000.000
1561,1977,-34.667969,25000000.000
1562,1974,-36.132812,25000000.000
1563,1974,-36.132812,25000000.000
1564,1989,-28.808594,25000000.000
1565,1998,-24.414062,25000000.000
1566,2008,-19.531250,25000000.000
1567,2009,-19.042969,25000000.000
1568,2028,-9.765625,25000000.000
1569,2037,-5.371094,25000000.000
1570,2050,0.976562,25000000.000
1571,2050,0.976562,25000000.000
1572,2073,12.207031,25000000.000
1573,2082,16.601562,25000000.000
1574,2096,23.437500,25000000.000
1575,2096,23.437500,25000000.000
1576,2109,29.785156,25000000.000
1577,2117,33.691406,25000000.000
1578,2119,34.667969,25000000.000
1579,2119,34.667969,25000000.000
1580,2120,35.156250,25000000.000
1581,2120,35.156250,25000000.000
1582,2116,33.203125,25000000.000
1583,2116,33.203125,25000000.000
1584,2104,27.343750,25000000.000
1585,2097,23.925781,25000000.000
1586,2088,19.531250,25000000.000
1587,2088,19.531250,25000000.000
1588,2070,10.742188,25000000.000
1589,2057,4.394531,25000000.000
1590,2047,-0.488281,25000000.000
1591,2047,-0.488281,25000000.000
1592,2023,-12.207031,25000000.000
1593,2011,-18.066406,25000000.000
1594,2001,-22.949219,25000000.000
1595,2000,-23.437500,25000000.000
1596,1985,-30.761719,25000000.000
1597,1978,-34.179688,25000000.000
1598,1975,-35.644531,25000000.000
1599,1975,-35.644531,25000000.000
1600,1971,-37.597656,25000000.000
1601,1973,-36.621094,25000000.000
1602,1977,-34.667969,25000000.000
1603,1977,-34.667969,25000000.000
1604,1989,-28.808594,25000000.000
1605,1991,-27.832031,25000000.000
1606,2002,-22.460938,25000000.000
1607,2002,-22.460938,25000000.000
1608,2020,-13.671875,25000000.000
1609,2032,-7.812500,25000000.000
1610,2043,-2.441406,25000000.000
1611,2044,-1.953125,25000000.000
1612,2074,12.695312,25000000.000
1613,2086,18.554688,25000000.000
1614,2082,16.601562,25000000.000
1615,2091,20.996094,25000000.000
1616,2091,20.996094,25000000.000
1617,2119,34.667969,25000000.000
1618,2120,35.156250,25000000.000
1619,2118,34.179688,25000000.000
1620,2121,35.644531,25000000.000
1621,2118,34.179688,25000000.000
1622,2119,34.667969,25000000.000
1623,2115,32.714844,25000000.000
1624,2107,28.808594,25000000.000
1625,2101,25.878906,25000000.000
1626,2095,22.949219,25000000.000
1627,2094,22.460938,25000000.000
1628,2086,18.554688,25000000.000
1629,2082,16.601562,25000000.000
1630,2051,1.464844,25000000.000
1631,2056,3.906250,25000000.000
1632,2028,-9.765625,25000000.000
1633,2022,-12.695312,25000000.000
1634,2010,-18.554688,25000000.000
1635,2009,-19.042969,25000000.000
1636,1991,-27.832031,25000000.000
1637,1982,-32.226562,25000000.000
1638,1978,-34.179688,25000000.000
1639,1977,-34.667969,25000000.000
1640,1973,-36.621094,25000000.000
1641,1973,-36.621094,25000000.000
1642,1974,-36.132812,25000000.000
1643,1974,-36.132812,25000000.000
1644,1981,-32.714844,25000000.000
1645,1990,-28.320312,25000000.000
1646,1994,-26.367188,25000000.000
1647,1994,-26.367188,25000000.000
1648,2012,-17.578125,25000000.000
1649,2026,-10.742188,25000000.000
1650,2037,-5.371094,25000000.000
1651,2035,-6.347656,25000000.000
1652,2059,5.371094,25000000.000
1653,2068,9.765625,25000000.000
1654,2081,16.113281,25000000.000
1655,2082,16.601562,25000000.000
1656,2102,26.367188,25000000.000
1657,2110,30.273438,25000000.000
1658,2116,33.203125,25000000.000
1659,2115,32.714844,25000000.000
1660,2122,36.132812,25000000.000
1661,2125,37.597656,25000000.000
1662,2123,36.621094,25000000.000
1663,2121,35.644531,25000000.000
1664,2113,31.738281,25000000.000
1665,2112,31.250000,25000000.000
1666,2106,28.320312,25000000.000
1667,2105,27.832031,25000000.000
1668,2086,18.554688,25000000.000
1669,2075,13.183594,25000000.000
1670,2069,10.253906,25000000.000
1671,2063,7.324219,25000000.000
1672,2042,-2.929688,25000000.000
1673,2029,-9.277344,25000000.000
1674,2021,-13.183594,25000000.000
1675,2019,-14.160156,25000000.000
1676,1998,-24.414062,25000000.000
1677,1990,-28.320312,25000000.000
1678,1984,-31.250000,25000000.000
1679,1983,-31.738281,25000000.000
1680,1971,-37.597656,25000000.000
1681,1974,-36.132812,25000000.000
1682,1972,-37.109375,25000000.000
1683,1975,-35.644531,25000000.000
1684,1978,-34.179688,25000000.000
1685,1980,-33.203125,25000000.000
1686,1989,-28.808594,25000000.000
1687,1989,-28.808594,25000000.000
1688,2003,-21.972656,25000000.000
1689,2010,-18.554688,25000000.000
1690,2022,-12.695312,25000000.000
1691,2023,-12.207031,25000000.000
1692,2043,-2.441406,25000000.000
1693,2058,4.882812,25000000.000
1694,2067,9.277344,25000000.000
1695,2068,9.765625,25000000.000
1696,2087,19.042969,25000000.000
1697,2100,25.390625,25000000.000
1698,2096,23.437500,25000000.000
1699,2106,28.320312,25000000.000
1700,2130,40.039062,25000000.000
1701,2135,42.480469,25000000.000
1702,2117,33.691406,25000000.000
1703,2124,37.109375,25000000.000
1704,2114,32.226562,25000000.000
1705,2113,31.738281,25000000.000
1706,2105,27.832031,25000000.000
1707,2104,27.343750,25000000.000
1708,2090,20.507812,25000000.000
1709,2084,17.578125,25000000.000
1710,2073,12.207031,25000000.000
1711,2071,11.230469,25000000.000
1712,2053,2.441406,25000000.000
1713,2043,-2.441406,25000000.000
1714,2029,-9.277344,25000000.000
1715,2030,-8.789062,25000000.000
1716,2009,-19.042969,25000000.000
1717,1999,-23.925781,25000000.000
1718,1991,-27.832031,25000000.000
1719,1991,-27.832031,25000000.000
1720,1980,-33.203125,25000000.000
1721,1975,-35.644531,25000000.000
1722,1975,-35.644531,25000000.000
1723,1975,-35.644531,25000000.000
1724,1978,-34.179688,25000000.000
1725,1979,-33.691406,25000000.000
1726,1982,-32.226562,25000000.000
1727,1984,-31.250000,25000000.000
1728,1997,-24.902344,25000000.000
1729,2007,-20.019531,25000000.000
1730,2013,-17.089844,25000000.000
1731,2013,-17.089844,25000000.000
1732,2035,-6.347656,25000000.000
1733,2048,0.000000,25000000.000
1734,2060,5.859375,25000000.000
1735,2061,6.347656,25000000.000
1736,2081,16.113281,25000000.000
1737,2091,20.996094,25000000.000
1738,2104,27.343750,25000000.000
1739,2101,25.878906,25000000.000
1740,2113,31.738281,25000000.000
1741,2116,33.203125,25000000.000
1742,2117,33.691406,25000000.000
1743,2116,33.203125,25000000.000
1744,2117,33.691406,25000000.000
1745,2113,31.738281,25000000.000
1746,2110,30.273438,25000000.000
1747,2109,29.785156,25000000.000
1748,2095,22.949219,25000000.000
1749,2091,20.996094,25000000.000
1750,2081,16.113281,25000000.000
1751,2081,16.113281,25000000.000
1752,2061,6.347656,25000000.000
1753,2049,0.488281,25000000.000
1754,2040,-3.906250,25000000.000
1755,2038,-4.882812,25000000.000
1756,2019,-14.160156,25000000.000
1757,2005,-20.996094,25000000.000
1758,1997,-24.902344,25000000.000
1759,1994,-26.367188,25000000.000
1760,1983,-31.738281,25000000.000
1761,1978,-34.179688,25000000.000
1762,1976,-35.156250,25000000.000
1763,1976,-35.156250,25000000.000
1764,1974,-36.132812,25000000.000
1765,1979,-33.691406,25000000.000
1766,1982,-32.226562,25000000.000
1767,1982,-32.226562,25000000.000
1768,1992,-27.343750,25000000.000
1769,1999,-23.925781,25000000.000
1770,2007,-20.019531,25000000.000
1771,2008,-19.531250,25000000.000
1772,2030,-8.789062,25000000.000
1773,2036,-5.859375,25000000.000
1774,2049,0.488281,25000000.000
1775,2050,0.976562,25000000.000
1776,2072,11.718750,25000000.000
1777,2083,17.089844,25000000.000
1778,2091,20.996094,25000000.000
1779,2092,21.484375,25000000.000
1780,2105,27.832031,25000000.000
1781,2115,32.714844,25000000.000
1782,2113,31.738281,25000000.000
1783,2116,33.203125,25000000.000
1784,2118,34.179688,25000000.000
1785,2118,34.179688,25000000.000
1786,2113,31.738281,25000000.000
1787,2114,32.226562,25000000.000
1788,2102,26.367188,25000000.000
1789,2094,22.460938,25000000.000
1790,2087,19.042969,25000000.000
1791,2085,18.066406,25000000.000
1792,2068,9.765625,25000000.000
1793,2058,4.882812,25000000.000
1794,2047,-0.488281,25000000.000
1795,2044,-1.953125,25000000.000
1796,2024,-11.718750,25000000.000
1797,2014,-16.601562,25000000.000
1798,2002,-22.460938,25000000.000
1799,2004,-21.484375,25000000.000
1800,1988,-29.296875,25000000.000
1801,1983,-31.738281,25000000.000
1802,1981,-32.714844,25000000.000
1803,1980,-33.203125,25000000.000
1804,1978,-34.179688,25000000.000
1805,1977,-34.667969,25000000.000
1806,1983,-31.738281,25000000.000
1807,1981,-32.714844,25000000.000
1808,1990,-28.320312,25000000.000
1809,1993,-26.855469,25000000.000
1810,2005,-20.996094,25000000.000
1811,2005,-20.996094,25000000.000
1812,2021,-13.183594,25000000.000
1813,2031,-8.300781,25000000.000
1814,2040,-3.906250,25000000.000
1815,2042,-2.929688,25000000.000
1816,2066,8.789062,25000000.000
1817,2077,14.160156,25000000.000
1818,2087,19.042969,25000000.000
1819,2088,19.531250,25000000.000
1820,2103,26.855469,25000000.000
1821,2108,29.296875,25000000.000
1822,2114,32.226562,25000000.000
1823,2115,32.714844,25000000.000
1824,2118,34.179688,25000000.000
1825,2118,34.179688,25000000.000
1826,2115,32.714844,25000000.000
1827,2112,31.250000,25000000.000
1828,2107,28.808594,25000000.000
1829,2101,25.878906,25000000.000
1830,2092,21.484375,25000000.000
1831,2093,21.972656,25000000.000
1832,2077,14.160156,25000000.000
1833,2067,9.277344,25000000.000
1834,2056,3.906250,25000000.000
1835,2055,3.417969,25000000.000
1836,2036,-5.859375,25000000.000
1837,2022,-12.695312,25000000.000
1838,2016,-15.625000,25000000.000
1839,2012,-17.578125,25000000.000
1840,1996,-25.390625,25000000.000
1841,1988,-29.296875,25000000.000
1842,1982,-32.226562,25000000.000
1843,1980,-33.203125,25000000.000
1844,1977,-34.667969,25000000.000
1845,1977,-34.667969,25000000.000
1846,1978,-34.179688,25000000.000
1847,1980,-33.203125,25000000.000
1848,1984,-31.250000,25000000.000
1849,1989,-28.808594,25000000.000
1850,1994,-26.367188,25000000.000
1851,1996,-25.390625,25000000.000
1852,2011,-18.066406,25000000.000
1853,2019,-14.160156,25000000.000
1854,2030,-8.789062,25000000.000
1855,2032,-7.812500,25000000.000
1856,2052,1.953125,25000000.000
1857,2063,7.324219,25000000.000
1858,2075,13.183594,25000000.000
1859,2072,11.718750,25000000.000
1860,2094,22.460938,25000000.000
1861,2102,26.367188,25000000.000
1862,2107,28.808594,25000000.000
1863,2107,28.808594,25000000.000
1864,2113,31.738281,25000000.000
1865,2117,33.691406,25000000.000
1866,2115,32.714844,25000000.000
1867,2116,33.203125,25000000.000
1868,2109,29.785156,25000000.000
1869,2106,28.320312,25000000.000
1870,2102,26.367188,25000000.000
1871,2099,24.902344,25000000.000
1872,2087,19.042969,25000000.000
1873,2075,13.183594,25000000.000
1874,2067,9.277344,25000000.000
1875,2066,8.789062,25000000.000
1876,2047,-0.488281,25000000.000
1877,2036,-5.859375,25000000.000
1878,2026,-10.742188,25000000.000
1879,2025,-11.230469,25000000.000
1880,2003,-21.972656,25000000.000
1881,1997,-24.902344,25000000.000
1882,1987,-29.785156,25000000.000
1883,1990,-28.320312,25000000.000
1884,1985,-30.761719,25000000.000
1885,1975,-35.644531,25000000.000
1886,1975,-35.644531,25000000.000
1887,1973,-36.621094,25000000.000
1888,1981,-32.714844,25000000.000
1889,1982,-32.226562,25000000.000
1890,1991,-27.832031,25000000.000
1891,1991,-27.832031,25000000.000
1892,2001,-22.949219,25000000.000
1893,2010,-18.554688,25000000.000
1894,2018,-14.648438,25000000.000
1895,2018,-14.648438,25000000.000
1896,2039,-4.394531,25000000.000
1897,2054,2.929688,25000000.000
1898,2062,6.835938,25000000.000
1899,2064,7.812500,25000000.000
1900,2084,17.578125,25000000.000
1901,2093,21.972656,25000000.000
1902,2102,26.367188,25000000.000
1903,2101,25.878906,25000000.000
1904,2111,30.761719,25000000.000
1905,2114,32.226562,25000000.000
1906,2117,33.691406,25000000.000
1907,2116,33.203125,25000000.000
1908,2115,32.714844,25000000.000
1909,2108,29.296875,25000000.000
1910,2104,27.343750,25000000.000
1911,2102,26.367188,25000000.000
1912,2092,21.484375,25000000.000
1913,2087,19.042969,25000000.000
1914,2074,12.695312,25000000.000
1915,2075,13.183594,25000000.000
1916,2057,4.394531,25000000.000
1917,2045,-1.464844,25000000.000
1918,2035,-6.347656,25000000.000
1919,2035,-6.347656,25000000.000
1920,2015,-16.113281,25000000.000
1921,2005,-20.996094,25000000.000
1922,1999,-23.925781,25000000.000
1923,1996,-25.390625,25000000.000
1924,1984,-31.250000,25000000.000
1925,1982,-32.226562,25000000.000
1926,1979,-33.691406,25000000.000
1927,1978,-34.179688,25000000.000
1928,1980,-33.203125,25000000.000
1929,1983,-31.738281,25000000.000
1930,1985,-30.761719,25000000.000
1931,1987,-29.785156,25000000.000
1932,1997,-24.902344,25000000.000
1933,2003,-21.972656,25000000.000
1934,2012,-17.578125,25000000.000
1935,2014,-16.601562,25000000.000
1936,2034,-6.835938,25000000.000
1937,2042,-2.929688,25000000.000
1938,2056,3.906250,25000000.000
1939,2055,3.417969,25000000.000
1940,2077,14.160156,25000000.000
1941,2088,19.531250,25000000.000
1942,2092,21.484375,25000000.000
1943,2093,21.972656,25000000.000
1944,2107,28.808594,25000000.000
1945,2113,31.738281,25000000.000
1946,2113,31.738281,25000000.000
1947,2113,31.738281,25000000.000
1948,2117,33.691406,25000000.000
1949,2114,32.226562,25000000.000
1950,2107,28.808594,25000000.000
1951,2110,30.273438,25000000.000
1952,2099,24.902344,25000000.000
1953,2090,20.507812,25000000.000
1954,2084,17.578125,25000000.000
1955,2082,16.601562,25000000.000
1956,2066,8.789062,25000000.000
1957,2053,2.441406,25000000.000
1958,2043,-2.441406,25000000.000
1959,2041,-3.417969,25000000.000
1960,2021,-13.183594,25000000.000
1961,2013,-17.089844,25000000.000
1962,2002,-22.460938,25000000.000
1963,2001,-22.949219,25000000.000
1964,1986,-30.273438,25000000.000
1965,1984,-31.250000,25000000.000
1966,1981,-32.714844,25000000.000
1967,1980,-33.203125,25000000.000
1968,1980,-33.203125,25000000.000
1969,1980,-33.203125,25000000.000
1970,1984,-31.250000,25000000.000
1971,1984,-31.250000,25000000.000
1972,1993,-26.855469,25000000.000
1973,1998,-24.414062,25000000.000
1974,2004,-21.484375,25000000.000
1975,1997,-24.902344,25000000.000
1976,2041,-3.417969,25000000.000
1977,2032,-7.812500,25000000.000
1978,2048,0.000000,25000000.000
1979,2049,0.488281,25000000.000
1980,2069,10.253906,25000000.000
1981,2081,16.113281,25000000.000
1982,2088,19.531250,25000000.000
1983,2089,20.019531,25000000.000
1984,2107,28.808594,25000000.000
1985,2110,30.273438,25000000.000
1986,2117,33.691406,25000000.000
1987,2118,34.179688,25000000.000
1988,2119,34.667969,25000000.000
1989,2115,32.714844,25000000.000
1990,2116,33.203125,25000000.000
1991,2114,32.226562,25000000.000
1992,2103,26.855469,25000000.000
1993,2098,24.414062,25000000.000
1994,2091,20.996094,25000000.000
1995,2090,20.507812,25000000.000
1996,2071,11.230469,25000000.000
1997,2063,7.324219,25000000.000
1998,2050,0.976562,25000000.000
1999,2051,1.464844,25000000.000
2000,2030,-8.789062,25000000.000
2001,2018,-14.648438,25000000.000
2002,2009,-19.042969,25000000.000
2003,2008,-19.531250,25000000.000
2004,1993,-26.855469,25000000.000
2005,1985,-30.761719,25000000.000
2006,1983,-31.738281,25000000.000
2007,1981,-32.714844,25000000.000
2008,1978,-34.179688,25000000.000
2009,1977,-34.667969,25000000.000
2010,1979,-33.691406,25000000.000
2011,1979,-33.691406,25000000.000
2012,1985,-30.761719,25000000.000
2013,1993,-26.855469,25000000.000
2014,1997,-24.902344,25000000.000
2015,2001,-22.949219,25000000.000
2016,2014,-16.601562,25000000.000
2017,2026,-10.742188,25000000.000
2018,2043,-2.441406,25000000.000
2019,2033,-7.324219,25000000.000
2020,2061,6.347656,25000000.000
2021,2069,10.253906,25000000.000
2022,2081,16.113281,25000000.000
2023,2082,16.601562,25000000.000
2024,2099,24.902344,25000000.000
2025,2106,28.320312,25000000.000
2026,2112,31.250000,25000000.000
2027,2111,30.761719,25000000.000
2028,2117,33.691406,25000000.000
2029,2117,33.691406,25000000.000
2030,2114,32.226562,25000000.000
2031,2116,33.203125,25000000.000
2032,2107,28.808594,25000000.000
2033,2102,26.367188,25000000.000
2034,2096,23.437500,25000000.000
2035,2094,22.460938,25000000.000
2036,2081,16.113281,25000000.000
2037,2068,9.765625,25000000.000
2038,2061,6.347656,25000000.000
2039,2057,4.394531,25000000.000
2040,2037,-5.371094,25000000.000
2041,2026,-10.742188,25000000.000
2042,2016,-15.625000,25000000.000
2043,2015,-16.113281,25000000.000
2044,1998,-24.414062,25000000.000
2045,1991,-27.832031,25000000.000
2046,1983,-31.738281,25000000.000
2047,1984,-31.250000,25000000.000
2048,1976,-35.156250,25000000.000
2049,1976,-35.156250,25000000.000
2050,1977,-34.667969,25000000.000
2051,1979,-33.691406,25000000.000
2052,1982,-32.226562,25000000.000
2053,1987,-29.785156,25000000.000
2054,1993,-26.855469,25000000.000
2055,1993,-26.855469,25000000.000
2056,2010,-18.554688,25000000.000
2057,2016,-15.625000,25000000.000
2058,2027,-10.253906,25000000.000
2059,2027,-10.253906,25000000.000
2060,2050,0.976562,25000000.000
2061,2060,5.859375,25000000.000
2062,2072,11.718750,25000000.000
2063,2073,12.207031,25000000.000
2064,2091,20.996094,25000000.000
2065,2102,26.367188,25000000.000
2066,2107,28.808594,25000000.000
2067,2106,28.320312,25000000.000
2068,2115,32.714844,25000000.000
2069,2118,34.179688,25000000.000
2070,2117,33.691406,25000000.000
2071,2116,33.203125,25000000.000
2072,2112,31.250000,25000000.000
2073,2106,28.320312,25000000.000
2074,2101,25.878906,25000000.000
2075,2099,24.902344,25000000.000
2076,2089,20.019531,25000000.000
2077,2080,15.625000,25000000.000
2078,2069,10.253906,25000000.000
2079,2068,9.765625,25000000.000
2080,2045,-1.464844,25000000.000
2081,2038,-4.882812,25000000.000
2082,2025,-11.230469,25000000.000
2083,2025,-11.230469,25000000.000
2084,2006,-20.507812,25000000.000
2085,1996,-25.390625,25000000.000
2086,1991,-27.832031,25000000.000
2087,1991,-27.832031,25000000.000
2088,1980,-33.203125,25000000.000
2089,1976,-35.156250,25000000.000
2090,1978,-34.179688,25000000.000
2091,1977,-34.667969,25000000.000
2092,1979,-33.691406,25000000.000
2093,1983,-31.738281,25000000.000
2094,1989,-28.808594,25000000.000
2095,1991,-27.832031,25000000.000
2096,2001,-22.949219,25000000.000
2097,2011,-18.066406,25000000.000
2098,2018,-14.648438,25000000.000
2099,2021,-13.183594,25000000.000
2100,2041,-3.417969,25000000.000
2101,2053,2.441406,25000000.000
2102,2065,8.300781,25000000.000
2103,2065,8.300781,25000000.000
2104,2087,19.042969,25000000.000
2105,2092,21.484375,25000000.000
2106,2103,26.855469,25000000.000
2107,2103,26.855469,25000000.000
2108,2112,31.250000,25000000.000
2109,2118,34.179688,25000000.000
2110,2118,34.179688,25000000.000
2111,2117,33.691406,25000000.000
2112,2115,32.714844,25000000.000
2113,2113,31.738281,25000000.000
2114,2107,28.808594,25000000.000
2115,2108,29.296875,25000000.000
2116,2094,22.460938,25000000.000
2117,2085,18.066406,25000000.000
2118,2076,13.671875,25000000.000
2119,2077,14.160156,25000000.000
2120,2057,4.394531,25000000.000
2121,2045,-1.464844,25000000.000
2122,2034,-6.835938,25000000.000
2123,2032,-7.812500,25000000.000
2124,2012,-17.578125,25000000.000
2125,2002,-22.460938,25000000.000
2126,1993,-26.855469,25000000.000
2127,1992,-27.343750,25000000.000
2128,1981,-32.714844,25000000.000
2129,1977,-34.667969,25000000.000
2130,1974,-36.132812,25000000.000
2131,1976,-35.156250,25000000.000
2132,1976,-35.156250,25000000.000
2133,1979,-33.691406,25000000.000
2134,1982,-32.226562,25000000.000
2135,1984,-31.250000,25000000.000
2136,1994,-26.367188,25000000.000
2137,2002,-22.460938,25000000.000
2138,2011,-18.066406,25000000.000
2139,2010,-18.554688,25000000.000
2140,2031,-8.300781,25000000.000
2141,2042,-2.929688,25000000.000
2142,2053,2.441406,25000000.000
2143,2054,2.929688,25000000.000
2144,2076,13.671875,25000000.000
2145,2087,19.042969,25000000.000
2146,2095,22.949219,25000000.000
2147,2097,23.925781,25000000.000
2148,2110,30.273438,25000000.000
2149,2115,32.714844,25000000.000
2150,2118,34.179688,25000000.000
2151,2119,34.667969,25000000.000
2152,2120,35.156250,25000000.000
2153,2114,32.226562,25000000.000
2154,2113,31.738281,25000000.000
2155,2113,31.738281,25000000.000
2156,2104,27.343750,25000000.000
2157,2095,22.949219,25000000.000
2158,2086,18.554688,25000000.000
2159,2083,17.089844,25000000.000
2160,2064,7.812500,25000000.000
2161,2056,3.906250,25000000.000
2162,2043,-2.441406,25000000.000
2163,2042,-2.929688,25000000.000
2164,2020,-13.671875,25000000.000
2165,2011,-18.066406,25000000.000
2166,2002,-22.460938,25000000.000
2167,2002,-22.460938,25000000.000
2168,1986,-30.273438,25000000.000
2169,1982,-32.226562,25000000.000
2170,1977,-34.667969,25000000.000
2171,1976,-35.156250,25000000.000
2172,1977,-34.667969,25000000.000
2173,1977,-34.667969,25000000.000
2174,1982,-32.226562,25000000.000
2175,1982,-32.226562,25000000.000
2176,1991,-27.832031,25000000.000
2177,1997,-24.902344,25000000.000
2178,2004,-21.484375,25000000.000
2179,2006,-20.507812,25000000.000
2180,2023,-12.207031,25000000.000
2181,2035,-6.347656,25000000.000
2182,2045,-1.464844,25000000.000
2183,2048,0.000000,25000000.000
2184,2067,9.277344,25000000.000
2185,2078,14.648438,25000000.000
2186,2091,20.996094,25000000.000
2187,2090,20.507812,25000000.000
2188,2107,28.808594,25000000.000
2189,2111,30.761719,25000000.000
2190,2116,33.203125,25000000.000
2191,2115,32.714844,25000000.000
2192,2117,33.691406,25000000.000
2193,2117,33.691406,25000000.000
2194,2114,32.226562,25000000.000
2195,2114,32.226562,25000000.000
2196,2107,28.808594,25000000.000
2197,2099,24.902344,25000000.000
2198,2096,23.437500,25000000.000
2199,2098,24.414062,25000000.000
2200,2073,12.207031,25000000.000
2201,2064,7.812500,25000000.000
2202,2053,2.441406,25000000.000
2203,2050,0.976562,25000000.000
2204,2031,-8.300781,25000000.000
2205,2020,-13.671875,25000000.000
2206,2013,-17.089844,25000000.000
2207,2010,-18.554688,25000000.000
2208,1993,-26.855469,25000000.000
2209,1989,-28.808594,25000000.000
2210,1980,-33.203125,25000000.000
2211,1979,-33.691406,25000000.000
2212,1982,-32.226562,25000000.000
2213,1974,-36.132812,25000000.000
2214,1976,-35.156250,25000000.000
2215,1977,-34.667969,25000000.000
2216,1985,-30.761719,25000000.000
2217,1992,-27.343750,25000000.000
2218,1999,-23.925781,25000000.000
2219,2001,-22.949219,25000000.000
2220,2016,-15.625000,25000000.000
2221,2021,-13.183594,25000000.000
2222,2037,-5.371094,25000000.000
2223,2037,-5.371094,25000000.000
2224,2056,3.906250,25000000.000
2225,2070,10.742188,25000000.000
2226,2079,15.136719,25000000.000
2227,2080,15.625000,25000000.000
2228,2098,24.414062,25000000.000
2229,2108,29.296875,25000000.000
2230,2112,31.250000,25000000.000
2231,2113,31.738281,25000000.000
2232,2117,33.691406,25000000.000
2233,2119,34.667969,25000000.000
2234,2117,33.691406,25000000.000
2235,2118,34.179688,25000000.000
2236,2112,31.250000,25000000.000
2237,2104,27.343750,25000000.000
2238,2099,24.902344,25000000.000
2239,2097,23.925781,25000000.000
2240,2084,17.578125,25000000.000
2241,2075,13.183594,25000000.000
2242,2063,7.324219,25000000.000
2243,2062,6.835938,25000000.000
2244,2040,-3.906250,25000000.000
2245,2030,-8.789062,25000000.000
2246,2019,-14.160156,25000000.000
2247,2019,-14.160156,25000000.000
2248,1999,-23.925781,25000000.000
2249,1991,-27.832031,25000000.000
2250,1983,-31.738281,25000000.000
2251,1986,-30.273438,25000000.000
2252,1976,-35.156250,25000000.000
2253,1974,-36.132812,25000000.000
2254,1976,-35.156250,25000000.000
2255,1974,-36.132812,25000000.000
2256,1980,-33.203125,25000000.000
2257,1982,-32.226562,25000000.000
2258,1990,-28.320312,25000000.000
2259,1990,-28.320312,25000000.000
2260,2004,-21.484375,25000000.000
2261,2013,-17.089844,25000000.000
2262,2023,-12.207031,25000000.000
2263,2024,-11.718750,25000000.000
2264,2046,-0.976562,25000000.000
2265,2054,2.929688,25000000.000
2266,2070,10.742188,25000000.000
2267,2070,10.742188,25000000.000
2268,2078,14.648438,25000000.000
2269,2092,21.484375,25000000.000
2270,2111,30.761719,25000000.000
2271,2102,26.367188,25000000.000
2272,2115,32.714844,25000000.000
2273,2110,30.273438,25000000.000
2274,2117,33.691406,25000000.000
2275,2115,32.714844,25000000.000
2276,2114,32.226562,25000000.000
2277,2109,29.785156,25000000.000
2278,2103,26.855469,25000000.000
2279,2102,26.367188,25000000.000
2280,2089,20.019531,25000000.000
2281,2082,16.601562,25000000.000
2282,2072,11.718750,25000000.000
2283,2072,11.718750,25000000.000
2284,2052,1.953125,25000000.000
2285,2039,-4.394531,25000000.000
2286,2029,-9.277344,25000000.000
2287,2027,-10.253906,25000000.000
2288,2008,-19.531250,25000000.000
2289,1996,-25.390625,25000000.000
2290,1989,-28.808594,25000000.000
2291,1988,-29.296875,25000000.000
2292,1978,-34.179688,25000000.000
2293,1977,-34.667969,25000000.000
2294,1975,-35.644531,25000000.000
2295,1976,-35.156250,25000000.000
2296,1978,-34.179688,25000000.000
2297,1984,-31.250000,25000000.000
2298,1986,-30.273438,25000000.000
2299,1987,-29.785156,25000000.000
2300,1999,-23.925781,25000000.000
2301,2006,-20.507812,25000000.000
2302,2017,-15.136719,25000000.000
2303,2017,-15.136719,25000000.000
2304,2038,-4.882812,25000000.000
2305,2047,-0.488281,25000000.000
2306,2061,6.347656,25000000.000
2307,2061,6.347656,25000000.000
2308,2081,16.113281,25000000.000
2309,2092,21.484375,25000000.000
2310,2098,24.414062,25000000.000
2311,2100,25.390625,25000000.000
2312,2113,31.738281,25000000.000
2313,2117,33.691406,25000000.000
2314,2117,33.691406,25000000.000
2315,2118,34.179688,25000000.000
2316,2117,33.691406,25000000.000
2317,2113,31.738281,25000000.000
2318,2108,29.296875,25000000.000
2319,2110,30.273438,25000000.000
2320,2089,20.019531,25000000.000
2321,2078,14.648438,25000000.000
2322,2079,15.136719,25000000.000
2323,2063,7.324219,25000000.000
2324,2057,4.394531,25000000.000
2325,2048,0.000000,25000000.000
2326,2035,-6.347656,25000000.000
2327,2029,-9.277344,25000000.000
2328,2014,-16.601562,25000000.000
2329,2006,-20.507812,25000000.000
2330,1993,-26.855469,25000000.000
2331,1994,-26.367188,25000000.000
2332,1982,-32.226562,25000000.000
2333,1977,-34.667969,25000000.000
2334,1975,-35.644531,25000000.000
2335,1975,-35.644531,25000000.000
2336,1977,-34.667969,25000000.000
2337,1976,-35.156250,25000000.000
2338,1983,-31.738281,25000000.000
2339,1982,-32.226562,25000000.000
2340,1994,-26.367188,25000000.000
2341,2001,-22.949219,25000000.000
2342,2008,-19.531250,25000000.000
2343,2008,-19.531250,25000000.000
2344,2028,-9.765625,25000000.000
2345,2039,-4.394531,25000000.000
2346,2050,0.976562,25000000.000
2347,2053,2.441406,25000000.000
2348,2073,12.207031,25000000.000
2349,2084,17.578125,25000000.000
2350,2095,22.949219,25000000.000
2351,2096,23.437500,25000000.000
2352,2109,29.785156,25000000.000
2353,2115,32.714844,25000000.000
2354,2119,34.667969,25000000.000
2355,2118,34.179688,25000000.000
2356,2120,35.156250,25000000.000
2357,2118,34.179688,25000000.000
2358,2114,32.226562,25000000.000
2359,2113,31.738281,25000000.000
2360,2103,26.855469,25000000.000
2361,2096,23.437500,25000000.000
2362,2088,19.531250,25000000.000
2363,2087,19.042969,25000000.000
2364,2064,7.812500,25000000.000
2365,2060,5.859375,25000000.000
2366,2047,-0.488281,25000000.000
2367,2048,0.000000,25000000.000
2368,2024,-11.718750,25000000.000
2369,2013,-17.089844,25000000.000
2370,2005,-20.996094,25000000.000
2371,2000,-23.437500,25000000.000
2372,1987,-29.785156,25000000.000
2373,1982,-32.226562,25000000.000
2374,1980,-33.203125,25000000.000
2375,1977,-34.667969,25000000.000
2376,1974,-36.132812,25000000.000
2377,1985,-30.761719,25000000.000
2378,1972,-37.109375,25000000.000
2379,1982,-32.226562,25000000.000
2380,1989,-28.808594,25000000.000
2381,1998,-24.414062,25000000.000
2382,2004,-21.484375,25000000.000
2383,2006,-20.507812,25000000.000
2384,2023,-12.207031,25000000.000
2385,2031,-8.300781,25000000.000
2386,2044,-1.953125,25000000.000
2387,2044,-1.953125,25000000.000
2388,2066,8.789062,25000000.000
2389,2076,13.671875,25000000.000
2390,2087,19.042969,25000000.000
2391,2088,19.531250,25000000.000
2392,2103,26.855469,25000000.000
2393,2111,30.761719,25000000.000
2394,2115,32.714844,25000000.000
2395,2115,32.714844,25000000.000
2396,2118,34.179688,25000000.000
2397,2119,34.667969,25000000.000
2398,2117,33.691406,25000000.000
2399,2119,34.667969,25000000.000
2400,2108,29.296875,25000000.000
2401,2101,25.878906,25000000.000
2402,2095,22.949219,25000000.000
2403,2093,21.972656,25000000.000
2404,2077,14.160156,25000000.000
2405,2065,8.300781,25000000.000
2406,2056,3.906250,25000000.000
2407,2054,2.929688,25000000.000
2408,2034,-6.835938,25000000.000
2409,2027,-10.253906,25000000.000
2410,2001,-22.949219,25000000.000
2411,2002,-22.460938,25000000.000
2412,1980,-33.203125,25000000.000
2413,1986,-30.273438,25000000.000
2414,1977,-34.667969,25000000.000
2415,1971,-37.597656,25000000.000
2416,1976,-35.156250,25000000.000
2417,1973,-36.621094,25000000.000
2418,1976,-35.156250,25000000.000
2419,1977,-34.667969,25000000.000
2420,1984,-31.250000,25000000.000
2421,1985,-30.761719,25000000.000
2422,1994,-26.367188,25000000.000
2423,1995,-25.878906,25000000.000
2424,2010,-18.554688,25000000.000
2425,2021,-13.183594,25000000.000
2426,2030,-8.789062,25000000.000
2427,2031,-8.300781,25000000.000
2428,2053,2.441406,25000000.000
2429,2067,9.277344,25000000.000
2430,2076,13.671875,25000000.000
2431,2079,15.136719,25000000.000
2432,2097,23.925781,25000000.000
2433,2105,27.832031,25000000.000
2434,2114,32.226562,25000000.000
2435,2114,32.226562,25000000.000
2436,2119,34.667969,25000000.000
2437,2119,34.667969,25000000.000
2438,2119,34.667969,25000000.000
2439,2119,34.667969,25000000.000
2440,2113,31.738281,25000000.000
2441,2108,29.296875,25000000.000
2442,2101,25.878906,25000000.000
2443,2099,24.902344,25000000.000
2444,2085,18.066406,25000000.000
2445,2078,14.648438,25000000.000
2446,2066,8.789062,25000000.000
2447,2065,8.300781,25000000.000
2448,2044,-1.953125,25000000.000
2449,2033,-7.324219,25000000.000
2450,2020,-13.671875,25000000.000
2451,2017,-15.136719,25000000.000
2452,2003,-21.972656,25000000.000
2453,1992,-27.343750,25000000.000
2454,1987,-29.785156,25000000.000
2455,1985,-30.761719,25000000.000
2456,1979,-33.691406,25000000.000
2457,1975,-35.644531,25000000.000
2458,1975,-35.644531,25000000.000
2459,1971,-37.597656,25000000.000
2460,1979,-33.691406,25000000.000
2461,1985,-30.761719,25000000.000
2462,1985,-30.761719,25000000.000
2463,1989,-28.808594,25000000.000
2464,2004,-21.484375,25000000.000
2465,2012,-17.578125,25000000.000
2466,2023,-12.207031,25000000.000
2467,2023,-12.207031,25000000.000
2468,2043,-2.441406,25000000.000
2469,2055,3.417969,25000000.000
2470,2067,9.277344,25000000.000
2471,2068,9.765625,25000000.000
2472,2088,19.531250,25000000.000
2473,2098,24.414062,25000000.000
2474,2105,27.832031,25000000.000
2475,2105,27.832031,25000000.000
2476,2116,33.203125,25000000.000
2477,2120,35.156250,25000000.000
2478,2118,34.179688,25000000.000
2479,2118,34.179688,25000000.000
2480,2115,32.714844,25000000.000
2481,2112,31.250000,25000000.000
2482,2107,28.808594,25000000.000
2483,2108,29.296875,25000000.000
2484,2093,21.972656,25000000.000
2485,2085,18.066406,25000000.000
2486,2076,13.671875,25000000.000
2487,2072,11.718750,25000000.000
2488,2054,2.929688,25000000.000
2489,2042,-2.929688,25000000.000
2490,2031,-8.300781,25000000.000
2491,2029,-9.277344,25000000.000
2492,2007,-20.019531,25000000.000
2493,1999,-23.925781,25000000.000
2494,1989,-28.808594,25000000.000
2495,1989,-28.808594,25000000.000
2496,1978,-34.179688,25000000.000
2497,1975,-35.644531,25000000.000
2498,1973,-36.621094,25000000.000
2499,1974,-36.132812,25000000.000
2500,1975,-35.644531,25000000.000
2501,1978,-34.179688,25000000.000
2502,1983,-31.738281,25000000.000
2503,1983,-31.738281,25000000.000
2504,1996,-25.390625,25000000.000
2505,2001,-22.949219,25000000.000
2506,2012,-17.578125,25000000.000
2507,2012,-17.578125,25000000.000
2508,2032,-7.812500,25000000.000
2509,2047,-0.488281,25000000.000
2510,2056,3.906250,25000000.000
2511,2056,3.906250,25000000.000
2512,2080,15.625000,25000000.000
2513,2091,20.996094,25000000.000
2514,2099,24.902344,25000000.000
2515,2101,25.878906,25000000.000
2516,2114,32.226562,25000000.000
2517,2118,34.179688,25000000.000
2518,2121,35.644531,25000000.000
2519,2121,35.644531,25000000.000
2520,2122,36.132812,25000000.000
2521,2116,33.203125,25000000.000
2522,2113,31.738281,25000000.000
2523,2112,31.250000,25000000.000
2524,2100,25.390625,25000000.000
2525,2094,22.460938,25000000.000
2526,2083,17.089844,25000000.000
2527,2083,17.089844,25000000.000
2528,2062,6.835938,25000000.000
2529,2054,2.929688,25000000.000
2530,2040,-3.906250,25000000.000
2531,2040,-3.906250,25000000.000
2532,2018,-14.648438,25000000.000
2533,2008,-19.531250,25000000.000
2534,2000,-23.437500,25000000.000
2535,2000,-23.437500,25000000.000
2536,1989,-28.808594,25000000.000
2537,1976,-35.156250,25000000.000
2538,1971,-37.597656,25000000.000
2539,1968,-39.062500,25000000.000
2540,1973,-36.621094,25000000.000
2541,1973,-36.621094,25000000.000
2542,1980,-33.203125,25000000.000
2543,1979,-33.691406,25000000.000
2544,1991,-27.832031,25000000.000
2545,1997,-24.902344,25000000.000
2546,2003,-21.972656,25000000.000
2547,2005,-20.996094,25000000.000
2548,2023,-12.207031,25000000.000
2549,2035,-6.347656,25000000.000
2550,2046,-0.976562,25000000.000
2551,2050,0.976562,25000000.000
2552,2072,11.718750,25000000.000
2553,2080,15.625000,25000000.000
2554,2094,22.460938,25000000.000
2555,2092,21.484375,25000000.000
2556,2109,29.785156,25000000.000
2557,2115,32.714844,25000000.000
2558,2118,34.179688,25000000.000
2559,2118,34.179688,25000000.000
2560,2120,35.156250,25000000.000
2561,2121,35.644531,25000000.000
2562,2117,33.691406,25000000.000
2563,2116,33.203125,25000000.000
2564,2105,27.832031,25000000.000
2565,2100,25.390625,25000000.000
2566,2093,21.972656,25000000.000
2567,2092,21.484375,25000000.000
2568,2074,12.695312,25000000.000
2569,2061,6.347656,25000000.000
2570,2053,2.441406,25000000.000
2571,2050,0.976562,25000000.000
2572,2029,-9.277344,25000000.000
2573,2017,-15.136719,25000000.000
2574,2007,-20.019531,25000000.000
2575,2006,-20.507812,25000000.000
2576,1988,-29.296875,25000000.000
2577,1983,-31.738281,25000000.000
2578,1974,-36.132812,25000000.000
2579,1977,-34.667969,25000000.000
2580,1972,-37.109375,25000000.000
2581,1975,-35.644531,25000000.000
2582,1975,-35.644531,25000000.000
2583,1976,-35.156250,25000000.000
2584,1972,-37.109375,25000000.000
2585,1989,-28.808594,25000000.000
2586,2002,-22.460938,25000000.000
2587,1991,-27.832031,25000000.000
2588,2020,-13.671875,25000000.000
2589,2022,-12.695312,25000000.000
2590,2038,-4.882812,25000000.000
2591,2032,-7.812500,25000000.000
2592,2056,3.906250,25000000.000
2593,2071,11.230469,25000000.000
2594,2085,18.066406,25000000.000
2595,2087,19.042969,25000000.000
2596,2101,25.878906,25000000.000
2597,2108,29.296875,25000000.000
2598,2115,32.714844,25000000.000
2599,2116,33.203125,25000000.000
2600,2120,35.156250,25000000.000
2601,2120,35.156250,25000000.000
2602,2121,35.644531,25000000.000
2603,2119,34.667969,25000000.000
2604,2111,30.761719,25000000.000
2605,2104,27.343750,25000000.000
2606,2098,24.414062,25000000.000
2607,2096,23.437500,25000000.000
2608,2081,16.113281,25000000.000
2609,2071,11.230469,25000000.000
2610,2060,5.859375,25000000.000
2611,2058,4.882812,25000000.000
2612,2041,-3.417969,25000000.000
2613,2028,-9.765625,25000000.000
2614,2013,-17.089844,25000000.000
2615,2015,-16.113281,25000000.000
2616,1996,-25.390625,25000000.000
2617,1988,-29.296875,25000000.000
2618,1981,-32.714844,25000000.000
2619,1984,-31.250000,25000000.000
2620,1975,-35.644531,25000000.000
2621,1973,-36.621094,25000000.000
2622,1975,-35.644531,25000000.000
2623,1976,-35.156250,25000000.000
2624,1981,-32.714844,25000000.000
2625,1985,-30.761719,25000000.000
2626,1992,-27.343750,25000000.000
2627,1992,-27.343750,25000000.000
2628,2007,-20.019531,25000000.000
2629,2019,-14.160156,25000000.000
2630,2027,-10.253906,25000000.000
2631,2030,-8.789062,25000000.000
2632,2052,1.953125,25000000.000
2633,2063,7.324219,25000000.000
2634,2076,13.671875,25000000.000
2635,2076,13.671875,25000000.000
2636,2097,23.925781,25000000.000
2637,2103,26.855469,25000000.000
2638,2112,31.250000,25000000.000
2639,2112,31.250000,25000000.000
2640,2121,35.644531,25000000.000
2641,2123,36.621094,25000000.000
2642,2121,35.644531,25000000.000
2643,2119,34.667969,25000000.000
2644,2116,33.203125,25000000.000
2645,2112,31.250000,25000000.000
2646,2104,27.343750,25000000.000
2647,2103,26.855469,25000000.000
2648,2089,20.019531,25000000.000
2649,2079,15.136719,25000000.000
2650,2069,10.253906,25000000.000
2651,2069,10.253906,25000000.000
2652,2048,0.000000,25000000.000
2653,2035,-6.347656,25000000.000
2654,2025,-11.230469,25000000.000
2655,2021,-13.183594,25000000.000
2656,2002,-22.460938,25000000.000
2657,1993,-26.855469,25000000.000
2658,1985,-30.761719,25000000.000
2659,1983,-31.738281,25000000.000
2660,1974,-36.132812,25000000.000
2661,1973,-36.621094,25000000.000
2662,1970,-38.085938,25000000.000
2663,1971,-37.597656,25000000.000
2664,1976,-35.156250,25000000.000
2665,1981,-32.714844,25000000.000
2666,1984,-31.250000,25000000.000
2667,1987,-29.785156,25000000.000
2668,1989,-28.808594,25000000.000
2669,2008,-19.531250,25000000.000
2670,2017,-15.136719,25000000.000
2671,2013,-17.089844,25000000.000
2672,2040,-3.906250,25000000.000
2673,2052,1.953125,25000000.000
2674,2063,7.324219,25000000.000
2675,2063,7.324219,25000000.000
2676,2086,18.554688,25000000.000
2677,2098,24.414062,25000000.000
2678,2104,27.343750,25000000.000
2679,2107,28.808594,25000000.000
2680,2116,33.203125,25000000.000
2681,2119,34.667969,25000000.000
2682,2120,35.156250,25000000.000
2683,2122,36.132812,25000000.000
2684,2117,33.691406,25000000.000
2685,2113,31.738281,25000000.000
2686,2110,30.273438,25000000.000
2687,2107,28.808594,25000000.000
2688,2094,22.460938,25000000.000
2689,2086,18.554688,25000000.000
2690,2076,13.671875,25000000.000
2691,2075,13.183594,25000000.000
2692,2055,3.417969,25000000.000
2693,2045,-1.464844,25000000.000
2694,2044,-1.953125,25000000.000
2695,2039,-4.394531,25000000.000
2696,2011,-18.066406,25000000.000
2697,2000,-23.437500,25000000.000
2698,1963,-41.503906,25000000.000
2699,1989,-28.808594,25000000.000
2700,1978,-34.179688,25000000.000
2701,1976,-35.156250,25000000.000
2702,1977,-34.667969,25000000.000
2703,1971,-37.597656,25000000.000
2704,1978,-34.179688,25000000.000
2705,1976,-35.156250,25000000.000
2706,1982,-32.226562,25000000.000
2707,1983,-31.738281,25000000.000
2708,1994,-26.367188,25000000.000
2709,2003,-21.972656,25000000.000
2710,2011,-18.066406,25000000.000
2711,2012,-17.578125,25000000.000
2712,2033,-7.324219,25000000.000
2713,2042,-2.929688,25000000.000
2714,2052,1.953125,25000000.000
2715,2057,4.394531,25000000.000
2716,2079,15.136719,25000000.000
2717,2088,19.531250,25000000.000
2718,2098,24.414062,25000000.000
2719,2101,25.878906,25000000.000
2720,2114,32.226562,25000000.000
2721,2117,33.691406,25000000.000
2722,2120,35.156250,25000000.000
2723,2119,34.667969,25000000.000
2724,2120,35.156250,25000000.000
2725,2117,33.691406,25000000.000
2726,2114,32.226562,25000000.000
2727,2113,31.738281,25000000.000
2728,2100,25.390625,25000000.000
2729,2094,22.460938,25000000.000
2730,2084,17.578125,25000000.000
2731,2083,17.089844,25000000.000
2732,2066,8.789062,25000000.000
2733,2053,2.441406,25000000.000
2734,2043,-2.441406,25000000.000
2735,2041,-3.417969,25000000.000
2736,2021,-13.183594,25000000.000
2737,2006,-20.507812,25000000.000
2738,1999,-23.925781,25000000.000
2739,1998,-24.414062,25000000.000
2740,1982,-32.226562,25000000.000
2741,1979,-33.691406,25000000.000
2742,1973,-36.621094,25000000.000
2743,1972,-37.109375,25000000.000
2744,1973,-36.621094,25000000.000
2745,1975,-35.644531,25000000.000
2746,1978,-34.179688,25000000.000
2747,1980,-33.203125,25000000.000
2748,1989,-28.808594,25000000.000
2749,1996,-25.390625,25000000.000
2750,2003,-21.972656,25000000.000
2751,2006,-20.507812,25000000.000
2752,2024,-11.718750,25000000.000
2753,2033,-7.324219,25000000.000
2754,2046,-0.976562,25000000.000
2755,2046,-0.976562,25000000.000
2756,2071,11.230469,25000000.000
2757,2080,15.625000,25000000.000
2758,2091,20.996094,25000000.000
2759,2092,21.484375,25000000.000
2760,2107,28.808594,25000000.000
2761,2116,33.203125,25000000.000
2762,2118,34.179688,25000000.000
2763,2119,34.667969,25000000.000
2764,2122,36.132812,25000000.000
2765,2120,35.156250,25000000.000
2766,2119,34.667969,25000000.000
2767,2119,34.667969,25000000.000
2768,2108,29.296875,25000000.000
2769,2099,24.902344,25000000.000
2770,2093,21.972656,25000000.000
2771,2092,21.484375,25000000.000
2772,2074,12.695312,25000000.000
2773,2064,7.812500,25000000.000
2774,2052,1.953125,25000000.000
2775,2050,0.976562,25000000.000
2776,2028,-9.765625,25000000.000
2777,2021,-13.183594,25000000.000
2778,2007,-20.019531,25000000.000
2779,2009,-19.042969,25000000.000
2780,1988,-29.296875,25000000.000
2781,1981,-32.714844,25000000.000
2782,1977,-34.667969,25000000.000
2783,1975,-35.644531,25000000.000
2784,1974,-36.132812,25000000.000
2785,1976,-35.156250,25000000.000
2786,1978,-34.179688,25000000.000
2787,1975,-35.644531,25000000.000
2788,1986,-30.273438,25000000.000
2789,1989,-28.808594,25000000.000
2790,1997,-24.902344,25000000.000
2791,1997,-24.902344,25000000.000
2792,2015,-16.113281,25000000.000
2793,2024,-11.718750,25000000.000
2794,2036,-5.859375,25000000.000
2795,2038,-4.882812,25000000.000
2796,2058,4.882812,25000000.000
2797,2072,11.718750,25000000.000
2798,2083,17.089844,25000000.000
2799,2084,17.578125,25000000.000
2800,2102,26.367188,25000000.000
2801,2110,30.273438,25000000.000
2802,2117,33.691406,25000000.000
2803,2115,32.714844,25000000.000
2804,2123,36.621094,25000000.000
2805,2121,35.644531,25000000.000
2806,2119,34.667969,25000000.000
2807,2120,35.156250,25000000.000
2808,2113,31.738281,25000000.000
2809,2108,29.296875,25000000.000
2810,2097,23.925781,25000000.000
2811,2100,25.390625,25000000.000
2812,2082,16.601562,25000000.000
2813,2073,12.207031,25000000.000
2814,2064,7.812500,25000000.000
2815,2062,6.835938,25000000.000
2816,2038,-4.882812,25000000.000
2817,2026,-10.742188,25000000.000
2818,2018,-14.648438,25000000.000
2819,2015,-16.113281,25000000.000
2820,1997,-24.902344,25000000.000
2821,1987,-29.785156,25000000.000
2822,1982,-32.226562,25000000.000
2823,1979,-33.691406,25000000.000
2824,1973,-36.621094,25000000.000
2825,1973,-36.621094,25000000.000
2826,1974,-36.132812,25000000.000
2827,1975,-35.644531,25000000.000
2828,1978,-34.179688,25000000.000
2829,1985,-30.761719,25000000.000
2830,1990,-28.320312,25000000.000
2831,1991,-27.832031,25000000.000
2832,2005,-20.996094,25000000.000
2833,2016,-15.625000,25000000.000
2834,2027,-10.253906,25000000.000
2835,2028,-9.765625,25000000.000
2836,2050,0.976562,25000000.000
2837,2060,5.859375,25000000.000
2838,2071,11.230469,25000000.000
2839,2073,12.207031,25000000.000
2840,2091,20.996094,25000000.000
2841,2103,26.855469,25000000.000
2842,2108,29.296875,25000000.000
2843,2109,29.785156,25000000.000
2844,2119,34.667969,25000000.000
2845,2121,35.644531,25000000.000
2846,2120,35.156250,25000000.000
2847,2120,35.156250,25000000.000
2848,2116,33.203125,25000000.000
2849,2110,30.273438,25000000.000
2850,2105,27.832031,25000000.000
2851,2104,27.343750,25000000.000
2852,2092,21.484375,25000000.000
2853,2081,16.113281,25000000.000
2854,2073,12.207031,25000000.000
2855,2070,10.742188,25000000.000
2856,2049,0.488281,25000000.000
2857,2038,-4.882812,25000000.000
2858,2026,-10.742188,25000000.000
2859,2025,-11.230469,25000000.000
2860,2004,-21.484375,25000000.000
2861,1997,-24.902344,25000000.000
2862,1987,-29.785156,25000000.000
2863,1987,-29.785156,25000000.000
2864,1976,-35.156250,25000000.000
2865,1975,-35.644531,25000000.000
2866,1973,-36.621094,25000000.000
2867,1974,-36.132812,25000000.000
2868,1977,-34.667969,25000000.000
2869,1980,-33.203125,25000000.000
2870,1985,-30.761719,25000000.000
2871,1986,-30.273438,25000000.000
2872,1998,-24.414062,25000000.000
2873,2009,-19.042969,25000000.000
2874,2015,-16.113281,25000000.000
2875,2016,-15.625000,25000000.000
2876,2039,-4.394531,25000000.000
2877,2051,1.464844,25000000.000
2878,2061,6.347656,25000000.000
2879,2064,7.812500,25000000.000
2880,2083,17.089844,25000000.000
2881,2093,21.972656,25000000.000
2882,2104,27.343750,25000000.000
2883,2104,27.343750,25000000.000
2884,2116,33.203125,25000000.000
2885,2117,33.691406,25000000.000
2886,2122,36.132812,25000000.000
2887,2120,35.156250,25000000.000
2888,2117,33.691406,25000000.000
2889,2116,33.203125,25000000.000
2890,2111,30.761719,25000000.000
2891,2108,29.296875,25000000.000
2892,2097,23.925781,25000000.000
2893,2089,20.019531,25000000.000
2894,2080,15.625000,25000000.000
2895,2078,14.648438,25000000.000
2896,2058,4.882812,25000000.000
2897,2046,-0.976562,25000000.000
2898,2035,-6.347656,25000000.000
2899,2036,-5.859375,25000000.000
2900,2012,-17.578125,25000000.000
2901,2002,-22.460938,25000000.000
2902,1993,-26.855469,25000000.000
2903,1991,-27.832031,25000000.000
2904,1981,-32.714844,25000000.000
2905,1974,-36.132812,25000000.000
2906,1971,-37.597656,25000000.000
2907,1971,-37.597656,25000000.000
2908,1973,-36.621094,25000000.000
2909,1977,-34.667969,25000000.000
2910,1979,-33.691406,25000000.000
2911,1979,-33.691406,25000000.000
2912,1989,-28.808594,25000000.000
2913,2000,-23.437500,25000000.000
2914,2014,-16.601562,25000000.000
2915,2016,-15.625000,25000000.000
2916,2027,-10.253906,25000000.000
2917,2044,-1.953125,25000000.000
2918,2050,0.976562,25000000.000
2919,2053,2.441406,25000000.000
2920,2076,13.671875,25000000.000
2921,2085,18.066406,25000000.000
2922,2095,22.949219,25000000.000
2923,2097,23.925781,25000000.000
2924,2110,30.273438,25000000.000
2925,2117,33.691406,25000000.000
2926,2118,34.179688,25000000.000
2927,2119,34.667969,25000000.000
2928,2119,34.667969,25000000.000
2929,2117,33.691406,25000000.000
2930,2114,32.226562,25000000.000
2931,2114,32.226562,25000000.000
2932,2103,26.855469,25000000.000
2933,2094,22.460938,25000000.000
2934,2088,19.531250,25000000.000
2935,2087,19.042969,25000000.000
2936,2070,10.742188,25000000.000
2937,2056,3.906250,25000000.000
2938,2046,-0.976562,25000000.000
2939,2044,-1.953125,25000000.000
2940,2023,-12.207031,25000000.000
2941,2015,-16.113281,25000000.000
2942,2001,-22.949219,25000000.000
2943,2000,-23.437500,25000000.000
2944,1986,-30.273438,25000000.000
2945,1981,-32.714844,25000000.000
2946,1976,-35.156250,25000000.000
2947,1977,-34.667969,25000000.000
2948,1973,-36.621094,25000000.000
2949,1977,-34.667969,25000000.000
2950,1979,-33.691406,25000000.000
2951,1979,-33.691406,25000000.000
2952,1988,-29.296875,25000000.000
2953,1994,-26.367188,25000000.000
2954,2002,-22.460938,25000000.000
2955,2002,-22.460938,25000000.000
2956,2020,-13.671875,25000000.000
2957,2032,-7.812500,25000000.000
2958,2042,-2.929688,25000000.000
2959,2043,-2.441406,25000000.000
2960,2065,8.300781,25000000.000
2961,2078,14.648438,25000000.000
2962,2088,19.531250,25000000.000
2963,2088,19.531250,25000000.000
2964,2106,28.320312,25000000.000
2965,2112,31.250000,25000000.000
2966,2118,34.179688,25000000.000
2967,2119,34.667969,25000000.000
2968,2123,36.621094,25000000.000
2969,2121,35.644531,25000000.000
2970,2117,33.691406,25000000.000
2971,2116,33.203125,25000000.000
2972,2109,29.785156,25000000.000
2973,2102,26.367188,25000000.000
2974,2095,22.949219,25000000.000
2975,2093,21.972656,25000000.000
2976,2075,13.183594,25000000.000
2977,2066,8.789062,25000000.000
2978,2054,2.929688,25000000.000
2979,2054,2.929688,25000000.000
2980,2033,-7.324219,25000000.000
2981,2020,-13.671875,25000000.000
2982,2011,-18.066406,25000000.000
2983,2010,-18.554688,25000000.000
2984,1992,-27.343750,25000000.000
2985,1985,-30.761719,25000000.000
2986,1981,-32.714844,25000000.000
2987,1978,-34.179688,25000000.000
2988,1974,-36.132812,25000000.000
2989,1974,-36.132812,25000000.000
2990,1974,-36.132812,25000000.000
2991,1974,-36.132812,25000000.000
2992,1982,-32.226562,25000000.000
2993,1990,-28.320312,25000000.000
2994,1995,-25.878906,25000000.000
2995,2000,-23.437500,25000000.000
2996,2012,-17.578125,25000000.000
2997,2020,-13.671875,25000000.000
2998,2032,-7.812500,25000000.000
2999,2034,-6.835938,25000000.000
3000,2056,3.906250,25000000.000
3001,2068,9.765625,25000000.000
3002,2080,15.625000,25000000.000
3003,2080,15.625000,25000000.000
3004,2100,25.390625,25000000.000
3005,2108,29.296875,25000000.000
3006,2112,31.250000,25000000.000
3007,2114,32.226562,25000000.000
3008,2121,35.644531,25000000.000
3009,2123,36.621094,25000000.000
3010,2121,35.644531,25000000.000
3011,2121,35.644531,25000000.000
3012,2114,32.226562,25000000.000
3013,2097,23.925781,25000000.000
3014,2093,21.972656,25000000.000
3015,2118,34.179688,25000000.000
3016,2083,17.089844,25000000.000
3017,2079,15.136719,25000000.000
3018,2063,7.324219,25000000.000
3019,2066,8.789062,25000000.000
3020,2043,-2.441406,25000000.000
3021,2031,-8.300781,25000000.000
3022,2020,-13.671875,25000000.000
3023,2016,-15.625000,25000000.000
3024,2000,-23.437500,25000000.000
3025,1992,-27.343750,25000000.000
3026,1981,-32.714844,25000000.000
3027,1984,-31.250000,25000000.000
3028,1975,-35.644531,25000000.000
3029,1975,-35.644531,25000000.000
3030,1974,-36.132812,25000000.000
3031,1978,-34.179688,25000000.000
3032,1974,-36.132812,25000000.000
3033,1985,-30.761719,25000000.000
3034,1990,-28.320312,25000000.000
3035,1990,-28.320312,25000000.000
3036,2005,-20.996094,25000000.000
3037,2013,-17.089844,25000000.000
3038,2025,-11.230469,25000000.000
3039,2025,-11.230469,25000000.000
3040,2046,-0.976562,25000000.000
3041,2058,4.882812,25000000.000
3042,2067,9.277344,25000000.000
3043,2069,10.253906,25000000.000
3044,2090,20.507812,25000000.000
3045,2101,25.878906,25000000.000
3046,2108,29.296875,25000000.000
3047,2109,29.785156,25000000.000
3048,2116,33.203125,25000000.000
3049,2114,32.226562,25000000.000
3050,2123,36.621094,25000000.000
3051,2118,34.179688,25000000.000
3052,2116,33.203125,25000000.000
3053,2108,29.296875,25000000.000
3054,2107,28.808594,25000000.000
3055,2104,27.343750,25000000.000
3056,2093,21.972656,25000000.000
3057,2081,16.113281,25000000.000
3058,2070,10.742188,25000000.000
3059,2068,9.765625,25000000.000
3060,2052,1.953125,25000000.000
3061,2043,-2.441406,25000000.000
3062,2028,-9.765625,25000000.000
3063,2027,-10.253906,25000000.000
3064,2007,-20.019531,25000000.000
3065,1995,-25.878906,25000000.000
3066,1990,-28.320312,25000000.000
3067,1989,-28.808594,25000000.000
3068,1978,-34.179688,25000000.000
3069,1973,-36.621094,25000000.000
3070,1972,-37.109375,25000000.000
3071,1971,-37.597656,25000000.000
3072,1974,-36.132812,25000000.000
3073,1978,-34.179688,25000000.000
3074,1982,-32.226562,25000000.000
3075,1983,-31.738281,25000000.000
3076,1995,-25.878906,25000000.000
3077,2003,-21.972656,25000000.000
3078,2014,-16.601562,25000000.000
3079,2015,-16.113281,25000000.000
3080,2035,-6.347656,25000000.000
3081,2046,-0.976562,25000000.000
3082,2059,5.371094,25000000.000
3083,2060,5.859375,25000000.000
3084,2081,16.113281,25000000.000
3085,2090,20.507812,25000000.000
3086,2100,25.390625,25000000.000
3087,2101,25.878906,25000000.000
3088,2114,32.226562,25000000.000
3089,2117,33.691406,25000000.000
3090,2120,35.156250,25000000.000
3091,2120,35.156250,25000000.000
3092,2119,34.667969,25000000.000
3093,2118,34.179688,25000000.000
3094,2111,30.761719,25000000.000
3095,2111,30.761719,25000000.000
3096,2100,25.390625,25000000.000
3097,2092,21.484375,25000000.000
3098,2082,16.601562,25000000.000
3099,2082,16.601562,25000000.000
3100,2063,7.324219,25000000.000
3101,2050,0.976562,25000000.000
3102,2041,-3.417969,25000000.000
3103,2037,-5.371094,25000000.000
3104,2018,-14.648438,25000000.000
3105,2006,-20.507812,25000000.000
3106,1994,-26.367188,25000000.000
3107,1993,-26.855469,25000000.000
3108,1981,-32.714844,25000000.000
3109,1977,-34.667969,25000000.000
3110,1973,-36.621094,25000000.000
3111,1973,-36.621094,25000000.000
3112,1975,-35.644531,25000000.000
3113,1975,-35.644531,25000000.000
3114,1979,-33.691406,25000000.000
3115,1981,-32.714844,25000000.000
3116,1990,-28.320312,25000000.000
3117,1997,-24.902344,25000000.000
3118,2007,-20.019531,25000000.000
3119,2006,-20.507812,25000000.000
3120,2027,-10.253906,25000000.000
3121,2037,-5.371094,25000000.000
3122,2045,-1.464844,25000000.000
3123,2047,-0.488281,25000000.000
3124,2071,11.230469,25000000.000
3125,2084,17.578125,25000000.000
3126,2093,21.972656,25000000.000
3127,2095,22.949219,25000000.000
3128,2108,29.296875,25000000.000
3129,2116,33.203125,25000000.000
3130,2119,34.667969,25000000.000
3131,2121,35.644531,25000000.000
3132,2121,35.644531,25000000.000
3133,2119,34.667969,25000000.000
3134,2118,34.179688,25000000.000
3135,2117,33.691406,25000000.000
3136,2107,28.808594,25000000.000
3137,2098,24.414062,25000000.000
3138,2091,20.996094,25000000.000
3139,2090,20.507812,25000000.000
3140,2071,11.230469,25000000.000
3141,2062,6.835938,25000000.000
3142,2050,0.976562,25000000.000
3143,2048,0.000000,25000000.000
3144,2025,-11.230469,25000000.000
3145,2016,-15.625000,25000000.000
3146,2005,-20.996094,25000000.000
3147,2004,-21.484375,25000000.000
3148,1987,-29.785156,25000000.000
3149,1980,-33.203125,25000000.000
3150,1978,-34.179688,25000000.000
3151,1977,-34.667969,25000000.000
3152,1974,-36.132812,25000000.000
3153,1975,-35.644531,25000000.000
3154,1977,-34.667969,25000000.000
3155,1976,-35.156250,25000000.000
3156,1984,-31.250000,25000000.000
3157,1992,-27.343750,25000000.000
3158,1997,-24.902344,25000000.000
3159,1999,-23.925781,25000000.000
3160,2015,-16.113281,25000000.000
3161,2027,-10.253906,25000000.000
3162,2037,-5.371094,25000000.000
3163,2038,-4.882812,25000000.000
3164,2062,6.835938,25000000.000
3165,2076,13.671875,25000000.000
3166,2087,19.042969,25000000.000
3167,2085,18.066406,25000000.000
3168,2106,28.320312,25000000.000
3169,2110,30.273438,25000000.000
3170,2117,33.691406,25000000.000
3171,2116,33.203125,25000000.000
3172,2122,36.132812,25000000.000
3173,2122,36.132812,25000000.000
3174,2118,34.179688,25000000.000
3175,2119,34.667969,25000000.000
3176,2109,29.785156,25000000.000
3177,2106,28.320312,25000000.000
3178,2096,23.437500,25000000.000
3179,2097,23.925781,25000000.000
3180,2080,15.625000,25000000.000
3181,2068,9.765625,25000000.000
3182,2059,5.371094,25000000.000
3183,2058,4.882812,25000000.000
3184,2036,-5.859375,25000000.000
3185,2023,-12.207031,25000000.000
3186,2015,-16.113281,25000000.000
3187,2012,-17.578125,25000000.000
3188,1992,-27.343750,25000000.000
3189,1987,-29.785156,25000000.000
3190,1980,-33.203125,25000000.000
3191,1979,-33.691406,25000000.000
3192,1974,-36.132812,25000000.000
3193,1975,-35.644531,25000000.000
3194,1971,-37.597656,25000000.000
3195,1975,-35.644531,25000000.000
3196,1987,-29.785156,25000000.000
3197,1983,-31.738281,25000000.000
3198,1990,-28.320312,25000000.000
3199,1991,-27.832031,25000000.000
3200,2008,-19.531250,25000000.000
3201,2018,-14.648438,25000000.000
3202,2031,-8.300781,25000000.000
3203,2029,-9.277344,25000000.000
3204,2055,3.417969,25000000.000
3205,2063,7.324219,25000000.000
3206,2076,13.671875,25000000.000
3207,2076,13.671875,25000000.000
3208,2096,23.437500,25000000.000
3209,2106,28.320312,25000000.000
3210,2112,31.250000,25000000.000
3211,2112,31.250000,25000000.000
3212,2120,35.156250,25000000.000
3213,2123,36.621094,25000000.000
3214,2121,35.644531,25000000.000
3215,2122,36.132812,25000000.000
3216,2116,33.203125,25000000.000
3217,2108,29.296875,25000000.000
3218,2104,27.343750,25000000.000
3219,2103,26.855469,25000000.000
3220,2089,20.019531,25000000.000
3221,2079,15.136719,25000000.000
3222,2067,9.277344,25000000.000
3223,2066,8.789062,25000000.000
3224,2045,-1.464844,25000000.000
3225,2035,-6.347656,25000000.000
3226,2022,-12.695312,25000000.000
3227,2021,-13.183594,25000000.000
3228,2001,-22.949219,25000000.000
3229,1993,-26.855469,25000000.000
3230,1986,-30.273438,25000000.000
3231,1985,-30.761719,25000000.000
3232,1976,-35.156250,25000000.000
3233,1973,-36.621094,25000000.000
3234,1974,-36.132812,25000000.000
3235,1972,-37.109375,25000000.000
3236,1979,-33.691406,25000000.000
3237,1981,-32.714844,25000000.000
3238,1985,-30.761719,25000000.000
3239,1986,-30.273438,25000000.000
3240,2001,-22.949219,25000000.000
3241,2009,-19.042969,25000000.000
3242,2019,-14.160156,25000000.000
3243,2021,-13.183594,25000000.000
3244,2041,-3.417969,25000000.000
3245,2056,3.906250,25000000.000
3246,2063,7.324219,25000000.000
3247,2064,7.812500,25000000.000
3248,2088,19.531250,25000000.000
3249,2096,23.437500,25000000.000
3250,2105,27.832031,25000000.000
3251,2107,28.808594,25000000.000
3252,2117,33.691406,25000000.000
3253,2119,34.667969,25000000.000
3254,2118,34.179688,25000000.000
3255,2119,34.667969,25000000.000
3256,2117,33.691406,25000000.000
3257,2114,32.226562,25000000.000
3258,2107,28.808594,25000000.000
3259,2108,29.296875,25000000.000
3260,2093,21.972656,25000000.000
3261,2087,19.042969,25000000.000
3262,2076,13.671875,25000000.000
3263,2075,13.183594,25000000.000
3264,2055,3.417969,25000000.000
3265,2046,-0.976562,25000000.000
3266,2032,-7.812500,25000000.000
3267,2032,-7.812500,25000000.000
3268,2013,-17.089844,25000000.000
3269,2001,-22.949219,25000000.000
3270,1993,-26.855469,25000000.000
3271,1991,-27.832031,25000000.000
3272,1979,-33.691406,25000000.000
3273,1976,-35.156250,25000000.000
3274,1974,-36.132812,25000000.000
3275,1973,-36.621094,25000000.000
3276,1974,-36.132812,25000000.000
3277,1978,-34.179688,25000000.000
3278,1981,-32.714844,25000000.000
3279,1982,-32.226562,25000000.000
3280,1993,-26.855469,25000000.000
3281,2002,-22.460938,25000000.000
3282,2012,-17.578125,25000000.000
3283,2012,-17.578125,25000000.000
3284,2032,-7.812500,25000000.000
3285,2041,-3.417969,25000000.000
3286,2057,4.394531,25000000.000
3287,2055,3.417969,25000000.000
3288,2077,14.160156,25000000.000
3289,2089,20.019531,25000000.000
3290,2098,24.414062,25000000.000
3291,2098,24.414062,25000000.000
3292,2112,31.250000,25000000.000
3293,2118,34.179688,25000000.000
3294,2118,34.179688,25000000.000
3295,2122,36.132812,25000000.000
3296,2121,35.644531,25000000.000
3297,2117,33.691406,25000000.000
3298,2113,31.738281,25000000.000
3299,2113,31.738281,25000000.000
3300,2102,26.367188,25000000.000
3301,2092,21.484375,25000000.000
3302,2086,18.554688,25000000.000
3303,2083,17.089844,25000000.000
3304,2065,8.300781,25000000.000
3305,2053,2.441406,25000000.000
3306,2042,-2.929688,25000000.000
3307,2040,-3.906250,25000000.000
3308,2018,-14.648438,25000000.000
3309,2010,-18.554688,25000000.000
3310,1998,-24.414062,25000000.000
3311,1997,-24.902344,25000000.000
3312,1983,-31.738281,25000000.000
3313,1976,-35.156250,25000000.000
3314,1974,-36.132812,25000000.000
3315,1974,-36.132812,25000000.000
3316,1974,-36.132812,25000000.000
3317,1974,-36.132812,25000000.000
3318,1978,-34.179688,25000000.000
3319,1977,-34.667969,25000000.000
3320,1988,-29.296875,25000000.000
3321,1994,-26.367188,25000000.000
3322,2001,-22.949219,25000000.000
3323,2001,-22.949219,25000000.000
3324,2021,-13.183594,25000000.000
3325,2034,-6.835938,25000000.000
3326,2043,-2.441406,25000000.000
3327,2046,-0.976562,25000000.000
3328,2068,9.765625,25000000.000
3329,2079,15.136719,25000000.000
3330,2089,20.019531,25000000.000
3331,2093,21.972656,25000000.000
3332,2117,33.691406,25000000.000
3333,2107,28.808594,25000000.000
3334,2119,34.667969,25000000.000
3335,2109,29.785156,25000000.000
3336,2124,37.109375,25000000.000
3337,2118,34.179688,25000000.000
3338,2119,34.667969,25000000.000
3339,2116,33.203125,25000000.000
3340,2107,28.808594,25000000.000
3341,2103,26.855469,25000000.000
3342,2094,22.460938,25000000.000
3343,2093,21.972656,25000000.000
3344,2072,11.718750,25000000.000
3345,2063,7.324219,25000000.000
3346,2054,2.929688,25000000.000
3347,2053,2.441406,25000000.000
3348,2028,-9.765625,25000000.000
3349,2017,-15.136719,25000000.000
3350,2008,-19.531250,25000000.000
3351,2006,-20.507812,25000000.000
3352,1990,-28.320312,25000000.000
3353,1982,-32.226562,25000000.000
3354,1978,-34.179688,25000000.000
3355,1976,-35.156250,25000000.000
3356,1973,-36.621094,25000000.000
3357,1975,-35.644531,25000000.000
3358,1976,-35.156250,25000000.000
3359,1977,-34.667969,25000000.000
3360,1973,-36.621094,25000000.000
3361,1984,-31.250000,25000000.000
3362,2001,-22.949219,25000000.000
3363,1985,-30.761719,25000000.000
3364,2012,-17.578125,25000000.000
3365,2022,-12.695312,25000000.000
3366,2053,2.441406,25000000.000
3367,2040,-3.906250,25000000.000
3368,2062,6.835938,25000000.000
3369,2072,11.718750,25000000.000
3370,2085,18.066406,25000000.000
3371,2085,18.066406,25000000.000
3372,2103,26.855469,25000000.000
3373,2110,30.273438,25000000.000
3374,2115,32.714844,25000000.000
3375,2118,34.179688,25000000.000
3376,2120,35.156250,25000000.000
3377,2123,36.621094,25000000.000
3378,2120,35.156250,25000000.000
3379,2119,34.667969,25000000.000
3380,2111,30.761719,25000000.000
3381,2105,27.832031,25000000.000
3382,2101,25.878906,25000000.000
3383,2100,25.390625,25000000.000
3384,2083,17.089844,25000000.000
3385,2071,11.230469,25000000.000
3386,2063,7.324219,25000000.000
3387,2059,5.371094,25000000.000
3388,2040,-3.906250,25000000.000
3389,2028,-9.765625,25000000.000
3390,2016,-15.625000,25000000.000
3391,2015,-16.113281,25000000.000
3392,1995,-25.878906,25000000.000
3393,1990,-28.320312,25000000.000
3394,1982,-32.226562,25000000.000
3395,1982,-32.226562,25000000.000
3396,1976,-35.156250,25000000.000
3397,1973,-36.621094,25000000.000
3398,1974,-36.132812,25000000.000
3399,1976,-35.156250,25000000.000
3400,1981,-32.714844,25000000.000
3401,1984,-31.250000,25000000.000
3402,1993,-26.855469,25000000.000
3403,1991,-27.832031,25000000.000
3404,2005,-20.996094,25000000.000
3405,2017,-15.136719,25000000.000
3406,2029,-9.277344,25000000.000
3407,2019,-14.160156,25000000.000
3408,2051,1.464844,25000000.000
3409,2063,7.324219,25000000.000
3410,2070,10.742188,25000000.000
3411,2074,12.695312,25000000.000
3412,2094,22.460938,25000000.000
3413,2106,28.320312,25000000.000
3414,2110,30.273438,25000000.000
3415,2110,30.273438,25000000.000
3416,2121,35.644531,25000000.000
3417,2118,34.179688,25000000.000
3418,2122,36.132812,25000000.000
3419,2120,35.156250,25000000.000
3420,2117,33.691406,25000000.000
3421,2111,30.761719,25000000.000
3422,2106,28.320312,25000000.000
3423,2104,27.343750,25000000.000
3424,2089,20.019531,25000000.000
3425,2081,16.113281,25000000.000
3426,2071,11.230469,25000000.000
3427,2072,11.718750,25000000.000
3428,2048,0.000000,25000000.000
3429,2038,-4.882812,25000000.000
3430,2027,-10.253906,25000000.000
3431,2027,-10.253906,25000000.000
3432,2004,-21.484375,25000000.000
3433,1995,-25.878906,25000000.000
3434,1988,-29.296875,25000000.000
3435,1986,-30.273438,25000000.000
3436,1976,-35.156250,25000000.000
3437,1973,-36.621094,25000000.000
3438,1973,-36.621094,25000000.000
3439,1971,-37.597656,25000000.000
3440,1974,-36.132812,25000000.000
3441,1980,-33.203125,25000000.000
3442,1984,-31.250000,25000000.000
3443,1984,-31.250000,25000000.000
3444,1997,-24.902344,25000000.000
3445,2007,-20.019531,25000000.000
3446,2015,-16.113281,25000000.000
3447,2017,-15.136719,25000000.000
3448,2039,-4.394531,25000000.000
3449,2048,0.000000,25000000.000
3450,2063,7.324219,25000000.000
3451,2062,6.835938,25000000.000
3452,2086,18.554688,25000000.000
3453,2092,21.484375,25000000.000
3454,2102,26.367188,25000000.000
3455,2103,26.855469,25000000.000
3456,2115,32.714844,25000000.000
3457,2118,34.179688,25000000.000
3458,2119,34.667969,25000000.000
3459,2121,35.644531,25000000.000
3460,2118,34.179688,25000000.000
3461,2116,33.203125,25000000.000
3462,2111,30.761719,25000000.000
3463,2112,31.250000,25000000.000
3464,2098,24.414062,25000000.000
3465,2088,19.531250,25000000.000
3466,2080,15.625000,25000000.000
3467,2079,15.136719,25000000.000
3468,2059,5.371094,25000000.000
3469,2045,-1.464844,25000000.000
3470,2036,-5.859375,25000000.000
3471,2033,-7.324219,25000000.000
3472,2012,-17.578125,25000000.000
3473,2002,-22.460938,25000000.000
3474,1992,-27.343750,25000000.000
3475,1992,-27.343750,25000000.000
3476,1979,-33.691406,25000000.000
3477,1975,-35.644531,25000000.000
3478,1976,-35.156250,25000000.000
3479,1974,-36.132812,25000000.000
3480,1968,-39.062500,25000000.000
3481,1977,-34.667969,25000000.000
3482,1982,-32.226562,25000000.000
3483,1982,-32.226562,25000000.000
3484,1995,-25.878906,25000000.000
3485,1998,-24.414062,25000000.000
3486,2010,-18.554688,25000000.000
3487,2009,-19.042969,25000000.000
3488,2027,-10.253906,25000000.000
3489,2041,-3.417969,25000000.000
3490,2053,2.441406,25000000.000
3491,2054,2.929688,25000000.000
3492,2072,11.718750,25000000.000
3493,2090,20.507812,25000000.000
3494,2096,23.437500,25000000.000
3495,2097,23.925781,25000000.000
3496,2112,31.250000,25000000.000
3497,2113,31.738281,25000000.000
3498,2118,34.179688,25000000.000
3499,2120,35.156250,25000000.000
3500,2122,36.132812,25000000.000
3501,2117,33.691406,25000000.000
3502,2115,32.714844,25000000.000
3503,2113,31.738281,25000000.000
3504,2104,27.343750,25000000.000
3505,2094,22.460938,25000000.000
3506,2085,18.066406,25000000.000
3507,2085,18.066406,25000000.000
3508,2065,8.300781,25000000.000
3509,2057,4.394531,25000000.000
3510,2044,-1.953125,25000000.000
3511,2044,-1.953125,25000000.000
3512,2022,-12.695312,25000000.000
3513,2011,-18.066406,25000000.000
3514,2001,-22.949219,25000000.000
3515,2001,-22.949219,25000000.000
3516,1986,-30.273438,25000000.000
3517,1978,-34.179688,25000000.000
3518,1975,-35.644531,25000000.000
3519,1975,-35.644531,25000000.000
3520,1973,-36.621094,25000000.000
3521,1976,-35.156250,25000000.000
3522,1980,-33.203125,25000000.000
3523,1976,-35.156250,25000000.000
3524,1987,-29.785156,25000000.000
3525,1992,-27.343750,25000000.000
3526,1999,-23.925781,25000000.000
3527,2001,-22.949219,25000000.000
3528,2020,-13.671875,25000000.000
3529,2030,-8.789062,25000000.000
3530,2043,-2.441406,25000000.000
3531,2045,-1.464844,25000000.000
3532,2067,9.277344,25000000.000
3533,2077,14.160156,25000000.000
3534,2091,20.996094,25000000.000
3535,2089,20.019531,25000000.000
3536,2105,27.832031,25000000.000
3537,2114,32.226562,25000000.000
3538,2119,34.667969,25000000.000
3539,2118,34.179688,25000000.000
3540,2124,37.109375,25000000.000
3541,2118,34.179688,25000000.000
3542,2117,33.691406,25000000.000
3543,2116,33.203125,25000000.000
3544,2108,29.296875,25000000.000
3545,2103,26.855469,25000000.000
3546,2095,22.949219,25000000.000
3547,2095,22.949219,25000000.000
3548,2078,14.648438,25000000.000
3549,2065,8.300781,25000000.000
3550,2057,4.394531,25000000.000
3551,2054,2.929688,25000000.000
3552,2033,-7.324219,25000000.000
3553,2021,-13.183594,25000000.000
3554,2010,-18.554688,25000000.000
3555,2010,-18.554688,25000000.000
3556,1990,-28.320312,25000000.000
3557,1985,-30.761719,25000000.000
3558,1978,-34.179688,25000000.000
3559,1979,-33.691406,25000000.000
3560,1973,-36.621094,25000000.000
3561,1976,-35.156250,25000000.000
3562,1977,-34.667969,25000000.000
3563,1976,-35.156250,25000000.000
3564,1983,-31.738281,25000000.000
3565,1987,-29.785156,25000000.000
3566,1995,-25.878906,25000000.000
3567,1992,-27.343750,25000000.000
3568,2016,-15.625000,25000000.000
3569,2011,-18.066406,25000000.000
3570,2028,-9.765625,25000000.000
3571,2049,0.488281,25000000.000
3572,2057,4.394531,25000000.000
3573,2068,9.765625,25000000.000
3574,2080,15.625000,25000000.000
3575,2078,14.648438,25000000.000
3576,2096,23.437500,25000000.000
3577,2107,28.808594,25000000.000
3578,2112,31.250000,25000000.000
3579,2115,32.714844,25000000.000
3580,2119,34.667969,25000000.000
3581,2119,34.667969,25000000.000
3582,2121,35.644531,25000000.000
3583,2120,35.156250,25000000.000
3584,2114,32.226562,25000000.000
3585,2107,28.808594,25000000.000
3586,2101,25.878906,25000000.000
3587,2098,24.414062,25000000.000
3588,2085,18.066406,25000000.000
3589,2074,12.695312,25000000.000
3590,2063,7.324219,25000000.000
3591,2063,7.324219,25000000.000
3592,2040,-3.906250,25000000.000
3593,2031,-8.300781,25000000.000
3594,2020,-13.671875,25000000.000
3595,2017,-15.136719,25000000.000
3596,1999,-23.925781,25000000.000
3597,1988,-29.296875,25000000.000
3598,1985,-30.761719,25000000.000
3599,1983,-31.738281,25000000.000
3600,1976,-35.156250,25000000.000
3601,1972,-37.109375,25000000.000
3602,1974,-36.132812,25000000.000
3603,1974,-36.132812,25000000.000
3604,1978,-34.179688,25000000.000
3605,1983,-31.738281,25000000.000
3606,1989,-28.808594,25000000.000
3607,1988,-29.296875,25000000.000
3608,2002,-22.460938,25000000.000
3609,2015,-16.113281,25000000.000
3610,2024,-11.718750,25000000.000
3611,2024,-11.718750,25000000.000
3612,2046,-0.976562,25000000.000
3613,2059,5.371094,25000000.000
3614,2071,11.230469,25000000.000
3615,2072,11.718750,25000000.000
3616,2094,22.460938,25000000.000
3617,2100,25.390625,25000000.000
3618,2110,30.273438,25000000.000
3619,2110,30.273438,25000000.000
3620,2120,35.156250,25000000.000
3621,2122,36.132812,25000000.000
3622,2120,35.156250,25000000.000
3623,2119,34.667969,25000000.000
3624,2116,33.203125,25000000.000
3625,2114,32.226562,25000000.000
3626,2104,27.343750,25000000.000
3627,2107,28.808594,25000000.000
3628,2092,21.484375,25000000.000
3629,2081,16.113281,25000000.000
3630,2074,12.695312,25000000.000
3631,2074,12.695312,25000000.000
3632,2051,1.464844,25000000.000
3633,2039,-4.394531,25000000.000
3634,2029,-9.277344,25000000.000
3635,2027,-10.253906,25000000.000
3636,2007,-20.019531,25000000.000
3637,1996,-25.390625,25000000.000
3638,1987,-29.785156,25000000.000
3639,1987,-29.785156,25000000.000
3640,1977,-34.667969,25000000.000
3641,1974,-36.132812,25000000.000
3642,1972,-37.109375,25000000.000
3643,1973,-36.621094,25000000.000
3644,1975,-35.644531,25000000.000
3645,1980,-33.203125,25000000.000
3646,1985,-30.761719,25000000.000
3647,1986,-30.273438,25000000.000
3648,1997,-24.902344,25000000.000
3649,2003,-21.972656,25000000.000
3650,2015,-16.113281,25000000.000
3651,2014,-16.601562,25000000.000
3652,2037,-5.371094,25000000.000
3653,2047,-0.488281,25000000.000
3654,2060,5.859375,25000000.000
3655,2060,5.859375,25000000.000
3656,2082,16.601562,25000000.000
3657,2092,21.484375,25000000.000
3658,2100,25.390625,25000000.000
3659,2102,26.367188,25000000.000
3660,2115,32.714844,25000000.000
3661,2118,34.179688,25000000.000
3662,2119,34.667969,25000000.000
3663,2121,35.644531,25000000.000
3664,2121,35.644531,25000000.000
3665,2114,32.226562,25000000.000
3666,2113,31.738281,25000000.000
3667,2111,30.761719,25000000.000
3668,2100,25.390625,25000000.000
3669,2090,20.507812,25000000.000
3670,2082,16.601562,25000000.000
3671,2079,15.136719,25000000.000
3672,2060,5.859375,25000000.000
3673,2050,0.976562,25000000.000
3674,2038,-4.882812,25000000.000
3675,2038,-4.882812,25000000.000
3676,2015,-16.113281,25000000.000
3677,2004,-21.484375,25000000.000
3678,1994,-26.367188,25000000.000
3679,1995,-25.878906,25000000.000
3680,1980,-33.203125,25000000.000
3681,1975,-35.644531,25000000.000
3682,1975,-35.644531,25000000.000
3683,1973,-36.621094,25000000.000
3684,1983,-31.738281,25000000.000
3685,1974,-36.132812,25000000.000
3686,1981,-32.714844,25000000.000
3687,1979,-33.691406,25000000.000
3688,1990,-28.320312,25000000.000
3689,1998,-24.414062,25000000.000
3690,2005,-20.996094,25000000.000
3691,2007,-20.019531,25000000.000
3692,2023,-12.207031,25000000.000
3693,2038,-4.882812,25000000.000
3694,2048,0.000000,25000000.000
3695,2049,0.488281,25000000.000
3696,2073,12.207031,25000000.000
3697,2083,17.089844,25000000.000
3698,2093,21.972656,25000000.000
3699,2095,22.949219,25000000.000
3700,2111,30.761719,25000000.000
3701,2114,32.226562,25000000.000
3702,2120,35.156250,25000000.000
3703,2118,34.179688,25000000.000
3704,2121,35.644531,25000000.000
3705,2118,34.179688,25000000.000
3706,2118,34.179688,25000000.000
3707,2100,25.390625,25000000.000
3708,2097,23.925781,25000000.000
3709,2099,24.902344,25000000.000
3710,2084,17.578125,25000000.000
3711,2082,16.601562,25000000.000
3712,2069,10.253906,25000000.000
3713,2059,5.371094,25000000.000
3714,2048,0.000000,25000000.000
3715,2046,-0.976562,25000000.000
3716,2025,-11.230469,25000000.000
3717,2013,-17.089844,25000000.000
3718,1991,-27.832031,25000000.000
3719,1995,-25.878906,25000000.000
3720,1986,-30.273438,25000000.000
3721,1995,-25.878906,25000000.000
3722,1974,-36.132812,25000000.000
3723,1995,-25.878906,25000000.000
3724,1967,-39.550781,25000000.000
3725,1979,-33.691406,25000000.000
3726,1976,-35.156250,25000000.000
3727,1975,-35.644531,25000000.000
3728,1983,-31.738281,25000000.000
3729,1993,-26.855469,25000000.000
3730,1999,-23.925781,25000000.000
3731,2001,-22.949219,25000000.000
3732,2019,-14.160156,25000000.000
3733,2028,-9.765625,25000000.000
3734,2042,-2.929688,25000000.000
3735,2039,-4.394531,25000000.000
3736,2064,7.812500,25000000.000
3737,2076,13.671875,25000000.000
3738,2086,18.554688,25000000.000
3739,2085,18.066406,25000000.000
3740,2102,26.367188,25000000.000
3741,2112,31.250000,25000000.000
3742,2117,33.691406,25000000.000
3743,2116,33.203125,25000000.000
3744,2120,35.156250,25000000.000
3745,2120,35.156250,25000000.000
3746,2120,35.156250,25000000.000
3747,2119,34.667969,25000000.000
3748,2108,29.296875,25000000.000
3749,2102,26.367188,25000000.000
3750,2096,23.437500,25000000.000
3751,2093,21.972656,25000000.000
3752,2084,17.578125,25000000.000
3753,2068,9.765625,25000000.000
3754,2058,4.882812,25000000.000
3755,2054,2.929688,25000000.000
3756,2035,-6.347656,25000000.000
3757,2025,-11.230469,25000000.000
3758,2007,-20.019531,25000000.000
3759,2006,-20.507812,25000000.000
3760,1997,-24.902344,25000000.000
3761,1982,-32.226562,25000000.000
3762,1983,-31.738281,25000000.000
3763,1979,-33.691406,25000000.000
3764,1973,-36.621094,25000000.000
3765,1972,-37.109375,25000000.000
3766,1975,-35.644531,25000000.000
3767,1973,-36.621094,25000000.000
3768,1980,-33.203125,25000000.000
3769,1986,-30.273438,25000000.000
3770,1994,-26.367188,25000000.000
3771,1993,-26.855469,25000000.000
3772,2009,-19.042969,25000000.000
3773,2021,-13.183594,25000000.000
3774,2030,-8.789062,25000000.000
3775,2032,-7.812500,25000000.000
3776,2052,1.953125,25000000.000
3777,2066,8.789062,25000000.000
3778,2078,14.648438,25000000.000
3779,2080,15.625000,25000000.000
3780,2099,24.902344,25000000.000
3781,2106,28.320312,25000000.000
3782,2113,31.738281,25000000.000
3783,2113,31.738281,25000000.000
3784,2122,36.132812,25000000.000
3785,2121,35.644531,25000000.000
3786,2122,36.132812,25000000.000
3787,2121,35.644531,25000000.000
3788,2114,32.226562,25000000.000
3789,2111,30.761719,25000000.000
3790,2102,26.367188,25000000.000
3791,2105,27.832031,25000000.000
3792,2085,18.066406,25000000.000
3793,2078,14.648438,25000000.000
3794,2068,9.765625,25000000.000
3795,2066,8.789062,25000000.000
3796,2046,-0.976562,25000000.000
3797,2032,-7.812500,25000000.000
3798,2023,-12.207031,25000000.000
3799,2021,-13.183594,25000000.000
3800,2002,-22.460938,25000000.000
3801,1992,-27.343750,25000000.000
3802,1986,-30.273438,25000000.000
3803,1983,-31.738281,25000000.000
3804,1976,-35.156250,25000000.000
3805,1974,-36.132812,25000000.000
3806,1974,-36.132812,25000000.000
3807,1973,-36.621094,25000000.000
3808,1978,-34.179688,25000000.000
3809,1983,-31.738281,25000000.000
3810,1989,-28.808594,25000000.000
3811,1989,-28.808594,25000000.000
3812,2001,-22.949219,25000000.000
3813,2010,-18.554688,25000000.000
3814,2024,-11.718750,25000000.000
3815,2023,-12.207031,25000000.000
3816,2044,-1.953125,25000000.000
3817,2055,3.417969,25000000.000
3818,2068,9.765625,25000000.000
3819,2068,9.765625,25000000.000
3820,2089,20.019531,25000000.000
3821,2099,24.902344,25000000.000
3822,2107,28.808594,25000000.000
3823,2107,28.808594,25000000.000
3824,2117,33.691406,25000000.000
3825,2121,35.644531,25000000.000
3826,2120,35.156250,25000000.000
3827,2121,35.644531,25000000.000
3828,2118,34.179688,25000000.000
3829,2114,32.226562,25000000.000
3830,2108,29.296875,25000000.000
3831,2109,29.785156,25000000.000
3832,2095,22.949219,25000000.000
3833,2084,17.578125,25000000.000
3834,2076,13.671875,25000000.000
3835,2075,13.183594,25000000.000
3836,2054,2.929688,25000000.000
3837,2043,-2.441406,25000000.000
3838,2030,-8.789062,25000000.000
3839,2029,-9.277344,25000000.000
3840,2008,-19.531250,25000000.000
3841,2000,-23.437500,25000000.000
3842,1989,-28.808594,25000000.000
3843,1990,-28.320312,25000000.000
3844,1977,-34.667969,25000000.000
3845,1974,-36.132812,25000000.000
3846,1973,-36.621094,25000000.000
3847,1976,-35.156250,25000000.000
3848,1974,-36.132812,25000000.000
3849,1978,-34.179688,25000000.000
3850,1984,-31.250000,25000000.000
3851,1983,-31.738281,25000000.000
3852,1995,-25.878906,25000000.000
3853,2003,-21.972656,25000000.000
3854,2011,-18.066406,25000000.000
3855,2011,-18.066406,25000000.000
3856,2034,-6.835938,25000000.000
3857,2046,-0.976562,25000000.000
3858,2054,2.929688,25000000.000
3859,2058,4.882812,25000000.000
3860,2079,15.136719,25000000.000
3861,2090,20.507812,25000000.000
3862,2100,25.390625,25000000.000
3863,2100,25.390625,25000000.000
3864,2114,32.226562,25000000.000
3865,2116,33.203125,25000000.000
3866,2121,35.644531,25000000.000
3867,2118,34.179688,25000000.000
3868,2120,35.156250,25000000.000
3869,2117,33.691406,25000000.000
3870,2112,31.250000,25000000.000
3871,2110,30.273438,25000000.000
3872,2099,24.902344,25000000.000
3873,2094,22.460938,25000000.000
3874,2081,16.113281,25000000.000
3875,2082,16.601562,25000000.000
3876,2063,7.324219,25000000.000
3877,2054,2.929688,25000000.000
3878,2042,-2.929688,25000000.000
3879,2041,-3.417969,25000000.000
3880,2020,-13.671875,25000000.000
3881,2007,-20.019531,25000000.000
3882,1999,-23.925781,25000000.000
3883,1998,-24.414062,25000000.000
3884,1985,-30.761719,25000000.000
3885,1977,-34.667969,25000000.000
3886,1973,-36.621094,25000000.000
3887,1973,-36.621094,25000000.000
3888,1973,-36.621094,25000000.000
3889,1976,-35.156250,25000000.000
3890,1977,-34.667969,25000000.000
3891,1980,-33.203125,25000000.000
3892,1989,-28.808594,25000000.000
3893,1996,-25.390625,25000000.000
3894,2005,-20.996094,25000000.000
3895,2005,-20.996094,25000000.000
3896,2024,-11.718750,25000000.000
3897,2034,-6.835938,25000000.000
3898,2047,-0.488281,25000000.000
3899,2049,0.488281,25000000.000
3900,2070,10.742188,25000000.000
3901,2079,15.136719,25000000.000
3902,2092,21.484375,25000000.000
3903,2091,20.996094,25000000.000
3904,2108,29.296875,25000000.000
3905,2113,31.738281,25000000.000
3906,2118,34.179688,25000000.000
3907,2117,33.691406,25000000.000
3908,2119,34.667969,25000000.000
3909,2120,35.156250,25000000.000
3910,2116,33.203125,25000000.000
3911,2116,33.203125,25000000.000
3912,2110,30.273438,25000000.000
3913,2102,26.367188,25000000.000
3914,2093,21.972656,25000000.000
3915,2095,22.949219,25000000.000
3916,2069,10.253906,25000000.000
3917,2062,6.835938,25000000.000
3918,2054,2.929688,25000000.000
3919,2049,0.488281,25000000.000
3920,2026,-10.742188,25000000.000
3921,2018,-14.648438,25000000.000
3922,2004,-21.484375,25000000.000
3923,2003,-21.972656,25000000.000
3924,1987,-29.785156,25000000.000
3925,1983,-31.738281,25000000.000
3926,1976,-35.156250,25000000.000
3927,1977,-34.667969,25000000.000
3928,1975,-35.644531,25000000.000
3929,1973,-36.621094,25000000.000
3930,1975,-35.644531,25000000.000
3931,1976,-35.156250,25000000.000
3932,1986,-30.273438,25000000.000
3933,1992,-27.343750,25000000.000
3934,1999,-23.925781,25000000.000
3935,1998,-24.414062,25000000.000
3936,2016,-15.625000,25000000.000
3937,2027,-10.253906,25000000.000
3938,2037,-5.371094,25000000.000
3939,2037,-5.371094,25000000.000
3940,2060,5.859375,25000000.000
3941,2073,12.207031,25000000.000
3942,2083,17.089844,25000000.000
3943,2082,16.601562,25000000.000
3944,2102,26.367188,25000000.000
3945,2111,30.761719,25000000.000
3946,2114,32.226562,25000000.000
3947,2117,33.691406,25000000.000
3948,2122,36.132812,25000000.000
3949,2119,34.667969,25000000.000
3950,2121,35.644531,25000000.000
3951,2118,34.179688,25000000.000
3952,2111,30.761719,25000000.000
3953,2105,27.832031,25000000.000
3954,2100,25.390625,25000000.000
3955,2096,23.437500,25000000.000
3956,2081,16.113281,25000000.000
3957,2077,14.160156,25000000.000
3958,2059,5.371094,25000000.000
3959,2060,5.859375,25000000.000
3960,2038,-4.882812,25000000.000
3961,2027,-10.253906,25000000.000
3962,2016,-15.625000,25000000.000
3963,2016,-15.625000,25000000.000
3964,1997,-24.902344,25000000.000
3965,1988,-29.296875,25000000.000
3966,1983,-31.738281,25000000.000
3967,1980,-33.203125,25000000.000
3968,1976,-35.156250,25000000.000
3969,1972,-37.109375,25000000.000
3970,1974,-36.132812,25000000.000
3971,1975,-35.644531,25000000.000
3972,1980,-33.203125,25000000.000
3973,1986,-30.273438,25000000.000
3974,1991,-27.832031,25000000.000
3975,1993,-26.855469,25000000.000
3976,2007,-20.019531,25000000.000
3977,2018,-14.648438,25000000.000
3978,2027,-10.253906,25000000.000
3979,2029,-9.277344,25000000.000
3980,2051,1.464844,25000000.000
3981,2062,6.835938,25000000.000
3982,2074,12.695312,25000000.000
3983,2075,13.183594,25000000.000
3984,2094,22.460938,25000000.000
3985,2104,27.343750,25000000.000
3986,2111,30.761719,25000000.000
3987,2110,30.273438,25000000.000
3988,2119,34.667969,25000000.000
3989,2123,36.621094,25000000.000
3990,2120,35.156250,25000000.000
3991,2120,35.156250,25000000.000
3992,2115,32.714844,25000000.000
3993,2112,31.250000,25000000.000
3994,2105,27.832031,25000000.000
3995,2106,28.320312,25000000.000
3996,2089,20.019531,25000000.000
3997,2078,14.648438,25000000.000
3998,2070,10.742188,25000000.000
3999,2069,10.253906,25000000.000
4000,2050,0.976562,25000000.000
4001,2035,-6.347656,25000000.000
4002,2024,-11.718750,25000000.000
4003,2020,-13.671875,25000000.000
4004,2002,-22.460938,25000000.000
4005,1993,-26.855469,25000000.000
4006,1986,-30.273438,25000000.000
4007,1985,-30.761719,25000000.000
4008,1974,-36.132812,25000000.000
4009,1974,-36.132812,25000000.000
4010,1974,-36.132812,25000000.000
4011,1973,-36.621094,25000000.000
4012,1979,-33.691406,25000000.000
4013,1982,-32.226562,25000000.000
4014,1987,-29.785156,25000000.000
4015,1989,-28.808594,25000000.000
4016,2002,-22.460938,25000000.000
4017,2009,-19.042969,25000000.000
4018,2020,-13.671875,25000000.000
4019,2019,-14.160156,25000000.000
4020,2041,-3.417969,25000000.000
4021,2054,2.929688,25000000.000
4022,2066,8.789062,25000000.000
4023,2065,8.300781,25000000.000
4024,2085,18.066406,25000000.000
4025,2098,24.414062,25000000.000
4026,2103,26.855469,25000000.000
4027,2107,28.808594,25000000.000
4028,2117,33.691406,25000000.000
4029,2120,35.156250,25000000.000
4030,2120,35.156250,25000000.000
4031,2120,35.156250,25000000.000
4032,2118,34.179688,25000000.000
4033,2113,31.738281,25000000.000
4034,2110,30.273438,25000000.000
4035,2106,28.320312,25000000.000
4036,2096,23.437500,25000000.000
4037,2087,19.042969,25000000.000
4038,2078,14.648438,25000000.000
4039,2076,13.671875,25000000.000
4040,2056,3.906250,25000000.000
4041,2047,-0.488281,25000000.000
4042,2034,-6.835938,25000000.000
4043,2033,-7.324219,25000000.000
4044,2011,-18.066406,25000000.000
4045,2001,-22.949219,25000000.000
4046,1992,-27.343750,25000000.000
4047,1994,-26.367188,25000000.000
4048,1979,-33.691406,25000000.000
4049,1974,-36.132812,25000000.000
4050,1975,-35.644531,25000000.000
4051,1971,-37.597656,25000000.000
4052,1980,-33.203125,25000000.000
4053,1972,-37.109375,25000000.000
4054,1993,-26.855469,25000000.000
4055,1984,-31.250000,25000000.000
4056,1995,-25.878906,25000000.000
4057,1999,-23.925781,25000000.000
4058,2007,-20.019531,25000000.000
4059,2013,-17.089844,25000000.000
4060,2030,-8.789062,25000000.000
4061,2042,-2.929688,25000000.000
4062,2052,1.953125,25000000.000
4063,2056,3.906250,25000000.000
4064,2077,14.160156,25000000.000
4065,2086,18.554688,25000000.000
4066,2098,24.414062,25000000.000
4067,2097,23.925781,25000000.000
4068,2113,31.738281,25000000.000
4069,2116,33.203125,25000000.000
4070,2118,34.179688,25000000.000
4071,2118,34.179688,25000000.000
4072,2119,34.667969,25000000.000
4073,2119,34.667969,25000000.000
4074,2113,31.738281,25000000.000
4075,2113,31.738281,25000000.000
4076,2100,25.390625,25000000.000
4077,2094,22.460938,25000000.000
4078,2086,18.554688,25000000.000
4079,2085,18.066406,25000000.000
4080,2066,8.789062,25000000.000
4081,2055,3.417969,25000000.000
4082,2041,-3.417969,25000000.000
4083,2041,-3.417969,25000000.000
4084,2025,-11.230469,25000000.000
4085,2004,-21.484375,25000000.000
4086,2000,-23.437500,25000000.000
4087,1996,-25.390625,25000000.000
4088,1982,-32.226562,25000000.000
4089,1979,-33.691406,25000000.000
4090,1973,-36.621094,25000000.000
4091,1975,-35.644531,25000000.000
4092,1972,-37.109375,25000000.000
4093,1975,-35.644531,25000000.000
4094,1979,-33.691406,25000000.000
4095,1980,-33.203125,25000000.000
4096,1988,-29.296875,25000000.000
4097,1993,-26.855469,25000000.000
4098,2001,-22.949219,25000000.000
4099,2002,-22.460938,25000000.000
4100,2020,-13.671875,25000000.000
4101,2034,-6.835938,25000000.000
4102,2044,-1.953125,25000000.000
4103,2045,-1.464844,25000000.000
4104,2065,8.300781,25000000.000
4105,2079,15.136719,25000000.000
4106,2088,19.531250,25000000.000
4107,2091,20.996094,25000000.000
4108,2104,27.343750,25000000.000
4109,2114,32.226562,25000000.000
4110,2117,33.691406,25000000.000
4111,2120,35.156250,25000000.000
4112,2122,36.132812,25000000.000
4113,2120,35.156250,25000000.000
4114,2117,33.691406,25000000.000
4115,2117,33.691406,25000000.000
4116,2109,29.785156,25000000.000
4117,2100,25.390625,25000000.000
4118,2093,21.972656,25000000.000
4119,2092,21.484375,25000000.000
4120,2074,12.695312,25000000.000
4121,2065,8.300781,25000000.000
4122,2053,2.441406,25000000.000
4123,2053,2.441406,25000000.000
4124,2030,-8.789062,25000000.000
4125,2019,-14.160156,25000000.000
4126,2008,-19.531250,25000000.000
4127,2009,-19.042969,25000000.000
4128,1991,-27.832031,25000000.000
4129,1983,-31.738281,25000000.000
4130,1980,-33.203125,25000000.000
4131,1980,-33.203125,25000000.000
4132,1975,-35.644531,25000000.000
4133,1974,-36.132812,25000000.000
4134,1976,-35.156250,25000000.000
4135,1975,-35.644531,25000000.000
4136,1983,-31.738281,25000000.000
4137,1989,-28.808594,25000000.000
4138,1995,-25.878906,25000000.000
4139,1998,-24.414062,25000000.000
4140,2014,-16.601562,25000000.000
4141,2024,-11.718750,25000000.000
4142,2031,-8.300781,25000000.000
4143,2033,-7.324219,25000000.000
4144,2058,4.882812,25000000.000
4145,2068,9.765625,25000000.000
4146,2080,15.625000,25000000.000
4147,2082,16.601562,25000000.000
4148,2101,25.878906,25000000.000
4149,2105,27.832031,25000000.000
4150,2114,32.226562,25000000.000
4151,2114,32.226562,25000000.000
4152,2119,34.667969,25000000.000
4153,2121,35.644531,25000000.000
4154,2119,34.667969,25000000.000
4155,2118,34.179688,25000000.000
4156,2111,30.761719,25000000.000
4157,2109,29.785156,25000000.000
4158,2099,24.902344,25000000.000
4159,2100,25.390625,25000000.000
4160,2082,16.601562,25000000.000
4161,2075,13.183594,25000000.000
4162,2065,8.300781,25000000.000
4163,2063,7.324219,25000000.000
4164,2041,-3.417969,25000000.000
4165,2029,-9.277344,25000000.000
4166,2018,-14.648438,25000000.000
4167,2017,-15.136719,25000000.000
4168,1999,-23.925781,25000000.000
4169,1988,-29.296875,25000000.000
4170,1981,-32.714844,25000000.000
4171,1981,-32.714844,25000000.000
4172,1976,-35.156250,25000000.000
4173,1975,-35.644531,25000000.000
4174,1972,-37.109375,25000000.000
4175,1974,-36.132812,25000000.000
4176,1979,-33.691406,25000000.000
4177,1985,-30.761719,25000000.000
4178,1991,-27.832031,25000000.000
4179,1993,-26.855469,25000000.000
4180,2006,-20.507812,25000000.000
4181,2014,-16.601562,25000000.000
4182,2026,-10.742188,25000000.000
4183,2025,-11.230469,25000000.000
4184,2050,0.976562,25000000.000
4185,2060,5.859375,25000000.000
4186,2071,11.230469,25000000.000
4187,2071,11.230469,25000000.000
4188,2092,21.484375,25000000.000
4189,2103,26.855469,25000000.000
4190,2110,30.273438,25000000.000
4191,2112,31.250000,25000000.000
4192,2117,33.691406,25000000.000
4193,2121,35.644531,25000000.000
4194,2123,36.621094,25000000.000
4195,2122,36.132812,25000000.000
4196,2117,33.691406,25000000.000
4197,2111,30.761719,25000000.000
4198,2107,28.808594,25000000.000
4199,2105,27.832031,25000000.000
4200,2092,21.484375,25000000.000
4201,2081,16.113281,25000000.000
4202,2071,11.230469,25000000.000
4203,2070,10.742188,25000000.000
4204,2049,0.488281,25000000.000
4205,2038,-4.882812,25000000.000
4206,2026,-10.742188,25000000.000
4207,2026,-10.742188,25000000.000
4208,2004,-21.484375,25000000.000
4209,1993,-26.855469,25000000.000
4210,1986,-30.273438,25000000.000
4211,1988,-29.296875,25000000.000
4212,1977,-34.667969,25000000.000
4213,1974,-36.132812,25000000.000
4214,1975,-35.644531,25000000.000
4215,1975,-35.644531,25000000.000
4216,1978,-34.179688,25000000.000
4217,1978,-34.179688,25000000.000
4218,1985,-30.761719,25000000.000
4219,1985,-30.761719,25000000.000
4220,1997,-24.902344,25000000.000
4221,2007,-20.019531,25000000.000
4222,2017,-15.136719,25000000.000
4223,2019,-14.160156,25000000.000
4224,2036,-5.859375,25000000.000
4225,2050,0.976562,25000000.000
4226,2060,5.859375,25000000.000
4227,2063,7.324219,25000000.000
4228,2083,17.089844,25000000.000
4229,2093,21.972656,25000000.000
4230,2104,27.343750,25000000.000
4231,2103,26.855469,25000000.000
4232,2116,33.203125,25000000.000
4233,2117,33.691406,25000000.000
4234,2120,35.156250,25000000.000
4235,2120,35.156250,25000000.000
4236,2117,33.691406,25000000.000
4237,2115,32.714844,25000000.000
4238,2110,30.273438,25000000.000
4239,2110,30.273438,25000000.000
4240,2096,23.437500,25000000.000
4241,2090,20.507812,25000000.000
4242,2080,15.625000,25000000.000
4243,2079,15.136719,25000000.000
4244,2061,6.347656,25000000.000
4245,2048,0.000000,25000000.000
4246,2038,-4.882812,25000000.000
4247,2037,-5.371094,25000000.000
4248,2015,-16.113281,25000000.000
4249,2003,-21.972656,25000000.000
4250,1992,-27.343750,25000000.000
4251,1990,-28.320312,25000000.000
4252,1981,-32.714844,25000000.000
4253,1976,-35.156250,25000000.000
4254,1973,-36.621094,25000000.000
4255,1972,-37.109375,25000000.000
4256,1974,-36.132812,25000000.000
4257,1978,-34.179688,25000000.000
4258,1979,-33.691406,25000000.000
4259,1982,-32.226562,25000000.000
4260,1993,-26.855469,25000000.000
4261,1998,-24.414062,25000000.000
4262,2007,-20.019531,25000000.000
4263,2009,-19.042969,25000000.000
4264,2027,-10.253906,25000000.000
4265,2036,-5.859375,25000000.000
4266,2051,1.464844,25000000.000
4267,2051,1.464844,25000000.000
4268,2074,12.695312,25000000.000
4269,2085,18.066406,25000000.000
4270,2094,22.460938,25000000.000
4271,2094,22.460938,25000000.000
4272,2110,30.273438,25000000.000
4273,2117,33.691406,25000000.000
4274,2118,34.179688,25000000.000
4275,2119,34.667969,25000000.000
4276,2120,35.156250,25000000.000
4277,2117,33.691406,25000000.000
4278,2115,32.714844,25000000.000
4279,2114,32.226562,25000000.000
4280,2105,27.832031,25000000.000
4281,2097,23.925781,25000000.000
4282,2089,20.019531,25000000.000
4283,2087,19.042969,25000000.000
4284,2068,9.765625,25000000.000
4285,2059,5.371094,25000000.000
4286,2047,-0.488281,25000000.000
4287,2044,-1.953125,25000000.000
4288,2022,-12.695312,25000000.000
4289,2013,-17.089844,25000000.000
4290,2002,-22.460938,25000000.000
4291,2002,-22.460938,25000000.000
4292,1990,-28.320312,25000000.000
4293,1981,-32.714844,25000000.000
4294,1974,-36.132812,25000000.000
4295,1975,-35.644531,25000000.000
4296,1974,-36.132812,25000000.000
4297,1974,-36.132812,25000000.000
4298,1977,-34.667969,25000000.000
4299,1977,-34.667969,25000000.000
4300,1986,-30.273438,25000000.000
4301,1993,-26.855469,25000000.000
4302,2000,-23.437500,25000000.000
4303,2000,-23.437500,25000000.000
4304,2019,-14.160156,25000000.000
4305,2031,-8.300781,25000000.000
4306,2042,-2.929688,25000000.000
4307,2044,-1.953125,25000000.000
4308,2064,7.812500,25000000.000
4309,2077,14.160156,25000000.000
4310,2087,19.042969,25000000.000
4311,2090,20.507812,25000000.000
4312,2106,28.320312,25000000.000
4313,2112,31.250000,25000000.000
4314,2118,34.179688,25000000.000
4315,2117,33.691406,25000000.000
4316,2121,35.644531,25000000.000
4317,2120,35.156250,25000000.000
4318,2118,34.179688,25000000.000
4319,2117,33.691406,25000000.000
4320,2109,29.785156,25000000.000
4321,2104,27.343750,25000000.000
4322,2096,23.437500,25000000.000
4323,2094,22.460938,25000000.000
4324,2076,13.671875,25000000.000
4325,2068,9.765625,25000000.000
4326,2057,4.394531,25000000.000
4327,2056,3.906250,25000000.000
4328,2034,-6.835938,25000000.000
4329,2022,-12.695312,25000000.000
4330,2012,-17.578125,25000000.000
4331,2009,-19.042969,25000000.000
4332,1993,-26.855469,25000000.000
4333,1982,-32.226562,25000000.000
4334,1980,-33.203125,25000000.000
4335,1976,-35.156250,25000000.000
4336,1976,-35.156250,25000000.000
4337,1959,-43.457031,25000000.000
4338,1973,-36.621094,25000000.000
4339,1972,-37.109375,25000000.000
4340,2005,-20.996094,25000000.000
4341,1961,-42.480469,25000000.000
4342,1986,-30.273438,25000000.000
4343,1991,-27.832031,25000000.000
4344,2012,-17.578125,25000000.000
4345,2026,-10.742188,25000000.000
4346,2029,-9.277344,25000000.000
4347,2033,-7.324219,25000000.000
4348,2057,4.394531,25000000.000
4349,2066,8.789062,25000000.000
4350,2078,14.648438,25000000.000
4351,2078,14.648438,25000000.000
4352,2097,23.925781,25000000.000
4353,2107,28.808594,25000000.000
4354,2112,31.250000,25000000.000
4355,2111,30.761719,25000000.000
4356,2120,35.156250,25000000.000
4357,2120,35.156250,25000000.000
4358,2119,34.667969,25000000.000
4359,2120,35.156250,25000000.000
4360,2114,32.226562,25000000.000
4361,2110,30.273438,25000000.000
4362,2106,28.320312,25000000.000
4363,2105,27.832031,25000000.000
4364,2087,19.042969,25000000.000
4365,2078,14.648438,25000000.000
4366,2062,6.835938,25000000.000
4367,2059,5.371094,25000000.000
4368,2046,-0.976562,25000000.000
4369,2031,-8.300781,25000000.000
4370,2020,-13.671875,25000000.000
4371,2019,-14.160156,25000000.000
4372,2000,-23.437500,25000000.000
4373,1992,-27.343750,25000000.000
4374,1982,-32.226562,25000000.000
4375,1984,-31.250000,25000000.000
4376,1979,-33.691406,25000000.000
4377,1975,-35.644531,25000000.000
4378,1973,-36.621094,25000000.000
4379,1974,-36.132812,25000000.000
4380,1978,-34.179688,25000000.000
4381,1983,-31.738281,25000000.000
4382,1988,-29.296875,25000000.000
4383,1990,-28.320312,25000000.000
4384,2002,-22.460938,25000000.000
4385,2012,-17.578125,25000000.000
4386,2021,-13.183594,25000000.000
4387,2022,-12.695312,25000000.000
4388,2045,-1.464844,25000000.000
4389,2057,4.394531,25000000.000
4390,2067,9.277344,25000000.000
4391,2071,11.230469,25000000.000
4392,2088,19.531250,25000000.000
4393,2108,29.296875,25000000.000
4394,2111,30.761719,25000000.000
4395,2110,30.273438,25000000.000
4396,2116,33.203125,25000000.000
4397,2108,29.296875,25000000.000
4398,2110,30.273438,25000000.000
4399,2111,30.761719,25000000.000
4400,2131,40.527344,25000000.000
4401,2104,27.343750,25000000.000
4402,2111,30.761719,25000000.000
4403,2103,26.855469,25000000.000
4404,2096,23.437500,25000000.000
4405,2082,16.601562,25000000.000
4406,2072,11.718750,25000000.000
4407,2073,12.207031,25000000.000
4408,2052,1.953125,25000000.000
4409,2042,-2.929688,25000000.000
4410,2031,-8.300781,25000000.000
4411,2029,-9.277344,25000000.000
4412,2007,-20.019531,25000000.000
4413,1998,-24.414062,25000000.000
4414,1990,-28.320312,25000000.000
4415,1989,-28.808594,25000000.000
4416,1981,-32.714844,25000000.000
4417,1973,-36.621094,25000000.000
4418,1969,-38.574219,25000000.000
4419,1970,-38.085938,25000000.000
4420,1974,-36.132812,25000000.000
4421,1977,-34.667969,25000000.000
4422,1983,-31.738281,25000000.000
4423,1983,-31.738281,25000000.000
4424,1992,-27.343750,25000000.000
4425,2003,-21.972656,25000000.000
4426,2014,-16.601562,25000000.000
4427,2015,-16.113281,25000000.000
4428,2033,-7.324219,25000000.000
4429,2046,-0.976562,25000000.000
4430,2058,4.882812,25000000.000
4431,2059,5.371094,25000000.000
4432,2082,16.601562,25000000.000
4433,2090,20.507812,25000000.000
4434,2102,26.367188,25000000.000
4435,2101,25.878906,25000000.000
4436,2115,32.714844,25000000.000
4437,2119,34.667969,25000000.000
4438,2119,34.667969,25000000.000
4439,2119,34.667969,25000000.000
4440,2120,35.156250,25000000.000
4441,2117,33.691406,25000000.000
4442,2112,31.250000,25000000.000
4443,2108,29.296875,25000000.000
4444,2102,26.367188,25000000.000
4445,2085,18.066406,25000000.000
4446,2080,15.625000,25000000.000
4447,2081,16.113281,25000000.000
4448,2064,7.812500,25000000.000
4449,2050,0.976562,25000000.000
4450,2040,-3.906250,25000000.000
4451,2038,-4.882812,25000000.000
4452,2016,-15.625000,25000000.000
4453,2005,-20.996094,25000000.000
4454,1998,-24.414062,25000000.000
4455,1996,-25.390625,25000000.000
4456,1982,-32.226562,25000000.000
4457,1979,-33.691406,25000000.000
4458,1976,-35.156250,25000000.000
4459,1976,-35.156250,25000000.000
4460,1971,-37.597656,25000000.000
4461,1974,-36.132812,25000000.000
4462,1980,-33.203125,25000000.000
4463,1983,-31.738281,25000000.000
4464,1990,-28.320312,25000000.000
4465,1998,-24.414062,25000000.000
4466,2006,-20.507812,25000000.000
4467,2006,-20.507812,25000000.000
4468,2025,-11.230469,25000000.000
4469,2037,-5.371094,25000000.000
4470,2048,0.000000,25000000.000
4471,2047,-0.488281,25000000.000
4472,2071,11.230469,25000000.000
4473,2083,17.089844,25000000.000
4474,2092,21.484375,25000000.000
4475,2095,22.949219,25000000.000
4476,2110,30.273438,25000000.000
4477,2112,31.250000,25000000.000
4478,2119,34.667969,25000000.000
4479,2120,35.156250,25000000.000
4480,2121,35.644531,25000000.000
4481,2118,34.179688,25000000.000
4482,2116,33.203125,25000000.000
4483,2115,32.714844,25000000.000
4484,2105,27.832031,25000000.000
4485,2098,24.414062,25000000.000
4486,2090,20.507812,25000000.000
4487,2088,19.531250,25000000.000
4488,2070,10.742188,25000000.000
4489,2062,6.835938,25000000.000
4490,2050,0.976562,25000000.000
4491,2049,0.488281,25000000.000
4492,2027,-10.253906,25000000.000
4493,2016,-15.625000,25000000.000
4494,2006,-20.507812,25000000.000
4495,2004,-21.484375,25000000.000
4496,1989,-28.808594,25000000.000
4497,1980,-33.203125,25000000.000
4498,1978,-34.179688,25000000.000
4499,1976,-35.156250,25000000.000
4500,1974,-36.132812,25000000.000
4501,1974,-36.132812,25000000.000
4502,1976,-35.156250,25000000.000
4503,1975,-35.644531,25000000.000
4504,1983,-31.738281,25000000.000
4505,1991,-27.832031,25000000.000
4506,1998,-24.414062,25000000.000
4507,1999,-23.925781,25000000.000
4508,2015,-16.113281,25000000.000
4509,2027,-10.253906,25000000.000
4510,2038,-4.882812,25000000.000
4511,2041,-3.417969,25000000.000
4512,2063,7.324219,25000000.000
4513,2074,12.695312,25000000.000
4514,2085,18.066406,25000000.000
4515,2085,18.066406,25000000.000
4516,2103,26.855469,25000000.000
4517,2111,30.761719,25000000.000
4518,2115,32.714844,25000000.000
4519,2115,32.714844,25000000.000
4520,2120,35.156250,25000000.000
4521,2123,36.621094,25000000.000
4522,2120,35.156250,25000000.000
4523,2118,34.179688,25000000.000
4524,2109,29.785156,25000000.000
4525,2105,27.832031,25000000.000
4526,2098,24.414062,25000000.000
4527,2099,24.902344,25000000.000
4528,2081,16.113281,25000000.000
4529,2070,10.742188,25000000.000
4530,2059,5.371094,25000000.000
4531,2058,4.882812,25000000.000
4532,2038,-4.882812,25000000.000
4533,2025,-11.230469,25000000.000
4534,2015,-16.113281,25000000.000
4535,2014,-16.601562,25000000.000
4536,1994,-26.367188,25000000.000
4537,1988,-29.296875,25000000.000
4538,1981,-32.714844,25000000.000
4539,1982,-32.226562,25000000.000
4540,1972,-37.109375,25000000.000
4541,1975,-35.644531,25000000.000
4542,1977,-34.667969,25000000.000
4543,1978,-34.179688,25000000.000
4544,1985,-30.761719,25000000.000
4545,1987,-29.785156,25000000.000
4546,1994,-26.367188,25000000.000
4547,1995,-25.878906,25000000.000
4548,2009,-19.042969,25000000.000
4549,2017,-15.136719,25000000.000
4550,2028,-9.765625,25000000.000
4551,2031,-8.300781,25000000.000
4552,2052,1.953125,25000000.000
4553,2065,8.300781,25000000.000
4554,2075,13.183594,25000000.000
4555,2076,13.671875,25000000.000
4556,2100,25.390625,25000000.000
4557,2110,30.273438,25000000.000
4558,2104,27.343750,25000000.000
4559,2116,33.203125,25000000.000
4560,2107,28.808594,25000000.000
4561,2120,35.156250,25000000.000
4562,2122,36.132812,25000000.000
4563,2122,36.132812,25000000.000
4564,2116,33.203125,25000000.000
4565,2108,29.296875,25000000.000
4566,2103,26.855469,25000000.000
4567,2101,25.878906,25000000.000
4568,2088,19.531250,25000000.000
4569,2079,15.136719,25000000.000
4570,2068,9.765625,25000000.000
4571,2067,9.277344,25000000.000
4572,2048,0.000000,25000000.000
4573,2036,-5.859375,25000000.000
4574,2022,-12.695312,25000000.000
4575,2022,-12.695312,25000000.000
4576,2003,-21.972656,25000000.000
4577,1992,-27.343750,25000000.000
4578,1988,-29.296875,25000000.000
4579,1985,-30.761719,25000000.000
4580,1978,-34.179688,25000000.000
4581,1974,-36.132812,25000000.000
4582,1975,-35.644531,25000000.000
4583,1975,-35.644531,25000000.000
4584,1978,-34.179688,25000000.000
4585,1982,-32.226562,25000000.000
4586,1986,-30.273438,25000000.000
4587,1985,-30.761719,25000000.000
4588,2002,-22.460938,25000000.000
4589,2011,-18.066406,25000000.000
4590,2019,-14.160156,25000000.000
4591,2021,-13.183594,25000000.000
4592,2041,-3.417969,25000000.000
4593,2053,2.441406,25000000.000
4594,2065,8.300781,25000000.000
4595,2067,9.277344,25000000.000
4596,2089,20.019531,25000000.000
4597,2097,23.925781,25000000.000
4598,2106,28.320312,25000000.000
4599,2104,27.343750,25000000.000
4600,2116,33.203125,25000000.000
4601,2116,33.203125,25000000.000
4602,2119,34.667969,25000000.000
4603,2116,33.203125,25000000.000
4604,2117,33.691406,25000000.000
4605,2114,32.226562,25000000.000
4606,2106,28.320312,25000000.000
4607,2107,28.808594,25000000.000
4608,2095,22.949219,25000000.000
4609,2086,18.554688,25000000.000
4610,2077,14.160156,25000000.000
4611,2077,14.160156,25000000.000
4612,2057,4.394531,25000000.000
4613,2044,-1.953125,25000000.000
4614,2033,-7.324219,25000000.000
4615,2031,-8.300781,25000000.000
4616,2011,-18.066406,25000000.000
4617,2002,-22.460938,25000000.000
4618,1991,-27.832031,25000000.000
4619,1990,-28.320312,25000000.000
4620,1978,-34.179688,25000000.000
4621,1977,-34.667969,25000000.000
4622,1972,-37.109375,25000000.000
4623,1973,-36.621094,25000000.000
4624,1974,-36.132812,25000000.000
4625,1978,-34.179688,25000000.000
4626,1983,-31.738281,25000000.000
4627,1984,-31.250000,25000000.000
4628,1995,-25.878906,25000000.000
4629,2003,-21.972656,25000000.000
4630,2012,-17.578125,25000000.000
4631,2012,-17.578125,25000000.000
4632,2031,-8.300781,25000000.000
4633,2042,-2.929688,25000000.000
4634,2054,2.929688,25000000.000
4635,2055,3.417969,25000000.000
4636,2077,14.160156,25000000.000
4637,2088,19.531250,25000000.000
4638,2097,23.925781,25000000.000
4639,2098,24.414062,25000000.000
4640,2112,31.250000,25000000.000
4641,2117,33.691406,25000000.000
4642,2120,35.156250,25000000.000
4643,2121,35.644531,25000000.000
4644,2121,35.644531,25000000.000
4645,2115,32.714844,25000000.000
4646,2114,32.226562,25000000.000
4647,2112,31.250000,25000000.000
4648,2102,26.367188,25000000.000
4649,2093,21.972656,25000000.000
4650,2083,17.089844,25000000.000
4651,2083,17.089844,25000000.000
4652,2063,7.324219,25000000.000
4653,2054,2.929688,25000000.000
4654,2039,-4.394531,25000000.000
4655,2040,-3.906250,25000000.000
4656,2019,-14.160156,25000000.000
4657,2010,-18.554688,25000000.000
4658,1998,-24.414062,25000000.000
4659,1999,-23.925781,25000000.000
4660,1984,-31.250000,25000000.000
4661,1979,-33.691406,25000000.000
4662,1975,-35.644531,25000000.000
4663,1973,-36.621094,25000000.000
4664,1975,-35.644531,25000000.000
4665,1973,-36.621094,25000000.000
4666,1978,-34.179688,25000000.000
4667,1979,-33.691406,25000000.000
4668,1989,-28.808594,25000000.000
4669,1995,-25.878906,25000000.000
4670,2002,-22.460938,25000000.000
4671,2001,-22.949219,25000000.000
4672,2022,-12.695312,25000000.000
4673,2034,-6.835938,25000000.000
4674,2044,-1.953125,25000000.000
4675,2046,-0.976562,25000000.000
4676,2068,9.765625,25000000.000
4677,2079,15.136719,25000000.000
4678,2090,20.507812,25000000.000
4679,2090,20.507812,25000000.000
4680,2108,29.296875,25000000.000
4681,2111,30.761719,25000000.000
4682,2119,34.667969,25000000.000
4683,2117,33.691406,25000000.000
4684,2120,35.156250,25000000.000
4685,2121,35.644531,25000000.000
4686,2115,32.714844,25000000.000
4687,2117,33.691406,25000000.000
4688,2104,27.343750,25000000.000
4689,2106,28.320312,25000000.000
4690,2089,20.019531,25000000.000
4691,2092,21.484375,25000000.000
4692,2077,14.160156,25000000.000
4693,2065,8.300781,25000000.000
4694,2063,7.324219,25000000.000
4695,2060,5.859375,25000000.000
4696,2027,-10.253906,25000000.000
4697,2024,-11.718750,25000000.000
4698,2003,-21.972656,25000000.000
4699,2004,-21.484375,25000000.000
4700,1986,-30.273438,25000000.000
4701,1986,-30.273438,25000000.000
4702,1978,-34.179688,25000000.000
4703,1977,-34.667969,25000000.000
4704,1974,-36.132812,25000000.000
4705,1975,-35.644531,25000000.000
4706,1974,-36.132812,25000000.000
4707,1976,-35.156250,25000000.000
4708,1983,-31.738281,25000000.000
4709,1989,-28.808594,25000000.000
4710,1996,-25.390625,25000000.000
4711,1998,-24.414062,25000000.000
4712,2017,-15.136719,25000000.000
4713,2025,-11.230469,25000000.000
4714,2037,-5.371094,25000000.000
4715,2038,-4.882812,25000000.000
4716,2058,4.882812,25000000.000
4717,2071,11.230469,25000000.000
4718,2081,16.113281,25000000.000
4719,2083,17.089844,25000000.000
4720,2100,25.390625,25000000.000
4721,2111,30.761719,25000000.000
4722,2113,31.738281,25000000.000
4723,2115,32.714844,25000000.000
4724,2120,35.156250,25000000.000
4725,2121,35.644531,25000000.000
4726,2120,35.156250,25000000.000
4727,2120,35.156250,25000000.000
4728,2114,32.226562,25000000.000
4729,2106,28.320312,25000000.000
4730,2101,25.878906,25000000.000
4731,2099,24.902344,25000000.000
4732,2083,17.089844,25000000.000
4733,2073,12.207031,25000000.000
4734,2062,6.835938,25000000.000
4735,2060,5.859375,25000000.000
4736,2039,-4.394531,25000000.000
4737,2029,-9.277344,25000000.000
4738,2014,-16.601562,25000000.000
4739,2015,-16.113281,25000000.000
4740,1996,-25.390625,25000000.000
4741,1989,-28.808594,25000000.000
4742,1982,-32.226562,25000000.000
4743,1982,-32.226562,25000000.000
4744,1973,-36.621094,25000000.000
4745,1967,-39.550781,25000000.000
4746,1974,-36.132812,25000000.000
4747,1995,-25.878906,25000000.000
4748,1980,-33.203125,25000000.000
4749,1992,-27.343750,25000000.000
4750,1987,-29.785156,25000000.000
4751,1993,-26.855469,25000000.000
4752,2004,-21.484375,25000000.000
4753,2020,-13.671875,25000000.000
4754,2024,-11.718750,25000000.000
4755,2027,-10.253906,25000000.000
4756,2048,0.000000,25000000.000
4757,2061,6.347656,25000000.000
4758,2072,11.718750,25000000.000
4759,2074,12.695312,25000000.000
4760,2093,21.972656,25000000.000
4761,2102,26.367188,25000000.000
4762,2111,30.761719,25000000.000
4763,2110,30.273438,25000000.000
4764,2120,35.156250,25000000.000
4765,2120,35.156250,25000000.000
4766,2122,36.132812,25000000.000
4767,2121,35.644531,25000000.000
4768,2115,32.714844,25000000.000
4769,2111,30.761719,25000000.000
4770,2104,27.343750,25000000.000
4771,2102,26.367188,25000000.000
4772,2088,19.531250,25000000.000
4773,2081,16.113281,25000000.000
4774,2071,11.230469,25000000.000
4775,2069,10.253906,25000000.000
4776,2049,0.488281,25000000.000
4777,2037,-5.371094,25000000.000
4778,2027,-10.253906,25000000.000
4779,2024,-11.718750,25000000.000
4780,2006,-20.507812,25000000.000
4781,1994,-26.367188,25000000.000
4782,1989,-28.808594,25000000.000
4783,1985,-30.761719,25000000.000
4784,1977,-34.667969,25000000.000
4785,1974,-36.132812,25000000.000
4786,1975,-35.644531,25000000.000
4787,1973,-36.621094,25000000.000
4788,1980,-33.203125,25000000.000
4789,1977,-34.667969,25000000.000
4790,2008,-19.531250,25000000.000
4791,1977,-34.667969,25000000.000
4792,2006,-20.507812,25000000.000
4793,2004,-21.484375,25000000.000
4794,2021,-13.183594,25000000.000
4795,2019,-14.160156,25000000.000
4796,2042,-2.929688,25000000.000
4797,2049,0.488281,25000000.000
4798,2063,7.324219,25000000.000
4799,2064,7.812500,25000000.000
4800,2084,17.578125,25000000.000
4801,2096,23.437500,25000000.000
4802,2102,26.367188,25000000.000
4803,2102,26.367188,25000000.000
4804,2115,32.714844,25000000.000
4805,2120,35.156250,25000000.000
4806,2120,35.156250,25000000.000
4807,2121,35.644531,25000000.000
4808,2119,34.667969,25000000.000
4809,2115,32.714844,25000000.000
4810,2110,30.273438,25000000.000
4811,2109,29.785156,25000000.000
4812,2097,23.925781,25000000.000
4813,2088,19.531250,25000000.000
4814,2080,15.625000,25000000.000
4815,2078,14.648438,25000000.000
4816,2058,4.882812,25000000.000
4817,2046,-0.976562,25000000.000
4818,2035,-6.347656,25000000.000
4819,2033,-7.324219,25000000.000
4820,2011,-18.066406,25000000.000
4821,2004,-21.484375,25000000.000
4822,1993,-26.855469,25000000.000
4823,1993,-26.855469,25000000.000
4824,1979,-33.691406,25000000.000
4825,1975,-35.644531,25000000.000
4826,1973,-36.621094,25000000.000
4827,1974,-36.132812,25000000.000
4828,1974,-36.132812,25000000.000
4829,1976,-35.156250,25000000.000
4830,1981,-32.714844,25000000.000
4831,1981,-32.714844,25000000.000
4832,1992,-27.343750,25000000.000
4833,1999,-23.925781,25000000.000
4834,2007,-20.019531,25000000.000
4835,2008,-19.531250,25000000.000
4836,2029,-9.277344,25000000.000
4837,2039,-4.394531,25000000.000
4838,2052,1.953125,25000000.000
4839,2054,2.929688,25000000.000
4840,2076,13.671875,25000000.000
4841,2086,18.554688,25000000.000
4842,2095,22.949219,25000000.000
4843,2098,24.414062,25000000.000
4844,2112,31.250000,25000000.000
4845,2114,32.226562,25000000.000
4846,2120,35.156250,25000000.000
4847,2120,35.156250,25000000.000
4848,2119,34.667969,25000000.000
4849,2117,33.691406,25000000.000
4850,2113,31.738281,25000000.000
4851,2112,31.250000,25000000.000
4852,2103,26.855469,25000000.000
4853,2094,22.460938,25000000.000
4854,2086,18.554688,25000000.000
4855,2087,19.042969,25000000.000
4856,2065,8.300781,25000000.000
4857,2056,3.906250,25000000.000
4858,2045,-1.464844,25000000.000
4859,2045,-1.464844,25000000.000
4860,2023,-12.207031,25000000.000
4861,2012,-17.578125,25000000.000
4862,2003,-21.972656,25000000.000
4863,1999,-23.925781,25000000.000
4864,1986,-30.273438,25000000.000
4865,1979,-33.691406,25000000.000
4866,1976,-35.156250,25000000.000
4867,1975,-35.644531,25000000.000
4868,1973,-36.621094,25000000.000
4869,1975,-35.644531,25000000.000
4870,1977,-34.667969,25000000.000
4871,1977,-34.667969,25000000.000
4872,1986,-30.273438,25000000.000
4873,1994,-26.367188,25000000.000
4874,2000,-23.437500,25000000.000
4875,2003,-21.972656,25000000.000
4876,2019,-14.160156,25000000.000
4877,2028,-9.765625,25000000.000
4878,2043,-2.441406,25000000.000
4879,2042,-2.929688,25000000.000
4880,2066,8.789062,25000000.000
4881,2077,14.160156,25000000.000
4882,2089,20.019531,25000000.000
4883,2088,19.531250,25000000.000
4884,2105,27.832031,25000000.000
4885,2112,31.250000,25000000.000
4886,2118,34.179688,25000000.000
4887,2115,32.714844,25000000.000
4888,2120,35.156250,25000000.000
4889,2121,35.644531,25000000.000
4890,2117,33.691406,25000000.000
4891,2118,34.179688,25000000.000
4892,2110,30.273438,25000000.000
4893,2103,26.855469,25000000.000
4894,2095,22.949219,25000000.000
4895,2094,22.460938,25000000.000
4896,2078,14.648438,25000000.000
4897,2064,7.812500,25000000.000
4898,2057,4.394531,25000000.000
4899,2053,2.441406,25000000.000
4900,2032,-7.812500,25000000.000
4901,2022,-12.695312,25000000.000
4902,2009,-19.042969,25000000.000
4903,2006,-20.507812,25000000.000
4904,1993,-26.855469,25000000.000
4905,1985,-30.761719,25000000.000
4906,1979,-33.691406,25000000.000
4907,1979,-33.691406,25000000.000
4908,1973,-36.621094,25000000.000
4909,1974,-36.132812,25000000.000
4910,1976,-35.156250,25000000.000
4911,1976,-35.156250,25000000.000
4912,1984,-31.250000,25000000.000
4913,1989,-28.808594,25000000.000
4914,1995,-25.878906,25000000.000
4915,1996,-25.390625,25000000.000
4916,2013,-17.089844,25000000.000
4917,2023,-12.207031,25000000.000
4918,2033,-7.324219,25000000.000
4919,2034,-6.835938,25000000.000
4920,2058,4.882812,25000000.000
4921,2068,9.765625,25000000.000
4922,2079,15.136719,25000000.000
4923,2081,16.113281,25000000.000
4924,2099,24.902344,25000000.000
4925,2105,27.832031,25000000.000
4926,2113,31.738281,25000000.000
4927,2115,32.714844,25000000.000
4928,2121,35.644531,25000000.000
4929,2121,35.644531,25000000.000
4930,2121,35.644531,25000000.000
4931,2118,34.179688,25000000.000
4932,2112,31.250000,25000000.000
4933,2108,29.296875,25000000.000
4934,2100,25.390625,25000000.000
4935,2098,24.414062,25000000.000
4936,2084,17.578125,25000000.000
4937,2076,13.671875,25000000.000
4938,2063,7.324219,25000000.000
4939,2064,7.812500,25000000.000
4940,2042,-2.929688,25000000.000
4941,2031,-8.300781,25000000.000
4942,2019,-14.160156,25000000.000
4943,2018,-14.648438,25000000.000
4944,1999,-23.925781,25000000.000
4945,1990,-28.320312,25000000.000
4946,1984,-31.250000,25000000.000
4947,1982,-32.226562,25000000.000
4948,1975,-35.644531,25000000.000
4949,1975,-35.644531,25000000.000
4950,1973,-36.621094,25000000.000
4951,1972,-37.109375,25000000.000
4952,1981,-32.714844,25000000.000
4953,1984,-31.250000,25000000.000
4954,1990,-28.320312,25000000.000
4955,1991,-27.832031,25000000.000
4956,2003,-21.972656,25000000.000
4957,2016,-15.625000,25000000.000
4958,2024,-11.718750,25000000.000
4959,2025,-11.230469,25000000.000
4960,2047,-0.488281,25000000.000
4961,2058,4.882812,25000000.000
4962,2071,11.230469,25000000.000
4963,2073,12.207031,25000000.000
4964,2092,21.484375,25000000.000
4965,2099,24.902344,25000000.000
4966,2108,29.296875,25000000.000
4967,2109,29.785156,25000000.000
4968,2117,33.691406,25000000.000
4969,2119,34.667969,25000000.000
4970,2119,34.667969,25000000.000
4971,2118,34.179688,25000000.000
4972,2111,30.761719,25000000.000
4973,2112,31.250000,25000000.000
4974,2109,29.785156,25000000.000
4975,2110,30.273438,25000000.000
4976,2095,22.949219,25000000.000
4977,2082,16.601562,25000000.000
4978,2075,13.183594,25000000.000
4979,2074,12.695312,25000000.000
4980,2051,1.464844,25000000.000
4981,2041,-3.417969,25000000.000
4982,2031,-8.300781,25000000.000
4983,2029,-9.277344,25000000.000
4984,2008,-19.531250,25000000.000
4985,1999,-23.925781,25000000.000
4986,1989,-28.808594,25000000.000
4987,1989,-28.808594,25000000.000
4988,1974,-36.132812,25000000.000
4989,1978,-34.179688,25000000.000
4990,1972,-37.109375,25000000.000
4991,1975,-35.644531,25000000.000
4992,1979,-33.691406,25000000.000
4993,1982,-32.226562,25000000.000
4994,1987,-29.785156,25000000.000
4995,1983,-31.738281,25000000.000
4996,1995,-25.878906,25000000.000
4997,2008,-19.531250,25000000.000
4998,2015,-16.113281,25000000.000
4999,2015,-16.113281,25000000.000
5000,2036,-5.859375,25000000.000
5001,2048,0.000000,25000000.000
5002,2058,4.882812,25000000.000
5003,2059,5.371094,25000000.000
5004,2082,16.601562,25000000.000
5005,2092,21.484375,25000000.000
5006,2099,24.902344,25000000.000
5007,2100,25.390625,25000000.000
5008,2115,32.714844,25000000.000
5009,2117,33.691406,25000000.000
5010,2121,35.644531,25000000.000
5011,2122,36.132812,25000000.000
5012,2120,35.156250,25000000.000
5013,2115,32.714844,25000000.000
5014,2112,31.250000,25000000.000
5015,2110,30.273438,25000000.000
5016,2099,24.902344,25000000.000
5017,2091,20.996094,25000000.000
5018,2081,16.113281,25000000.000
5019,2078,14.648438,25000000.000
5020,2060,5.859375,25000000.000
5021,2051,1.464844,25000000.000
5022,2037,-5.371094,25000000.000
5023,2036,-5.859375,25000000.000
5024,2017,-15.136719,25000000.000
5025,2003,-21.972656,25000000.000
5026,1993,-26.855469,25000000.000
5027,1995,-25.878906,25000000.000
5028,1983,-31.738281,25000000.000
5029,1976,-35.156250,25000000.000
5030,1976,-35.156250,25000000.000
5031,1973,-36.621094,25000000.000
5032,1974,-36.132812,25000000.000
5033,1976,-35.156250,25000000.000
5034,1978,-34.179688,25000000.000
5035,1979,-33.691406,25000000.000
5036,1988,-29.296875,25000000.000
5037,1998,-24.414062,25000000.000
5038,2003,-21.972656,25000000.000
5039,2007,-20.019531,25000000.000
5040,2025,-11.230469,25000000.000
5041,2037,-5.371094,25000000.000
5042,2048,0.000000,25000000.000
5043,2050,0.976562,25000000.000
5044,2073,12.207031,25000000.000
5045,2082,16.601562,25000000.000
5046,2096,23.437500,25000000.000
5047,2096,23.437500,25000000.000
5048,2111,30.761719,25000000.000
5049,2114,32.226562,25000000.000
5050,2117,33.691406,25000000.000
5051,2118,34.179688,25000000.000
5052,2119,34.667969,25000000.000
5053,2119,34.667969,25000000.000
5054,2114,32.226562,25000000.000
5055,2115,32.714844,25000000.000
5056,2103,26.855469,25000000.000
5057,2097,23.925781,25000000.000
5058,2090,20.507812,25000000.000
5059,2089,20.019531,25000000.000
5060,2071,11.230469,25000000.000
5061,2059,5.371094,25000000.000
5062,2049,0.488281,25000000.000
5063,2045,-1.464844,25000000.000
5064,2027,-10.253906,25000000.000
5065,2014,-16.601562,25000000.000
5066,2003,-21.972656,25000000.000
5067,2002,-22.460938,25000000.000
5068,1987,-29.785156,25000000.000
5069,1981,-32.714844,25000000.000
5070,1975,-35.644531,25000000.000
5071,1976,-35.156250,25000000.000
5072,1972,-37.109375,25000000.000
5073,1975,-35.644531,25000000.000
5074,1976,-35.156250,25000000.000
5075,1977,-34.667969,25000000.000
5076,1986,-30.273438,25000000.000
5077,1991,-27.832031,25000000.000
5078,2000,-23.437500,25000000.000
5079,1999,-23.925781,25000000.000
5080,2018,-14.648438,25000000.000
5081,2026,-10.742188,25000000.000
5082,2040,-3.906250,25000000.000
5083,2041,-3.417969,25000000.000
5084,2062,6.835938,25000000.000
5085,2074,12.695312,25000000.000
5086,2084,17.578125,25000000.000
5087,2085,18.066406,25000000.000
5088,2100,25.390625,25000000.000
5089,2111,30.761719,25000000.000
5090,2116,33.203125,25000000.000
5091,2116,33.203125,25000000.000
5092,2131,40.527344,25000000.000
5093,2127,38.574219,25000000.000
5094,2107,28.808594,25000000.000
5095,2116,33.203125,25000000.000
5096,2107,28.808594,25000000.000
5097,2104,27.343750,25000000.000
5098,2095,22.949219,25000000.000
5099,2093,21.972656,25000000.000
5100,2078,14.648438,25000000.000
5101,2069,10.253906,25000000.000
5102,2057,4.394531,25000000.000
5103,2055,3.417969,25000000.000
5104,2034,-6.835938,25000000.000
5105,2024,-11.718750,25000000.000
5106,2011,-18.066406,25000000.000
5107,2010,-18.554688,25000000.000
5108,1995,-25.878906,25000000.000
5109,1985,-30.761719,25000000.000
5110,1981,-32.714844,25000000.000
5111,1980,-33.203125,25000000.000
5112,1977,-34.667969,25000000.000
5113,1974,-36.132812,25000000.000
5114,1976,-35.156250,25000000.000
5115,1974,-36.132812,25000000.000
5116,1983,-31.738281,25000000.000
5117,1988,-29.296875,25000000.000
5118,1993,-26.855469,25000000.000
5119,1993,-26.855469,25000000.000
5120,2010,-18.554688,25000000.000
5121,2021,-13.183594,25000000.000
5122,2029,-9.277344,25000000.000
5123,2032,-7.812500,25000000.000
5124,2053,2.441406,25000000.000
5125,2064,7.812500,25000000.000
5126,2077,14.160156,25000000.000
5127,2079,15.136719,25000000.000
5128,2097,23.925781,25000000.000
5129,2103,26.855469,25000000.000
5130,2114,32.226562,25000000.000
5131,2113,31.738281,25000000.000
5132,2118,34.179688,25000000.000
5133,2121,35.644531,25000000.000
5134,2119,34.667969,25000000.000
5135,2119,34.667969,25000000.000
5136,2113,31.738281,25000000.000
5137,2108,29.296875,25000000.000
5138,2103,26.855469,25000000.000
5139,2101,25.878906,25000000.000
5140,2087,19.042969,25000000.000
5141,2078,14.648438,25000000.000
5142,2067,9.277344,25000000.000
5143,2067,9.277344,25000000.000
5144,2046,-0.976562,25000000.000
5145,2033,-7.324219,25000000.000
5146,2023,-12.207031,25000000.000
5147,2021,-13.183594,25000000.000
5148,2002,-22.460938,25000000.000
5149,1992,-27.343750,25000000.000
5150,1984,-31.250000,25000000.000
5151,1983,-31.738281,25000000.000
5152,1975,-35.644531,25000000.000
5153,1975,-35.644531,25000000.000
5154,1973,-36.621094,25000000.000
5155,1974,-36.132812,25000000.000
5156,1977,-34.667969,25000000.000
5157,1983,-31.738281,25000000.000
5158,1987,-29.785156,25000000.000
5159,1991,-27.832031,25000000.000
5160,2004,-21.484375,25000000.000
5161,2011,-18.066406,25000000.000
5162,2021,-13.183594,25000000.000
5163,2022,-12.695312,25000000.000
5164,2043,-2.441406,25000000.000
5165,2054,2.929688,25000000.000
5166,2066,8.789062,25000000.000
5167,2067,9.277344,25000000.000
5168,2090,20.507812,25000000.000
5169,2099,24.902344,25000000.000
5170,2107,28.808594,25000000.000
5171,2108,29.296875,25000000.000
5172,2116,33.203125,25000000.000
5173,2119,34.667969,25000000.000
5174,2122,36.132812,25000000.000
5175,2123,36.621094,25000000.000
5176,2118,34.179688,25000000.000
5177,2115,32.714844,25000000.000
5178,2109,29.785156,25000000.000
5179,2107,28.808594,25000000.000
5180,2096,23.437500,25000000.000
5181,2085,18.066406,25000000.000
5182,2076,13.671875,25000000.000
5183,2075,13.183594,25000000.000
5184,2055,3.417969,25000000.000
5185,2044,-1.953125,25000000.000
5186,2033,-7.324219,25000000.000
5187,2031,-8.300781,25000000.000
5188,2009,-19.042969,25000000.000
5189,2002,-22.460938,25000000.000
5190,1990,-28.320312,25000000.000
5191,1992,-27.343750,25000000.000
5192,1979,-33.691406,25000000.000
5193,1974,-36.132812,25000000.000
5194,1975,-35.644531,25000000.000
5195,1973,-36.621094,25000000.000
5196,1977,-34.667969,25000000.000
5197,1978,-34.179688,25000000.000
5198,1983,-31.738281,25000000.000
5199,1983,-31.738281,25000000.000
5200,1994,-26.367188,25000000.000
5201,2003,-21.972656,25000000.000
5202,2012,-17.578125,25000000.000
5203,2011,-18.066406,25000000.000
5204,2032,-7.812500,25000000.000
5205,2046,-0.976562,25000000.000
5206,2056,3.906250,25000000.000
5207,2059,5.371094,25000000.000
5208,2078,14.648438,25000000.000
5209,2090,20.507812,25000000.000
5210,2100,25.390625,25000000.000
5211,2102,26.367188,25000000.000
5212,2114,32.226562,25000000.000
5213,2117,33.691406,25000000.000
5214,2121,35.644531,25000000.000
5215,2122,36.132812,25000000.000
5216,2120,35.156250,25000000.000
5217,2117,33.691406,25000000.000
5218,2111,30.761719,25000000.000
5219,2111,30.761719,25000000.000
5220,2099,24.902344,25000000.000
5221,2094,22.460938,25000000.000
5222,2083,17.089844,25000000.000
5223,2083,17.089844,25000000.000
5224,2063,7.324219,25000000.000
5225,2051,1.464844,25000000.000
5226,2043,-2.441406,25000000.000
5227,2040,-3.906250,25000000.000
5228,2019,-14.160156,25000000.000
5229,2006,-20.507812,25000000.000
5230,2001,-22.949219,25000000.000
5231,1996,-25.390625,25000000.000
5232,1983,-31.738281,25000000.000
5233,1978,-34.179688,25000000.000
5234,1976,-35.156250,25000000.000
5235,1974,-36.132812,25000000.000
5236,1973,-36.621094,25000000.000
5237,1976,-35.156250,25000000.000
5238,1977,-34.667969,25000000.000
5239,1979,-33.691406,25000000.000
5240,1989,-28.808594,25000000.000
5241,1995,-25.878906,25000000.000
5242,2004,-21.484375,25000000.000
5243,2006,-20.507812,25000000.000
5244,2024,-11.718750,25000000.000
5245,2034,-6.835938,25000000.000
5246,2048,0.000000,25000000.000
5247,2047,-0.488281,25000000.000
5248,2067,9.277344,25000000.000
5249,2083,17.089844,25000000.000
5250,2092,21.484375,25000000.000
5251,2094,22.460938,25000000.000
5252,2110,30.273438,25000000.000
5253,2115,32.714844,25000000.000
5254,2114,32.226562,25000000.000
5255,2116,33.203125,25000000.000
5256,2120,35.156250,25000000.000
5257,2120,35.156250,25000000.000
5258,2115,32.714844,25000000.000
5259,2115,32.714844,25000000.000
5260,2107,28.808594,25000000.000
5261,2098,24.414062,25000000.000
5262,2092,21.484375,25000000.000
5263,2090,20.507812,25000000.000
5264,2072,11.718750,25000000.000
5265,2062,6.835938,25000000.000
5266,2051,1.464844,25000000.000
5267,2050,0.976562,25000000.000
5268,2028,-9.765625,25000000.000
5269,2017,-15.136719,25000000.000
5270,2005,-20.996094,25000000.000
5271,2004,-21.484375,25000000.000
5272,1987,-29.785156,25000000.000
5273,1983,-31.738281,25000000.000
5274,1978,-34.179688,25000000.000
5275,1979,-33.691406,25000000.000
5276,1976,-35.156250,25000000.000
5277,1974,-36.132812,25000000.000
5278,1977,-34.667969,25000000.000
5279,1974,-36.132812,25000000.000
5280,1986,-30.273438,25000000.000
5281,1991,-27.832031,25000000.000
5282,1997,-24.902344,25000000.000
5283,1996,-25.390625,25000000.000
5284,2015,-16.113281,25000000.000
5285,2025,-11.230469,25000000.000
5286,2035,-6.347656,25000000.000
5287,2037,-5.371094,25000000.000
5288,2058,4.882812,25000000.000
5289,2071,11.230469,25000000.000
5290,2082,16.601562,25000000.000
5291,2086,18.554688,25000000.000
5292,2102,26.367188,25000000.000
5293,2109,29.785156,25000000.000
5294,2116,33.203125,25000000.000
5295,2116,33.203125,25000000.000
5296,2121,35.644531,25000000.000
5297,2119,34.667969,25000000.000
5298,2121,35.644531,25000000.000
5299,2120,35.156250,25000000.000
5300,2111,30.761719,25000000.000
5301,2106,28.320312,25000000.000
5302,2097,23.925781,25000000.000
5303,2097,23.925781,25000000.000
5304,2082,16.601562,25000000.000
5305,2073,12.207031,25000000.000
5306,2073,12.207031,25000000.000
5307,2081,16.113281,25000000.000
5308,2040,-3.906250,25000000.000
5309,2029,-9.277344,25000000.000
5310,2017,-15.136719,25000000.000
5311,2018,-14.648438,25000000.000
5312,1992,-27.343750,25000000.000
5313,1986,-30.273438,25000000.000
5314,1984,-31.250000,25000000.000
5315,1983,-31.738281,25000000.000
5316,1975,-35.644531,25000000.000
5317,1976,-35.156250,25000000.000
5318,1975,-35.644531,25000000.000
5319,1973,-36.621094,25000000.000
5320,1978,-34.179688,25000000.000
5321,1985,-30.761719,25000000.000
5322,1990,-28.320312,25000000.000
5323,1994,-26.367188,25000000.000
5324,2006,-20.507812,25000000.000
5325,2016,-15.625000,25000000.000
5326,2028,-9.765625,25000000.000
5327,2029,-9.277344,25000000.000
5328,2050,0.976562,25000000.000
5329,2060,5.859375,25000000.000
5330,2074,12.695312,25000000.000
5331,2073,12.207031,25000000.000
5332,2095,22.949219,25000000.000
5333,2103,26.855469,25000000.000
5334,2109,29.785156,25000000.000
5335,2109,29.785156,25000000.000
5336,2117,33.691406,25000000.000
5337,2122,36.132812,25000000.000
5338,2120,35.156250,25000000.000
5339,2121,35.644531,25000000.000
5340,2114,32.226562,25000000.000
5341,2110,30.273438,25000000.000
5342,2107,28.808594,25000000.000
5343,2105,27.832031,25000000.000
5344,2092,21.484375,25000000.000
5345,2079,15.136719,25000000.000
5346,2072,11.718750,25000000.000
5347,2070,10.742188,25000000.000
5348,2049,0.488281,25000000.000
5349,2037,-5.371094,25000000.000
5350,2024,-11.718750,25000000.000
5351,2023,-12.207031,25000000.000
5352,2003,-21.972656,25000000.000
5353,1995,-25.878906,25000000.000
5354,1984,-31.250000,25000000.000
5355,1987,-29.785156,25000000.000
5356,1978,-34.179688,25000000.000
5357,1975,-35.644531,25000000.000
5358,1976,-35.156250,25000000.000
5359,1978,-34.179688,25000000.000
5360,1979,-33.691406,25000000.000
5361,1983,-31.738281,25000000.000
5362,1987,-29.785156,25000000.000
5363,1986,-30.273438,25000000.000
5364,2001,-22.949219,25000000.000
5365,2010,-18.554688,25000000.000
5366,2021,-13.183594,25000000.000
5367,2018,-14.648438,25000000.000
5368,2041,-3.417969,25000000.000
5369,2053,2.441406,25000000.000
5370,2063,7.324219,25000000.000
5371,2064,7.812500,25000000.000
5372,2086,18.554688,25000000.000
5373,2095,22.949219,25000000.000
5374,2105,27.832031,25000000.000
5375,2108,29.296875,25000000.000
5376,2117,33.691406,25000000.000
5377,2119,34.667969,25000000.000
5378,2122,36.132812,25000000.000
5379,2121,35.644531,25000000.000
5380,2120,35.156250,25000000.000
5381,2116,33.203125,25000000.000
5382,2110,30.273438,25000000.000
5383,2109,29.785156,25000000.000
5384,2098,24.414062,25000000.000
5385,2087,19.042969,25000000.000
5386,2078,14.648438,25000000.000
5387,2079,15.136719,25000000.000
5388,2056,3.906250,25000000.000
5389,2047,-0.488281,25000000.000
5390,2035,-6.347656,25000000.000
5391,2035,-6.347656,25000000.000
5392,2013,-17.089844,25000000.000
5393,2002,-22.460938,25000000.000
5394,1995,-25.878906,25000000.000
5395,1992,-27.343750,25000000.000
5396,1982,-32.226562,25000000.000
5397,1975,-35.644531,25000000.000
5398,1974,-36.132812,25000000.000
5399,1976,-35.156250,25000000.000
5400,1975,-35.644531,25000000.000
5401,1977,-34.667969,25000000.000
5402,1983,-31.738281,25000000.000
5403,1983,-31.738281,25000000.000
5404,1991,-27.832031,25000000.000
5405,2002,-22.460938,25000000.000
5406,2010,-18.554688,25000000.000
5407,2012,-17.578125,25000000.000
5408,2029,-9.277344,25000000.000
5409,2043,-2.441406,25000000.000
5410,2054,2.929688,25000000.000
5411,2055,3.417969,25000000.000
5412,2076,13.671875,25000000.000
5413,2086,18.554688,25000000.000
5414,2097,23.925781,25000000.000
5415,2098,24.414062,25000000.000
5416,2110,30.273438,25000000.000
5417,2117,33.691406,25000000.000
5418,2119,34.667969,25000000.000
5419,2120,35.156250,25000000.000
5420,2118,34.179688,25000000.000
5421,2119,34.667969,25000000.000
5422,2113,31.738281,25000000.000
5423,2114,32.226562,25000000.000
5424,2100,25.390625,25000000.000
5425,2095,22.949219,25000000.000
5426,2089,20.019531,25000000.000
5427,2085,18.066406,25000000.000
5428,2066,8.789062,25000000.000
5429,2054,2.929688,25000000.000
5430,2044,-1.953125,25000000.000
5431,2041,-3.417969,25000000.000
5432,2021,-13.183594,25000000.000
5433,2011,-18.066406,25000000.000
5434,2000,-23.437500,25000000.000
5435,1998,-24.414062,25000000.000
5436,1984,-31.250000,25000000.000
5437,1979,-33.691406,25000000.000
5438,1963,-41.503906,25000000.000
5439,1985,-30.761719,25000000.000
5440,1982,-32.226562,25000000.000
5441,1970,-38.085938,25000000.000
5442,1982,-32.226562,25000000.000
5443,1979,-33.691406,25000000.000
5444,1991,-27.832031,25000000.000
5445,1993,-26.855469,25000000.000
5446,2002,-22.460938,25000000.000
5447,2003,-21.972656,25000000.000
5448,2021,-13.183594,25000000.000
5449,2032,-7.812500,25000000.000
5450,2043,-2.441406,25000000.000
5451,2044,-1.953125,25000000.000
5452,2065,8.300781,25000000.000
5453,2078,14.648438,25000000.000
5454,2087,19.042969,25000000.000
5455,2090,20.507812,25000000.000
5456,2113,31.738281,25000000.000
5457,2119,34.667969,25000000.000
5458,2119,34.667969,25000000.000
5459,2129,39.550781,25000000.000
5460,2118,34.179688,25000000.000
5461,2115,32.714844,25000000.000
5462,2120,35.156250,25000000.000
5463,2119,34.667969,25000000.000
5464,2106,28.320312,25000000.000
5465,2099,24.902344,25000000.000
5466,2091,20.996094,25000000.000
5467,2092,21.484375,25000000.000
5468,2074,12.695312,25000000.000
5469,2067,9.277344,25000000.000
5470,2053,2.441406,25000000.000
5471,2053,2.441406,25000000.000
5472,2031,-8.300781,25000000.000
5473,2020,-13.671875,25000000.000
5474,2009,-19.042969,25000000.000
5475,2010,-18.554688,25000000.000
5476,1991,-27.832031,25000000.000
5477,1983,-31.738281,25000000.000
5478,1979,-33.691406,25000000.000
5479,1978,-34.179688,25000000.000
5480,1974,-36.132812,25000000.000
5481,1973,-36.621094,25000000.000
5482,1976,-35.156250,25000000.000
5483,1976,-35.156250,25000000.000
5484,1978,-34.179688,25000000.000
5485,1989,-28.808594,25000000.000
5486,1996,-25.390625,25000000.000
5487,1998,-24.414062,25000000.000
5488,2010,-18.554688,25000000.000
5489,2024,-11.718750,25000000.000
5490,2035,-6.347656,25000000.000
5491,2036,-5.859375,25000000.000
5492,2055,3.417969,25000000.000
5493,2069,10.253906,25000000.000
5494,2080,15.625000,25000000.000
5495,2081,16.113281,25000000.000
5496,2101,25.878906,25000000.000
5497,2108,29.296875,25000000.000
5498,2113,31.738281,25000000.000
5499,2113,31.738281,25000000.000
5500,2119,34.667969,25000000.000
5501,2121,35.644531,25000000.000
5502,2119,34.667969,25000000.000
5503,2118,34.179688,25000000.000
5504,2111,30.761719,25000000.000
5505,2107,28.808594,25000000.000
5506,2100,25.390625,25000000.000
5507,2101,25.878906,25000000.000
5508,2083,17.089844,25000000.000
5509,2071,11.230469,25000000.000
5510,2067,9.277344,25000000.000
5511,2064,7.812500,25000000.000
5512,2042,-2.929688,25000000.000
5513,2030,-8.789062,25000000.000
5514,2018,-14.648438,25000000.000
5515,2017,-15.136719,25000000.000
5516,1997,-24.902344,25000000.000
5517,1990,-28.320312,25000000.000
5518,1984,-31.250000,25000000.000
5519,1982,-32.226562,25000000.000
5520,1968,-39.062500,25000000.000
5521,1974,-36.132812,25000000.000
5522,1976,-35.156250,25000000.000
5523,1975,-35.644531,25000000.000
5524,1984,-31.250000,25000000.000
5525,1974,-36.132812,25000000.000
5526,1991,-27.832031,25000000.000
5527,1998,-24.414062,25000000.000
5528,2008,-19.531250,25000000.000
5529,2015,-16.113281,25000000.000
5530,2023,-12.207031,25000000.000
5531,2023,-12.207031,25000000.000
5532,2048,0.000000,25000000.000
5533,2059,5.371094,25000000.000
5534,2069,10.253906,25000000.000
5535,2071,11.230469,25000000.000
5536,2092,21.484375,25000000.000
5537,2102,26.367188,25000000.000
5538,2108,29.296875,25000000.000
5539,2110,30.273438,25000000.000
5540,2119,34.667969,25000000.000
5541,2120,35.156250,25000000.000
5542,2121,35.644531,25000000.000
5543,2121,35.644531,25000000.000
5544,2118,34.179688,25000000.000
5545,2111,30.761719,25000000.000
5546,2107,28.808594,25000000.000
5547,2104,27.343750,25000000.000
5548,2092,21.484375,25000000.000
5549,2085,18.066406,25000000.000
5550,2071,11.230469,25000000.000
5551,2071,11.230469,25000000.000
5552,2051,1.464844,25000000.000
5553,2039,-4.394531,25000000.000
5554,2027,-10.253906,25000000.000
5555,2027,-10.253906,25000000.000
5556,2006,-20.507812,25000000.000
5557,1998,-24.414062,25000000.000
5558,1989,-28.808594,25000000.000
5559,1990,-28.320312,25000000.000
5560,1977,-34.667969,25000000.000
5561,1972,-37.109375,25000000.000
5562,1975,-35.644531,25000000.000
5563,1972,-37.109375,25000000.000
5564,1977,-34.667969,25000000.000
5565,1979,-33.691406,25000000.000
5566,1985,-30.761719,25000000.000
5567,1985,-30.761719,25000000.000
5568,1999,-23.925781,25000000.000
5569,2007,-20.019531,25000000.000
5570,2014,-16.601562,25000000.000
5571,2016,-15.625000,25000000.000
5572,2037,-5.371094,25000000.000
5573,2050,0.976562,25000000.000
5574,2062,6.835938,25000000.000
5575,2062,6.835938,25000000.000
5576,2084,17.578125,25000000.000
5577,2092,21.484375,25000000.000
5578,2103,26.855469,25000000.000
5579,2103,26.855469,25000000.000
5580,2115,32.714844,25000000.000
5581,2118,34.179688,25000000.000
5582,2120,35.156250,25000000.000
5583,2120,35.156250,25000000.000
5584,2119,34.667969,25000000.000
5585,2116,33.203125,25000000.000
5586,2109,29.785156,25000000.000
5587,2111,30.761719,25000000.000
5588,2096,23.437500,25000000.000
5589,2091,20.996094,25000000.000
5590,2080,15.625000,25000000.000
5591,2078,14.648438,25000000.000
5592,2062,6.835938,25000000.000
5593,2049,0.488281,25000000.000
5594,2039,-4.394531,25000000.000
5595,2038,-4.882812,25000000.000
5596,2016,-15.625000,25000000.000
5597,2004,-21.484375,25000000.000
5598,1995,-25.878906,25000000.000
5599,1994,-26.367188,25000000.000
5600,1980,-33.203125,25000000.000
5601,1977,-34.667969,25000000.000
5602,1973,-36.621094,25000000.000
5603,1974,-36.132812,25000000.000
5604,1972,-37.109375,25000000.000
5605,1977,-34.667969,25000000.000
5606,1980,-33.203125,25000000.000
5607,1980,-33.203125,25000000.000
5608,1992,-27.343750,25000000.000
5609,1998,-24.414062,25000000.000
5610,2008,-19.531250,25000000.000
5611,2008,-19.531250,25000000.000
5612,2029,-9.277344,25000000.000
5613,2038,-4.882812,25000000.000
5614,2052,1.953125,25000000.000
5615,2051,1.464844,25000000.000
5616,2075,13.183594,25000000.000
5617,2087,19.042969,25000000.000
5618,2093,21.972656,25000000.000
5619,2096,23.437500,25000000.000
5620,2109,29.785156,25000000.000
5621,2118,34.179688,25000000.000
5622,2118,34.179688,25000000.000
5623,2118,34.179688,25000000.000
5624,2125,37.597656,25000000.000
5625,2120,35.156250,25000000.000
5626,2110,30.273438,25000000.000
5627,2109,29.785156,25000000.000
5628,2104,27.343750,25000000.000
5629,2091,20.996094,25000000.000
5630,2091,20.996094,25000000.000
5631,2088,19.531250,25000000.000
5632,2070,10.742188,25000000.000
5633,2060,5.859375,25000000.000
5634,2046,-0.976562,25000000.000
5635,2045,-1.464844,25000000.000
5636,2021,-13.183594,25000000.000
5637,2014,-16.601562,25000000.000
5638,2002,-22.460938,25000000.000
5639,2004,-21.484375,25000000.000
5640,1986,-30.273438,25000000.000
5641,1980,-33.203125,25000000.000
5642,1976,-35.156250,25000000.000
5643,1975,-35.644531,25000000.000
5644,1974,-36.132812,25000000.000
5645,1975,-35.644531,25000000.000
5646,1977,-34.667969,25000000.000
5647,1976,-35.156250,25000000.000
5648,1990,-28.320312,25000000.000
5649,1996,-25.390625,25000000.000
5650,1999,-23.925781,25000000.000
5651,1999,-23.925781,25000000.000
5652,2014,-16.601562,25000000.000
5653,2033,-7.324219,25000000.000
5654,2038,-4.882812,25000000.000
5655,2042,-2.929688,25000000.000
5656,2064,7.812500,25000000.000
5657,2076,13.671875,25000000.000
5658,2087,19.042969,25000000.000
5659,2089,20.019531,25000000.000
5660,2107,28.808594,25000000.000
5661,2109,29.785156,25000000.000
5662,2117,33.691406,25000000.000
5663,2116,33.203125,25000000.000
5664,2120,35.156250,25000000.000
5665,2120,35.156250,25000000.000
5666,2118,34.179688,25000000.000
5667,2119,34.667969,25000000.000
5668,2107,28.808594,25000000.000
5669,2101,25.878906,25000000.000
5670,2094,22.460938,25000000.000
5671,2095,22.949219,25000000.000
5672,2076,13.671875,25000000.000
5673,2068,9.765625,25000000.000
5674,2055,3.417969,25000000.000
5675,2053,2.441406,25000000.000
5676,2034,-6.835938,25000000.000
5677,2022,-12.695312,25000000.000
5678,2013,-17.089844,25000000.000
5679,2012,-17.578125,25000000.000
5680,1993,-26.855469,25000000.000
5681,1988,-29.296875,25000000.000
5682,1984,-31.250000,25000000.000
5683,1981,-32.714844,25000000.000
5684,1971,-37.597656,25000000.000
5685,1973,-36.621094,25000000.000
5686,1963,-41.503906,25000000.000
5687,1970,-38.085938,25000000.000
5688,1981,-32.714844,25000000.000
5689,1990,-28.320312,25000000.000
5690,2000,-23.437500,25000000.000
5691,1995,-25.878906,25000000.000
5692,2012,-17.578125,25000000.000
5693,2041,-3.417969,25000000.000
5694,2035,-6.347656,25000000.000
5695,2053,2.441406,25000000.000
5696,2048,0.000000,25000000.000
5697,2070,10.742188,25000000.000
5698,2077,14.160156,25000000.000
5699,2077,14.160156,25000000.000
5700,2095,22.949219,25000000.000
5701,2107,28.808594,25000000.000
5702,2110,30.273438,25000000.000
5703,2112,31.250000,25000000.000
5704,2118,34.179688,25000000.000
5705,2120,35.156250,25000000.000
5706,2121,35.644531,25000000.000
5707,2121,35.644531,25000000.000
5708,2114,32.226562,25000000.000
5709,2107,28.808594,25000000.000
5710,2103,26.855469,25000000.000
5711,2102,26.367188,25000000.000
5712,2087,19.042969,25000000.000
5713,2076,13.671875,25000000.000
5714,2066,8.789062,25000000.000
5715,2065,8.300781,25000000.000
5716,2049,0.488281,25000000.000
5717,2033,-7.324219,25000000.000
5718,2023,-12.207031,25000000.000
5719,2020,-13.671875,25000000.000
5720,2001,-22.949219,25000000.000
5721,1991,-27.832031,25000000.000
5722,1986,-30.273438,25000000.000
5723,1986,-30.273438,25000000.000
5724,1976,-35.156250,25000000.000
5725,1973,-36.621094,25000000.000
5726,1974,-36.132812,25000000.000
5727,1974,-36.132812,25000000.000
5728,1978,-34.179688,25000000.000
5729,1982,-32.226562,25000000.000
5730,1990,-28.320312,25000000.000
5731,1988,-29.296875,25000000.000
5732,2002,-22.460938,25000000.000
5733,2013,-17.089844,25000000.000
5734,2022,-12.695312,25000000.000
5735,2023,-12.207031,25000000.000
5736,2044,-1.953125,25000000.000
5737,2058,4.882812,25000000.000
5738,2068,9.765625,25000000.000
5739,2070,10.742188,25000000.000
5740,2090,20.507812,25000000.000
5741,2099,24.902344,25000000.000
5742,2107,28.808594,25000000.000
5743,2108,29.296875,25000000.000
5744,2118,34.179688,25000000.000
5745,2119,34.667969,25000000.000
5746,2122,36.132812,25000000.000
5747,2121,35.644531,25000000.000
5748,2117,33.691406,25000000.000
5749,2114,32.226562,25000000.000
5750,2108,29.296875,25000000.000
5751,2107,28.808594,25000000.000
5752,2092,21.484375,25000000.000
5753,2085,18.066406,25000000.000
5754,2074,12.695312,25000000.000
5755,2074,12.695312,25000000.000
5756,2054,2.929688,25000000.000
5757,2043,-2.441406,25000000.000
5758,2029,-9.277344,25000000.000
5759,2028,-9.765625,25000000.000
5760,2010,-18.554688,25000000.000
5761,1997,-24.902344,25000000.000
5762,1991,-27.832031,25000000.000
5763,1990,-28.320312,25000000.000
5764,1979,-33.691406,25000000.000
5765,1976,-35.156250,25000000.000
5766,1974,-36.132812,25000000.000
5767,1973,-36.621094,25000000.000
5768,1976,-35.156250,25000000.000
5769,1981,-32.714844,25000000.000
5770,1982,-32.226562,25000000.000
5771,1984,-31.250000,25000000.000
5772,1996,-25.390625,25000000.000
5773,2004,-21.484375,25000000.000
5774,2014,-16.601562,25000000.000
5775,2017,-15.136719,25000000.000
5776,2034,-6.835938,25000000.000
5777,2046,-0.976562,25000000.000
5778,2060,5.859375,25000000.000
5779,2058,4.882812,25000000.000
5780,2082,16.601562,25000000.000
5781,2091,20.996094,25000000.000
5782,2100,25.390625,25000000.000
5783,2100,25.390625,25000000.000
5784,2107,28.808594,25000000.000
5785,2123,36.621094,25000000.000
5786,2134,41.992188,25000000.000
5787,2114,32.226562,25000000.000
5788,2124,37.109375,25000000.000
5789,2112,31.250000,25000000.000
5790,2115,32.714844,25000000.000
5791,2112,31.250000,25000000.000
5792,2099,24.902344,25000000.000
5793,2090,20.507812,25000000.000
5794,2083,17.089844,25000000.000
5795,2082,16.601562,25000000.000
5796,2063,7.324219,25000000.000
5797,2052,1.953125,25000000.000
5798,2039,-4.394531,25000000.000
5799,2038,-4.882812,25000000.000
5800,2016,-15.625000,25000000.000
5801,2006,-20.507812,25000000.000
5802,1995,-25.878906,25000000.000
5803,1997,-24.902344,25000000.000
5804,1981,-32.714844,25000000.000
5805,1977,-34.667969,25000000.000
5806,1976,-35.156250,25000000.000
5807,1975,-35.644531,25000000.000
5808,1975,-35.644531,25000000.000
5809,1976,-35.156250,25000000.000
5810,1980,-33.203125,25000000.000
5811,1979,-33.691406,25000000.000
5812,1990,-28.320312,25000000.000
5813,1996,-25.390625,25000000.000
5814,2006,-20.507812,25000000.000
5815,2005,-20.996094,25000000.000
5816,2025,-11.230469,25000000.000
5817,2037,-5.371094,25000000.000
5818,2047,-0.488281,25000000.000
5819,2047,-0.488281,25000000.000
5820,2070,10.742188,25000000.000
5821,2082,16.601562,25000000.000
5822,2092,21.484375,25000000.000
5823,2093,21.972656,25000000.000
5824,2109,29.785156,25000000.000
5825,2114,32.226562,25000000.000
5826,2120,35.156250,25000000.000
5827,2118,34.179688,25000000.000
5828,2118,34.179688,25000000.000
5829,2120,35.156250,25000000.000
5830,2120,35.156250,25000000.000
5831,2118,34.179688,25000000.000
5832,2103,26.855469,25000000.000
5833,2098,24.414062,25000000.000
5834,2091,20.996094,25000000.000
5835,2088,19.531250,25000000.000
5836,2070,10.742188,25000000.000
5837,2061,6.347656,25000000.000
5838,2049,0.488281,25000000.000
5839,2049,0.488281,25000000.000
5840,2027,-10.253906,25000000.000
5841,2013,-17.089844,25000000.000
5842,2003,-21.972656,25000000.000
5843,2005,-20.996094,25000000.000
5844,1991,-27.832031,25000000.000
5845,1980,-33.203125,25000000.000
5846,1977,-34.667969,25000000.000
5847,1976,-35.156250,25000000.000
5848,1972,-37.109375,25000000.000
5849,1975,-35.644531,25000000.000
5850,1975,-35.644531,25000000.000
5851,1977,-34.667969,25000000.000
5852,1984,-31.250000,25000000.000
5853,1992,-27.343750,25000000.000
5854,1997,-24.902344,25000000.000
5855,1998,-24.414062,25000000.000
5856,2018,-14.648438,25000000.000
5857,2025,-11.230469,25000000.000
5858,2039,-4.394531,25000000.000
5859,2040,-3.906250,25000000.000
5860,2063,7.324219,25000000.000
5861,2071,11.230469,25000000.000
5862,2085,18.066406,25000000.000
5863,2083,17.089844,25000000.000
5864,2103,26.855469,25000000.000
5865,2110,30.273438,25000000.000
5866,2115,32.714844,25000000.000
5867,2114,32.226562,25000000.000
5868,2119,34.667969,25000000.000
5869,2122,36.132812,25000000.000
5870,2117,33.691406,25000000.000
5871,2118,34.179688,25000000.000
5872,2110,30.273438,25000000.000
5873,2104,27.343750,25000000.000
5874,2097,23.925781,25000000.000
5875,2098,24.414062,25000000.000
5876,2080,15.625000,25000000.000
5877,2069,10.253906,25000000.000
5878,2060,5.859375,25000000.000
5879,2058,4.882812,25000000.000
5880,2039,-4.394531,25000000.000
5881,2026,-10.742188,25000000.000
5882,2016,-15.625000,25000000.000
5883,2013,-17.089844,25000000.000
5884,1997,-24.902344,25000000.000
5885,1988,-29.296875,25000000.000
5886,1980,-33.203125,25000000.000
5887,1981,-32.714844,25000000.000
5888,1976,-35.156250,25000000.000
5889,1975,-35.644531,25000000.000
5890,1975,-35.644531,25000000.000
5891,1978,-34.179688,25000000.000
5892,1982,-32.226562,25000000.000
5893,1985,-30.761719,25000000.000
5894,1993,-26.855469,25000000.000
5895,1992,-27.343750,25000000.000
5896,2008,-19.531250,25000000.000
5897,2019,-14.160156,25000000.000
5898,2029,-9.277344,25000000.000
5899,2030,-8.789062,25000000.000
5900,2051,1.464844,25000000.000
5901,2064,7.812500,25000000.000
5902,2072,11.718750,25000000.000
5903,2074,12.695312,25000000.000
5904,2093,21.972656,25000000.000
5905,2104,27.343750,25000000.000
5906,2115,32.714844,25000000.000
5907,2117,33.691406,25000000.000
5908,2122,36.132812,25000000.000
5909,2124,37.109375,25000000.000
5910,2119,34.667969,25000000.000
5911,2118,34.179688,25000000.000
5912,2116,33.203125,25000000.000
5913,2111,30.761719,25000000.000
5914,2104,27.343750,25000000.000
5915,2104,27.343750,25000000.000
5916,2089,20.019531,25000000.000
5917,2079,15.136719,25000000.000
5918,2067,9.277344,25000000.000
5919,2067,9.277344,25000000.000
5920,2046,-0.976562,25000000.000
5921,2036,-5.859375,25000000.000
5922,2024,-11.718750,25000000.000
5923,2025,-11.230469,25000000.000
5924,2003,-21.972656,25000000.000
5925,1990,-28.320312,25000000.000
5926,1987,-29.785156,25000000.000
5927,1984,-31.250000,25000000.000
5928,1975,-35.644531,25000000.000
5929,1973,-36.621094,25000000.000
5930,1974,-36.132812,25000000.000
5931,1973,-36.621094,25000000.000
5932,1978,-34.179688,25000000.000
5933,1982,-32.226562,25000000.000
5934,1986,-30.273438,25000000.000
5935,1988,-29.296875,25000000.000
5936,2001,-22.949219,25000000.000
5937,2010,-18.554688,25000000.000
5938,2019,-14.160156,25000000.000
5939,2021,-13.183594,25000000.000
5940,2043,-2.441406,25000000.000
5941,2054,2.929688,25000000.000
5942,2065,8.300781,25000000.000
5943,2066,8.789062,25000000.000
5944,2088,19.531250,25000000.000
5945,2096,23.437500,25000000.000
5946,2105,27.832031,25000000.000
5947,2104,27.343750,25000000.000
5948,2115,32.714844,25000000.000
5949,2119,34.667969,25000000.000
5950,2120,35.156250,25000000.000
5951,2121,35.644531,25000000.000
5952,2118,34.179688,25000000.000
5953,2114,32.226562,25000000.000
5954,2109,29.785156,25000000.000
5955,2108,29.296875,25000000.000
5956,2094,22.460938,25000000.000
5957,2087,19.042969,25000000.000
5958,2078,14.648438,25000000.000
5959,2077,14.160156,25000000.000
5960,2058,4.882812,25000000.000
5961,2043,-2.441406,25000000.000
5962,2037,-5.371094,25000000.000
5963,2033,-7.324219,25000000.000
5964,2011,-18.066406,25000000.000
5965,2004,-21.484375,25000000.000
5966,1991,-27.832031,25000000.000
5967,1991,-27.832031,25000000.000
5968,1980,-33.203125,25000000.000
5969,1978,-34.179688,25000000.000
5970,1972,-37.109375,25000000.000
5971,1975,-35.644531,25000000.000
5972,1976,-35.156250,25000000.000
5973,1978,-34.179688,25000000.000
5974,1983,-31.738281,25000000.000
5975,1985,-30.761719,25000000.000
5976,1996,-25.390625,25000000.000
5977,2000,-23.437500,25000000.000
5978,2012,-17.578125,25000000.000
5979,2012,-17.578125,25000000.000
5980,2031,-8.300781,25000000.000
5981,2044,-1.953125,25000000.000
5982,2055,3.417969,25000000.000
5983,2054,2.929688,25000000.000
5984,2077,14.160156,25000000.000
5985,2089,20.019531,25000000.000
5986,2097,23.925781,25000000.000
5987,2099,24.902344,25000000.000
5988,2112,31.250000,25000000.000
5989,2118,34.179688,25000000.000
5990,2119,34.667969,25000000.000
5991,2120,35.156250,25000000.000
5992,2121,35.644531,25000000.000
5993,2116,33.203125,25000000.000
5994,2113,31.738281,25000000.000
5995,2111,30.761719,25000000.000
5996,2101,25.878906,25000000.000
5997,2093,21.972656,25000000.000
5998,2085,18.066406,25000000.000
5999,2084,17.578125,25000000.000
6000,2064,7.812500,25000000.000
6001,2055,3.417969,25000000.000
6002,2040,-3.906250,25000000.000
6003,2041,-3.417969,25000000.000
6004,2019,-14.160156,25000000.000
6005,2007,-20.019531,25000000.000
6006,1999,-23.925781,25000000.000
6007,1999,-23.925781,25000000.000
6008,1983,-31.738281,25000000.000
6009,1978,-34.179688,25000000.000
6010,1975,-35.644531,25000000.000
6011,1974,-36.132812,25000000.000
6012,1974,-36.132812,25000000.000
6013,1973,-36.621094,25000000.000
6014,1979,-33.691406,25000000.000
6015,1978,-34.179688,25000000.000
6016,1989,-28.808594,25000000.000
6017,1995,-25.878906,25000000.000
6018,2001,-22.949219,25000000.000
6019,2002,-22.460938,25000000.000
6020,2020,-13.671875,25000000.000
6021,2033,-7.324219,25000000.000
6022,2045,-1.464844,25000000.000
6023,2047,-0.488281,25000000.000
6024,2069,10.253906,25000000.000
6025,2078,14.648438,25000000.000
6026,2088,19.531250,25000000.000
6027,2088,19.531250,25000000.000
6028,2107,28.808594,25000000.000
6029,2113,31.738281,25000000.000
6030,2117,33.691406,25000000.000
6031,2115,32.714844,25000000.000
6032,2121,35.644531,25000000.000
6033,2120,35.156250,25000000.000
6034,2116,33.203125,25000000.000
6035,2116,33.203125,25000000.000
6036,2106,28.320312,25000000.000
6037,2100,25.390625,25000000.000
6038,2092,21.484375,25000000.000
6039,2092,21.484375,25000000.000
6040,2074,12.695312,25000000.000
6041,2063,7.324219,25000000.000
6042,2051,1.464844,25000000.000
6043,2051,1.464844,25000000.000
6044,2029,-9.277344,25000000.000
6045,2017,-15.136719,25000000.000
6046,2009,-19.042969,25000000.000
6047,2005,-20.996094,25000000.000
6048,1990,-28.320312,25000000.000
6049,1983,-31.738281,25000000.000
6050,1978,-34.179688,25000000.000
6051,1977,-34.667969,25000000.000
6052,1974,-36.132812,25000000.000
6053,1974,-36.132812,25000000.000
6054,1974,-36.132812,25000000.000
6055,1976,-35.156250,25000000.000
6056,1983,-31.738281,25000000.000
6057,1990,-28.320312,25000000.000
6058,1997,-24.902344,25000000.000
6059,1998,-24.414062,25000000.000
6060,2015,-16.113281,25000000.000
6061,2023,-12.207031,25000000.000
6062,2036,-5.859375,25000000.000
6063,2034,-6.835938,25000000.000
6064,2058,4.882812,25000000.000
6065,2071,11.230469,25000000.000
6066,2082,16.601562,25000000.000
6067,2082,16.601562,25000000.000
6068,2100,25.390625,25000000.000
6069,2109,29.785156,25000000.000
6070,2114,32.226562,25000000.000
6071,2114,32.226562,25000000.000
6072,2121,35.644531,25000000.000
6073,2121,35.644531,25000000.000
6074,2120,35.156250,25000000.000
6075,2119,34.667969,25000000.000
6076,2113,31.738281,25000000.000
6077,2105,27.832031,25000000.000
6078,2101,25.878906,25000000.000
6079,2099,24.902344,25000000.000
6080,2081,16.113281,25000000.000
6081,2074,12.695312,25000000.000
6082,2063,7.324219,25000000.000
6083,2062,6.835938,25000000.000
6084,2040,-3.906250,25000000.000
6085,2030,-8.789062,25000000.000
6086,2016,-15.625000,25000000.000
6087,2017,-15.136719,25000000.000
6088,1996,-25.390625,25000000.000
6089,1990,-28.320312,25000000.000
6090,1983,-31.738281,25000000.000
6091,1983,-31.738281,25000000.000
6092,1976,-35.156250,25000000.000
6093,1974,-36.132812,25000000.000
6094,1976,-35.156250,25000000.000
6095,1974,-36.132812,25000000.000
6096,1980,-33.203125,25000000.000
6097,1985,-30.761719,25000000.000
6098,1990,-28.320312,25000000.000
6099,1989,-28.808594,25000000.000
6100,2007,-20.019531,25000000.000
6101,2017,-15.136719,25000000.000
6102,2024,-11.718750,25000000.000
6103,2026,-10.742188,25000000.000
6104,2048,0.000000,25000000.000
6105,2060,5.859375,25000000.000
6106,2073,12.207031,25000000.000
6107,2075,13.183594,25000000.000
6108,2092,21.484375,25000000.000
6109,2102,26.367188,25000000.000
6110,2111,30.761719,25000000.000
6111,2110,30.273438,25000000.000
6112,2119,34.667969,25000000.000
6113,2121,35.644531,25000000.000
6114,2120,35.156250,25000000.000
6115,2118,34.179688,25000000.000
6116,2115,32.714844,25000000.000
6117,2112,31.250000,25000000.000
6118,2104,27.343750,25000000.000
6119,2105,27.832031,25000000.000
6120,2090,20.507812,25000000.000
6121,2081,16.113281,25000000.000
6122,2071,11.230469,25000000.000
6123,2070,10.742188,25000000.000
6124,2050,0.976562,25000000.000
6125,2036,-5.859375,25000000.000
6126,2027,-10.253906,25000000.000
6127,2025,-11.230469,25000000.000
6128,2005,-20.996094,25000000.000
6129,1994,-26.367188,25000000.000
6130,1985,-30.761719,25000000.000
6131,1992,-27.343750,25000000.000
6132,1969,-38.574219,25000000.000
6133,1982,-32.226562,25000000.000
6134,1967,-39.550781,25000000.000
6135,1968,-39.062500,25000000.000
6136,1974,-36.132812,25000000.000
6137,1981,-32.714844,25000000.000
6138,1985,-30.761719,25000000.000
6139,1986,-30.273438,25000000.000
6140,2000,-23.437500,25000000.000
6141,2007,-20.019531,25000000.000
6142,2018,-14.648438,25000000.000
6143,2018,-14.648438,25000000.000
6144,2041,-3.417969,25000000.000
6145,2051,1.464844,25000000.000
6146,2063,7.324219,25000000.000
6147,2063,7.324219,25000000.000
6148,2086,18.554688,25000000.000
6149,2096,23.437500,25000000.000
6150,2104,27.343750,25000000.000
6151,2104,27.343750,25000000.000
6152,2116,33.203125,25000000.000
6153,2120,35.156250,25000000.000
6154,2121,35.644531,25000000.000
6155,2121,35.644531,25000000.000
6156,2118,34.179688,25000000.000
6157,2114,32.226562,25000000.000
6158,2112,31.250000,25000000.000
6159,2110,30.273438,25000000.000
6160,2098,24.414062,25000000.000
6161,2088,19.531250,25000000.000
6162,2080,15.625000,25000000.000
6163,2078,14.648438,25000000.000
6164,2059,5.371094,25000000.000
6165,2048,0.000000,25000000.000
6166,2036,-5.859375,25000000.000
6167,2035,-6.347656,25000000.000
6168,2012,-17.578125,25000000.000
6169,2005,-20.996094,25000000.000
6170,1993,-26.855469,25000000.000
6171,1996,-25.390625,25000000.000
6172,1982,-32.226562,25000000.000
6173,1976,-35.156250,25000000.000
6174,1971,-37.597656,25000000.000
6175,1975,-35.644531,25000000.000
6176,1979,-33.691406,25000000.000
6177,1979,-33.691406,25000000.000
6178,1980,-33.203125,25000000.000
6179,1983,-31.738281,25000000.000
6180,1992,-27.343750,25000000.000
6181,2001,-22.949219,25000000.000
6182,2008,-19.531250,25000000.000
6183,2009,-19.042969,25000000.000
6184,2026,-10.742188,25000000.000
6185,2041,-3.417969,25000000.000
6186,2052,1.953125,25000000.000
6187,2054,2.929688,25000000.000
6188,2074,12.695312,25000000.000
6189,2087,19.042969,25000000.000
6190,2096,23.437500,25000000.000
6191,2096,23.437500,25000000.000
6192,2112,31.250000,25000000.000
6193,2114,32.226562,25000000.000
6194,2121,35.644531,25000000.000
6195,2119,34.667969,25000000.000
6196,2120,35.156250,25000000.000
6197,2119,34.667969,25000000.000
6198,2113,31.738281,25000000.000
6199,2112,31.250000,25000000.000
6200,2102,26.367188,25000000.000
6201,2096,23.437500,25000000.000
6202,2086,18.554688,25000000.000
6203,2085,18.066406,25000000.000
6204,2069,10.253906,25000000.000
6205,2056,3.906250,25000000.000
6206,2047,-0.488281,25000000.000
6207,2045,-1.464844,25000000.000
6208,2022,-12.695312,25000000.000
6209,2010,-18.554688,25000000.000
6210,2002,-22.460938,25000000.000
6211,2000,-23.437500,25000000.000
6212,1986,-30.273438,25000000.000
6213,1978,-34.179688,25000000.000
6214,1976,-35.156250,25000000.000
6215,1974,-36.132812,25000000.000
6216,1972,-37.109375,25000000.000
6217,1974,-36.132812,25000000.000
6218,1978,-34.179688,25000000.000
6219,1979,-33.691406,25000000.000
6220,1985,-30.761719,25000000.000
6221,1993,-26.855469,25000000.000
6222,2001,-22.949219,25000000.000
6223,2002,-22.460938,25000000.000
6224,2019,-14.160156,25000000.000
6225,2030,-8.789062,25000000.000
6226,2043,-2.441406,25000000.000
6227,2043,-2.441406,25000000.000
6228,2066,8.789062,25000000.000
6229,2078,14.648438,25000000.000
6230,2086,18.554688,25000000.000
6231,2087,19.042969,25000000.000
6232,2104,27.343750,25000000.000
6233,2113,31.738281,25000000.000
6234,2115,32.714844,25000000.000
6235,2117,33.691406,25000000.000
6236,2118,34.179688,25000000.000
6237,2120,35.156250,25000000.000
6238,2117,33.691406,25000000.000
6239,2117,33.691406,25000000.000
6240,2109,29.785156,25000000.000
6241,2101,25.878906,25000000.000
6242,2093,21.972656,25000000.000
6243,2092,21.484375,25000000.000
6244,2078,14.648438,25000000.000
6245,2065,8.300781,25000000.000
6246,2055,3.417969,25000000.000
6247,2053,2.441406,25000000.000
6248,2032,-7.812500,25000000.000
6249,2021,-13.183594,25000000.000
6250,2011,-18.066406,25000000.000
6251,2010,-18.554688,25000000.000
6252,1991,-27.832031,25000000.000
6253,1984,-31.250000,25000000.000
6254,1978,-34.179688,25000000.000
6255,1979,-33.691406,25000000.000
6256,1973,-36.621094,25000000.000
6257,1973,-36.621094,25000000.000
6258,1975,-35.644531,25000000.000
6259,1975,-35.644531,25000000.000
6260,1982,-32.226562,25000000.000
6261,1985,-30.761719,25000000.000
6262,1995,-25.878906,25000000.000
6263,1994,-26.367188,25000000.000
6264,2010,-18.554688,25000000.000
6265,2022,-12.695312,25000000.000
6266,2032,-7.812500,25000000.000
6267,2033,-7.324219,25000000.000
6268,2058,4.882812,25000000.000
6269,2070,10.742188,25000000.000
6270,2099,24.902344,25000000.000
6271,2080,15.625000,25000000.000
6272,2093,21.972656,25000000.000
6273,2101,25.878906,25000000.000
6274,2117,33.691406,25000000.000
6275,2116,33.203125,25000000.000
6276,2121,35.644531,25000000.000
6277,2117,33.691406,25000000.000
6278,2122,36.132812,25000000.000
6279,2122,36.132812,25000000.000
6280,2112,31.250000,25000000.000
6281,2111,30.761719,25000000.000
6282,2100,25.390625,25000000.000
6283,2098,24.414062,25000000.000
6284,2089,20.019531,25000000.000
6285,2074,12.695312,25000000.000
6286,2064,7.812500,25000000.000
6287,2061,6.347656,25000000.000
6288,2040,-3.906250,25000000.000
6289,2032,-7.812500,25000000.000
6290,2020,-13.671875,25000000.000
6291,2020,-13.671875,25000000.000
6292,2001,-22.949219,25000000.000
6293,1987,-29.785156,25000000.000
6294,1985,-30.761719,25000000.000
6295,1982,-32.226562,25000000.000
6296,1975,-35.644531,25000000.000
6297,1975,-35.644531,25000000.000
6298,1971,-37.597656,25000000.000
6299,1977,-34.667969,25000000.000
6300,1980,-33.203125,25000000.000
6301,1984,-31.250000,25000000.000
6302,1989,-28.808594,25000000.000
6303,1990,-28.320312,25000000.000
6304,2011,-18.066406,25000000.000
6305,2014,-16.601562,25000000.000
6306,2026,-10.742188,25000000.000
6307,2027,-10.253906,25000000.000
6308,2050,0.976562,25000000.000
6309,2055,3.417969,25000000.000
6310,2073,12.207031,25000000.000
6311,2071,11.230469,25000000.000
6312,2091,20.996094,25000000.000
6313,2103,26.855469,25000000.000
6314,2106,28.320312,25000000.000
6315,2109,29.785156,25000000.000
6316,2119,34.667969,25000000.000
6317,2123,36.621094,25000000.000
6318,2120,35.156250,25000000.000
6319,2122,36.132812,25000000.000
6320,2117,33.691406,25000000.000
6321,2113,31.738281,25000000.000
6322,2107,28.808594,25000000.000
6323,2106,28.320312,25000000.000
6324,2092,21.484375,25000000.000
6325,2084,17.578125,25000000.000
6326,2074,12.695312,25000000.000
6327,2073,12.207031,25000000.000
6328,2052,1.953125,25000000.000
6329,2041,-3.417969,25000000.000
6330,2029,-9.277344,25000000.000
6331,2027,-10.253906,25000000.000
6332,2008,-19.531250,25000000.000
6333,1999,-23.925781,25000000.000
6334,1989,-28.808594,25000000.000
6335,1989,-28.808594,25000000.000
6336,1978,-34.179688,25000000.000
6337,1975,-35.644531,25000000.000
6338,1976,-35.156250,25000000.000
6339,1974,-36.132812,25000000.000
6340,1975,-35.644531,25000000.000
6341,1980,-33.203125,25000000.000
6342,1986,-30.273438,25000000.000
6343,1985,-30.761719,25000000.000
6344,1999,-23.925781,25000000.000
6345,2006,-20.507812,25000000.000
6346,2015,-16.113281,25000000.000
6347,2015,-16.113281,25000000.000
6348,2035,-6.347656,25000000.000
6349,2048,0.000000,25000000.000
6350,2057,4.394531,25000000.000
6351,2061,6.347656,25000000.000
6352,2081,16.113281,25000000.000
6353,2091,20.996094,25000000.000
6354,2102,26.367188,25000000.000
6355,2103,26.855469,25000000.000
6356,2116,33.203125,25000000.000
6357,2119,34.667969,25000000.000
6358,2119,34.667969,25000000.000
6359,2119,34.667969,25000000.000
6360,2121,35.644531,25000000.000
6361,2116,33.203125,25000000.000
6362,2112,31.250000,25000000.000
6363,2110,30.273438,25000000.000
6364,2099,24.902344,25000000.000
6365,2090,20.507812,25000000.000
6366,2083,17.089844,25000000.000
6367,2080,15.625000,25000000.000
6368,2062,6.835938,25000000.000
6369,2052,1.953125,25000000.000
6370,2039,-4.394531,25000000.000
6371,2039,-4.394531,25000000.000
6372,2017,-15.136719,25000000.000
6373,2006,-20.507812,25000000.000
6374,1997,-24.902344,25000000.000
6375,1996,-25.390625,25000000.000
6376,1983,-31.738281,25000000.000
6377,1977,-34.667969,25000000.000
6378,1976,-35.156250,25000000.000
6379,1974,-36.132812,25000000.000
6380,1974,-36.132812,25000000.000
6381,1977,-34.667969,25000000.000
6382,1979,-33.691406,25000000.000
6383,1979,-33.691406,25000000.000
6384,1989,-28.808594,25000000.000
6385,1999,-23.925781,25000000.000
6386,2008,-19.531250,25000000.000
6387,2012,-17.578125,25000000.000
6388,2025,-11.230469,25000000.000
6389,2036,-5.859375,25000000.000
6390,2049,0.488281,25000000.000
6391,2050,0.976562,25000000.000
6392,2071,11.230469,25000000.000
6393,2084,17.578125,25000000.000
6394,2093,21.972656,25000000.000
6395,2093,21.972656,25000000.000
6396,2108,29.296875,25000000.000
6397,2114,32.226562,25000000.000
6398,2118,34.179688,25000000.000
6399,2117,33.691406,25000000.000
6400,2120,35.156250,25000000.000
6401,2121,35.644531,25000000.000
6402,2115,32.714844,25000000.000
6403,2115,32.714844,25000000.000
6404,2103,26.855469,25000000.000
6405,2098,24.414062,25000000.000
6406,2089,20.019531,25000000.000
6407,2089,20.019531,25000000.000
6408,2072,11.718750,25000000.000
6409,2058,4.882812,25000000.000
6410,2049,0.488281,25000000.000
6411,2046,-0.976562,25000000.000
6412,2025,-11.230469,25000000.000
6413,2014,-16.601562,25000000.000
6414,2004,-21.484375,25000000.000
6415,2003,-21.972656,25000000.000
6416,1986,-30.273438,25000000.000
6417,1981,-32.714844,25000000.000
6418,1976,-35.156250,25000000.000
6419,1976,-35.156250,25000000.000
6420,1973,-36.621094,25000000.000
6421,1974,-36.132812,25000000.000
6422,1977,-34.667969,25000000.000
6423,1978,-34.179688,25000000.000
6424,1986,-30.273438,25000000.000
6425,1990,-28.320312,25000000.000
6426,1999,-23.925781,25000000.000
6427,2001,-22.949219,25000000.000
6428,2014,-16.601562,25000000.000
6429,2026,-10.742188,25000000.000
6430,2038,-4.882812,25000000.000
6431,2038,-4.882812,25000000.000
6432,2062,6.835938,25000000.000
6433,2074,12.695312,25000000.000
6434,2082,16.601562,25000000.000
6435,2084,17.578125,25000000.000
6436,2103,26.855469,25000000.000
6437,2109,29.785156,25000000.000
6438,2115,32.714844,25000000.000
6439,2116,33.203125,25000000.000
6440,2121,35.644531,25000000.000
6441,2120,35.156250,25000000.000
6442,2120,35.156250,25000000.000
6443,2118,34.179688,25000000.000
6444,2110,30.273438,25000000.000
6445,2104,27.343750,25000000.000
6446,2097,23.925781,25000000.000
6447,2094,22.460938,25000000.000
6448,2078,14.648438,25000000.000
6449,2069,10.253906,25000000.000
6450,2057,4.394531,25000000.000
6451,2057,4.394531,25000000.000
6452,2034,-6.835938,25000000.000
6453,2024,-11.718750,25000000.000
6454,2012,-17.578125,25000000.000
6455,2013,-17.089844,25000000.000
6456,1993,-26.855469,25000000.000
6457,1985,-30.761719,25000000.000
6458,1980,-33.203125,25000000.000
6459,1979,-33.691406,25000000.000
6460,1974,-36.132812,25000000.000
6461,1974,-36.132812,25000000.000
6462,1972,-37.109375,25000000.000
6463,1972,-37.109375,25000000.000
6464,1980,-33.203125,25000000.000
6465,1986,-30.273438,25000000.000
6466,1993,-26.855469,25000000.000
6467,1995,-25.878906,25000000.000
6468,2009,-19.042969,25000000.000
6469,2019,-14.160156,25000000.000
6470,2032,-7.812500,25000000.000
6471,2035,-6.347656,25000000.000
6472,2053,2.441406,25000000.000
6473,2061,6.347656,25000000.000
6474,2074,12.695312,25000000.000
6475,2077,14.160156,25000000.000
6476,2098,24.414062,25000000.000
6477,2097,23.925781,25000000.000
6478,2102,26.367188,25000000.000
6479,2134,41.992188,25000000.000
6480,2115,32.714844,25000000.000
6481,2124,37.109375,25000000.000
6482,2117,33.691406,25000000.000
6483,2118,34.179688,25000000.000
6484,2112,31.250000,25000000.000
6485,2110,30.273438,25000000.000
6486,2102,26.367188,25000000.000
6487,2104,27.343750,25000000.000
6488,2086,18.554688,25000000.000
6489,2078,14.648438,25000000.000
6490,2068,9.765625,25000000.000
6491,2067,9.277344,25000000.000
6492,2047,-0.488281,25000000.000
6493,2044,-1.953125,25000000.000
6494,2026,-10.742188,25000000.000
6495,2028,-9.765625,25000000.000
6496,2003,-21.972656,25000000.000
6497,1990,-28.320312,25000000.000
6498,1986,-30.273438,25000000.000
6499,1990,-28.320312,25000000.000
6500,1974,-36.132812,25000000.000
6501,1974,-36.132812,25000000.000
6502,1973,-36.621094,25000000.000
6503,1972,-37.109375,25000000.000
6504,1979,-33.691406,25000000.000
6505,1982,-32.226562,25000000.000
6506,1987,-29.785156,25000000.000
6507,1989,-28.808594,25000000.000
6508,2003,-21.972656,25000000.000
6509,2009,-19.042969,25000000.000
6510,2022,-12.695312,25000000.000
6511,2021,-13.183594,25000000.000
6512,2040,-3.906250,25000000.000
6513,2054,2.929688,25000000.000
6514,2066,8.789062,25000000.000
6515,2068,9.765625,25000000.000
6516,2084,17.578125,25000000.000
6517,2104,27.343750,25000000.000
6518,2107,28.808594,25000000.000
6519,2109,29.785156,25000000.000
6520,2113,31.738281,25000000.000
6521,2121,35.644531,25000000.000
6522,2130,40.039062,25000000.000
6523,2121,35.644531,25000000.000
6524,2119,34.667969,25000000.000
6525,2111,30.761719,25000000.000
6526,2112,31.250000,25000000.000
6527,2108,29.296875,25000000.000
6528,2095,22.949219,25000000.000
6529,2086,18.554688,25000000.000
6530,2077,14.160156,25000000.000
6531,2075,13.183594,25000000.000
6532,2056,3.906250,25000000.000
6533,2045,-1.464844,25000000.000
6534,2032,-7.812500,25000000.000
6535,2033,-7.324219,25000000.000
6536,2011,-18.066406,25000000.000
6537,2000,-23.437500,25000000.000
6538,1994,-26.367188,25000000.000
6539,1991,-27.832031,25000000.000
6540,1979,-33.691406,25000000.000
6541,1975,-35.644531,25000000.000
6542,1975,-35.644531,25000000.000
6543,1974,-36.132812,25000000.000
6544,1976,-35.156250,25000000.000
6545,1977,-34.667969,25000000.000
6546,1983,-31.738281,25000000.000
6547,1983,-31.738281,25000000.000
6548,1995,-25.878906,25000000.000
6549,2003,-21.972656,25000000.000
6550,2011,-18.066406,25000000.000
6551,2012,-17.578125,25000000.000
6552,2033,-7.324219,25000000.000
6553,2044,-1.953125,25000000.000
6554,2060,5.859375,25000000.000
6555,2060,5.859375,25000000.000
6556,2079,15.136719,25000000.000
6557,2089,20.019531,25000000.000
6558,2100,25.390625,25000000.000
6559,2098,24.414062,25000000.000
6560,2115,32.714844,25000000.000
6561,2114,32.226562,25000000.000
6562,2121,35.644531,25000000.000
6563,2120,35.156250,25000000.000
6564,2114,32.226562,25000000.000
6565,2119,34.667969,25000000.000
6566,2115,32.714844,25000000.000
6567,2117,33.691406,25000000.000
6568,2099,24.902344,25000000.000
6569,2094,22.460938,25000000.000
6570,2086,18.554688,25000000.000
6571,2085,18.066406,25000000.000
6572,2065,8.300781,25000000.000
6573,2050,0.976562,25000000.000
6574,2039,-4.394531,25000000.000
6575,2043,-2.441406,25000000.000
6576,2025,-11.230469,25000000.000
6577,2006,-20.507812,25000000.000
6578,2000,-23.437500,25000000.000
6579,1995,-25.878906,25000000.000
6580,1979,-33.691406,25000000.000
6581,1978,-34.179688,25000000.000
6582,1976,-35.156250,25000000.000
6583,1977,-34.667969,25000000.000
6584,1972,-37.109375,25000000.000
6585,1976,-35.156250,25000000.000
6586,1978,-34.179688,25000000.000
6587,1980,-33.203125,25000000.000
6588,1989,-28.808594,25000000.000
6589,1996,-25.390625,25000000.000
6590,2003,-21.972656,25000000.000
6591,2005,-20.996094,25000000.000
6592,2024,-11.718750,25000000.000
6593,2033,-7.324219,25000000.000
6594,2045,-1.464844,25000000.000
6595,2048,0.000000,25000000.000
6596,2064,7.812500,25000000.000
6597,2082,16.601562,25000000.000
6598,2089,20.019531,25000000.000
6599,2089,20.019531,25000000.000
6600,2108,29.296875,25000000.000
6601,2114,32.226562,25000000.000
6602,2117,33.691406,25000000.000
6603,2119,34.667969,25000000.000
6604,2121,35.644531,25000000.000
6605,2119,34.667969,25000000.000
6606,2116,33.203125,25000000.000
6607,2115,32.714844,25000000.000
6608,2107,28.808594,25000000.000
6609,2098,24.414062,25000000.000
6610,2092,21.484375,25000000.000
6611,2091,20.996094,25000000.000
6612,2072,11.718750,25000000.000
6613,2063,7.324219,25000000.000
6614,2049,0.488281,25000000.000
6615,2048,0.000000,25000000.000
6616,2031,-8.300781,25000000.000
6617,2017,-15.136719,25000000.000
6618,2007,-20.019531,25000000.000
6619,2003,-21.972656,25000000.000
6620,1989,-28.808594,25000000.000
6621,1982,-32.226562,25000000.000
6622,1978,-34.179688,25000000.000
6623,1979,-33.691406,25000000.000
6624,1974,-36.132812,25000000.000
6625,1973,-36.621094,25000000.000
6626,1977,-34.667969,25000000.000
6627,1976,-35.156250,25000000.000
6628,1984,-31.250000,25000000.000
6629,1991,-27.832031,25000000.000
6630,1995,-25.878906,25000000.000
6631,1996,-25.390625,25000000.000
6632,2014,-16.601562,25000000.000
6633,2025,-11.230469,25000000.000
6634,2034,-6.835938,25000000.000
6635,2038,-4.882812,25000000.000
6636,2059,5.371094,25000000.000
6637,2071,11.230469,25000000.000
6638,2084,17.578125,25000000.000
6639,2084,17.578125,25000000.000
6640,2101,25.878906,25000000.000
6641,2108,29.296875,25000000.000
6642,2115,32.714844,25000000.000
6643,2114,32.226562,25000000.000
6644,2121,35.644531,25000000.000
6645,2121,35.644531,25000000.000
6646,2119,34.667969,25000000.000
6647,2118,34.179688,25000000.000
6648,2112,31.250000,25000000.000
6649,2107,28.808594,25000000.000
6650,2098,24.414062,25000000.000
6651,2098,24.414062,25000000.000
6652,2081,16.113281,25000000.000
6653,2072,11.718750,25000000.000
6654,2062,6.835938,25000000.000
6655,2061,6.347656,25000000.000
6656,2039,-4.394531,25000000.000
6657,2027,-10.253906,25000000.000
6658,2017,-15.136719,25000000.000
6659,2014,-16.601562,25000000.000
6660,1997,-24.902344,25000000.000
6661,1989,-28.808594,25000000.000
6662,1981,-32.714844,25000000.000
6663,1980,-33.203125,25000000.000
6664,1975,-35.644531,25000000.000
6665,1974,-36.132812,25000000.000
6666,1974,-36.132812,25000000.000
6667,1975,-35.644531,25000000.000
6668,1980,-33.203125,25000000.000
6669,1987,-29.785156,25000000.000
6670,1991,-27.832031,25000000.000
6671,1994,-26.367188,25000000.000
6672,2007,-20.019531,25000000.000
6673,2017,-15.136719,25000000.000
6674,2028,-9.765625,25000000.000
6675,2029,-9.277344,25000000.000
6676,2051,1.464844,25000000.000
6677,2061,6.347656,25000000.000
6678,2073,12.207031,25000000.000
6679,2074,12.695312,25000000.000
6680,2103,26.855469,25000000.000
6681,2107,28.808594,25000000.000
6682,2111,30.761719,25000000.000
6683,2128,39.062500,25000000.000
6684,2119,34.667969,25000000.000
6685,2129,39.550781,25000000.000
6686,2120,35.156250,25000000.000
6687,2120,35.156250,25000000.000
6688,2118,34.179688,25000000.000
6689,2114,32.226562,25000000.000
6690,2105,27.832031,25000000.000
6691,2103,26.855469,25000000.000
6692,2090,20.507812,25000000.000
6693,2082,16.601562,25000000.000
6694,2070,10.742188,25000000.000
6695,2070,10.742188,25000000.000
6696,2049,0.488281,25000000.000
6697,2038,-4.882812,25000000.000
6698,2026,-10.742188,25000000.000
6699,2023,-12.207031,25000000.000
6700,2004,-21.484375,25000000.000
6701,1996,-25.390625,25000000.000
6702,1987,-29.785156,25000000.000
6703,1988,-29.296875,25000000.000
6704,1976,-35.156250,25000000.000
6705,1974,-36.132812,25000000.000
6706,1974,-36.132812,25000000.000
6707,1975,-35.644531,25000000.000
6708,1979,-33.691406,25000000.000
6709,1979,-33.691406,25000000.000
6710,1986,-30.273438,25000000.000
6711,1987,-29.785156,25000000.000
6712,1999,-23.925781,25000000.000
6713,2008,-19.531250,25000000.000
6714,2016,-15.625000,25000000.000
6715,2020,-13.671875,25000000.000
6716,2040,-3.906250,25000000.000
6717,2052,1.953125,25000000.000
6718,2063,7.324219,25000000.000
6719,2066,8.789062,25000000.000
6720,2087,19.042969,25000000.000
6721,2094,22.460938,25000000.000
6722,2104,27.343750,25000000.000
6723,2106,28.320312,25000000.000
6724,2119,34.667969,25000000.000
6725,2118,34.179688,25000000.000
6726,2123,36.621094,25000000.000
6727,2124,37.109375,25000000.000
6728,2117,33.691406,25000000.000
6729,2115,32.714844,25000000.000
6730,2108,29.296875,25000000.000
6731,2109,29.785156,25000000.000
6732,2096,23.437500,25000000.000
6733,2089,20.019531,25000000.000
6734,2078,14.648438,25000000.000
6735,2078,14.648438,25000000.000
6736,2057,4.394531,25000000.000
6737,2045,-1.464844,25000000.000
6738,2034,-6.835938,25000000.000
6739,2035,-6.347656,25000000.000
6740,2014,-16.601562,25000000.000
6741,2002,-22.460938,25000000.000
6742,1995,-25.878906,25000000.000
6743,1992,-27.343750,25000000.000
6744,1979,-33.691406,25000000.000
6745,1976,-35.156250,25000000.000
6746,1973,-36.621094,25000000.000
6747,1973,-36.621094,25000000.000
6748,1975,-35.644531,25000000.000
6749,1979,-33.691406,25000000.000
6750,1982,-32.226562,25000000.000
6751,1983,-31.738281,25000000.000
6752,1993,-26.855469,25000000.000
6753,2000,-23.437500,25000000.000
6754,2010,-18.554688,25000000.000
6755,2011,-18.066406,25000000.000
6756,2031,-8.300781,25000000.000
6757,2039,-4.394531,25000000.000
6758,2054,2.929688,25000000.000
6759,2054,2.929688,25000000.000
6760,2076,13.671875,25000000.000
6761,2087,19.042969,25000000.000
6762,2094,22.460938,25000000.000
6763,2096,23.437500,25000000.000
6764,2109,29.785156,25000000.000
6765,2117,33.691406,25000000.000
6766,2119,34.667969,25000000.000
6767,2119,34.667969,25000000.000
6768,2122,36.132812,25000000.000
6769,2116,33.203125,25000000.000
6770,2113,31.738281,25000000.000
6771,2115,32.714844,25000000.000
6772,2101,25.878906,25000000.000
6773,2094,22.460938,25000000.000
6774,2088,19.531250,25000000.000
6775,2086,18.554688,25000000.000
6776,2068,9.765625,25000000.000
6777,2054,2.929688,25000000.000
6778,2044,-1.953125,25000000.000
6779,2042,-2.929688,25000000.000
6780,2021,-13.183594,25000000.000
6781,2012,-17.578125,25000000.000
6782,2000,-23.437500,25000000.000
6783,2000,-23.437500,25000000.000
6784,1984,-31.250000,25000000.000
6785,1980,-33.203125,25000000.000
6786,1975,-35.644531,25000000.000
6787,1976,-35.156250,25000000.000
6788,1974,-36.132812,25000000.000
6789,1974,-36.132812,25000000.000
6790,1979,-33.691406,25000000.000
6791,1978,-34.179688,25000000.000
6792,1988,-29.296875,25000000.000
6793,1992,-27.343750,25000000.000
6794,2002,-22.460938,25000000.000
6795,2002,-22.460938,25000000.000
6796,2019,-14.160156,25000000.000
6797,2031,-8.300781,25000000.000
6798,2042,-2.929688,25000000.000
6799,2044,-1.953125,25000000.000
6800,2066,8.789062,25000000.000
6801,2079,15.136719,25000000.000
6802,2090,20.507812,25000000.000
6803,2091,20.996094,25000000.000
6804,2105,27.832031,25000000.000
6805,2113,31.738281,25000000.000
6806,2117,33.691406,25000000.000
6807,2117,33.691406,25000000.000
6808,2121,35.644531,25000000.000
6809,2118,34.179688,25000000.000
6810,2117,33.691406,25000000.000
6811,2115,32.714844,25000000.000
6812,2107,28.808594,25000000.000
6813,2101,25.878906,25000000.000
6814,2093,21.972656,25000000.000
6815,2092,21.484375,25000000.000
6816,2075,13.183594,25000000.000
6817,2066,8.789062,25000000.000
6818,2054,2.929688,25000000.000
6819,2053,2.441406,25000000.000
6820,2030,-8.789062,25000000.000
6821,2019,-14.160156,25000000.000
6822,2010,-18.554688,25000000.000
6823,2008,-19.531250,25000000.000
6824,1981,-32.714844,25000000.000
6825,2003,-21.972656,25000000.000
6826,1975,-35.644531,25000000.000
6827,1974,-36.132812,25000000.000
6828,1971,-37.597656,25000000.000
6829,1976,-35.156250,25000000.000
6830,1975,-35.644531,25000000.000
6831,1971,-37.597656,25000000.000
6832,1982,-32.226562,25000000.000
6833,1990,-28.320312,25000000.000
6834,1992,-27.343750,25000000.000
6835,1995,-25.878906,25000000.000
6836,2013,-17.089844,25000000.000
6837,2021,-13.183594,25000000.000
6838,2035,-6.347656,25000000.000
6839,2037,-5.371094,25000000.000
6840,2058,4.882812,25000000.000
6841,2066,8.789062,25000000.000
6842,2080,15.625000,25000000.000
6843,2080,15.625000,25000000.000
6844,2099,24.902344,25000000.000
6845,2106,28.320312,25000000.000
6846,2114,32.226562,25000000.000
6847,2112,31.250000,25000000.000
6848,2120,35.156250,25000000.000
6849,2121,35.644531,25000000.000
6850,2117,33.691406,25000000.000
6851,2119,34.667969,25000000.000
6852,2113,31.738281,25000000.000
6853,2106,28.320312,25000000.000
6854,2100,25.390625,25000000.000
6855,2101,25.878906,25000000.000
6856,2083,17.089844,25000000.000
6857,2073,12.207031,25000000.000
6858,2066,8.789062,25000000.000
6859,2062,6.835938,25000000.000
6860,2043,-2.441406,25000000.000
6861,2031,-8.300781,25000000.000
6862,2017,-15.136719,25000000.000
6863,2018,-14.648438,25000000.000
6864,1999,-23.925781,25000000.000
6865,1992,-27.343750,25000000.000
6866,1982,-32.226562,25000000.000
6867,1983,-31.738281,25000000.000
6868,1979,-33.691406,25000000.000
6869,1977,-34.667969,25000000.000
6870,1974,-36.132812,25000000.000
6871,1978,-34.179688,25000000.000
6872,1981,-32.714844,25000000.000
6873,1985,-30.761719,25000000.000
6874,1993,-26.855469,25000000.000
6875,1989,-28.808594,25000000.000
6876,2007,-20.019531,25000000.000
6877,2015,-16.113281,25000000.000
6878,2024,-11.718750,25000000.000
6879,2025,-11.230469,25000000.000
6880,2047,-0.488281,25000000.000
6881,2060,5.859375,25000000.000
6882,2070,10.742188,25000000.000
6883,2073,12.207031,25000000.000
6884,2090,20.507812,25000000.000
6885,2104,27.343750,25000000.000
6886,2109,29.785156,25000000.000
6887,2110,30.273438,25000000.000
6888,2121,35.644531,25000000.000
6889,2114,32.226562,25000000.000
6890,2127,38.574219,25000000.000
6891,2125,37.597656,25000000.000
6892,2115,32.714844,25000000.000
6893,2111,30.761719,25000000.000
6894,2107,28.808594,25000000.000
6895,2107,28.808594,25000000.000
6896,2091,20.996094,25000000.000
6897,2083,17.089844,25000000.000
6898,2074,12.695312,25000000.000
6899,2072,11.718750,25000000.000
6900,2050,0.976562,25000000.000
6901,2042,-2.929688,25000000.000
6902,2028,-9.765625,25000000.000
6903,2029,-9.277344,25000000.000
6904,2008,-19.531250,25000000.000
6905,1998,-24.414062,25000000.000
6906,1991,-27.832031,25000000.000
6907,1990,-28.320312,25000000.000
6908,1979,-33.691406,25000000.000
6909,1974,-36.132812,25000000.000
6910,1973,-36.621094,25000000.000
6911,1974,-36.132812,25000000.000
6912,1976,-35.156250,25000000.000
6913,1980,-33.203125,25000000.000
6914,1985,-30.761719,25000000.000
6915,1985,-30.761719,25000000.000
6916,1998,-24.414062,25000000.000
6917,2007,-20.019531,25000000.000
6918,2015,-16.113281,25000000.000
6919,2018,-14.648438,25000000.000
6920,2037,-5.371094,25000000.000
6921,2050,0.976562,25000000.000
6922,2060,5.859375,25000000.000
6923,2061,6.347656,25000000.000
6924,2083,17.089844,25000000.000
6925,2093,21.972656,25000000.000
6926,2103,26.855469,25000000.000
6927,2104,27.343750,25000000.000
6928,2115,32.714844,25000000.000
6929,2119,34.667969,25000000.000
6930,2120,35.156250,25000000.000
6931,2120,35.156250,25000000.000
6932,2116,33.203125,25000000.000
6933,2118,34.179688,25000000.000
6934,2111,30.761719,25000000.000
6935,2111,30.761719,25000000.000
6936,2099,24.902344,25000000.000
6937,2089,20.019531,25000000.000
6938,2082,16.601562,25000000.000
6939,2081,16.113281,25000000.000
6940,2062,6.835938,25000000.000
6941,2050,0.976562,25000000.000
6942,2039,-4.394531,25000000.000
6943,2036,-5.859375,25000000.000
6944,2019,-14.160156,25000000.000
6945,2005,-20.996094,25000000.000
6946,1994,-26.367188,25000000.000
6947,1992,-27.343750,25000000.000
6948,1981,-32.714844,25000000.000
6949,1978,-34.179688,25000000.000
6950,1973,-36.621094,25000000.000
6951,1974,-36.132812,25000000.000
6952,1974,-36.132812,25000000.000
6953,1976,-35.156250,25000000.000
6954,1979,-33.691406,25000000.000
6955,1980,-33.203125,25000000.000
6956,1991,-27.832031,25000000.000
6957,1998,-24.414062,25000000.000
6958,2012,-17.578125,25000000.000
6959,2005,-20.996094,25000000.000
6960,2030,-8.789062,25000000.000
6961,2038,-4.882812,25000000.000
6962,2049,0.488281,25000000.000
6963,2049,0.488281,25000000.000
6964,2073,12.207031,25000000.000
6965,2085,18.066406,25000000.000
6966,2094,22.460938,25000000.000
6967,2095,22.949219,25000000.000
6968,2110,30.273438,25000000.000
6969,2115,32.714844,25000000.000
6970,2119,34.667969,25000000.000
6971,2121,35.644531,25000000.000
6972,2120,35.156250,25000000.000
6973,2118,34.179688,25000000.000
6974,2117,33.691406,25000000.000
6975,2114,32.226562,25000000.000
6976,2104,27.343750,25000000.000
6977,2096,23.437500,25000000.000
6978,2088,19.531250,25000000.000
6979,2086,18.554688,25000000.000
6980,2068,9.765625,25000000.000
6981,2060,5.859375,25000000.000
6982,2047,-0.488281,25000000.000
6983,2046,-0.976562,25000000.000
6984,2021,-13.183594,25000000.000
6985,2015,-16.113281,25000000.000
6986,2002,-22.460938,25000000.000
6987,2003,-21.972656,25000000.000
6988,1986,-30.273438,25000000.000
6989,1980,-33.203125,25000000.000
6990,1976,-35.156250,25000000.000
6991,1974,-36.132812,25000000.000
6992,1975,-35.644531,25000000.000
6993,1974,-36.132812,25000000.000
6994,1977,-34.667969,25000000.000
6995,1978,-34.179688,25000000.000
6996,1986,-30.273438,25000000.000
6997,1995,-25.878906,25000000.000
6998,2001,-22.949219,25000000.000
6999,2001,-22.949219,25000000.000
7000,2019,-14.160156,25000000.000
7001,2030,-8.789062,25000000.000
7002,2041,-3.417969,25000000.000
7003,2043,-2.441406,25000000.000
7004,2064,7.812500,25000000.000
7005,2075,13.183594,25000000.000
7006,2086,18.554688,25000000.000
7007,2086,18.554688,25000000.000
7008,2104,27.343750,25000000.000
7009,2110,30.273438,25000000.000
7010,2116,33.203125,25000000.000
7011,2114,32.226562,25000000.000
7012,2119,34.667969,25000000.000
7013,2121,35.644531,25000000.000
7014,2116,33.203125,25000000.000
7015,2117,33.691406,25000000.000
7016,2107,28.808594,25000000.000
7017,2104,27.343750,25000000.000
7018,2094,22.460938,25000000.000
7019,2095,22.949219,25000000.000
7020,2079,15.136719,25000000.000
7021,2066,8.789062,25000000.000
7022,2057,4.394531,25000000.000
7023,2055,3.417969,25000000.000
7024,2036,-5.859375,25000000.000
7025,2022,-12.695312,25000000.000
7026,2013,-17.089844,25000000.000
7027,2009,-19.042969,25000000.000
7028,1993,-26.855469,25000000.000
7029,1988,-29.296875,25000000.000
7030,1980,-33.203125,25000000.000
7031,1979,-33.691406,25000000.000
7032,1974,-36.132812,25000000.000
7033,1975,-35.644531,25000000.000
7034,1974,-36.132812,25000000.000
7035,1976,-35.156250,25000000.000
7036,1982,-32.226562,25000000.000
7037,1987,-29.785156,25000000.000
7038,1994,-26.367188,25000000.000
7039,1995,-25.878906,25000000.000
7040,2011,-18.066406,25000000.000
7041,2019,-14.160156,25000000.000
7042,2031,-8.300781,25000000.000
7043,2031,-8.300781,25000000.000
7044,2055,3.417969,25000000.000
7045,2066,8.789062,25000000.000
7046,2077,14.160156,25000000.000
7047,2078,14.648438,25000000.000
7048,2097,23.925781,25000000.000
7049,2106,28.320312,25000000.000
7050,2113,31.738281,25000000.000
7051,2113,31.738281,25000000.000
7052,2122,36.132812,25000000.000
7053,2121,35.644531,25000000.000
7054,2120,35.156250,25000000.000
7055,2123,36.621094,25000000.000
7056,2116,33.203125,25000000.000
7057,2109,29.785156,25000000.000
7058,2104,27.343750,25000000.000
7059,2102,26.367188,25000000.000
7060,2086,18.554688,25000000.000
7061,2077,14.160156,25000000.000
7062,2066,8.789062,25000000.000
7063,2065,8.300781,25000000.000
7064,2045,-1.464844,25000000.000
7065,2033,-7.324219,25000000.000
7066,2021,-13.183594,25000000.000
7067,2020,-13.671875,25000000.000
7068,2000,-23.437500,25000000.000
7069,1991,-27.832031,25000000.000
7070,1986,-30.273438,25000000.000
7071,1985,-30.761719,25000000.000
7072,1977,-34.667969,25000000.000
7073,1974,-36.132812,25000000.000
7074,1974,-36.132812,25000000.000
7075,1974,-36.132812,25000000.000
7076,1979,-33.691406,25000000.000
7077,1982,-32.226562,25000000.000
7078,1989,-28.808594,25000000.000
7079,1988,-29.296875,25000000.000
7080,2003,-21.972656,25000000.000
7081,2012,-17.578125,25000000.000
7082,2021,-13.183594,25000000.000
7083,2023,-12.207031,25000000.000
7084,2044,-1.953125,25000000.000
7085,2056,3.906250,25000000.000
7086,2068,9.765625,25000000.000
7087,2069,10.253906,25000000.000
7088,2091,20.996094,25000000.000
7089,2098,24.414062,25000000.000
7090,2108,29.296875,25000000.000
7091,2106,28.320312,25000000.000
7092,2119,34.667969,25000000.000
7093,2120,35.156250,25000000.000
7094,2120,35.156250,25000000.000
7095,2120,35.156250,25000000.000
7096,2116,33.203125,25000000.000
7097,2114,32.226562,25000000.000
7098,2104,27.343750,25000000.000
7099,2104,27.343750,25000000.000
7100,2093,21.972656,25000000.000
7101,2086,18.554688,25000000.000
7102,2075,13.183594,25000000.000
7103,2075,13.183594,25000000.000
7104,2052,1.953125,25000000.000
7105,2042,-2.929688,25000000.000
7106,2032,-7.812500,25000000.000
7107,2031,-8.300781,25000000.000
7108,2009,-19.042969,25000000.000
7109,2000,-23.437500,25000000.000
7110,1990,-28.320312,25000000.000
7111,1989,-28.808594,25000000.000
7112,1977,-34.667969,25000000.000
7113,1979,-33.691406,25000000.000
7114,1974,-36.132812,25000000.000
7115,1974,-36.132812,25000000.000
7116,1975,-35.644531,25000000.000
7117,1980,-33.203125,25000000.000
7118,1983,-31.738281,25000000.000
7119,1984,-31.250000,25000000.000
7120,1995,-25.878906,25000000.000
7121,2004,-21.484375,25000000.000
7122,2014,-16.601562,25000000.000
7123,2015,-16.113281,25000000.000
7124,2035,-6.347656,25000000.000
7125,2045,-1.464844,25000000.000
7126,2058,4.882812,25000000.000
7127,2057,4.394531,25000000.000
7128,2079,15.136719,25000000.000
7129,2092,21.484375,25000000.000
7130,2098,24.414062,25000000.000
7131,2100,25.390625,25000000.000
7132,2112,31.250000,25000000.000
7133,2119,34.667969,25000000.000
7134,2118,34.179688,25000000.000
7135,2120,35.156250,25000000.000
7136,2120,35.156250,25000000.000
7137,2116,33.203125,25000000.000
7138,2112,31.250000,25000000.000
7139,2112,31.250000,25000000.000
7140,2102,26.367188,25000000.000
7141,2092,21.484375,25000000.000
7142,2084,17.578125,25000000.000
7143,2083,17.089844,25000000.000
7144,2063,7.324219,25000000.000
7145,2052,1.953125,25000000.000
7146,2041,-3.417969,25000000.000
7147,2037,-5.371094,25000000.000
7148,2016,-15.625000,25000000.000
7149,2006,-20.507812,25000000.000
7150,1998,-24.414062,25000000.000
7151,1997,-24.902344,25000000.000
7152,1983,-31.738281,25000000.000
7153,1976,-35.156250,25000000.000
7154,1976,-35.156250,25000000.000
7155,1975,-35.644531,25000000.000
7156,1975,-35.644531,25000000.000
7157,1974,-36.132812,25000000.000
7158,1982,-32.226562,25000000.000
7159,1979,-33.691406,25000000.000
7160,1990,-28.320312,25000000.000
7161,1998,-24.414062,25000000.000
7162,2004,-21.484375,25000000.000
7163,2005,-20.996094,25000000.000
7164,2024,-11.718750,25000000.000
7165,2037,-5.371094,25000000.000
7166,2046,-0.976562,25000000.000
7167,2048,0.000000,25000000.000
7168,2069,10.253906,25000000.000
7169,2081,16.113281,25000000.000
7170,2077,14.160156,25000000.000
7171,2107,28.808594,25000000.000
7172,2118,34.179688,25000000.000
7173,2109,29.785156,25000000.000
7174,2123,36.621094,25000000.000
7175,2119,34.667969,25000000.000
7176,2124,37.109375,25000000.000
7177,2117,33.691406,25000000.000
7178,2116,33.203125,25000000.000
7179,2115,32.714844,25000000.000
7180,2104,27.343750,25000000.000
7181,2099,24.902344,25000000.000
7182,2087,19.042969,25000000.000
7183,2087,19.042969,25000000.000
7184,2069,10.253906,25000000.000
7185,2061,6.347656,25000000.000
7186,2049,0.488281,25000000.000
7187,2051,1.464844,25000000.000
7188,2028,-9.765625,25000000.000
7189,2015,-16.113281,25000000.000
7190,2006,-20.507812,25000000.000
7191,2002,-22.460938,25000000.000
7192,1989,-28.808594,25000000.000
7193,1981,-32.714844,25000000.000
7194,1977,-34.667969,25000000.000
7195,1975,-35.644531,25000000.000
7196,1973,-36.621094,25000000.000
7197,1974,-36.132812,25000000.000
7198,1975,-35.644531,25000000.000
7199,1975,-35.644531,25000000.000
7200,1982,-32.226562,25000000.000
7201,1991,-27.832031,25000000.000
7202,1998,-24.414062,25000000.000
7203,1999,-23.925781,25000000.000
7204,2016,-15.625000,25000000.000
7205,2025,-11.230469,25000000.000
7206,2038,-4.882812,25000000.000
7207,2037,-5.371094,25000000.000
7208,2062,6.835938,25000000.000
7209,2071,11.230469,25000000.000
7210,2084,17.578125,25000000.000
7211,2085,18.066406,25000000.000
7212,2105,27.832031,25000000.000
7213,2106,28.320312,25000000.000
7214,2106,28.320312,25000000.000
7215,2119,34.667969,25000000.000
7216,2117,33.691406,25000000.000
7217,2118,34.179688,25000000.000
7218,2123,36.621094,25000000.000
7219,2122,36.132812,25000000.000
7220,2109,29.785156,25000000.000
7221,2105,27.832031,25000000.000
7222,2100,25.390625,25000000.000
7223,2098,24.414062,25000000.000
7224,2078,14.648438,25000000.000
7225,2068,9.765625,25000000.000
7226,2060,5.859375,25000000.000
7227,2060,5.859375,25000000.000
7228,2035,-6.347656,25000000.000
7229,2026,-10.742188,25000000.000
7230,2013,-17.089844,25000000.000
7231,2012,-17.578125,25000000.000
7232,1994,-26.367188,25000000.000
7233,1988,-29.296875,25000000.000
7234,1980,-33.203125,25000000.000
7235,1982,-32.226562,25000000.000
7236,1978,-34.179688,25000000.000
7237,1986,-30.273438,25000000.000
7238,1974,-36.132812,25000000.000
7239,1978,-34.179688,25000000.000
7240,1967,-39.550781,25000000.000
7241,1992,-27.343750,25000000.000
7242,1995,-25.878906,25000000.000
7243,1990,-28.320312,25000000.000
7244,2006,-20.507812,25000000.000
7245,2018,-14.648438,25000000.000
7246,2030,-8.789062,25000000.000
7247,2033,-7.324219,25000000.000
7248,2048,0.000000,25000000.000
7249,2067,9.277344,25000000.000
7250,2073,12.207031,25000000.000
7251,2076,13.671875,25000000.000
7252,2095,22.949219,25000000.000
7253,2104,27.343750,25000000.000
7254,2112,31.250000,25000000.000
7255,2113,31.738281,25000000.000
7256,2121,35.644531,25000000.000
7257,2120,35.156250,25000000.000
7258,2123,36.621094,25000000.000
7259,2121,35.644531,25000000.000
7260,2116,33.203125,25000000.000
7261,2110,30.273438,25000000.000
7262,2104,27.343750,25000000.000
7263,2102,26.367188,25000000.000
7264,2089,20.019531,25000000.000
7265,2081,16.113281,25000000.000
7266,2065,8.300781,25000000.000
7267,2066,8.789062,25000000.000
7268,2045,-1.464844,25000000.000
7269,2035,-6.347656,25000000.000
7270,2027,-10.253906,25000000.000
7271,2025,-11.230469,25000000.000
7272,2003,-21.972656,25000000.000
7273,1995,-25.878906,25000000.000
7274,1985,-30.761719,25000000.000
7275,1984,-31.250000,25000000.000
7276,1978,-34.179688,25000000.000
7277,1974,-36.132812,25000000.000
7278,1974,-36.132812,25000000.000
7279,1973,-36.621094,25000000.000
7280,1978,-34.179688,25000000.000
7281,1984,-31.250000,25000000.000
7282,1985,-30.761719,25000000.000
7283,1987,-29.785156,25000000.000
7284,2002,-22.460938,25000000.000
7285,2009,-19.042969,25000000.000
7286,2020,-13.671875,25000000.000
7287,2021,-13.183594,25000000.000
7288,2042,-2.929688,25000000.000
7289,2053,2.441406,25000000.000
7290,2065,8.300781,25000000.000
7291,2065,8.300781,25000000.000
7292,2088,19.531250,25000000.000
7293,2097,23.925781,25000000.000
7294,2105,27.832031,25000000.000
7295,2105,27.832031,25000000.000
7296,2117,33.691406,25000000.000
7297,2121,35.644531,25000000.000
7298,2120,35.156250,25000000.000
7299,2122,36.132812,25000000.000
7300,2117,33.691406,25000000.000
7301,2114,32.226562,25000000.000
7302,2110,30.273438,25000000.000
7303,2110,30.273438,25000000.000
7304,2096,23.437500,25000000.000
7305,2084,17.578125,25000000.000
7306,2079,15.136719,25000000.000
7307,2077,14.160156,25000000.000
7308,2062,6.835938,25000000.000
7309,2044,-1.953125,25000000.000
7310,2034,-6.835938,25000000.000
7311,2033,-7.324219,25000000.000
7312,2011,-18.066406,25000000.000
7313,2003,-21.972656,25000000.000
7314,1991,-27.832031,25000000.000
7315,1992,-27.343750,25000000.000
7316,1978,-34.179688,25000000.000
7317,1977,-34.667969,25000000.000
7318,1975,-35.644531,25000000.000
7319,1974,-36.132812,25000000.000
7320,1976,-35.156250,25000000.000
7321,1978,-34.179688,25000000.000
7322,1982,-32.226562,25000000.000
7323,1981,-32.714844,25000000.000
7324,1995,-25.878906,25000000.000
7325,2002,-22.460938,25000000.000
7326,2011,-18.066406,25000000.000
7327,2011,-18.066406,25000000.000
7328,2030,-8.789062,25000000.000
7329,2042,-2.929688,25000000.000
7330,2054,2.929688,25000000.000
7331,2056,3.906250,25000000.000
7332,2077,14.160156,25000000.000
7333,2089,20.019531,25000000.000
7334,2096,23.437500,25000000.000
7335,2099,24.902344,25000000.000
7336,2112,31.250000,25000000.000
7337,2117,33.691406,25000000.000
7338,2120,35.156250,25000000.000
7339,2120,35.156250,25000000.000
7340,2121,35.644531,25000000.000
7341,2116,33.203125,25000000.000
7342,2113,31.738281,25000000.000
7343,2112,31.250000,25000000.000
7344,2100,25.390625,25000000.000
7345,2094,22.460938,25000000.000
7346,2084,17.578125,25000000.000
7347,2085,18.066406,25000000.000
7348,2064,7.812500,25000000.000
7349,2057,4.394531,25000000.000
7350,2040,-3.906250,25000000.000
7351,2041,-3.417969,25000000.000
7352,2021,-13.183594,25000000.000
7353,2007,-20.019531,25000000.000
7354,1999,-23.925781,25000000.000
7355,2000,-23.437500,25000000.000
7356,1986,-30.273438,25000000.000
7357,1977,-34.667969,25000000.000
7358,1976,-35.156250,25000000.000
7359,1973,-36.621094,25000000.000
7360,1974,-36.132812,25000000.000
7361,1977,-34.667969,25000000.000
7362,1977,-34.667969,25000000.000
7363,1977,-34.667969,25000000.000
7364,1988,-29.296875,25000000.000
7365,1996,-25.390625,25000000.000
7366,2001,-22.949219,25000000.000
7367,2003,-21.972656,25000000.000
7368,2023,-12.207031,25000000.000
7369,2032,-7.812500,25000000.000
7370,2044,-1.953125,25000000.000
7371,2047,-0.488281,25000000.000
7372,2068,9.765625,25000000.000
7373,2077,14.160156,25000000.000
7374,2091,20.996094,25000000.000
7375,2090,20.507812,25000000.000
7376,2107,28.808594,25000000.000
7377,2114,32.226562,25000000.000
7378,2116,33.203125,25000000.000
7379,2116,33.203125,25000000.000
7380,2121,35.644531,25000000.000
7381,2121,35.644531,25000000.000
7382,2115,32.714844,25000000.000
7383,2116,33.203125,25000000.000
7384,2107,28.808594,25000000.000
7385,2100,25.390625,25000000.000
7386,2093,21.972656,25000000.000
7387,2094,22.460938,25000000.000
7388,2074,12.695312,25000000.000
7389,2062,6.835938,25000000.000
7390,2053,2.441406,25000000.000
7391,2051,1.464844,25000000.000
7392,2031,-8.300781,25000000.000
7393,2019,-14.160156,25000000.000
7394,2004,-21.484375,25000000.000
7395,2005,-20.996094,25000000.000
7396,1988,-29.296875,25000000.000
7397,1984,-31.250000,25000000.000
7398,1976,-35.156250,25000000.000
7399,1977,-34.667969,25000000.000
7400,1972,-37.109375,25000000.000
7401,1974,-36.132812,25000000.000
7402,1977,-34.667969,25000000.000
7403,1976,-35.156250,25000000.000
7404,1983,-31.738281,25000000.000
7405,1988,-29.296875,25000000.000
7406,1997,-24.902344,25000000.000
7407,1998,-24.414062,25000000.000
7408,2014,-16.601562,25000000.000
7409,2024,-11.718750,25000000.000
7410,2035,-6.347656,25000000.000
7411,2035,-6.347656,25000000.000
7412,2058,4.882812,25000000.000
7413,2070,10.742188,25000000.000
7414,2081,16.113281,25000000.000
7415,2082,16.601562,25000000.000
7416,2100,25.390625,25000000.000
7417,2108,29.296875,25000000.000
7418,2116,33.203125,25000000.000
7419,2115,32.714844,25000000.000
7420,2121,35.644531,25000000.000
7421,2121,35.644531,25000000.000
7422,2121,35.644531,25000000.000
7423,2120,35.156250,25000000.000
7424,2113,31.738281,25000000.000
7425,2106,28.320312,25000000.000
7426,2099,24.902344,25000000.000
7427,2096,23.437500,25000000.000
7428,2083,17.089844,25000000.000
7429,2075,13.183594,25000000.000
7430,2060,5.859375,25000000.000
7431,2060,5.859375,25000000.000
7432,2039,-4.394531,25000000.000
7433,2028,-9.765625,25000000.000
7434,2015,-16.113281,25000000.000
7435,2017,-15.136719,25000000.000
7436,1999,-23.925781,25000000.000
7437,1988,-29.296875,25000000.000
7438,1981,-32.714844,25000000.000
7439,1979,-33.691406,25000000.000
7440,1977,-34.667969,25000000.000
7441,1964,-41.015625,25000000.000
7442,1983,-31.738281,25000000.000
7443,1982,-32.226562,25000000.000
7444,1979,-33.691406,25000000.000
7445,1981,-32.714844,25000000.000
7446,1990,-28.320312,25000000.000
7447,1991,-27.832031,25000000.000
7448,2003,-21.972656,25000000.000
7449,2016,-15.625000,25000000.000
7450,2027,-10.253906,25000000.000
7451,2028,-9.765625,25000000.000
7452,2050,0.976562,25000000.000
7453,2060,5.859375,25000000.000
7454,2072,11.718750,25000000.000
7455,2074,12.695312,25000000.000
7456,2095,22.949219,25000000.000
7457,2101,25.878906,25000000.000
7458,2110,30.273438,25000000.000
7459,2109,29.785156,25000000.000
7460,2118,34.179688,25000000.000
7461,2121,35.644531,25000000.000
7462,2121,35.644531,25000000.000
7463,2120,35.156250,25000000.000
7464,2116,33.203125,25000000.000
7465,2113,31.738281,25000000.000
7466,2103,26.855469,25000000.000
7467,2105,27.832031,25000000.000
7468,2092,21.484375,25000000.000
7469,2081,16.113281,25000000.000
7470,2071,11.230469,25000000.000
7471,2071,11.230469,25000000.000
7472,2050,0.976562,25000000.000
7473,2037,-5.371094,25000000.000
7474,2025,-11.230469,25000000.000
7475,2025,-11.230469,25000000.000
7476,2005,-20.996094,25000000.000
7477,1995,-25.878906,25000000.000
7478,1987,-29.785156,25000000.000
7479,1987,-29.785156,25000000.000
7480,1976,-35.156250,25000000.000
7481,1975,-35.644531,25000000.000
7482,1972,-37.109375,25000000.000
7483,1974,-36.132812,25000000.000
7484,1979,-33.691406,25000000.000
7485,1979,-33.691406,25000000.000
7486,1986,-30.273438,25000000.000
7487,1971,-37.597656,25000000.000
7488,2002,-22.460938,25000000.000
7489,2012,-17.578125,25000000.000
7490,2014,-16.601562,25000000.000
7491,2017,-15.136719,25000000.000
7492,2038,-4.882812,25000000.000
7493,2049,0.488281,25000000.000
7494,2062,6.835938,25000000.000
7495,2062,6.835938,25000000.000
7496,2083,17.089844,25000000.000
7497,2099,24.902344,25000000.000
7498,2099,24.902344,25000000.000
7499,2104,27.343750,25000000.000
7500,2120,35.156250,25000000.000
7501,2117,33.691406,25000000.000
7502,2121,35.644531,25000000.000
7503,2121,35.644531,25000000.000
7504,2120,35.156250,25000000.000
7505,2116,33.203125,25000000.000
7506,2110,30.273438,25000000.000
7507,2109,29.785156,25000000.000
7508,2100,25.390625,25000000.000
7509,2087,19.042969,25000000.000
7510,2080,15.625000,25000000.000
7511,2077,14.160156,25000000.000
7512,2059,5.371094,25000000.000
7513,2048,0.000000,25000000.000
7514,2035,-6.347656,25000000.000
7515,2035,-6.347656,25000000.000
7516,2009,-19.042969,25000000.000
7517,2004,-21.484375,25000000.000
7518,1983,-31.738281,25000000.000
7519,2012,-17.578125,25000000.000
7520,1973,-36.621094,25000000.000
7521,1979,-33.691406,25000000.000
7522,1970,-38.085938,25000000.000
7523,1973,-36.621094,25000000.000
7524,1973,-36.621094,25000000.000
7525,1976,-35.156250,25000000.000
7526,1979,-33.691406,25000000.000
7527,1980,-33.203125,25000000.000
7528,1990,-28.320312,25000000.000
7529,2000,-23.437500,25000000.000
7530,2008,-19.531250,25000000.000
7531,2009,-19.042969,25000000.000
7532,2028,-9.765625,25000000.000
7533,2040,-3.906250,25000000.000
7534,2052,1.953125,25000000.000
7535,2053,2.441406,25000000.000
7536,2075,13.183594,25000000.000
7537,2086,18.554688,25000000.000
7538,2096,23.437500,25000000.000
7539,2096,23.437500,25000000.000
7540,2112,31.250000,25000000.000
7541,2115,32.714844,25000000.000
7542,2119,34.667969,25000000.000
7543,2118,34.179688,25000000.000
7544,2116,33.203125,25000000.000
7545,2119,34.667969,25000000.000
7546,2113,31.738281,25000000.000
7547,2112,31.250000,25000000.000
7548,2102,26.367188,25000000.000
7549,2096,23.437500,25000000.000
7550,2086,18.554688,25000000.000
7551,2085,18.066406,25000000.000
7552,2067,9.277344,25000000.000
7553,2055,3.417969,25000000.000
7554,2047,-0.488281,25000000.000
7555,2047,-0.488281,25000000.000
7556,2026,-10.742188,25000000.000
7557,2011,-18.066406,25000000.000
7558,2002,-22.460938,25000000.000
7559,2000,-23.437500,25000000.000
7560,1985,-30.761719,25000000.000
7561,1982,-32.226562,25000000.000
7562,1979,-33.691406,25000000.000
7563,1974,-36.132812,25000000.000
7564,1972,-37.109375,25000000.000
7565,1976,-35.156250,25000000.000
7566,1978,-34.179688,25000000.000
7567,1977,-34.667969,25000000.000
7568,1987,-29.785156,25000000.000
7569,1993,-26.855469,25000000.000
7570,2002,-22.460938,25000000.000
7571,2001,-22.949219,25000000.000
7572,2020,-13.671875,25000000.000
7573,2028,-9.765625,25000000.000
7574,2042,-2.929688,25000000.000
7575,2042,-2.929688,25000000.000
7576,2065,8.300781,25000000.000
7577,2076,13.671875,25000000.000
7578,2086,18.554688,25000000.000
7579,2085,18.066406,25000000.000
7580,2104,27.343750,25000000.000
7581,2112,31.250000,25000000.000
7582,2114,32.226562,25000000.000
7583,2116,33.203125,25000000.000
7584,2127,38.574219,25000000.000
7585,2111,30.761719,25000000.000
7586,2118,34.179688,25000000.000
7587,2113,31.738281,25000000.000
7588,2113,31.738281,25000000.000
7589,2101,25.878906,25000000.000
7590,2097,23.925781,25000000.000
7591,2093,21.972656,25000000.000
7592,2077,14.160156,25000000.000
7593,2065,8.300781,25000000.000
7594,2055,3.417969,25000000.000
7595,2055,3.417969,25000000.000
7596,2033,-7.324219,25000000.000
7597,2021,-13.183594,25000000.000
7598,2010,-18.554688,25000000.000
7599,2010,-18.554688,25000000.000
7600,1992,-27.343750,25000000.000
7601,1983,-31.738281,25000000.000
7602,1980,-33.203125,25000000.000
7603,1979,-33.691406,25000000.000
7604,1975,-35.644531,25000000.000
7605,1973,-36.621094,25000000.000
7606,1976,-35.156250,25000000.000
7607,1974,-36.132812,25000000.000
7608,1984,-31.250000,25000000.000
7609,1989,-28.808594,25000000.000
7610,1994,-26.367188,25000000.000
7611,1996,-25.390625,25000000.000
7612,2011,-18.066406,25000000.000
7613,2022,-12.695312,25000000.000
7614,2027,-10.253906,25000000.000
7615,2028,-9.765625,25000000.000
7616,2055,3.417969,25000000.000
7617,2070,10.742188,25000000.000
7618,2079,15.136719,25000000.000
7619,2079,15.136719,25000000.000
7620,2098,24.414062,25000000.000
7621,2105,27.832031,25000000.000
7622,2115,32.714844,25000000.000
7623,2113,31.738281,25000000.000
7624,2122,36.132812,25000000.000
7625,2120,35.156250,25000000.000
7626,2121,35.644531,25000000.000
7627,2120,35.156250,25000000.000
7628,2112,31.250000,25000000.000
7629,2109,29.785156,25000000.000
7630,2100,25.390625,25000000.000
7631,2101,25.878906,25000000.000
7632,2085,18.066406,25000000.000
7633,2076,13.671875,25000000.000
7634,2065,8.300781,25000000.000
7635,2067,9.277344,25000000.000
7636,2043,-2.441406,25000000.000
7637,2032,-7.812500,25000000.000
7638,2022,-12.695312,25000000.000
7639,2019,-14.160156,25000000.000
7640,2000,-23.437500,25000000.000
7641,1991,-27.832031,25000000.000
7642,1985,-30.761719,25000000.000
7643,1983,-31.738281,25000000.000
7644,1976,-35.156250,25000000.000
7645,1973,-36.621094,25000000.000
7646,1973,-36.621094,25000000.000
7647,1975,-35.644531,25000000.000
7648,1977,-34.667969,25000000.000
7649,1985,-30.761719,25000000.000
7650,1988,-29.296875,25000000.000
7651,1989,-28.808594,25000000.000
7652,2004,-21.484375,25000000.000
7653,2013,-17.089844,25000000.000
7654,2024,-11.718750,25000000.000
7655,2024,-11.718750,25000000.000
7656,2045,-1.464844,25000000.000
7657,2055,3.417969,25000000.000
7658,2070,10.742188,25000000.000
7659,2069,10.253906,25000000.000
7660,2090,20.507812,25000000.000
7661,2100,25.390625,25000000.000
7662,2106,28.320312,25000000.000
7663,2108,29.296875,25000000.000
7664,2116,33.203125,25000000.000
7665,2121,35.644531,25000000.000
7666,2121,35.644531,25000000.000
7667,2121,35.644531,25000000.000
7668,2115,32.714844,25000000.000
7669,2112,31.250000,25000000.000
7670,2107,28.808594,25000000.000
7671,2107,28.808594,25000000.000
7672,2092,21.484375,25000000.000
7673,2081,16.113281,25000000.000
7674,2075,13.183594,25000000.000
7675,2073,12.207031,25000000.000
7676,2053,2.441406,25000000.000
7677,2041,-3.417969,25000000.000
7678,2030,-8.789062,25000000.000
7679,2027,-10.253906,25000000.000
7680,2013,-17.089844,25000000.000
7681,2018,-14.648438,25000000.000
7682,1996,-25.390625,25000000.000
7683,1991,-27.832031,25000000.000
7684,1979,-33.691406,25000000.000
7685,1951,-47.363281,25000000.000
7686,1981,-32.714844,25000000.000
7687,1972,-37.109375,25000000.000
7688,1978,-34.179688,25000000.000
7689,1980,-33.203125,25000000.000
7690,1986,-30.273438,25000000.000
7691,1982,-32.226562,25000000.000
7692,1999,-23.925781,25000000.000
7693,2006,-20.507812,25000000.000
7694,2016,-15.625000,25000000.000
7695,2015,-16.113281,25000000.000
7696,2036,-5.859375,25000000.000
7697,2049,0.488281,25000000.000
7698,2057,4.394531,25000000.000
7699,2061,6.347656,25000000.000
7700,2082,16.601562,25000000.000
7701,2092,21.484375,25000000.000
7702,2102,26.367188,25000000.000
7703,2104,27.343750,25000000.000
7704,2115,32.714844,25000000.000
7705,2118,34.179688,25000000.000
7706,2122,36.132812,25000000.000
7707,2121,35.644531,25000000.000
7708,2120,35.156250,25000000.000
7709,2115,32.714844,25000000.000
7710,2111,30.761719,25000000.000
7711,2110,30.273438,25000000.000
7712,2099,24.902344,25000000.000
7713,2092,21.484375,25000000.000
7714,2081,16.113281,25000000.000
7715,2081,16.113281,25000000.000
7716,2062,6.835938,25000000.000
7717,2050,0.976562,25000000.000
7718,2039,-4.394531,25000000.000
7719,2039,-4.394531,25000000.000
7720,2017,-15.136719,25000000.000
7721,2005,-20.996094,25000000.000
7722,1998,-24.414062,25000000.000
7723,1994,-26.367188,25000000.000
7724,1984,-31.250000,25000000.000
7725,1977,-34.667969,25000000.000
7726,1974,-36.132812,25000000.000
7727,1974,-36.132812,25000000.000
7728,1971,-37.597656,25000000.000
7729,1976,-35.156250,25000000.000
7730,1977,-34.667969,25000000.000
7731,1980,-33.203125,25000000.000
7732,1989,-28.808594,25000000.000
7733,1998,-24.414062,25000000.000
7734,2007,-20.019531,25000000.000
7735,2006,-20.507812,25000000.000
7736,2026,-10.742188,25000000.000
7737,2036,-5.859375,25000000.000
7738,2049,0.488281,25000000.000
7739,2050,0.976562,25000000.000
7740,2073,12.207031,25000000.000
7741,2081,16.113281,25000000.000
7742,2093,21.972656,25000000.000
7743,2092,21.484375,25000000.000
7744,2108,29.296875,25000000.000
7745,2116,33.203125,25000000.000
7746,2119,34.667969,25000000.000
7747,2121,35.644531,25000000.000
7748,2120,35.156250,25000000.000
7749,2117,33.691406,25000000.000
7750,2116,33.203125,25000000.000
7751,2115,32.714844,25000000.000
7752,2105,27.832031,25000000.000
7753,2097,23.925781,25000000.000
7754,2091,20.996094,25000000.000
7755,2090,20.507812,25000000.000
7756,2070,10.742188,25000000.000
7757,2059,5.371094,25000000.000
7758,2049,0.488281,25000000.000
7759,2048,0.000000,25000000.000
7760,2024,-11.718750,25000000.000
7761,2015,-16.113281,25000000.000
7762,2004,-21.484375,25000000.000
7763,2003,-21.972656,25000000.000
7764,1986,-30.273438,25000000.000
7765,1982,-32.226562,25000000.000
7766,1977,-34.667969,25000000.000
7767,1976,-35.156250,25000000.000
7768,1974,-36.132812,25000000.000
7769,1974,-36.132812,25000000.000
7770,1976,-35.156250,25000000.000
7771,1978,-34.179688,25000000.000
7772,1987,-29.785156,25000000.000
7773,1991,-27.832031,25000000.000
7774,2000,-23.437500,25000000.000
7775,1999,-23.925781,25000000.000
7776,2017,-15.136719,25000000.000
7777,2026,-10.742188,25000000.000
7778,2038,-4.882812,25000000.000
7779,2038,-4.882812,25000000.000
7780,2061,6.347656,25000000.000
7781,2071,11.230469,25000000.000
7782,2088,19.531250,25000000.000
7783,2089,20.019531,25000000.000
7784,2100,25.390625,25000000.000
7785,2113,31.738281,25000000.000
7786,2116,33.203125,25000000.000
7787,2118,34.179688,25000000.000
7788,2121,35.644531,25000000.000
7789,2119,34.667969,25000000.000
7790,2120,35.156250,25000000.000
7791,2114,32.226562,25000000.000
7792,2110,30.273438,25000000.000
7793,2103,26.855469,25000000.000
7794,2095,22.949219,25000000.000
7795,2095,22.949219,25000000.000
7796,2078,14.648438,25000000.000
7797,2070,10.742188,25000000.000
7798,2057,4.394531,25000000.000
7799,2056,3.906250,25000000.000
7800,2037,-5.371094,25000000.000
7801,2024,-11.718750,25000000.000
7802,2014,-16.601562,25000000.000
7803,2013,-17.089844,25000000.000
7804,1995,-25.878906,25000000.000
7805,1986,-30.273438,25000000.000
7806,1982,-32.226562,25000000.000
7807,1981,-32.714844,25000000.000
7808,1973,-36.621094,25000000.000
7809,1974,-36.132812,25000000.000
7810,1973,-36.621094,25000000.000
7811,1972,-37.109375,25000000.000
7812,1981,-32.714844,25000000.000
7813,1987,-29.785156,25000000.000
7814,1991,-27.832031,25000000.000
7815,1993,-26.855469,25000000.000
7816,2009,-19.042969,25000000.000
7817,2019,-14.160156,25000000.000
7818,2030,-8.789062,25000000.000
7819,2033,-7.324219,25000000.000
7820,2053,2.441406,25000000.000
7821,2065,8.300781,25000000.000
7822,2076,13.671875,25000000.000
7823,2077,14.160156,25000000.000
7824,2096,23.437500,25000000.000
7825,2103,26.855469,25000000.000
7826,2113,31.738281,25000000.000
7827,2111,30.761719,25000000.000
7828,2120,35.156250,25000000.000
7829,2122,36.132812,25000000.000
7830,2120,35.156250,25000000.000
7831,2121,35.644531,25000000.000
7832,2112,31.250000,25000000.000
7833,2110,30.273438,25000000.000
7834,2102,26.367188,25000000.000
7835,2102,26.367188,25000000.000
7836,2087,19.042969,25000000.000
7837,2073,12.207031,25000000.000
7838,2069,10.253906,25000000.000
7839,2068,9.765625,25000000.000
7840,2044,-1.953125,25000000.000
7841,2036,-5.859375,25000000.000
7842,2023,-12.207031,25000000.000
7843,2022,-12.695312,25000000.000
7844,2002,-22.460938,25000000.000
7845,1995,-25.878906,25000000.000
7846,1987,-29.785156,25000000.000
7847,1985,-30.761719,25000000.000
7848,1975,-35.644531,25000000.000
7849,1975,-35.644531,25000000.000
7850,1974,-36.132812,25000000.000
7851,1974,-36.132812,25000000.000
7852,1977,-34.667969,25000000.000
7853,1982,-32.226562,25000000.000
7854,1988,-29.296875,25000000.000
7855,1987,-29.785156,25000000.000
7856,2001,-22.949219,25000000.000
7857,2011,-18.066406,25000000.000
7858,2020,-13.671875,25000000.000
7859,2020,-13.671875,25000000.000
7860,2042,-2.929688,25000000.000
7861,2056,3.906250,25000000.000
7862,2070,10.742188,25000000.000
7863,2071,11.230469,25000000.000
7864,2087,19.042969,25000000.000
7865,2087,19.042969,25000000.000
7866,2111,30.761719,25000000.000
7867,2113,31.738281,25000000.000
7868,2120,35.156250,25000000.000
7869,2117,33.691406,25000000.000
7870,2122,36.132812,25000000.000
7871,2122,36.132812,25000000.000
7872,2121,35.644531,25000000.000
7873,2112,31.250000,25000000.000
7874,2108,29.296875,25000000.000
7875,2107,28.808594,25000000.000
7876,2094,22.460938,25000000.000
7877,2085,18.066406,25000000.000
7878,2076,13.671875,25000000.000
7879,2075,13.183594,25000000.000
7880,2055,3.417969,25000000.000
7881,2044,-1.953125,25000000.000
7882,2033,-7.324219,25000000.000
7883,2032,-7.812500,25000000.000
7884,2010,-18.554688,25000000.000
7885,2000,-23.437500,25000000.000
7886,1991,-27.832031,25000000.000
7887,1989,-28.808594,25000000.000
7888,1980,-33.203125,25000000.000
7889,1974,-36.132812,25000000.000
7890,1976,-35.156250,25000000.000
7891,1975,-35.644531,25000000.000
7892,1977,-34.667969,25000000.000
7893,1979,-33.691406,25000000.000
7894,1983,-31.738281,25000000.000
7895,1983,-31.738281,25000000.000
7896,1994,-26.367188,25000000.000
7897,2005,-20.996094,25000000.000
7898,2012,-17.578125,25000000.000
7899,2014,-16.601562,25000000.000
7900,2033,-7.324219,25000000.000
7901,2045,-1.464844,25000000.000
7902,2057,4.394531,25000000.000
7903,2057,4.394531,25000000.000
7904,2083,17.089844,25000000.000
7905,2087,19.042969,25000000.000
7906,2092,21.484375,25000000.000
7907,2102,26.367188,25000000.000
7908,2116,33.203125,25000000.000
7909,2117,33.691406,25000000.000
7910,2119,34.667969,25000000.000
7911,2119,34.667969,25000000.000
7912,2119,34.667969,25000000.000
7913,2117,33.691406,25000000.000
7914,2112,31.250000,25000000.000
7915,2114,32.226562,25000000.000
7916,2101,25.878906,25000000.000
7917,2093,21.972656,25000000.000
7918,2084,17.578125,25000000.000
7919,2084,17.578125,25000000.000
7920,2065,8.300781,25000000.000
7921,2052,1.953125,25000000.000
7922,2043,-2.441406,25000000.000
7923,2040,-3.906250,25000000.000
7924,2019,-14.160156,25000000.000
7925,2008,-19.531250,25000000.000
7926,1998,-24.414062,25000000.000
7927,1997,-24.902344,25000000.000
7928,1984,-31.250000,25000000.000
7929,1977,-34.667969,25000000.000
7930,1973,-36.621094,25000000.000
7931,1976,-35.156250,25000000.000
7932,1973,-36.621094,25000000.000
7933,1975,-35.644531,25000000.000
7934,1979,-33.691406,25000000.000
7935,1980,-33.203125,25000000.000
7936,1993,-26.855469,25000000.000
7937,1995,-25.878906,25000000.000
7938,2004,-21.484375,25000000.000
7939,2004,-21.484375,25000000.000
7940,2023,-12.207031,25000000.000
7941,2032,-7.812500,25000000.000
7942,2047,-0.488281,25000000.000
7943,2046,-0.976562,25000000.000
7944,2068,9.765625,25000000.000
7945,2082,16.601562,25000000.000
7946,2090,20.507812,25000000.000
7947,2092,21.484375,25000000.000
7948,2106,28.320312,25000000.000
7949,2114,32.226562,25000000.000
7950,2120,35.156250,25000000.000
7951,2118,34.179688,25000000.000
7952,2121,35.644531,25000000.000
7953,2119,34.667969,25000000.000
7954,2116,33.203125,25000000.000
7955,2115,32.714844,25000000.000
7956,2108,29.296875,25000000.000
7957,2098,24.414062,25000000.000
7958,2091,20.996094,25000000.000
7959,2091,20.996094,25000000.000
7960,2073,12.207031,25000000.000
7961,2063,7.324219,25000000.000
7962,2050,0.976562,25000000.000
7963,2051,1.464844,25000000.000
7964,2027,-10.253906,25000000.000
7965,2017,-15.136719,25000000.000
7966,2006,-20.507812,25000000.000
7967,2006,-20.507812,25000000.000
7968,1990,-28.320312,25000000.000
7969,1983,-31.738281,25000000.000
7970,1977,-34.667969,25000000.000
7971,1976,-35.156250,25000000.000
7972,1974,-36.132812,25000000.000
7973,1974,-36.132812,25000000.000
7974,1976,-35.156250,25000000.000
7975,1976,-35.156250,25000000.000
7976,1983,-31.738281,25000000.000
7977,1990,-28.320312,25000000.000
7978,1994,-26.367188,25000000.000
7979,1994,-26.367188,25000000.000
7980,2012,-17.578125,25000000.000
7981,2025,-11.230469,25000000.000
7982,2037,-5.371094,25000000.000
7983,2037,-5.371094,25000000.000
7984,2059,5.371094,25000000.000
7985,2070,10.742188,25000000.000
7986,2081,16.113281,25000000.000
7987,2082,16.601562,25000000.000
7988,2102,26.367188,25000000.000
7989,2108,29.296875,25000000.000
7990,2116,33.203125,25000000.000
7991,2115,32.714844,25000000.000
7992,2120,35.156250,25000000.000
7993,2121,35.644531,25000000.000
7994,2119,34.667969,25000000.000
7995,2116,33.203125,25000000.000
7996,2111,30.761719,25000000.000
7997,2106,28.320312,25000000.000
7998,2098,24.414062,25000000.000
7999,2098,24.414062,25000000.000
8000,2082,16.601562,25000000.000
8001,2072,11.718750,25000000.000
8002,2061,6.347656,25000000.000
8003,2061,6.347656,25000000.000
8004,2038,-4.882812,25000000.000
8005,2026,-10.742188,25000000.000
8006,2016,-15.625000,25000000.000
8007,2015,-16.113281,25000000.000
8008,1996,-25.390625,25000000.000
8009,1989,-28.808594,25000000.000
8010,1982,-32.226562,25000000.000
8011,1981,-32.714844,25000000.000
8012,1975,-35.644531,25000000.000
8013,1975,-35.644531,25000000.000
8014,1974,-36.132812,25000000.000
8015,1976,-35.156250,25000000.000
8016,1981,-32.714844,25000000.000
8017,1986,-30.273438,25000000.000
8018,1992,-27.343750,25000000.000
8019,1993,-26.855469,25000000.000
8020,2010,-18.554688,25000000.000
8021,2017,-15.136719,25000000.000
8022,2030,-8.789062,25000000.000
8023,2027,-10.253906,25000000.000
8024,2051,1.464844,25000000.000
8025,2063,7.324219,25000000.000
8026,2074,12.695312,25000000.000
8027,2074,12.695312,25000000.000
8028,2095,22.949219,25000000.000
8029,2103,26.855469,25000000.000
8030,2109,29.785156,25000000.000
8031,2111,30.761719,25000000.000
8032,2120,35.156250,25000000.000
8033,2119,34.667969,25000000.000
8034,2122,36.132812,25000000.000
8035,2122,36.132812,25000000.000
8036,2115,32.714844,25000000.000
8037,2108,29.296875,25000000.000
8038,2106,28.320312,25000000.000
8039,2104,27.343750,25000000.000
8040,2090,20.507812,25000000.000
8041,2081,16.113281,25000000.000
8042,2070,10.742188,25000000.000
8043,2068,9.765625,25000000.000
8044,2048,0.000000,25000000.000
8045,2036,-5.859375,25000000.000
8046,2025,-11.230469,25000000.000
8047,2025,-11.230469,25000000.000
8048,2003,-21.972656,25000000.000
8049,1994,-26.367188,25000000.000
8050,1987,-29.785156,25000000.000
8051,1987,-29.785156,25000000.000
8052,1977,-34.667969,25000000.000
8053,1975,-35.644531,25000000.000
8054,1974,-36.132812,25000000.000
8055,1976,-35.156250,25000000.000
8056,1979,-33.691406,25000000.000
8057,1982,-32.226562,25000000.000
8058,1981,-32.714844,25000000.000
8059,1984,-31.250000,25000000.000
8060,2005,-20.996094,25000000.000
8061,2004,-21.484375,25000000.000
8062,2017,-15.136719,25000000.000
8063,2016,-15.625000,25000000.000
8064,2039,-4.394531,25000000.000
8065,2053,2.441406,25000000.000
8066,2064,7.812500,25000000.000
8067,2066,8.789062,25000000.000
8068,2087,19.042969,25000000.000
8069,2093,21.972656,25000000.000
8070,2106,28.320312,25000000.000
8071,2105,27.832031,25000000.000
8072,2117,33.691406,25000000.000
8073,2119,34.667969,25000000.000
8074,2121,35.644531,25000000.000
8075,2120,35.156250,25000000.000
8076,2119,34.667969,25000000.000
8077,2115,32.714844,25000000.000
8078,2109,29.785156,25000000.000
8079,2110,30.273438,25000000.000
8080,2096,23.437500,25000000.000
8081,2089,20.019531,25000000.000
8082,2078,14.648438,25000000.000
8083,2078,14.648438,25000000.000
8084,2058,4.882812,25000000.000
8085,2046,-0.976562,25000000.000
8086,2035,-6.347656,25000000.000
8087,2035,-6.347656,25000000.000
8088,2013,-17.089844,25000000.000
8089,2002,-22.460938,25000000.000
8090,1994,-26.367188,25000000.000
8091,1993,-26.855469,25000000.000
8092,1980,-33.203125,25000000.000
8093,1977,-34.667969,25000000.000
8094,1974,-36.132812,25000000.000
8095,1975,-35.644531,25000000.000
8096,1973,-36.621094,25000000.000
8097,1978,-34.179688,25000000.000
8098,1981,-32.714844,25000000.000
8099,1982,-32.226562,25000000.000
8100,1994,-26.367188,25000000.000
8101,2001,-22.949219,25000000.000
8102,2009,-19.042969,25000000.000
8103,2011,-18.066406,25000000.000
8104,2030,-8.789062,25000000.000
8105,2039,-4.394531,25000000.000
8106,2054,2.929688,25000000.000
8107,2053,2.441406,25000000.000
8108,2076,13.671875,25000000.000
8109,2086,18.554688,25000000.000
8110,2096,23.437500,25000000.000
8111,2094,22.460938,25000000.000
8112,2111,30.761719,25000000.000
8113,2116,33.203125,25000000.000
8114,2117,33.691406,25000000.000
8115,2121,35.644531,25000000.000
8116,2121,35.644531,25000000.000
8117,2119,34.667969,25000000.000
8118,2111,30.761719,25000000.000
8119,2112,31.250000,25000000.000
8120,2103,26.855469,25000000.000
8121,2094,22.460938,25000000.000
8122,2086,18.554688,25000000.000
8123,2084,17.578125,25000000.000
8124,2069,10.253906,25000000.000
8125,2055,3.417969,25000000.000
8126,2042,-2.929688,25000000.000
8127,2042,-2.929688,25000000.000
8128,2022,-12.695312,25000000.000
8129,2011,-18.066406,25000000.000
8130,2000,-23.437500,25000000.000
8131,2000,-23.437500,25000000.000
8132,1984,-31.250000,25000000.000
8133,1977,-34.667969,25000000.000
8134,1975,-35.644531,25000000.000
8135,1976,-35.156250,25000000.000
8136,1973,-36.621094,25000000.000
8137,1973,-36.621094,25000000.000
8138,1979,-33.691406,25000000.000
8139,1979,-33.691406,25000000.000
8140,1986,-30.273438,25000000.000
8141,1993,-26.855469,25000000.000
8142,2002,-22.460938,25000000.000
8143,2000,-23.437500,25000000.000
8144,2019,-14.160156,25000000.000
8145,2030,-8.789062,25000000.000
8146,2041,-3.417969,25000000.000
8147,2042,-2.929688,25000000.000
8148,2068,9.765625,25000000.000
8149,2078,14.648438,25000000.000
8150,2088,19.531250,25000000.000
8151,2090,20.507812,25000000.000
8152,2107,28.808594,25000000.000
8153,2113,31.738281,25000000.000
8154,2117,33.691406,25000000.000
8155,2117,33.691406,25000000.000
8156,2123,36.621094,25000000.000
8157,2119,34.667969,25000000.000
8158,2117,33.691406,25000000.000
8159,2116,33.203125,25000000.000
8160,2108,29.296875,25000000.000
8161,2101,25.878906,25000000.000
8162,2093,21.972656,25000000.000
8163,2091,20.996094,25000000.000
8164,2074,12.695312,25000000.000
8165,2065,8.300781,25000000.000
8166,2053,2.441406,25000000.000
8167,2053,2.441406,25000000.000
8168,2031,-8.300781,25000000.000
8169,2020,-13.671875,25000000.000
8170,2010,-18.554688,25000000.000
8171,2009,-19.042969,25000000.000
8172,1991,-27.832031,25000000.000
8173,1982,-32.226562,25000000.000
8174,1979,-33.691406,25000000.000
8175,1977,-34.667969,25000000.000
8176,1971,-37.597656,25000000.000
8177,1976,-35.156250,25000000.000
8178,1973,-36.621094,25000000.000
8179,1976,-35.156250,25000000.000
8180,1982,-32.226562,25000000.000
8181,1988,-29.296875,25000000.000
8182,1994,-26.367188,25000000.000
8183,1995,-25.878906,25000000.000
8184,2014,-16.601562,25000000.000
8185,2020,-13.671875,25000000.000
8186,2034,-6.835938,25000000.000
8187,2034,-6.835938,25000000.000
8188,2058,4.882812,25000000.000
8189,2067,9.277344,25000000.000
8190,2080,15.625000,25000000.000
8191,2080,15.625000,25000000.000
8192,2101,25.878906,25000000.000
8193,2108,29.296875,25000000.000
8194,2112,31.250000,25000000.000
8195,2113,31.738281,25000000.000
8196,2121,35.644531,25000000.000
8197,2123,36.621094,25000000.000
8198,2121,35.644531,25000000.000
8199,2120,35.156250,25000000.000
8200,2113,31.738281,25000000.000
8201,2106,28.320312,25000000.000
8202,2100,25.390625,25000000.000
8203,2101,25.878906,25000000.000
8204,2084,17.578125,25000000.000
8205,2072,11.718750,25000000.000
8206,2065,8.300781,25000000.000
8207,2061,6.347656,25000000.000
8208,2042,-2.929688,25000000.000
8209,2020,-13.671875,25000000.000
8210,2005,-20.996094,25000000.000
8211,2012,-17.578125,25000000.000
8212,2007,-20.019531,25000000.000
8213,1981,-32.714844,25000000.000
8214,1984,-31.250000,25000000.000
8215,1974,-36.132812,25000000.000
8216,1982,-32.226562,25000000.000
8217,1971,-37.597656,25000000.000
8218,1979,-33.691406,25000000.000
8219,1975,-35.644531,25000000.000
8220,1982,-32.226562,25000000.000
8221,1985,-30.761719,25000000.000
8222,1990,-28.320312,25000000.000
8223,1992,-27.343750,25000000.000
8224,2005,-20.996094,25000000.000
8225,2014,-16.601562,25000000.000
8226,2023,-12.207031,25000000.000
8227,2025,-11.230469,25000000.000
8228,2045,-1.464844,25000000.000
8229,2062,6.835938,25000000.000
8230,2070,10.742188,25000000.000
8231,2071,11.230469,25000000.000
8232,2093,21.972656,25000000.000
8233,2100,25.390625,25000000.000
8234,2108,29.296875,25000000.000
8235,2110,30.273438,25000000.000
8236,2122,36.132812,25000000.000
8237,2121,35.644531,25000000.000
8238,2122,36.132812,25000000.000
8239,2121,35.644531,25000000.000
8240,2116,33.203125,25000000.000
8241,2112,31.250000,25000000.000
8242,2107,28.808594,25000000.000
8243,2104,27.343750,25000000.000
8244,2090,20.507812,25000000.000
8245,2084,17.578125,25000000.000
8246,2072,11.718750,25000000.000
8247,2073,12.207031,25000000.000
8248,2050,0.976562,25000000.000
8249,2038,-4.882812,25000000.000
8250,2028,-9.765625,25000000.000
8251,2027,-10.253906,25000000.000
8252,2009,-19.042969,25000000.000
8253,1997,-24.902344,25000000.000
8254,1988,-29.296875,25000000.000
8255,1988,-29.296875,25000000.000
8256,1978,-34.179688,25000000.000
8257,1977,-34.667969,25000000.000
8258,1972,-37.109375,25000000.000
8259,1972,-37.109375,25000000.000
8260,1978,-34.179688,25000000.000
8261,1981,-32.714844,25000000.000
8262,1983,-31.738281,25000000.000
8263,1985,-30.761719,25000000.000
8264,1998,-24.414062,25000000.000
8265,2002,-22.460938,25000000.000
8266,2015,-16.113281,25000000.000
8267,2018,-14.648438,25000000.000
8268,2037,-5.371094,25000000.000
8269,2048,0.000000,25000000.000
8270,2063,7.324219,25000000.000
8271,2058,4.882812,25000000.000
8272,2083,17.089844,25000000.000
8273,2091,20.996094,25000000.000
8274,2097,23.925781,25000000.000
8275,2101,25.878906,25000000.000
8276,2115,32.714844,25000000.000
8277,2120,35.156250,25000000.000
8278,2120,35.156250,25000000.000
8279,2121,35.644531,25000000.000
8280,2118,34.179688,25000000.000
8281,2116,33.203125,25000000.000
8282,2113,31.738281,25000000.000
8283,2111,30.761719,25000000.000
8284,2098,24.414062,25000000.000
8285,2090,20.507812,25000000.000
8286,2082,16.601562,25000000.000
8287,2081,16.113281,25000000.000
8288,2061,6.347656,25000000.000
8289,2049,0.488281,25000000.000
8290,2038,-4.882812,25000000.000
8291,2037,-5.371094,25000000.000
8292,2015,-16.113281,25000000.000
8293,2005,-20.996094,25000000.000
8294,1995,-25.878906,25000000.000
8295,1995,-25.878906,25000000.000
8296,1981,-32.714844,25000000.000
8297,1974,-36.132812,25000000.000
8298,1974,-36.132812,25000000.000
8299,1980,-33.203125,25000000.000
8300,1973,-36.621094,25000000.000
8301,1977,-34.667969,25000000.000
8302,1981,-32.714844,25000000.000
8303,1978,-34.179688,25000000.000
8304,1989,-28.808594,25000000.000
8305,1999,-23.925781,25000000.000
8306,2007,-20.019531,25000000.000
8307,2008,-19.531250,25000000.000
8308,2025,-11.230469,25000000.000
8309,2038,-4.882812,25000000.000
8310,2050,0.976562,25000000.000
8311,2050,0.976562,25000000.000
8312,2071,11.230469,25000000.000
8313,2086,18.554688,25000000.000
8314,2093,21.972656,25000000.000
8315,2096,23.437500,25000000.000
8316,2110,30.273438,25000000.000
8317,2115,32.714844,25000000.000
8318,2117,33.691406,25000000.000
8319,2118,34.179688,25000000.000
8320,2123,36.621094,25000000.000
8321,2117,33.691406,25000000.000
8322,2116,33.203125,25000000.000
8323,2113,31.738281,25000000.000
8324,2103,26.855469,25000000.000
8325,2096,23.437500,25000000.000
8326,2089,20.019531,25000000.000
8327,2084,17.578125,25000000.000
8328,2069,10.253906,25000000.000
8329,2059,5.371094,25000000.000
8330,2046,-0.976562,25000000.000
8331,2046,-0.976562,25000000.000
8332,2023,-12.207031,25000000.000
8333,2011,-18.066406,25000000.000
8334,2007,-20.019531,25000000.000
8335,2007,-20.019531,25000000.000
8336,1984,-31.250000,25000000.000
8337,1984,-31.250000,25000000.000
8338,1974,-36.132812,25000000.000
8339,1975,-35.644531,25000000.000
8340,1974,-36.132812,25000000.000
8341,1975,-35.644531,25000000.000
8342,1977,-34.667969,25000000.000
8343,1977,-34.667969,25000000.000
8344,1985,-30.761719,25000000.000
8345,1994,-26.367188,25000000.000
8346,1997,-24.902344,25000000.000
8347,2001,-22.949219,25000000.000
8348,2018,-14.648438,25000000.000
8349,2028,-9.765625,25000000.000
8350,2040,-3.906250,25000000.000
8351,2041,-3.417969,25000000.000
8352,2065,8.300781,25000000.000
8353,2074,12.695312,25000000.000
8354,2086,18.554688,25000000.000
8355,2088,19.531250,25000000.000
8356,2106,28.320312,25000000.000
8357,2113,31.738281,25000000.000
8358,2115,32.714844,25000000.000
8359,2116,33.203125,25000000.000
8360,2120,35.156250,25000000.000
8361,2120,35.156250,25000000.000
8362,2118,34.179688,25000000.000
8363,2117,33.691406,25000000.000
8364,2108,29.296875,25000000.000
8365,2102,26.367188,25000000.000
8366,2097,23.925781,25000000.000
8367,2095,22.949219,25000000.000
8368,2078,14.648438,25000000.000
8369,2067,9.277344,25000000.000
8370,2059,5.371094,25000000.000
8371,2057,4.394531,25000000.000
8372,2034,-6.835938,25000000.000
8373,2023,-12.207031,25000000.000
8374,2012,-17.578125,25000000.000
8375,2011,-18.066406,25000000.000
8376,1992,-27.343750,25000000.000
8377,1986,-30.273438,25000000.000
8378,1979,-33.691406,25000000.000
8379,1981,-32.714844,25000000.000
8380,1972,-37.109375,25000000.000
8381,1975,-35.644531,25000000.000
8382,1975,-35.644531,25000000.000
8383,1976,-35.156250,25000000.000
8384,1981,-32.714844,25000000.000
8385,1987,-29.785156,25000000.000
8386,1994,-26.367188,25000000.000
8387,1993,-26.855469,25000000.000
8388,2012,-17.578125,25000000.000
8389,2018,-14.648438,25000000.000
8390,2031,-8.300781,25000000.000
8391,2033,-7.324219,25000000.000
8392,2051,1.464844,25000000.000
8393,2068,9.765625,25000000.000
8394,2076,13.671875,25000000.000
8395,2079,15.136719,25000000.000
8396,2096,23.437500,25000000.000
8397,2105,27.832031,25000000.000
8398,2112,31.250000,25000000.000
8399,2112,31.250000,25000000.000
8400,2120,35.156250,25000000.000
8401,2121,35.644531,25000000.000
8402,2121,35.644531,25000000.000
8403,2120,35.156250,25000000.000
8404,2114,32.226562,25000000.000
8405,2108,29.296875,25000000.000
8406,2103,26.855469,25000000.000
8407,2102,26.367188,25000000.000
8408,2085,18.066406,25000000.000
8409,2076,13.671875,25000000.000
8410,2065,8.300781,25000000.000
8411,2066,8.789062,25000000.000
8412,2042,-2.929688,25000000.000
8413,2034,-6.835938,25000000.000
8414,2020,-13.671875,25000000.000
8415,2020,-13.671875,25000000.000
8416,2001,-22.949219,25000000.000
8417,1993,-26.855469,25000000.000
8418,1981,-32.714844,25000000.000
8419,1987,-29.785156,25000000.000
8420,1976,-35.156250,25000000.000
8421,1973,-36.621094,25000000.000
8422,1972,-37.109375,25000000.000
8423,1972,-37.109375,25000000.000
8424,1978,-34.179688,25000000.000
8425,1983,-31.738281,25000000.000
8426,1987,-29.785156,25000000.000
8427,1988,-29.296875,25000000.000
8428,2001,-22.949219,25000000.000
8429,2013,-17.089844,25000000.000
8430,2022,-12.695312,25000000.000
8431,2025,-11.230469,25000000.000
8432,2044,-1.953125,25000000.000
8433,2056,3.906250,25000000.000
8434,2068,9.765625,25000000.000
8435,2070,10.742188,25000000.000
8436,2092,21.484375,25000000.000
8437,2098,24.414062,25000000.000
8438,2109,29.785156,25000000.000
8439,2109,29.785156,25000000.000
8440,2117,33.691406,25000000.000
8441,2120,35.156250,25000000.000
8442,2121,35.644531,25000000.000
8443,2120,35.156250,25000000.000
8444,2117,33.691406,25000000.000
8445,2113,31.738281,25000000.000
8446,2108,29.296875,25000000.000
8447,2107,28.808594,25000000.000
8448,2092,21.484375,25000000.000
8449,2086,18.554688,25000000.000
8450,2076,13.671875,25000000.000
8451,2075,13.183594,25000000.000
8452,2056,3.906250,25000000.000
8453,2043,-2.441406,25000000.000
8454,2033,-7.324219,25000000.000
8455,2031,-8.300781,25000000.000
8456,2010,-18.554688,25000000.000
8457,2000,-23.437500,25000000.000
8458,1991,-27.832031,25000000.000
8459,1989,-28.808594,25000000.000
8460,1981,-32.714844,25000000.000
8461,1982,-32.226562,25000000.000
8462,1973,-36.621094,25000000.000
8463,1976,-35.156250,25000000.000
8464,1988,-29.296875,25000000.000
8465,1982,-32.226562,25000000.000
8466,1987,-29.785156,25000000.000
8467,1993,-26.855469,25000000.000
8468,1995,-25.878906,25000000.000
8469,2002,-22.460938,25000000.000
8470,2014,-16.601562,25000000.000
8471,2015,-16.113281,25000000.000
8472,2033,-7.324219,25000000.000
8473,2049,0.488281,25000000.000
8474,2056,3.906250,25000000.000
8475,2056,3.906250,25000000.000
8476,2080,15.625000,25000000.000
8477,2091,20.996094,25000000.000
8478,2099,24.902344,25000000.000
8479,2101,25.878906,25000000.000
8480,2113,31.738281,25000000.000
8481,2118,34.179688,25000000.000
8482,2121,35.644531,25000000.000
8483,2120,35.156250,25000000.000
8484,2121,35.644531,25000000.000
8485,2116,33.203125,25000000.000
8486,2114,32.226562,25000000.000
8487,2111,30.761719,25000000.000
8488,2101,25.878906,25000000.000
8489,2091,20.996094,25000000.000
8490,2084,17.578125,25000000.000
8491,2082,16.601562,25000000.000
8492,2062,6.835938,25000000.000
8493,2053,2.441406,25000000.000
8494,2040,-3.906250,25000000.000
8495,2040,-3.906250,25000000.000
8496,2015,-16.113281,25000000.000
8497,2007,-20.019531,25000000.000
8498,1997,-24.902344,25000000.000
8499,1997,-24.902344,25000000.000
8500,1983,-31.738281,25000000.000
8501,1976,-35.156250,25000000.000
8502,1976,-35.156250,25000000.000
8503,1974,-36.132812,25000000.000
8504,1974,-36.132812,25000000.000
8505,1974,-36.132812,25000000.000
8506,1979,-33.691406,25000000.000
8507,1979,-33.691406,25000000.000
8508,1988,-29.296875,25000000.000
8509,1997,-24.902344,25000000.000
8510,2004,-21.484375,25000000.000
8511,2004,-21.484375,25000000.000
8512,2023,-12.207031,25000000.000
8513,2037,-5.371094,25000000.000
8514,2046,-0.976562,25000000.000
8515,2048,0.000000,25000000.000
8516,2071,11.230469,25000000.000
8517,2082,16.601562,25000000.000
8518,2092,21.484375,25000000.000
8519,2093,21.972656,25000000.000
8520,2110,30.273438,25000000.000
8521,2114,32.226562,25000000.000
8522,2120,35.156250,25000000.000
8523,2120,35.156250,25000000.000
8524,2120,35.156250,25000000.000
8525,2117,33.691406,25000000.000
8526,2115,32.714844,25000000.000
8527,2114,32.226562,25000000.000
8528,2104,27.343750,25000000.000
8529,2099,24.902344,25000000.000
8530,2089,20.019531,25000000.000
8531,2090,20.507812,25000000.000
8532,2072,11.718750,25000000.000
8533,2060,5.859375,25000000.000
8534,2050,0.976562,25000000.000
8535,2049,0.488281,25000000.000
8536,2028,-9.765625,25000000.000
8537,2015,-16.113281,25000000.000
8538,2005,-20.996094,25000000.000
8539,2005,-20.996094,25000000.000
8540,1986,-30.273438,25000000.000
8541,1982,-32.226562,25000000.000
8542,1976,-35.156250,25000000.000
8543,1977,-34.667969,25000000.000
8544,1974,-36.132812,25000000.000
8545,1975,-35.644531,25000000.000
8546,1974,-36.132812,25000000.000
8547,1978,-34.179688,25000000.000
8548,1984,-31.250000,25000000.000
8549,1989,-28.808594,25000000.000
8550,1999,-23.925781,25000000.000
8551,2000,-23.437500,25000000.000
8552,2015,-16.113281,25000000.000
8553,2025,-11.230469,25000000.000
8554,2038,-4.882812,25000000.000
8555,2037,-5.371094,25000000.000
8556,2068,9.765625,25000000.000
8557,2078,14.648438,25000000.000
8558,2083,17.089844,25000000.000
8559,2077,14.160156,25000000.000
8560,2102,26.367188,25000000.000
8561,2108,29.296875,25000000.000
8562,2115,32.714844,25000000.000
8563,2114,32.226562,25000000.000
8564,2120,35.156250,25000000.000
8565,2119,34.667969,25000000.000
8566,2118,34.179688,25000000.000
8567,2117,33.691406,25000000.000
8568,2112,31.250000,25000000.000
8569,2102,26.367188,25000000.000
8570,2098,24.414062,25000000.000
8571,2096,23.437500,25000000.000
8572,2080,15.625000,25000000.000
8573,2070,10.742188,25000000.000
8574,2059,5.371094,25000000.000
8575,2057,4.394531,25000000.000
8576,2037,-5.371094,25000000.000
8577,2026,-10.742188,25000000.000
8578,2013,-17.089844,25000000.000
8579,2015,-16.113281,25000000.000
8580,1994,-26.367188,25000000.000
8581,1987,-29.785156,25000000.000
8582,1981,-32.714844,25000000.000
8583,1982,-32.226562,25000000.000
8584,1974,-36.132812,25000000.000
8585,1974,-36.132812,25000000.000
8586,1976,-35.156250,25000000.000
8587,1975,-35.644531,25000000.000
8588,1982,-32.226562,25000000.000
8589,1986,-30.273438,25000000.000
8590,1991,-27.832031,25000000.000
8591,1991,-27.832031,25000000.000
8592,2007,-20.019531,25000000.000
8593,2019,-14.160156,25000000.000
8594,2027,-10.253906,25000000.000
8595,2031,-8.300781,25000000.000
8596,2053,2.441406,25000000.000
8597,2061,6.347656,25000000.000
8598,2063,7.324219,25000000.000
8599,2080,15.625000,25000000.000
8600,2098,24.414062,25000000.000
8601,2103,26.855469,25000000.000
8602,2113,31.738281,25000000.000
8603,2110,30.273438,25000000.000
8604,2121,35.644531,25000000.000
8605,2120,35.156250,25000000.000
8606,2118,34.179688,25000000.000
8607,2117,33.691406,25000000.000
8608,2114,32.226562,25000000.000
8609,2111,30.761719,25000000.000
8610,2103,26.855469,25000000.000
8611,2103,26.855469,25000000.000
8612,2087,19.042969,25000000.000
8613,2081,16.113281,25000000.000
8614,2068,9.765625,25000000.000
8615,2069,10.253906,25000000.000
8616,2047,-0.488281,25000000.000
8617,2036,-5.859375,25000000.000
8618,2025,-11.230469,25000000.000
8619,2024,-11.718750,25000000.000
8620,2004,-21.484375,25000000.000
8621,1994,-26.367188,25000000.000
8622,1986,-30.273438,25000000.000
8623,1985,-30.761719,25000000.000
8624,1976,-35.156250,25000000.000
8625,1974,-36.132812,25000000.000
8626,1974,-36.132812,25000000.000
8627,1973,-36.621094,25000000.000
8628,1976,-35.156250,25000000.000
8629,1980,-33.203125,25000000.000
8630,1987,-29.785156,25000000.000
8631,1987,-29.785156,25000000.000
8632,2001,-22.949219,25000000.000
8633,2008,-19.531250,25000000.000
8634,2020,-13.671875,25000000.000
8635,2020,-13.671875,25000000.000
8636,2042,-2.929688,25000000.000
8637,2052,1.953125,25000000.000
8638,2065,8.300781,25000000.000
8639,2066,8.789062,25000000.000
8640,2087,19.042969,25000000.000
8641,2098,24.414062,25000000.000
8642,2104,27.343750,25000000.000
8643,2104,27.343750,25000000.000
8644,2117,33.691406,25000000.000
8645,2120,35.156250,25000000.000
8646,2120,35.156250,25000000.000
8647,2120,35.156250,25000000.000
8648,2116,33.203125,25000000.000
8649,2113,31.738281,25000000.000
8650,2109,29.785156,25000000.000
8651,2094,22.460938,25000000.000
8652,2095,22.949219,25000000.000
8653,2102,26.367188,25000000.000
8654,2087,19.042969,25000000.000
8655,2071,11.230469,25000000.000
8656,2054,2.929688,25000000.000
8657,2049,0.488281,25000000.000
8658,2035,-6.347656,25000000.000
8659,2035,-6.347656,25000000.000
8660,2006,-20.507812,25000000.000
8661,2008,-19.531250,25000000.000
8662,1996,-25.390625,25000000.000
8663,1996,-25.390625,25000000.000
8664,1981,-32.714844,25000000.000
8665,1976,-35.156250,25000000.000
8666,1975,-35.644531,25000000.000
8667,1975,-35.644531,25000000.000
8668,1975,-35.644531,25000000.000
8669,1978,-34.179688,25000000.000
8670,1981,-32.714844,25000000.000
8671,1982,-32.226562,25000000.000
8672,1996,-25.390625,25000000.000
8673,1992,-27.343750,25000000.000
8674,2018,-14.648438,25000000.000
8675,2015,-16.113281,25000000.000
8676,2048,0.000000,25000000.000
8677,2047,-0.488281,25000000.000
8678,2048,0.000000,25000000.000
8679,2048,0.000000,25000000.000
8680,2078,14.648438,25000000.000
8681,2090,20.507812,25000000.000
8682,2100,25.390625,25000000.000
8683,2102,26.367188,25000000.000
8684,2115,32.714844,25000000.000
8685,2115,32.714844,25000000.000
8686,2121,35.644531,25000000.000
8687,2120,35.156250,25000000.000
8688,2119,34.667969,25000000.000
8689,2117,33.691406,25000000.000
8690,2118,34.179688,25000000.000
8691,2115,32.714844,25000000.000
8692,2100,25.390625,25000000.000
8693,2094,22.460938,25000000.000
8694,2084,17.578125,25000000.000
8695,2084,17.578125,25000000.000
8696,2065,8.300781,25000000.000
8697,2055,3.417969,25000000.000
8698,2044,-1.953125,25000000.000
8699,2043,-2.441406,25000000.000
8700,2023,-12.207031,25000000.000
8701,2009,-19.042969,25000000.000
8702,2002,-22.460938,25000000.000
8703,1999,-23.925781,25000000.000
8704,1983,-31.738281,25000000.000
8705,1979,-33.691406,25000000.000
8706,1974,-36.132812,25000000.000
8707,1972,-37.109375,25000000.000
8708,1972,-37.109375,25000000.000
8709,1976,-35.156250,25000000.000
8710,1977,-34.667969,25000000.000
8711,1980,-33.203125,25000000.000
8712,1987,-29.785156,25000000.000
8713,1995,-25.878906,25000000.000
8714,2000,-23.437500,25000000.000
8715,2003,-21.972656,25000000.000
8716,2023,-12.207031,25000000.000
8717,2031,-8.300781,25000000.000
8718,2044,-1.953125,25000000.000
8719,2045,-1.464844,25000000.000
8720,2068,9.765625,25000000.000
8721,2080,15.625000,25000000.000
8722,2089,20.019531,25000000.000
8723,2090,20.507812,25000000.000
8724,2106,28.320312,25000000.000
8725,2113,31.738281,25000000.000
8726,2117,33.691406,25000000.000
8727,2117,33.691406,25000000.000
8728,2119,34.667969,25000000.000
8729,2119,34.667969,25000000.000
8730,2116,33.203125,25000000.000
8731,2116,33.203125,25000000.000
8732,2105,27.832031,25000000.000
8733,2098,24.414062,25000000.000
8734,2093,21.972656,25000000.000
8735,2092,21.484375,25000000.000
8736,2076,13.671875,25000000.000
8737,2062,6.835938,25000000.000
8738,2053,2.441406,25000000.000
8739,2052,1.953125,25000000.000
8740,2030,-8.789062,25000000.000
8741,2019,-14.160156,25000000.000
8742,2008,-19.531250,25000000.000
8743,2006,-20.507812,25000000.000
8744,1988,-29.296875,25000000.000
8745,1985,-30.761719,25000000.000
8746,1978,-34.179688,25000000.000
8747,1979,-33.691406,25000000.000
8748,1974,-36.132812,25000000.000
8749,1974,-36.132812,25000000.000
8750,1975,-35.644531,25000000.000
8751,1976,-35.156250,25000000.000
8752,1984,-31.250000,25000000.000
8753,1987,-29.785156,25000000.000
8754,1996,-25.390625,25000000.000
8755,1996,-25.390625,25000000.000
8756,2013,-17.089844,25000000.000
8757,2023,-12.207031,25000000.000
8758,2033,-7.324219,25000000.000
8759,2035,-6.347656,25000000.000
8760,2057,4.394531,25000000.000
8761,2070,10.742188,25000000.000
8762,2081,16.113281,25000000.000
8763,2082,16.601562,25000000.000
8764,2101,25.878906,25000000.000
8765,2107,28.808594,25000000.000
8766,2115,32.714844,25000000.000
8767,2115,32.714844,25000000.000
8768,2121,35.644531,25000000.000
8769,2119,34.667969,25000000.000
8770,2119,34.667969,25000000.000
8771,2118,34.179688,25000000.000
8772,2111,30.761719,25000000.000
8773,2106,28.320312,25000000.000
8774,2102,26.367188,25000000.000
8775,2099,24.902344,25000000.000
8776,2080,15.625000,25000000.000
8777,2072,11.718750,25000000.000
8778,2061,6.347656,25000000.000
8779,2061,6.347656,25000000.000
8780,2038,-4.882812,25000000.000
8781,2028,-9.765625,25000000.000
8782,2017,-15.136719,25000000.000
8783,2017,-15.136719,25000000.000
8784,1998,-24.414062,25000000.000
8785,1988,-29.296875,25000000.000
8786,1984,-31.250000,25000000.000
8787,1983,-31.738281,25000000.000
8788,1976,-35.156250,25000000.000
8789,1973,-36.621094,25000000.000
8790,1973,-36.621094,25000000.000
8791,1973,-36.621094,25000000.000
8792,1980,-33.203125,25000000.000
8793,1986,-30.273438,25000000.000
8794,1990,-28.320312,25000000.000
8795,1991,-27.832031,25000000.000
8796,2004,-21.484375,25000000.000
8797,2014,-16.601562,25000000.000
8798,2026,-10.742188,25000000.000
8799,2027,-10.253906,25000000.000
8800,2048,0.000000,25000000.000
8801,2058,4.882812,25000000.000
8802,2073,12.207031,25000000.000
8803,2071,11.230469,25000000.000
8804,2093,21.972656,25000000.000
8805,2101,25.878906,25000000.000
8806,2108,29.296875,25000000.000
8807,2109,29.785156,25000000.000
8808,2118,34.179688,25000000.000
8809,2122,36.132812,25000000.000
8810,2119,34.667969,25000000.000
8811,2121,35.644531,25000000.000
8812,2114,32.226562,25000000.000
8813,2112,31.250000,25000000.000
8814,2106,28.320312,25000000.000
8815,2106,28.320312,25000000.000
8816,2091,20.996094,25000000.000
8817,2081,16.113281,25000000.000
8818,2072,11.718750,25000000.000
8819,2072,11.718750,25000000.000
8820,2050,0.976562,25000000.000
8821,2038,-4.882812,25000000.000
8822,2027,-10.253906,25000000.000
8823,2025,-11.230469,25000000.000
8824,2008,-19.531250,25000000.000
8825,1994,-26.367188,25000000.000
8826,1987,-29.785156,25000000.000
8827,1986,-30.273438,25000000.000
8828,1976,-35.156250,25000000.000
8829,1973,-36.621094,25000000.000
8830,1976,-35.156250,25000000.000
8831,1974,-36.132812,25000000.000
8832,1976,-35.156250,25000000.000
8833,1979,-33.691406,25000000.000
8834,1986,-30.273438,25000000.000
8835,1986,-30.273438,25000000.000
8836,2001,-22.949219,25000000.000
8837,2006,-20.507812,25000000.000
8838,2017,-15.136719,25000000.000
8839,2018,-14.648438,25000000.000
8840,2039,-4.394531,25000000.000
8841,2051,1.464844,25000000.000
8842,2061,6.347656,25000000.000
8843,2063,7.324219,25000000.000
8844,2083,17.089844,25000000.000
8845,2094,22.460938,25000000.000
8846,2105,27.832031,25000000.000
8847,2106,28.320312,25000000.000
8848,2116,33.203125,25000000.000
8849,2119,34.667969,25000000.000
8850,2121,35.644531,25000000.000
8851,2122,36.132812,25000000.000
8852,2120,35.156250,25000000.000
8853,2116,33.203125,25000000.000
8854,2111,30.761719,25000000.000
8855,2110,30.273438,25000000.000
8856,2098,24.414062,25000000.000
8857,2088,19.531250,25000000.000
8858,2074,12.695312,25000000.000
8859,2080,15.625000,25000000.000
8860,2056,3.906250,25000000.000
8861,2051,1.464844,25000000.000
8862,2036,-5.859375,25000000.000
8863,2037,-5.371094,25000000.000
8864,2014,-16.601562,25000000.000
8865,2005,-20.996094,25000000.000
8866,1994,-26.367188,25000000.000
8867,1993,-26.855469,25000000.000
8868,1982,-32.226562,25000000.000
8869,1975,-35.644531,25000000.000
8870,1976,-35.156250,25000000.000
8871,1973,-36.621094,25000000.000
8872,1974,-36.132812,25000000.000
8873,1978,-34.179688,25000000.000
8874,1978,-34.179688,25000000.000
8875,1980,-33.203125,25000000.000
8876,1993,-26.855469,25000000.000
8877,2000,-23.437500,25000000.000
8878,2008,-19.531250,25000000.000
8879,2010,-18.554688,25000000.000
8880,2029,-9.277344,25000000.000
8881,2039,-4.394531,25000000.000
8882,2053,2.441406,25000000.000
8883,2054,2.929688,25000000.000
8884,2077,14.160156,25000000.000
8885,2084,17.578125,25000000.000
8886,2095,22.949219,25000000.000
8887,2094,22.460938,25000000.000
8888,2111,30.761719,25000000.000
8889,2116,33.203125,25000000.000
8890,2119,34.667969,25000000.000
8891,2119,34.667969,25000000.000
8892,2121,35.644531,25000000.000
8893,2119,34.667969,25000000.000
8894,2113,31.738281,25000000.000
8895,2114,32.226562,25000000.000
8896,2103,26.855469,25000000.000
8897,2096,23.437500,25000000.000
8898,2088,19.531250,25000000.000
8899,2087,19.042969,25000000.000
8900,2068,9.765625,25000000.000
8901,2062,6.835938,25000000.000
8902,2052,1.953125,25000000.000
8903,2045,-1.464844,25000000.000
8904,2009,-19.042969,25000000.000
8905,2019,-14.160156,25000000.000
8906,1997,-24.902344,25000000.000
8907,2000,-23.437500,25000000.000
8908,1981,-32.714844,25000000.000
8909,1979,-33.691406,25000000.000
8910,1975,-35.644531,25000000.000
8911,1974,-36.132812,25000000.000
8912,1970,-38.085938,25000000.000
8913,1973,-36.621094,25000000.000
8914,1979,-33.691406,25000000.000
8915,1978,-34.179688,25000000.000
8916,1989,-28.808594,25000000.000
8917,1991,-27.832031,25000000.000
8918,2000,-23.437500,25000000.000
8919,2001,-22.949219,25000000.000
8920,2017,-15.136719,25000000.000
8921,2031,-8.300781,25000000.000
8922,2040,-3.906250,25000000.000
8923,2041,-3.417969,25000000.000
8924,2064,7.812500,25000000.000
8925,2074,12.695312,25000000.000
8926,2095,22.949219,25000000.000
8927,2082,16.601562,25000000.000
8928,2104,27.343750,25000000.000
8929,2111,30.761719,25000000.000
8930,2115,32.714844,25000000.000
8931,2117,33.691406,25000000.000
8932,2120,35.156250,25000000.000
8933,2118,34.179688,25000000.000
8934,2116,33.203125,25000000.000
8935,2117,33.691406,25000000.000
8936,2110,30.273438,25000000.000
8937,2101,25.878906,25000000.000
8938,2093,21.972656,25000000.000
8939,2092,21.484375,25000000.000
8940,2075,13.183594,25000000.000
8941,2069,10.253906,25000000.000
8942,2055,3.417969,25000000.000
8943,2053,2.441406,25000000.000
8944,2030,-8.789062,25000000.000
8945,2023,-12.207031,25000000.000
8946,2008,-19.531250,25000000.000
8947,2011,-18.066406,25000000.000
8948,1991,-27.832031,25000000.000
8949,1984,-31.250000,25000000.000
8950,1978,-34.179688,25000000.000
8951,1977,-34.667969,25000000.000
8952,1974,-36.132812,25000000.000
8953,1972,-37.109375,25000000.000
8954,1973,-36.621094,25000000.000
8955,1974,-36.132812,25000000.000
8956,1980,-33.203125,25000000.000
8957,1986,-30.273438,25000000.000
8958,1991,-27.832031,25000000.000
8959,1994,-26.367188,25000000.000
8960,2010,-18.554688,25000000.000
8961,2022,-12.695312,25000000.000
8962,2031,-8.300781,25000000.000
8963,2034,-6.835938,25000000.000
8964,2055,3.417969,25000000.000
8965,2067,9.277344,25000000.000
8966,2078,14.648438,25000000.000
8967,2079,15.136719,25000000.000
8968,2098,24.414062,25000000.000
8969,2106,28.320312,25000000.000
8970,2113,31.738281,25000000.000
8971,2111,30.761719,25000000.000
8972,2120,35.156250,25000000.000
8973,2120,35.156250,25000000.000
8974,2120,35.156250,25000000.000
8975,2119,34.667969,25000000.000
8976,2113,31.738281,25000000.000
8977,2108,29.296875,25000000.000
8978,2100,25.390625,25000000.000
8979,2101,25.878906,25000000.000
8980,2084,17.578125,25000000.000
8981,2074,12.695312,25000000.000
8982,2067,9.277344,25000000.000
8983,2066,8.789062,25000000.000
8984,2039,-4.394531,25000000.000
8985,2033,-7.324219,25000000.000
8986,2022,-12.695312,25000000.000
8987,2022,-12.695312,25000000.000
8988,2001,-22.949219,25000000.000
8989,1993,-26.855469,25000000.000
8990,1982,-32.226562,25000000.000
8991,1982,-32.226562,25000000.000
8992,1975,-35.644531,25000000.000
8993,1977,-34.667969,25000000.000
8994,1972,-37.109375,25000000.000
8995,1976,-35.156250,25000000.000
8996,1980,-33.203125,25000000.000
8997,1985,-30.761719,25000000.000
8998,1989,-28.808594,25000000.000
8999,1991,-27.832031,25000000.000
9000,2005,-20.996094,25000000.000
9001,2013,-17.089844,25000000.000
9002,2024,-11.718750,25000000.000
9003,2024,-11.718750,25000000.000
9004,2046,-0.976562,25000000.000
9005,2057,4.394531,25000000.000
9006,2069,10.253906,25000000.000
9007,2070,10.742188,25000000.000
9008,2089,20.019531,25000000.000
9009,2101,25.878906,25000000.000
9010,2107,28.808594,25000000.000
9011,2109,29.785156,25000000.000
9012,2117,33.691406,25000000.000
9013,2120,35.156250,25000000.000
9014,2120,35.156250,25000000.000
9015,2121,35.644531,25000000.000
9016,2118,34.179688,25000000.000
9017,2112,31.250000,25000000.000
9018,2107,28.808594,25000000.000
9019,2106,28.320312,25000000.000
9020,2094,22.460938,25000000.000
9021,2084,17.578125,25000000.000
9022,2074,12.695312,25000000.000
9023,2072,11.718750,25000000.000
9024,2053,2.441406,25000000.000
9025,2041,-3.417969,25000000.000
9026,2029,-9.277344,25000000.000
9027,2031,-8.300781,25000000.000
9028,2008,-19.531250,25000000.000
9029,1999,-23.925781,25000000.000
9030,1990,-28.320312,25000000.000
9031,1991,-27.832031,25000000.000
9032,1979,-33.691406,25000000.000
9033,1974,-36.132812,25000000.000
9034,1975,-35.644531,25000000.000
9035,1974,-36.132812,25000000.000
9036,1976,-35.156250,25000000.000
9037,1976,-35.156250,25000000.000
9038,1985,-30.761719,25000000.000
9039,1982,-32.226562,25000000.000
9040,1993,-26.855469,25000000.000
9041,2008,-19.531250,25000000.000
9042,2014,-16.601562,25000000.000
9043,2014,-16.601562,25000000.000
9044,2033,-7.324219,25000000.000
9045,2048,0.000000,25000000.000
9046,2058,4.882812,25000000.000
9047,2060,5.859375,25000000.000
9048,2081,16.113281,25000000.000
9049,2091,20.996094,25000000.000
9050,2101,25.878906,25000000.000
9051,2101,25.878906,25000000.000
9052,2116,33.203125,25000000.000
9053,2118,34.179688,25000000.000
9054,2121,35.644531,25000000.000
9055,2120,35.156250,25000000.000
9056,2119,34.667969,25000000.000
9057,2116,33.203125,25000000.000
9058,2111,30.761719,25000000.000
9059,2110,30.273438,25000000.000
9060,2099,24.902344,25000000.000
9061,2093,21.972656,25000000.000
9062,2082,16.601562,25000000.000
9063,2081,16.113281,25000000.000
9064,2063,7.324219,25000000.000
9065,2050,0.976562,25000000.000
9066,2039,-4.394531,25000000.000
9067,2040,-3.906250,25000000.000
9068,2018,-14.648438,25000000.000
9069,2007,-20.019531,25000000.000
9070,1997,-24.902344,25000000.000
9071,1997,-24.902344,25000000.000
9072,1981,-32.714844,25000000.000
9073,1979,-33.691406,25000000.000
9074,1974,-36.132812,25000000.000
9075,1975,-35.644531,25000000.000
9076,1974,-36.132812,25000000.000
9077,1977,-34.667969,25000000.000
9078,1979,-33.691406,25000000.000
9079,1980,-33.203125,25000000.000
9080,1991,-27.832031,25000000.000
9081,1998,-24.414062,25000000.000
9082,2007,-20.019531,25000000.000
9083,2008,-19.531250,25000000.000
9084,2026,-10.742188,25000000.000
9085,2036,-5.859375,25000000.000
9086,2048,0.000000,25000000.000
9087,2049,0.488281,25000000.000
9088,2072,11.718750,25000000.000
9089,2083,17.089844,25000000.000
9090,2093,21.972656,25000000.000
9091,2094,22.460938,25000000.000
9092,2107,28.808594,25000000.000
9093,2114,32.226562,25000000.000
9094,2118,34.179688,25000000.000
9095,2121,35.644531,25000000.000
9096,2119,34.667969,25000000.000
9097,2119,34.667969,25000000.000
9098,2116,33.203125,25000000.000
9099,2118,34.179688,25000000.000
9100,2104,27.343750,25000000.000
9101,2097,23.925781,25000000.000
9102,2091,20.996094,25000000.000
9103,2088,19.531250,25000000.000
9104,2070,10.742188,25000000.000
9105,2061,6.347656,25000000.000
9106,2049,0.488281,25000000.000
9107,2047,-0.488281,25000000.000
9108,2027,-10.253906,25000000.000
9109,2017,-15.136719,25000000.000
9110,2002,-22.460938,25000000.000
9111,2002,-22.460938,25000000.000
9112,1987,-29.785156,25000000.000
9113,1981,-32.714844,25000000.000
9114,1977,-34.667969,25000000.000
9115,1977,-34.667969,25000000.000
9116,1975,-35.644531,25000000.000
9117,1973,-36.621094,25000000.000
9118,1978,-34.179688,25000000.000
9119,1977,-34.667969,25000000.000
9120,1985,-30.761719,25000000.000
9121,1992,-27.343750,25000000.000
9122,1998,-24.414062,25000000.000
9123,1998,-24.414062,25000000.000
9124,2017,-15.136719,25000000.000
9125,2027,-10.253906,25000000.000
9126,2037,-5.371094,25000000.000
9127,2038,-4.882812,25000000.000
9128,2060,5.859375,25000000.000
9129,2074,12.695312,25000000.000
9130,2084,17.578125,25000000.000
9131,2086,18.554688,25000000.000
9132,2104,27.343750,25000000.000
9133,2108,29.296875,25000000.000
9134,2116,33.203125,25000000.000
9135,2114,32.226562,25000000.000
9136,2119,34.667969,25000000.000
9137,2121,35.644531,25000000.000
9138,2115,32.714844,25000000.000
9139,2115,32.714844,25000000.000
9140,2110,30.273438,25000000.000
9141,2103,26.855469,25000000.000
9142,2095,22.949219,25000000.000
9143,2094,22.460938,25000000.000
9144,2078,14.648438,25000000.000
9145,2069,10.253906,25000000.000
9146,2059,5.371094,25000000.000
9147,2058,4.882812,25000000.000
9148,2036,-5.859375,25000000.000
9149,2024,-11.718750,25000000.000
9150,2014,-16.601562,25000000.000
9151,2013,-17.089844,25000000.000
9152,1995,-25.878906,25000000.000
9153,1984,-31.250000,25000000.000
9154,1980,-33.203125,25000000.000
9155,1980,-33.203125,25000000.000
9156,1975,-35.644531,25000000.000
9157,1974,-36.132812,25000000.000
9158,1973,-36.621094,25000000.000
9159,1974,-36.132812,25000000.000
9160,1979,-33.691406,25000000.000
9161,1984,-31.250000,25000000.000
9162,1985,-30.761719,25000000.000
9163,2000,-23.437500,25000000.000
9164,1999,-23.925781,25000000.000
9165,2028,-9.765625,25000000.000
9166,2027,-10.253906,25000000.000
9167,2028,-9.765625,25000000.000
9168,2050,0.976562,25000000.000
9169,2064,7.812500,25000000.000
9170,2074,12.695312,25000000.000
9171,2076,13.671875,25000000.000
9172,2095,22.949219,25000000.000
9173,2106,28.320312,25000000.000
9174,2111,30.761719,25000000.000
9175,2110,30.273438,25000000.000
9176,2128,39.062500,25000000.000
9177,2124,37.109375,25000000.000
9178,2114,32.226562,25000000.000
9179,2126,38.085938,25000000.000
9180,2104,27.343750,25000000.000
9181,2114,32.226562,25000000.000
9182,2102,26.367188,25000000.000
9183,2104,27.343750,25000000.000
9184,2084,17.578125,25000000.000
9185,2081,16.113281,25000000.000
9186,2068,9.765625,25000000.000
9187,2065,8.300781,25000000.000
9188,2046,-0.976562,25000000.000
9189,2034,-6.835938,25000000.000
9190,2022,-12.695312,25000000.000
9191,2020,-13.671875,25000000.000
9192,2001,-22.949219,25000000.000
9193,1993,-26.855469,25000000.000
9194,1986,-30.273438,25000000.000
9195,1986,-30.273438,25000000.000
9196,1978,-34.179688,25000000.000
9197,1974,-36.132812,25000000.000
9198,1974,-36.132812,25000000.000
9199,1976,-35.156250,25000000.000
9200,1978,-34.179688,25000000.000
9201,1981,-32.714844,25000000.000
9202,1987,-29.785156,25000000.000
9203,1988,-29.296875,25000000.000
9204,2001,-22.949219,25000000.000
9205,2009,-19.042969,25000000.000
9206,2020,-13.671875,25000000.000
9207,2018,-14.648438,25000000.000
9208,2041,-3.417969,25000000.000
9209,2054,2.929688,25000000.000
9210,2064,7.812500,25000000.000
9211,2066,8.789062,25000000.000
9212,2087,19.042969,25000000.000
9213,2097,23.925781,25000000.000
9214,2107,28.808594,25000000.000
9215,2107,28.808594,25000000.000
9216,2119,34.667969,25000000.000
9217,2119,34.667969,25000000.000
9218,2124,37.109375,25000000.000
9219,2122,36.132812,25000000.000
9220,2118,34.179688,25000000.000
9221,2115,32.714844,25000000.000
9222,2109,29.785156,25000000.000
9223,2108,29.296875,25000000.000
9224,2093,21.972656,25000000.000
9225,2086,18.554688,25000000.000
9226,2076,13.671875,25000000.000
9227,2076,13.671875,25000000.000
9228,2056,3.906250,25000000.000
9229,2044,-1.953125,25000000.000
9230,2032,-7.812500,25000000.000
9231,2034,-6.835938,25000000.000
9232,2012,-17.578125,25000000.000
9233,2000,-23.437500,25000000.000
9234,1993,-26.855469,25000000.000
9235,1989,-28.808594,25000000.000
9236,1983,-31.738281,25000000.000
9237,1974,-36.132812,25000000.000
9238,1974,-36.132812,25000000.000
9239,1974,-36.132812,25000000.000
9240,1975,-35.644531,25000000.000
9241,1978,-34.179688,25000000.000
9242,1983,-31.738281,25000000.000
9243,1983,-31.738281,25000000.000
9244,1992,-27.343750,25000000.000
9245,2004,-21.484375,25000000.000
9246,2012,-17.578125,25000000.000
9247,2013,-17.089844,25000000.000
9248,2046,-0.976562,25000000.000
9249,2039,-4.394531,25000000.000
9250,2048,0.000000,25000000.000
9251,2060,5.859375,25000000.000
9252,2078,14.648438,25000000.000
9253,2090,20.507812,25000000.000
9254,2099,24.902344,25000000.000
9255,2100,25.390625,25000000.000
9256,2114,32.226562,25000000.000
9257,2117,33.691406,25000000.000
9258,2120,35.156250,25000000.000
9259,2120,35.156250,25000000.000
9260,2118,34.179688,25000000.000
9261,2119,34.667969,25000000.000
9262,2112,31.250000,25000000.000
9263,2112,31.250000,25000000.000
9264,2101,25.878906,25000000.000
9265,2092,21.484375,25000000.000
9266,2086,18.554688,25000000.000
9267,2085,18.066406,25000000.000
9268,2066,8.789062,25000000.000
9269,2053,2.441406,25000000.000
9270,2043,-2.441406,25000000.000
9271,2041,-3.417969,25000000.000
9272,2019,-14.160156,25000000.000
9273,2008,-19.531250,25000000.000
9274,1999,-23.925781,25000000.000
9275,1998,-24.414062,25000000.000
9276,1980,-33.203125,25000000.000
9277,1979,-33.691406,25000000.000
9278,1974,-36.132812,25000000.000
9279,1975,-35.644531,25000000.000
9280,1974,-36.132812,25000000.000
9281,1976,-35.156250,25000000.000
9282,1979,-33.691406,25000000.000
9283,1980,-33.203125,25000000.000
9284,1988,-29.296875,25000000.000
9285,1995,-25.878906,25000000.000
9286,2002,-22.460938,25000000.000
9287,2002,-22.460938,25000000.000
9288,2021,-13.183594,25000000.000
9289,2036,-5.859375,25000000.000
9290,2046,-0.976562,25000000.000
9291,2047,-0.488281,25000000.000
9292,2071,11.230469,25000000.000
9293,2080,15.625000,25000000.000
9294,2087,19.042969,25000000.000
9295,2093,21.972656,25000000.000
9296,2107,28.808594,25000000.000
9297,2112,31.250000,25000000.000
9298,2119,34.667969,25000000.000
9299,2120,35.156250,25000000.000
9300,2122,36.132812,25000000.000
9301,2117,33.691406,25000000.000
9302,2117,33.691406,25000000.000
9303,2116,33.203125,25000000.000
9304,2107,28.808594,25000000.000
9305,2101,25.878906,25000000.000
9306,2091,20.996094,25000000.000
9307,2089,20.019531,25000000.000
9308,2072,11.718750,25000000.000
9309,2064,7.812500,25000000.000
9310,2049,0.488281,25000000.000
9311,2051,1.464844,25000000.000
9312,2029,-9.277344,25000000.000
9313,2017,-15.136719,25000000.000
9314,2008,-19.531250,25000000.000
9315,2007,-20.019531,25000000.000
9316,1990,-28.320312,25000000.000
9317,1982,-32.226562,25000000.000
9318,1979,-33.691406,25000000.000
9319,1977,-34.667969,25000000.000
9320,1975,-35.644531,25000000.000
9321,1973,-36.621094,25000000.000
9322,1975,-35.644531,25000000.000
9323,1975,-35.644531,25000000.000
9324,1983,-31.738281,25000000.000
9325,1990,-28.320312,25000000.000
9326,1996,-25.390625,25000000.000
9327,1997,-24.902344,25000000.000
9328,2012,-17.578125,25000000.000
9329,2025,-11.230469,25000000.000
9330,2036,-5.859375,25000000.000
9331,2038,-4.882812,25000000.000
9332,2059,5.371094,25000000.000
9333,2071,11.230469,25000000.000
9334,2083,17.089844,25000000.000
9335,2082,16.601562,25000000.000
9336,2100,25.390625,25000000.000
9337,2109,29.785156,25000000.000
9338,2115,32.714844,25000000.000
9339,2114,32.226562,25000000.000
9340,2119,34.667969,25000000.000
9341,2121,35.644531,25000000.000
9342,2117,33.691406,25000000.000
9343,2118,34.179688,25000000.000
9344,2110,30.273438,25000000.000
9345,2106,28.320312,25000000.000
9346,2098,24.414062,25000000.000
9347,2098,24.414062,25000000.000
9348,2083,17.089844,25000000.000
9349,2069,10.253906,25000000.000
9350,2061,6.347656,25000000.000
9351,2059,5.371094,25000000.000
9352,2041,-3.417969,25000000.000
9353,2027,-10.253906,25000000.000
9354,2014,-16.601562,25000000.000
9355,2012,-17.578125,25000000.000
9356,1997,-24.902344,25000000.000
9357,1987,-29.785156,25000000.000
9358,1979,-33.691406,25000000.000
9359,1981,-32.714844,25000000.000
9360,1975,-35.644531,25000000.000
9361,1973,-36.621094,25000000.000
9362,1964,-41.015625,25000000.000
9363,1968,-39.062500,25000000.000
9364,1984,-31.250000,25000000.000
9365,1981,-32.714844,25000000.000
9366,1991,-27.832031,25000000.000
9367,1992,-27.343750,25000000.000
9368,2008,-19.531250,25000000.000
9369,2014,-16.601562,25000000.000
9370,2025,-11.230469,25000000.000
9371,2025,-11.230469,25000000.000
9372,2048,0.000000,25000000.000
9373,2062,6.835938,25000000.000
9374,2073,12.207031,25000000.000
9375,2073,12.207031,25000000.000
9376,2094,22.460938,25000000.000
9377,2103,26.855469,25000000.000
9378,2109,29.785156,25000000.000
9379,2111,30.761719,25000000.000
9380,2118,34.179688,25000000.000
9381,2120,35.156250,25000000.000
9382,2119,34.667969,25000000.000
9383,2123,36.621094,25000000.000
9384,2117,33.691406,25000000.000
9385,2109,29.785156,25000000.000
9386,2105,27.832031,25000000.000
9387,2104,27.343750,25000000.000
9388,2089,20.019531,25000000.000
9389,2081,16.113281,25000000.000
9390,2071,11.230469,25000000.000
9391,2070,10.742188,25000000.000
9392,2049,0.488281,25000000.000
9393,2038,-4.882812,25000000.000
9394,2026,-10.742188,25000000.000
9395,2026,-10.742188,25000000.000
9396,2005,-20.996094,25000000.000
9397,1996,-25.390625,25000000.000
9398,1988,-29.296875,25000000.000
9399,1988,-29.296875,25000000.000
9400,1978,-34.179688,25000000.000
9401,1976,-35.156250,25000000.000
9402,1973,-36.621094,25000000.000
9403,1972,-37.109375,25000000.000
9404,1978,-34.179688,25000000.000
9405,1981,-32.714844,25000000.000
9406,1985,-30.761719,25000000.000
9407,1985,-30.761719,25000000.000
9408,1999,-23.925781,25000000.000
9409,2010,-18.554688,25000000.000
9410,2017,-15.136719,25000000.000
9411,2019,-14.160156,25000000.000
9412,2041,-3.417969,25000000.000
9413,2053,2.441406,25000000.000
9414,2063,7.324219,25000000.000
9415,2066,8.789062,25000000.000
9416,2087,19.042969,25000000.000
9417,2093,21.972656,25000000.000
9418,2107,28.808594,25000000.000
9419,2107,28.808594,25000000.000
9420,2115,32.714844,25000000.000
9421,2121,35.644531,25000000.000
9422,2121,35.644531,25000000.000
9423,2120,35.156250,25000000.000
9424,2118,34.179688,25000000.000
9425,2116,33.203125,25000000.000
9426,2108,29.296875,25000000.000
9427,2110,30.273438,25000000.000
9428,2096,23.437500,25000000.000
9429,2082,16.601562,25000000.000
9430,2088,19.531250,25000000.000
9431,2088,19.531250,25000000.000
9432,2065,8.300781,25000000.000
9433,2033,-7.324219,25000000.000
9434,2040,-3.906250,25000000.000
9435,2030,-8.789062,25000000.000
9436,2015,-16.113281,25000000.000
9437,2000,-23.437500,25000000.000
9438,1993,-26.855469,25000000.000
9439,1993,-26.855469,25000000.000
9440,1980,-33.203125,25000000.000
9441,1977,-34.667969,25000000.000
9442,1972,-37.109375,25000000.000
9443,1975,-35.644531,25000000.000
9444,1973,-36.621094,25000000.000
9445,1978,-34.179688,25000000.000
9446,1981,-32.714844,25000000.000
9447,1981,-32.714844,25000000.000
9448,1993,-26.855469,25000000.000
9449,2002,-22.460938,25000000.000
9450,2011,-18.066406,25000000.000
9451,2010,-18.554688,25000000.000
9452,2031,-8.300781,25000000.000
9453,2041,-3.417969,25000000.000
9454,2053,2.441406,25000000.000
9455,2053,2.441406,25000000.000
9456,2075,13.183594,25000000.000
9457,2085,18.066406,25000000.000
9458,2096,23.437500,25000000.000
9459,2097,23.925781,25000000.000
9460,2110,30.273438,25000000.000
9461,2118,34.179688,25000000.000
9462,2118,34.179688,25000000.000
9463,2120,35.156250,25000000.000
9464,2121,35.644531,25000000.000
9465,2118,34.179688,25000000.000
9466,2115,32.714844,25000000.000
9467,2113,31.738281,25000000.000
9468,2105,27.832031,25000000.000
9469,2094,22.460938,25000000.000
9470,2087,19.042969,25000000.000
9471,2085,18.066406,25000000.000
9472,2068,9.765625,25000000.000
9473,2057,4.394531,25000000.000
9474,2046,-0.976562,25000000.000
9475,2044,-1.953125,25000000.000
9476,2022,-12.695312,25000000.000
9477,2011,-18.066406,25000000.000
9478,2000,-23.437500,25000000.000
9479,2001,-22.949219,25000000.000
9480,1986,-30.273438,25000000.000
9481,1980,-33.203125,25000000.000
9482,1976,-35.156250,25000000.000
9483,1974,-36.132812,25000000.000
9484,1974,-36.132812,25000000.000
9485,1974,-36.132812,25000000.000
9486,1977,-34.667969,25000000.000
9487,1975,-35.644531,25000000.000
9488,1986,-30.273438,25000000.000
9489,1992,-27.343750,25000000.000
9490,2000,-23.437500,25000000.000
9491,2001,-22.949219,25000000.000
9492,2019,-14.160156,25000000.000
9493,2032,-7.812500,25000000.000
9494,2041,-3.417969,25000000.000
9495,2045,-1.464844,25000000.000
9496,2066,8.789062,25000000.000
9497,2076,13.671875,25000000.000
9498,2088,19.531250,25000000.000
9499,2090,20.507812,25000000.000
9500,2106,28.320312,25000000.000
9501,2110,30.273438,25000000.000
9502,2117,33.691406,25000000.000
9503,2116,33.203125,25000000.000
9504,2120,35.156250,25000000.000
9505,2118,34.179688,25000000.000
9506,2116,33.203125,25000000.000
9507,2114,32.226562,25000000.000
9508,2106,28.320312,25000000.000
9509,2101,25.878906,25000000.000
9510,2093,21.972656,25000000.000
9511,2093,21.972656,25000000.000
9512,2075,13.183594,25000000.000
9513,2065,8.300781,25000000.000
9514,2057,4.394531,25000000.000
9515,2054,2.929688,25000000.000
9516,2033,-7.324219,25000000.000
9517,2019,-14.160156,25000000.000
9518,2010,-18.554688,25000000.000
9519,2009,-19.042969,25000000.000
9520,1989,-28.808594,25000000.000
9521,1984,-31.250000,25000000.000
9522,1978,-34.179688,25000000.000
9523,1976,-35.156250,25000000.000
9524,1972,-37.109375,25000000.000
9525,1976,-35.156250,25000000.000
9526,1973,-36.621094,25000000.000
9527,1974,-36.132812,25000000.000
9528,1984,-31.250000,25000000.000
9529,1989,-28.808594,25000000.000
9530,1995,-25.878906,25000000.000
9531,1996,-25.390625,25000000.000
9532,2013,-17.089844,25000000.000
9533,2021,-13.183594,25000000.000
9534,2032,-7.812500,25000000.000
9535,2033,-7.324219,25000000.000
9536,2056,3.906250,25000000.000
9537,2069,10.253906,25000000.000
9538,2079,15.136719,25000000.000
9539,2080,15.625000,25000000.000
9540,2098,24.414062,25000000.000
9541,2106,28.320312,25000000.000
9542,2111,30.761719,25000000.000
9543,2113,31.738281,25000000.000
9544,2119,34.667969,25000000.000
9545,2121,35.644531,25000000.000
9546,2119,34.667969,25000000.000
9547,2120,35.156250,25000000.000
9548,2113,31.738281,25000000.000
9549,2105,27.832031,25000000.000
9550,2100,25.390625,25000000.000
9551,2097,23.925781,25000000.000
9552,2085,18.066406,25000000.000
9553,2073,12.207031,25000000.000
9554,2065,8.300781,25000000.000
9555,2061,6.347656,25000000.000
9556,2041,-3.417969,25000000.000
9557,2030,-8.789062,25000000.000
9558,2018,-14.648438,25000000.000
9559,2018,-14.648438,25000000.000
9560,1997,-24.902344,25000000.000
9561,1989,-28.808594,25000000.000
9562,1981,-32.714844,25000000.000
9563,1982,-32.226562,25000000.000
9564,1977,-34.667969,25000000.000
9565,1972,-37.109375,25000000.000
9566,1974,-36.132812,25000000.000
9567,1972,-37.109375,25000000.000
9568,1980,-33.203125,25000000.000
9569,1982,-32.226562,25000000.000
9570,1990,-28.320312,25000000.000
9571,1990,-28.320312,25000000.000
9572,2004,-21.484375,25000000.000
9573,2013,-17.089844,25000000.000
9574,2023,-12.207031,25000000.000
9575,2024,-11.718750,25000000.000
9576,2047,-0.488281,25000000.000
9577,2063,7.324219,25000000.000
9578,2068,9.765625,25000000.000
9579,2071,11.230469,25000000.000
9580,2092,21.484375,25000000.000
9581,2102,26.367188,25000000.000
9582,2103,26.855469,25000000.000
9583,2111,30.761719,25000000.000
9584,2119,34.667969,25000000.000
9585,2119,34.667969,25000000.000
9586,2116,33.203125,25000000.000
9587,2119,34.667969,25000000.000
9588,2113,31.738281,25000000.000
9589,2114,32.226562,25000000.000
9590,2104,27.343750,25000000.000
9591,2104,27.343750,25000000.000
9592,2089,20.019531,25000000.000
9593,2082,16.601562,25000000.000
9594,2073,12.207031,25000000.000
9595,2073,12.207031,25000000.000
9596,2070,10.742188,25000000.000
9597,2039,-4.394531,25000000.000
9598,2031,-8.300781,25000000.000
9599,2030,-8.789062,25000000.000
9600,2008,-19.531250,25000000.000
9601,1998,-24.414062,25000000.000
9602,1990,-28.320312,25000000.000
9603,1989,-28.808594,25000000.000
9604,1980,-33.203125,25000000.000
9605,1977,-34.667969,25000000.000
9606,1977,-34.667969,25000000.000
9607,1975,-35.644531,25000000.000
9608,1976,-35.156250,25000000.000
9609,1983,-31.738281,25000000.000
9610,1985,-30.761719,25000000.000
9611,1989,-28.808594,25000000.000
9612,1998,-24.414062,25000000.000
9613,2007,-20.019531,25000000.000
9614,2017,-15.136719,25000000.000
9615,2017,-15.136719,25000000.000
9616,2038,-4.882812,25000000.000
9617,2047,-0.488281,25000000.000
9618,2062,6.835938,25000000.000
9619,2062,6.835938,25000000.000
9620,2083,17.089844,25000000.000
9621,2095,22.949219,25000000.000
9622,2102,26.367188,25000000.000
9623,2103,26.855469,25000000.000
9624,2116,33.203125,25000000.000
9625,2120,35.156250,25000000.000
9626,2123,36.621094,25000000.000
9627,2121,35.644531,25000000.000
9628,2120,35.156250,25000000.000
9629,2117,33.691406,25000000.000
9630,2113,31.738281,25000000.000
9631,2113,31.738281,25000000.000
9632,2099,24.902344,25000000.000
9633,2092,21.484375,25000000.000
9634,2080,15.625000,25000000.000
9635,2082,16.601562,25000000.000
9636,2066,8.789062,25000000.000
9637,2051,1.464844,25000000.000
9638,2039,-4.394531,25000000.000
9639,2040,-3.906250,25000000.000
9640,2015,-16.113281,25000000.000
9641,2009,-19.042969,25000000.000
9642,1993,-26.855469,25000000.000
9643,1993,-26.855469,25000000.000
9644,1976,-35.156250,25000000.000
9645,1977,-34.667969,25000000.000
9646,1981,-32.714844,25000000.000
9647,1980,-33.203125,25000000.000
9648,1976,-35.156250,25000000.000
9649,1976,-35.156250,25000000.000
9650,1981,-32.714844,25000000.000
9651,1980,-33.203125,25000000.000
9652,1991,-27.832031,25000000.000
9653,2002,-22.460938,25000000.000
9654,2008,-19.531250,25000000.000
9655,2008,-19.531250,25000000.000
9656,2028,-9.765625,25000000.000
9657,2038,-4.882812,25000000.000
9658,2050,0.976562,25000000.000
9659,2052,1.953125,25000000.000
9660,2072,11.718750,25000000.000
9661,2084,17.578125,25000000.000
9662,2095,22.949219,25000000.000
9663,2096,23.437500,25000000.000
9664,2111,30.761719,25000000.000
9665,2115,32.714844,25000000.000
9666,2120,35.156250,25000000.000
9667,2120,35.156250,25000000.000
9668,2122,36.132812,25000000.000
9669,2118,34.179688,25000000.000
9670,2115,32.714844,25000000.000
9671,2114,32.226562,25000000.000
9672,2104,27.343750,25000000.000
9673,2097,23.925781,25000000.000
9674,2088,19.531250,25000000.000
9675,2088,19.531250,25000000.000
9676,2069,10.253906,25000000.000
9677,2059,5.371094,25000000.000
9678,2046,-0.976562,25000000.000
9679,2046,-0.976562,25000000.000
9680,2025,-11.230469,25000000.000
9681,2014,-16.601562,25000000.000
9682,2005,-20.996094,25000000.000
9683,1999,-23.925781,25000000.000
9684,1982,-32.226562,25000000.000
9685,1979,-33.691406,25000000.000
9686,1988,-29.296875,25000000.000
9687,1946,-49.804688,25000000.000
9688,1965,-40.527344,25000000.000
9689,1971,-37.597656,25000000.000
9690,1974,-36.132812,25000000.000
9691,1978,-34.179688,25000000.000
9692,1987,-29.785156,25000000.000
9693,1991,-27.832031,25000000.000
9694,2000,-23.437500,25000000.000
9695,2001,-22.949219,25000000.000
9696,2019,-14.160156,25000000.000
9697,2028,-9.765625,25000000.000
9698,2039,-4.394531,25000000.000
9699,2040,-3.906250,25000000.000
9700,2065,8.300781,25000000.000
9701,2070,10.742188,25000000.000
9702,2089,20.019531,25000000.000
9703,2087,19.042969,25000000.000
9704,2103,26.855469,25000000.000
9705,2111,30.761719,25000000.000
9706,2114,32.226562,25000000.000
9707,2115,32.714844,25000000.000
9708,2118,34.179688,25000000.000
9709,2135,42.480469,25000000.000
9710,2114,32.226562,25000000.000
9711,2110,30.273438,25000000.000
9712,2099,24.902344,25000000.000
9713,2103,26.855469,25000000.000
9714,2094,22.460938,25000000.000
9715,2096,23.437500,25000000.000
9716,2080,15.625000,25000000.000
9717,2066,8.789062,25000000.000
9718,2059,5.371094,25000000.000
9719,2057,4.394531,25000000.000
9720,2033,-7.324219,25000000.000
9721,2024,-11.718750,25000000.000
9722,2012,-17.578125,25000000.000
9723,2011,-18.066406,25000000.000
9724,1993,-26.855469,25000000.000
9725,1987,-29.785156,25000000.000
9726,1978,-34.179688,25000000.000
9727,1980,-33.203125,25000000.000
9728,1974,-36.132812,25000000.000
9729,1973,-36.621094,25000000.000
9730,1974,-36.132812,25000000.000
9731,1977,-34.667969,25000000.000
9732,1982,-32.226562,25000000.000
9733,1986,-30.273438,25000000.000
9734,1994,-26.367188,25000000.000
9735,1992,-27.343750,25000000.000
9736,2009,-19.042969,25000000.000
9737,2021,-13.183594,25000000.000
9738,2031,-8.300781,25000000.000
9739,2031,-8.300781,25000000.000
9740,2052,1.953125,25000000.000
9741,2065,8.300781,25000000.000
9742,2076,13.671875,25000000.000
9743,2078,14.648438,25000000.000
9744,2097,23.925781,25000000.000
9745,2106,28.320312,25000000.000
9746,2112,31.250000,25000000.000
9747,2112,31.250000,25000000.000
9748,2121,35.644531,25000000.000
9749,2118,34.179688,25000000.000
9750,2121,35.644531,25000000.000
9751,2120,35.156250,25000000.000
9752,2115,32.714844,25000000.000
9753,2107,28.808594,25000000.000
9754,2100,25.390625,25000000.000
9755,2099,24.902344,25000000.000
9756,2085,18.066406,25000000.000
9757,2077,14.160156,25000000.000
9758,2064,7.812500,25000000.000
9759,2067,9.277344,25000000.000
9760,2043,-2.441406,25000000.000
9761,2033,-7.324219,25000000.000
9762,2021,-13.183594,25000000.000
9763,2020,-13.671875,25000000.000
9764,2000,-23.437500,25000000.000
9765,1992,-27.343750,25000000.000
9766,1986,-30.273438,25000000.000
9767,1985,-30.761719,25000000.000
9768,1975,-35.644531,25000000.000
9769,1974,-36.132812,25000000.000
9770,1973,-36.621094,25000000.000
9771,1973,-36.621094,25000000.000
9772,1978,-34.179688,25000000.000
9773,1983,-31.738281,25000000.000
9774,1988,-29.296875,25000000.000
9775,1988,-29.296875,25000000.000
9776,2001,-22.949219,25000000.000
9777,2013,-17.089844,25000000.000
9778,2021,-13.183594,25000000.000
9779,2022,-12.695312,25000000.000
9780,2042,-2.929688,25000000.000
9781,2055,3.417969,25000000.000
9782,2069,10.253906,25000000.000
9783,2067,9.277344,25000000.000
9784,2090,20.507812,25000000.000
9785,2098,24.414062,25000000.000
9786,2106,28.320312,25000000.000
9787,2107,28.808594,25000000.000
9788,2118,34.179688,25000000.000
9789,2120,35.156250,25000000.000
9790,2120,35.156250,25000000.000
9791,2121,35.644531,25000000.000
9792,2116,33.203125,25000000.000
9793,2113,31.738281,25000000.000
9794,2107,28.808594,25000000.000
9795,2108,29.296875,25000000.000
9796,2094,22.460938,25000000.000
9797,2085,18.066406,25000000.000
9798,2075,13.183594,25000000.000
9799,2074,12.695312,25000000.000
9800,2055,3.417969,25000000.000
9801,2041,-3.417969,25000000.000
9802,2031,-8.300781,25000000.000
9803,2031,-8.300781,25000000.000
9804,2009,-19.042969,25000000.000
9805,2001,-22.949219,25000000.000
9806,1990,-28.320312,25000000.000
9807,1989,-28.808594,25000000.000
9808,1977,-34.667969,25000000.000
9809,1977,-34.667969,25000000.000
9810,1974,-36.132812,25000000.000
9811,1974,-36.132812,25000000.000
9812,1975,-35.644531,25000000.000
9813,1980,-33.203125,25000000.000
9814,1984,-31.250000,25000000.000
9815,1986,-30.273438,25000000.000
9816,1998,-24.414062,25000000.000
9817,2004,-21.484375,25000000.000
9818,2014,-16.601562,25000000.000
9819,2013,-17.089844,25000000.000
9820,2033,-7.324219,25000000.000
9821,2050,0.976562,25000000.000
9822,2057,4.394531,25000000.000
9823,2057,4.394531,25000000.000
9824,2080,15.625000,25000000.000
9825,2091,20.996094,25000000.000
9826,2098,24.414062,25000000.000
9827,2101,25.878906,25000000.000
9828,2114,32.226562,25000000.000
9829,2117,33.691406,25000000.000
9830,2121,35.644531,25000000.000
9831,2122,36.132812,25000000.000
9832,2120,35.156250,25000000.000
9833,2115,32.714844,25000000.000
9834,2111,30.761719,25000000.000
9835,2110,30.273438,25000000.000
9836,2101,25.878906,25000000.000
9837,2092,21.484375,25000000.000
9838,2083,17.089844,25000000.000
9839,2082,16.601562,25000000.000
9840,2063,7.324219,25000000.000
9841,2053,2.441406,25000000.000
9842,2040,-3.906250,25000000.000
9843,2039,-4.394531,25000000.000
9844,2019,-14.160156,25000000.000
9845,2006,-20.507812,25000000.000
9846,1999,-23.925781,25000000.000
9847,1998,-24.414062,25000000.000
9848,1984,-31.250000,25000000.000
9849,1978,-34.179688,25000000.000
9850,1977,-34.667969,25000000.000
9851,1974,-36.132812,25000000.000
9852,1974,-36.132812,25000000.000
9853,1977,-34.667969,25000000.000
9854,1979,-33.691406,25000000.000
9855,1979,-33.691406,25000000.000
9856,1991,-27.832031,25000000.000
9857,1997,-24.902344,25000000.000
9858,2003,-21.972656,25000000.000
9859,2006,-20.507812,25000000.000
9860,2024,-11.718750,25000000.000
9861,2034,-6.835938,25000000.000
9862,2047,-0.488281,25000000.000
9863,2049,0.488281,25000000.000
9864,2072,11.718750,25000000.000
9865,2080,15.625000,25000000.000
9866,2093,21.972656,25000000.000
9867,2093,21.972656,25000000.000
9868,2109,29.785156,25000000.000
9869,2115,32.714844,25000000.000
9870,2117,33.691406,25000000.000
9871,2119,34.667969,25000000.000
9872,2120,35.156250,25000000.000
9873,2119,34.667969,25000000.000
9874,2116,33.203125,25000000.000
9875,2118,34.179688,25000000.000
9876,2105,27.832031,25000000.000
9877,2100,25.390625,25000000.000
9878,2091,20.996094,25000000.000
9879,2091,20.996094,25000000.000
9880,2073,12.207031,25000000.000
9881,2061,6.347656,25000000.000
9882,2050,0.976562,25000000.000
9883,2049,0.488281,25000000.000
9884,2029,-9.277344,25000000.000
9885,2016,-15.625000,25000000.000
9886,2005,-20.996094,25000000.000
9887,2004,-21.484375,25000000.000
9888,1989,-28.808594,25000000.000
9889,1982,-32.226562,25000000.000
9890,1975,-35.644531,25000000.000
9891,1976,-35.156250,25000000.000
9892,1972,-37.109375,25000000.000
9893,1976,-35.156250,25000000.000
9894,1980,-33.203125,25000000.000
9895,1977,-34.667969,25000000.000
9896,1987,-29.785156,25000000.000
9897,1989,-28.808594,25000000.000
9898,1999,-23.925781,25000000.000
9899,1999,-23.925781,25000000.000
9900,2016,-15.625000,25000000.000
9901,2025,-11.230469,25000000.000
9902,2038,-4.882812,25000000.000
9903,2037,-5.371094,25000000.000
9904,2059,5.371094,25000000.000
9905,2073,12.207031,25000000.000
9906,2082,16.601562,25000000.000
9907,2082,16.601562,25000000.000
9908,2103,26.855469,25000000.000
9909,2110,30.273438,25000000.000
9910,2115,32.714844,25000000.000
9911,2117,33.691406,25000000.000
9912,2121,35.644531,25000000.000
9913,2120,35.156250,25000000.000
9914,2118,34.179688,25000000.000
9915,2118,34.179688,25000000.000
9916,2111,30.761719,25000000.000
9917,2102,26.367188,25000000.000
9918,2098,24.414062,25000000.000
9919,2096,23.437500,25000000.000
9920,2080,15.625000,25000000.000
9921,2070,10.742188,25000000.000
9922,2058,4.882812,25000000.000
9923,2057,4.394531,25000000.000
9924,2041,-3.417969,25000000.000
9925,2022,-12.695312,25000000.000
9926,2012,-17.578125,25000000.000
9927,2009,-19.042969,25000000.000
9928,1993,-26.855469,25000000.000
9929,1987,-29.785156,25000000.000
9930,1982,-32.226562,25000000.000
9931,1981,-32.714844,25000000.000
9932,1976,-35.156250,25000000.000
9933,1971,-37.597656,25000000.000
9934,1976,-35.156250,25000000.000
9935,1974,-36.132812,25000000.000
9936,1978,-34.179688,25000000.000
9937,1986,-30.273438,25000000.000
9938,1992,-27.343750,25000000.000
9939,1992,-27.343750,25000000.000
9940,2000,-23.437500,25000000.000
9941,2011,-18.066406,25000000.000
9942,2037,-5.371094,25000000.000
9943,2010,-18.554688,25000000.000
9944,2050,0.976562,25000000.000
9945,2061,6.347656,25000000.000
9946,2076,13.671875,25000000.000
9947,2075,13.183594,25000000.000
9948,2095,22.949219,25000000.000
9949,2101,25.878906,25000000.000
9950,2112,31.250000,25000000.000
9951,2111,30.761719,25000000.000
9952,2119,34.667969,25000000.000
9953,2122,36.132812,25000000.000
9954,2120,35.156250,25000000.000
9955,2119,34.667969,25000000.000
9956,2114,32.226562,25000000.000
9957,2110,30.273438,25000000.000
9958,2103,26.855469,25000000.000
9959,2104,27.343750,25000000.000
9960,2087,19.042969,25000000.000
9961,2077,14.160156,25000000.000
9962,2068,9.765625,25000000.000
9963,2068,9.765625,25000000.000
9964,2047,-0.488281,25000000.000
9965,2035,-6.347656,25000000.000
9966,2026,-10.742188,25000000.000
9967,2024,-11.718750,25000000.000
9968,2004,-21.484375,25000000.000
9969,1994,-26.367188,25000000.000
9970,1986,-30.273438,25000000.000
9971,1986,-30.273438,25000000.000
9972,1977,-34.667969,25000000.000
9973,1975,-35.644531,25000000.000
9974,1973,-36.621094,25000000.000
9975,1976,-35.156250,25000000.000
9976,1977,-34.667969,25000000.000
9977,1981,-32.714844,25000000.000
9978,1990,-28.320312,25000000.000
9979,1992,-27.343750,25000000.000
9980,2001,-22.949219,25000000.000
9981,2012,-17.578125,25000000.000
9982,2018,-14.648438,25000000.000
9983,2026,-10.742188,25000000.000
9984,2046,-0.976562,25000000.000
9985,2051,1.464844,25000000.000
9986,2066,8.789062,25000000.000
9987,2065,8.300781,25000000.000
9988,2086,18.554688,25000000.000
9989,2096,23.437500,25000000.000
9990,2104,27.343750,25000000.000
9991,2105,27.832031,25000000.000
9992,2117,33.691406,25000000.000
9993,2120,35.156250,25000000.000
9994,2121,35.644531,25000000.000
9995,2122,36.132812,25000000.000
9996,2118,34.179688,25000000.000
9997,2113,31.738281,25000000.000
9998,2110,30.273438,25000000.000
9999,2109,29.785156,25000000.000
10000,2096,23.437500,25000000.000
10001,2083,17.089844,25000000.000
10002,2078,14.648438,25000000.000
10003,2073,12.207031,25000000.000
10004,2056,3.906250,25000000.000
10005,2046,-0.976562,25000000.000
10006,2032,-7.812500,25000000.000
10007,2032,-7.812500,25000000.000
10008,2010,-18.554688,25000000.000
10009,2002,-22.460938,25000000.000
10010,1992,-27.343750,25000000.000
10011,1992,-27.343750,25000000.000
10012,1980,-33.203125,25000000.000
10013,1977,-34.667969,25000000.000
10014,1974,-36.132812,25000000.000
10015,1970,-38.085938,25000000.000
10016,1970,-38.085938,25000000.000
10017,1976,-35.156250,25000000.000
10018,1988,-29.296875,25000000.000
10019,1977,-34.667969,25000000.000
10020,2000,-23.437500,25000000.000
10021,2001,-22.949219,25000000.000
10022,2012,-17.578125,25000000.000
10023,2011,-18.066406,25000000.000
10024,2031,-8.300781,25000000.000
10025,2043,-2.441406,25000000.000
10026,2054,2.929688,25000000.000
10027,2056,3.906250,25000000.000
10028,2080,15.625000,25000000.000
10029,2089,20.019531,25000000.000
10030,2098,24.414062,25000000.000
10031,2101,25.878906,25000000.000
10032,2117,33.691406,25000000.000
10033,2118,34.179688,25000000.000
10034,2120,35.156250,25000000.000
10035,2120,35.156250,25000000.000
10036,2121,35.644531,25000000.000
10037,2119,34.667969,25000000.000
10038,2113,31.738281,25000000.000
10039,2113,31.738281,25000000.000
10040,2102,26.367188,25000000.000
10041,2097,23.925781,25000000.000
10042,2084,17.578125,25000000.000
10043,2085,18.066406,25000000.000
10044,2066,8.789062,25000000.000
10045,2055,3.417969,25000000.000
10046,2045,-1.464844,25000000.000
10047,2043,-2.441406,25000000.000
10048,2023,-12.207031,25000000.000
10049,2009,-19.042969,25000000.000
10050,2001,-22.949219,25000000.000
10051,1999,-23.925781,25000000.000
10052,1983,-31.738281,25000000.000
10053,1980,-33.203125,25000000.000
10054,1976,-35.156250,25000000.000
10055,1974,-36.132812,25000000.000
10056,1974,-36.132812,25000000.000
10057,1975,-35.644531,25000000.000
10058,1979,-33.691406,25000000.000
10059,1979,-33.691406,25000000.000
10060,1987,-29.785156,25000000.000
10061,1995,-25.878906,25000000.000
10062,2004,-21.484375,25000000.000
10063,2004,-21.484375,25000000.000
10064,2023,-12.207031,25000000.000
10065,2033,-7.324219,25000000.000
10066,2046,-0.976562,25000000.000
10067,2044,-1.953125,25000000.000
10068,2069,10.253906,25000000.000
10069,2080,15.625000,25000000.000
10070,2090,20.507812,25000000.000
10071,2088,19.531250,25000000.000
10072,2109,29.785156,25000000.000
10073,2116,33.203125,25000000.000
10074,2118,34.179688,25000000.000
10075,2118,34.179688,25000000.000
10076,2119,34.667969,25000000.000
10077,2119,34.667969,25000000.000
10078,2118,34.179688,25000000.000
10079,2118,34.179688,25000000.000
10080,2107,28.808594,25000000.000
10081,2101,25.878906,25000000.000
10082,2093,21.972656,25000000.000
10083,2091,20.996094,25000000.000
10084,2075,13.183594,25000000.000
10085,2062,6.835938,25000000.000
10086,2052,1.953125,25000000.000
10087,2051,1.464844,25000000.000
10088,2029,-9.277344,25000000.000
10089,2019,-14.160156,25000000.000
10090,2008,-19.531250,25000000.000
10091,2008,-19.531250,25000000.000
10092,1988,-29.296875,25000000.000
10093,1983,-31.738281,25000000.000
10094,1979,-33.691406,25000000.000
10095,1980,-33.203125,25000000.000
10096,1973,-36.621094,25000000.000
10097,1973,-36.621094,25000000.000
10098,1977,-34.667969,25000000.000
10099,1976,-35.156250,25000000.000
10100,1982,-32.226562,25000000.000
10101,1989,-28.808594,25000000.000
10102,1997,-24.902344,25000000.000
10103,1995,-25.878906,25000000.000
10104,2013,-17.089844,25000000.000
10105,2023,-12.207031,25000000.000
10106,2032,-7.812500,25000000.000
10107,2034,-6.835938,25000000.000
10108,2056,3.906250,25000000.000
10109,2070,10.742188,25000000.000
10110,2079,15.136719,25000000.000
10111,2081,16.113281,25000000.000
10112,2099,24.902344,25000000.000
10113,2104,27.343750,25000000.000
10114,2114,32.226562,25000000.000
10115,2113,31.738281,25000000.000
10116,2119,34.667969,25000000.000
10117,2118,34.179688,25000000.000
10118,2119,34.667969,25000000.000
10119,2118,34.179688,25000000.000
10120,2111,30.761719,25000000.000
10121,2106,28.320312,25000000.000
10122,2099,24.902344,25000000.000
10123,2099,24.902344,25000000.000
10124,2082,16.601562,25000000.000
10125,2074,12.695312,25000000.000
10126,2061,6.347656,25000000.000
10127,2062,6.835938,25000000.000
10128,2041,-3.417969,25000000.000
10129,2028,-9.765625,25000000.000
10130,2018,-14.648438,25000000.000
10131,2017,-15.136719,25000000.000
10132,1998,-24.414062,25000000.000
10133,1988,-29.296875,25000000.000
10134,1982,-32.226562,25000000.000
10135,1980,-33.203125,25000000.000
10136,1974,-36.132812,25000000.000
10137,2001,-22.949219,25000000.000
10138,1980,-33.203125,25000000.000
10139,1971,-37.597656,25000000.000
10140,1971,-37.597656,25000000.000
10141,1987,-29.785156,25000000.000
10142,1989,-28.808594,25000000.000
10143,1989,-28.808594,25000000.000
10144,2001,-22.949219,25000000.000
10145,2015,-16.113281,25000000.000
10146,2025,-11.230469,25000000.000
10147,2026,-10.742188,25000000.000
10148,2049,0.488281,25000000.000
10149,2059,5.371094,25000000.000
10150,2071,11.230469,25000000.000
10151,2072,11.718750,25000000.000
10152,2092,21.484375,25000000.000
10153,2102,26.367188,25000000.000
10154,2107,28.808594,25000000.000
10155,2108,29.296875,25000000.000
10156,2118,34.179688,25000000.000
10157,2122,36.132812,25000000.000
10158,2120,35.156250,25000000.000
10159,2122,36.132812,25000000.000
10160,2116,33.203125,25000000.000
10161,2111,30.761719,25000000.000
10162,2106,28.320312,25000000.000
10163,2106,28.320312,25000000.000
10164,2092,21.484375,25000000.000
10165,2080,15.625000,25000000.000
10166,2072,11.718750,25000000.000
10167,2071,11.230469,25000000.000
10168,2050,0.976562,25000000.000
10169,2039,-4.394531,25000000.000
10170,2027,-10.253906,25000000.000
10171,2025,-11.230469,25000000.000
10172,2005,-20.996094,25000000.000
10173,1997,-24.902344,25000000.000
10174,1988,-29.296875,25000000.000
10175,1989,-28.808594,25000000.000
10176,1976,-35.156250,25000000.000
10177,1975,-35.644531,25000000.000
10178,1975,-35.644531,25000000.000
10179,1975,-35.644531,25000000.000
10180,1978,-34.179688,25000000.000
10181,1980,-33.203125,25000000.000
10182,1987,-29.785156,25000000.000
10183,1986,-30.273438,25000000.000
10184,1999,-23.925781,25000000.000
10185,2009,-19.042969,25000000.000
10186,2016,-15.625000,25000000.000
10187,2018,-14.648438,25000000.000
10188,2039,-4.394531,25000000.000
10189,2051,1.464844,25000000.000
10190,2061,6.347656,25000000.000
10191,2062,6.835938,25000000.000
10192,2084,17.578125,25000000.000
10193,2096,23.437500,25000000.000
10194,2102,26.367188,25000000.000
10195,2104,27.343750,25000000.000
10196,2115,32.714844,25000000.000
10197,2117,33.691406,25000000.000
10198,2127,38.574219,25000000.000
10199,2126,38.085938,25000000.000
10200,2117,33.691406,25000000.000
10201,2119,34.667969,25000000.000
10202,2111,30.761719,25000000.000
10203,2109,29.785156,25000000.000
10204,2096,23.437500,25000000.000
10205,2089,20.019531,25000000.000
10206,2082,16.601562,25000000.000
10207,2081,16.113281,25000000.000
10208,2058,4.882812,25000000.000
10209,2049,0.488281,25000000.000
10210,2037,-5.371094,25000000.000
10211,2037,-5.371094,25000000.000
10212,2014,-16.601562,25000000.000
10213,2003,-21.972656,25000000.000
10214,1994,-26.367188,25000000.000
10215,1995,-25.878906,25000000.000
10216,1983,-31.738281,25000000.000
10217,1977,-34.667969,25000000.000
10218,1976,-35.156250,25000000.000
10219,1976,-35.156250,25000000.000
10220,1973,-36.621094,25000000.000
10221,1980,-33.203125,25000000.000
10222,1982,-32.226562,25000000.000
10223,1982,-32.226562,25000000.000
10224,1992,-27.343750,25000000.000
10225,2001,-22.949219,25000000.000
10226,2008,-19.531250,25000000.000
10227,2010,-18.554688,25000000.000
10228,2028,-9.765625,25000000.000
10229,2040,-3.906250,25000000.000
10230,2052,1.953125,25000000.000
10231,2052,1.953125,25000000.000
10232,2075,13.183594,25000000.000
10233,2084,17.578125,25000000.000
10234,2097,23.925781,25000000.000
10235,2095,22.949219,25000000.000
10236,2111,30.761719,25000000.000
10237,2118,34.179688,25000000.000
10238,2115,32.714844,25000000.000
10239,2117,33.691406,25000000.000
10240,2119,34.667969,25000000.000
10241,2124,37.109375,25000000.000
10242,2114,32.226562,25000000.000
10243,2115,32.714844,25000000.000
10244,2104,27.343750,25000000.000
10245,2097,23.925781,25000000.000
10246,2086,18.554688,25000000.000
10247,2086,18.554688,25000000.000
10248,2070,10.742188,25000000.000
10249,2057,4.394531,25000000.000
10250,2045,-1.464844,25000000.000
10251,2047,-0.488281,25000000.000
10252,2022,-12.695312,25000000.000
10253,2016,-15.625000,25000000.000
10254,2001,-22.949219,25000000.000
10255,2001,-22.949219,25000000.000
10256,1985,-30.761719,25000000.000
10257,1980,-33.203125,25000000.000
10258,1977,-34.667969,25000000.000
10259,1977,-34.667969,25000000.000
10260,1974,-36.132812,25000000.000
10261,1974,-36.132812,25000000.000
10262,1977,-34.667969,25000000.000
10263,1978,-34.179688,25000000.000
10264,1987,-29.785156,25000000.000
10265,1992,-27.343750,25000000.000
10266,2002,-22.460938,25000000.000
10267,2002,-22.460938,25000000.000
10268,2021,-13.183594,25000000.000
10269,2029,-9.277344,25000000.000
10270,2041,-3.417969,25000000.000
10271,2042,-2.929688,25000000.000
10272,2065,8.300781,25000000.000
10273,2077,14.160156,25000000.000
10274,2087,19.042969,25000000.000
10275,2089,20.019531,25000000.000
10276,2104,27.343750,25000000.000
10277,2111,30.761719,25000000.000
10278,2117,33.691406,25000000.000
10279,2116,33.203125,25000000.000
10280,2121,35.644531,25000000.000
10281,2119,34.667969,25000000.000
10282,2118,34.179688,25000000.000
10283,2117,33.691406,25000000.000
10284,2107,28.808594,25000000.000
10285,2100,25.390625,25000000.000
10286,2094,22.460938,25000000.000
10287,2089,20.019531,25000000.000
10288,2066,8.789062,25000000.000
10289,2072,11.718750,25000000.000
10290,2056,3.906250,25000000.000
10291,2055,3.417969,25000000.000
10292,2032,-7.812500,25000000.000
10293,2020,-13.671875,25000000.000
10294,2012,-17.578125,25000000.000
10295,2011,-18.066406,25000000.000
10296,1992,-27.343750,25000000.000
10297,1984,-31.250000,25000000.000
10298,1980,-33.203125,25000000.000
10299,1979,-33.691406,25000000.000
10300,1974,-36.132812,25000000.000
10301,1973,-36.621094,25000000.000
10302,1974,-36.132812,25000000.000
10303,1973,-36.621094,25000000.000
10304,1980,-33.203125,25000000.000
10305,1989,-28.808594,25000000.000
10306,1993,-26.855469,25000000.000
10307,1995,-25.878906,25000000.000
10308,2011,-18.066406,25000000.000
10309,2021,-13.183594,25000000.000
10310,2032,-7.812500,25000000.000
10311,2033,-7.324219,25000000.000
10312,2054,2.929688,25000000.000
10313,2066,8.789062,25000000.000
10314,2078,14.648438,25000000.000
10315,2080,15.625000,25000000.000
10316,2099,24.902344,25000000.000
10317,2105,27.832031,25000000.000
10318,2113,31.738281,25000000.000
10319,2112,31.250000,25000000.000
10320,2118,34.179688,25000000.000
10321,2121,35.644531,25000000.000
10322,2119,34.667969,25000000.000
10323,2118,34.179688,25000000.000
10324,2113,31.738281,25000000.000
10325,2109,29.785156,25000000.000
10326,2099,24.902344,25000000.000
10327,2104,27.343750,25000000.000
10328,2091,20.996094,25000000.000
10329,2079,15.136719,25000000.000
10330,2064,7.812500,25000000.000
10331,2067,9.277344,25000000.000
10332,2041,-3.417969,25000000.000
10333,2031,-8.300781,25000000.000
10334,2019,-14.160156,25000000.000
10335,2018,-14.648438,25000000.000
10336,1998,-24.414062,25000000.000
10337,1993,-26.855469,25000000.000
10338,1984,-31.250000,25000000.000
10339,1984,-31.250000,25000000.000
10340,1974,-36.132812,25000000.000
10341,1971,-37.597656,25000000.000
10342,1973,-36.621094,25000000.000
10343,1973,-36.621094,25000000.000
10344,1977,-34.667969,25000000.000
10345,1983,-31.738281,25000000.000
10346,1990,-28.320312,25000000.000
10347,1990,-28.320312,25000000.000
10348,2004,-21.484375,25000000.000
10349,2011,-18.066406,25000000.000
10350,2025,-11.230469,25000000.000
10351,2023,-12.207031,25000000.000
10352,2045,-1.464844,25000000.000
10353,2057,4.394531,25000000.000
10354,2068,9.765625,25000000.000
10355,2068,9.765625,25000000.000
10356,2091,20.996094,25000000.000
10357,2100,25.390625,25000000.000
10358,2108,29.296875,25000000.000
10359,2108,29.296875,25000000.000
10360,2118,34.179688,25000000.000
10361,2120,35.156250,25000000.000
10362,2121,35.644531,25000000.000
10363,2121,35.644531,25000000.000
10364,2118,34.179688,25000000.000
10365,2108,29.296875,25000000.000
10366,2109,29.785156,25000000.000
10367,2105,27.832031,25000000.000
10368,2091,20.996094,25000000.000
10369,2085,18.066406,25000000.000
10370,2073,12.207031,25000000.000
10371,2071,11.230469,25000000.000
10372,2053,2.441406,25000000.000
10373,2042,-2.929688,25000000.000
10374,2028,-9.765625,25000000.000
10375,2030,-8.789062,25000000.000
10376,2008,-19.531250,25000000.000
10377,1998,-24.414062,25000000.000
10378,1991,-27.832031,25000000.000
10379,1992,-27.343750,25000000.000
10380,1978,-34.179688,25000000.000
10381,1975,-35.644531,25000000.000
10382,1974,-36.132812,25000000.000
10383,1973,-36.621094,25000000.000
10384,1977,-34.667969,25000000.000
10385,1980,-33.203125,25000000.000
10386,1982,-32.226562,25000000.000
10387,1984,-31.250000,25000000.000
10388,1995,-25.878906,25000000.000
10389,2005,-20.996094,25000000.000
10390,2012,-17.578125,25000000.000
10391,2015,-16.113281,25000000.000
10392,2034,-6.835938,25000000.000
10393,2047,-0.488281,25000000.000
10394,2060,5.859375,25000000.000
10395,2061,6.347656,25000000.000
10396,2083,17.089844,25000000.000
10397,2092,21.484375,25000000.000
10398,2102,26.367188,25000000.000
10399,2100,25.390625,25000000.000
10400,2116,33.203125,25000000.000
10401,2120,35.156250,25000000.000
10402,2117,33.691406,25000000.000
10403,2110,30.273438,25000000.000
10404,2125,37.597656,25000000.000
10405,2115,32.714844,25000000.000
10406,2113,31.738281,25000000.000
10407,2124,37.109375,25000000.000
10408,2106,28.320312,25000000.000
10409,2095,22.949219,25000000.000
10410,2083,17.089844,25000000.000
10411,2084,17.578125,25000000.000
10412,2060,5.859375,25000000.000
10413,2052,1.953125,25000000.000
10414,2040,-3.906250,25000000.000
10415,2038,-4.882812,25000000.000
10416,2019,-14.160156,25000000.000
10417,2007,-20.019531,25000000.000
10418,1997,-24.902344,25000000.000
10419,1997,-24.902344,25000000.000
10420,1983,-31.738281,25000000.000
10421,1979,-33.691406,25000000.000
10422,1975,-35.644531,25000000.000
10423,1975,-35.644531,25000000.000
10424,1975,-35.644531,25000000.000
10425,1977,-34.667969,25000000.000
10426,1980,-33.203125,25000000.000
10427,1982,-32.226562,25000000.000
10428,1992,-27.343750,25000000.000
10429,1997,-24.902344,25000000.000
10430,2008,-19.531250,25000000.000
10431,2008,-19.531250,25000000.000
10432,2027,-10.253906,25000000.000
10433,2035,-6.347656,25000000.000
10434,2049,0.488281,25000000.000
10435,2048,0.000000,25000000.000
10436,2072,11.718750,25000000.000
10437,2085,18.066406,25000000.000
10438,2094,22.460938,25000000.000
10439,2096,23.437500,25000000.000
10440,2108,29.296875,25000000.000
10441,2117,33.691406,25000000.000
10442,2120,35.156250,25000000.000
10443,2120,35.156250,25000000.000
10444,2121,35.644531,25000000.000
10445,2120,35.156250,25000000.000
10446,2117,33.691406,25000000.000
10447,2115,32.714844,25000000.000
10448,2107,28.808594,25000000.000
10449,2098,24.414062,25000000.000
10450,2090,20.507812,25000000.000
10451,2090,20.507812,25000000.000
10452,2072,11.718750,25000000.000
10453,2061,6.347656,25000000.000
10454,2047,-0.488281,25000000.000
10455,2049,0.488281,25000000.000
10456,2026,-10.742188,25000000.000
10457,2016,-15.625000,25000000.000
10458,2005,-20.996094,25000000.000
10459,2006,-20.507812,25000000.000
10460,1989,-28.808594,25000000.000
10461,1981,-32.714844,25000000.000
10462,1977,-34.667969,25000000.000
10463,1976,-35.156250,25000000.000
10464,1974,-36.132812,25000000.000
10465,1974,-36.132812,25000000.000
10466,1978,-34.179688,25000000.000
10467,1978,-34.179688,25000000.000
10468,1983,-31.738281,25000000.000
10469,1992,-27.343750,25000000.000
10470,1997,-24.902344,25000000.000
10471,1999,-23.925781,25000000.000
10472,2015,-16.113281,25000000.000
10473,2027,-10.253906,25000000.000
10474,2039,-4.394531,25000000.000
10475,2038,-4.882812,25000000.000
10476,2063,7.324219,25000000.000
10477,2071,11.230469,25000000.000
10478,2083,17.089844,25000000.000
10479,2086,18.554688,25000000.000
10480,2104,27.343750,25000000.000
10481,2110,30.273438,25000000.000
10482,2116,33.203125,25000000.000
10483,2115,32.714844,25000000.000
10484,2120,35.156250,25000000.000
10485,2120,35.156250,25000000.000
10486,2117,33.691406,25000000.000
10487,2117,33.691406,25000000.000
10488,2110,30.273438,25000000.000
10489,2104,27.343750,25000000.000
10490,2095,22.949219,25000000.000
10491,2093,21.972656,25000000.000
10492,2078,14.648438,25000000.000
10493,2071,11.230469,25000000.000
10494,2060,5.859375,25000000.000
10495,2059,5.371094,25000000.000
10496,2037,-5.371094,25000000.000
10497,2025,-11.230469,25000000.000
10498,2014,-16.601562,25000000.000
10499,2012,-17.578125,25000000.000
10500,1995,-25.878906,25000000.000
10501,1986,-30.273438,25000000.000
10502,1981,-32.714844,25000000.000
10503,1979,-33.691406,25000000.000
10504,1973,-36.621094,25000000.000
10505,1973,-36.621094,25000000.000
10506,1973,-36.621094,25000000.000
10507,1975,-35.644531,25000000.000
10508,1980,-33.203125,25000000.000
10509,1984,-31.250000,25000000.000
10510,1992,-27.343750,25000000.000
10511,1993,-26.855469,25000000.000
10512,2009,-19.042969,25000000.000
10513,2016,-15.625000,25000000.000
10514,2030,-8.789062,25000000.000
10515,2029,-9.277344,25000000.000
10516,2051,1.464844,25000000.000
10517,2062,6.835938,25000000.000
10518,2076,13.671875,25000000.000
10519,2075,13.183594,25000000.000
10520,2094,22.460938,25000000.000
10521,2104,27.343750,25000000.000
10522,2111,30.761719,25000000.000
10523,2111,30.761719,25000000.000
10524,2119,34.667969,25000000.000
10525,2121,35.644531,25000000.000
10526,2120,35.156250,25000000.000
10527,2121,35.644531,25000000.000
10528,2116,33.203125,25000000.000
10529,2109,29.785156,25000000.000
10530,2103,26.855469,25000000.000
10531,2103,26.855469,25000000.000
10532,2088,19.531250,25000000.000
10533,2078,14.648438,25000000.000
10534,2068,9.765625,25000000.000
10535,2064,7.812500,25000000.000
10536,2047,-0.488281,25000000.000
10537,2035,-6.347656,25000000.000
10538,2022,-12.695312,25000000.000
10539,2021,-13.183594,25000000.000
10540,2002,-22.460938,25000000.000
10541,1993,-26.855469,25000000.000
10542,1986,-30.273438,25000000.000
10543,1985,-30.761719,25000000.000
10544,1977,-34.667969,25000000.000
10545,1972,-37.109375,25000000.000
10546,1975,-35.644531,25000000.000
10547,1975,-35.644531,25000000.000
10548,1978,-34.179688,25000000.000
10549,1981,-32.714844,25000000.000
10550,1988,-29.296875,25000000.000
10551,1988,-29.296875,25000000.000
10552,2000,-23.437500,25000000.000
10553,2010,-18.554688,25000000.000
10554,2019,-14.160156,25000000.000
10555,2021,-13.183594,25000000.000
10556,2042,-2.929688,25000000.000
10557,2055,3.417969,25000000.000
10558,2064,7.812500,25000000.000
10559,2068,9.765625,25000000.000
10560,2088,19.531250,25000000.000
10561,2097,23.925781,25000000.000
10562,2106,28.320312,25000000.000
10563,2107,28.808594,25000000.000
10564,2119,34.667969,25000000.000
10565,2119,34.667969,25000000.000
10566,2124,37.109375,25000000.000
10567,2122,36.132812,25000000.000
10568,2118,34.179688,25000000.000
10569,2115,32.714844,25000000.000
10570,2109,29.785156,25000000.000
10571,2108,29.296875,25000000.000
10572,2096,23.437500,25000000.000
10573,2091,20.996094,25000000.000
10574,2069,10.253906,25000000.000
10575,2071,11.230469,25000000.000
10576,2061,6.347656,25000000.000
10577,2040,-3.906250,25000000.000
10578,2034,-6.835938,25000000.000
10579,2032,-7.812500,25000000.000
10580,2011,-18.066406,25000000.000
10581,2001,-22.949219,25000000.000
10582,1992,-27.343750,25000000.000
10583,1990,-28.320312,25000000.000
10584,1979,-33.691406,25000000.000
10585,1974,-36.132812,25000000.000
10586,1973,-36.621094,25000000.000
10587,1973,-36.621094,25000000.000
10588,1973,-36.621094,25000000.000
10589,1980,-33.203125,25000000.000
10590,1981,-32.714844,25000000.000
10591,1984,-31.250000,25000000.000
10592,1994,-26.367188,25000000.000
10593,2002,-22.460938,25000000.000
10594,2013,-17.089844,25000000.000
10595,2015,-16.113281,25000000.000
10596,2035,-6.347656,25000000.000
10597,2045,-1.464844,25000000.000
10598,2056,3.906250,25000000.000
10599,2057,4.394531,25000000.000
10600,2080,15.625000,25000000.000
10601,2090,20.507812,25000000.000
10602,2097,23.925781,25000000.000
10603,2098,24.414062,25000000.000
10604,2115,32.714844,25000000.000
10605,2119,34.667969,25000000.000
10606,2120,35.156250,25000000.000
10607,2121,35.644531,25000000.000
10608,2119,34.667969,25000000.000
10609,2118,34.179688,25000000.000
10610,2113,31.738281,25000000.000
10611,2113,31.738281,25000000.000
10612,2102,26.367188,25000000.000
10613,2093,21.972656,25000000.000
10614,2085,18.066406,25000000.000
10615,2083,17.089844,25000000.000
10616,2066,8.789062,25000000.000
10617,2054,2.929688,25000000.000
10618,2043,-2.441406,25000000.000
10619,2042,-2.929688,25000000.000
10620,2019,-14.160156,25000000.000
10621,2010,-18.554688,25000000.000
10622,1998,-24.414062,25000000.000
10623,1998,-24.414062,25000000.000
10624,1983,-31.738281,25000000.000
10625,1979,-33.691406,25000000.000
10626,1975,-35.644531,25000000.000
10627,1976,-35.156250,25000000.000
10628,1975,-35.644531,25000000.000
10629,1975,-35.644531,25000000.000
10630,1982,-32.226562,25000000.000
10631,1981,-32.714844,25000000.000
10632,1990,-28.320312,25000000.000
10633,1992,-27.343750,25000000.000
10634,1998,-24.414062,25000000.000
10635,1996,-25.390625,25000000.000
10636,2018,-14.648438,25000000.000
10637,2037,-5.371094,25000000.000
10638,2043,-2.441406,25000000.000
10639,2048,0.000000,25000000.000
10640,2067,9.277344,25000000.000
10641,2082,16.601562,25000000.000
10642,2091,20.996094,25000000.000
10643,2091,20.996094,25000000.000
10644,2107,28.808594,25000000.000
10645,2114,32.226562,25000000.000
10646,2120,35.156250,25000000.000
10647,2118,34.179688,25000000.000
10648,2123,36.621094,25000000.000
10649,2119,34.667969,25000000.000
10650,2118,34.179688,25000000.000
10651,2116,33.203125,25000000.000
10652,2106,28.320312,25000000.000
10653,2099,24.902344,25000000.000
10654,2093,21.972656,25000000.000
10655,2092,21.484375,25000000.000
10656,2071,11.230469,25000000.000
10657,2064,7.812500,25000000.000
10658,2052,1.953125,25000000.000
10659,2052,1.953125,25000000.000
10660,2029,-9.277344,25000000.000
10661,2019,-14.160156,25000000.000
10662,2007,-20.019531,25000000.000
10663,2007,-20.019531,25000000.000
10664,1989,-28.808594,25000000.000
10665,1980,-33.203125,25000000.000
10666,1978,-34.179688,25000000.000
10667,1977,-34.667969,25000000.000
10668,1972,-37.109375,25000000.000
10669,1972,-37.109375,25000000.000
10670,1975,-35.644531,25000000.000
10671,1975,-35.644531,25000000.000
10672,1979,-33.691406,25000000.000
10673,1993,-26.855469,25000000.000
10674,2003,-21.972656,25000000.000
10675,1997,-24.902344,25000000.000
10676,2011,-18.066406,25000000.000
10677,2027,-10.253906,25000000.000
10678,2035,-6.347656,25000000.000
10679,2039,-4.394531,25000000.000
10680,2066,8.789062,25000000.000
10681,2070,10.742188,25000000.000
10682,2085,18.066406,25000000.000
10683,2084,17.578125,25000000.000
10684,2090,20.507812,25000000.000
10685,2120,35.156250,25000000.000
10686,2117,33.691406,25000000.000
10687,2117,33.691406,25000000.000
10688,2119,34.667969,25000000.000
10689,2118,34.179688,25000000.000
10690,2121,35.644531,25000000.000
10691,2123,36.621094,25000000.000
10692,2109,29.785156,25000000.000
10693,2104,27.343750,25000000.000
10694,2099,24.902344,25000000.000
10695,2097,23.925781,25000000.000
10696,2081,16.113281,25000000.000
10697,2071,11.230469,25000000.000
10698,2062,6.835938,25000000.000
10699,2060,5.859375,25000000.000
10700,2037,-5.371094,25000000.000
10701,2028,-9.765625,25000000.000
10702,2013,-17.089844,25000000.000
10703,2012,-17.578125,25000000.000
10704,1996,-25.390625,25000000.000
10705,1990,-28.320312,25000000.000
10706,1980,-33.203125,25000000.000
10707,1981,-32.714844,25000000.000
10708,1974,-36.132812,25000000.000
10709,1973,-36.621094,25000000.000
10710,1974,-36.132812,25000000.000
10711,1974,-36.132812,25000000.000
10712,1979,-33.691406,25000000.000
10713,1984,-31.250000,25000000.000
10714,1991,-27.832031,25000000.000
10715,1991,-27.832031,25000000.000
10716,2007,-20.019531,25000000.000
10717,2016,-15.625000,25000000.000
10718,2025,-11.230469,25000000.000
10719,2026,-10.742188,25000000.000
10720,2049,0.488281,25000000.000
10721,2060,5.859375,25000000.000
10722,2071,11.230469,25000000.000
10723,2075,13.183594,25000000.000
10724,2093,21.972656,25000000.000
10725,2102,26.367188,25000000.000
10726,2110,30.273438,25000000.000
10727,2110,30.273438,25000000.000
10728,2118,34.179688,25000000.000
10729,2119,34.667969,25000000.000
10730,2122,36.132812,25000000.000
10731,2119,34.667969,25000000.000
10732,2116,33.203125,25000000.000
10733,2110,30.273438,25000000.000
10734,2105,27.832031,25000000.000
10735,2102,26.367188,25000000.000
10736,2090,20.507812,25000000.000
10737,2081,16.113281,25000000.000
10738,2069,10.253906,25000000.000
10739,2070,10.742188,25000000.000
10740,2048,0.000000,25000000.000
10741,2037,-5.371094,25000000.000
10742,2027,-10.253906,25000000.000
10743,2024,-11.718750,25000000.000
10744,2005,-20.996094,25000000.000
10745,1992,-27.343750,25000000.000
10746,1988,-29.296875,25000000.000
10747,1986,-30.273438,25000000.000
10748,1977,-34.667969,25000000.000
10749,1973,-36.621094,25000000.000
10750,1973,-36.621094,25000000.000
10751,1973,-36.621094,25000000.000
10752,1976,-35.156250,25000000.000
10753,1980,-33.203125,25000000.000
10754,1984,-31.250000,25000000.000
10755,1985,-30.761719,25000000.000
10756,1996,-25.390625,25000000.000
10757,2008,-19.531250,25000000.000
10758,2015,-16.113281,25000000.000
10759,2020,-13.671875,25000000.000
10760,2038,-4.882812,25000000.000
10761,2051,1.464844,25000000.000
10762,2062,6.835938,25000000.000
10763,2063,7.324219,25000000.000
10764,2087,19.042969,25000000.000
10765,2094,22.460938,25000000.000
10766,2105,27.832031,25000000.000
10767,2104,27.343750,25000000.000
10768,2115,32.714844,25000000.000
10769,2122,36.132812,25000000.000
10770,2121,35.644531,25000000.000
10771,2120,35.156250,25000000.000
10772,2120,35.156250,25000000.000
10773,2118,34.179688,25000000.000
10774,2111,30.761719,25000000.000
10775,2112,31.250000,25000000.000
10776,2098,24.414062,25000000.000
10777,2078,14.648438,25000000.000
10778,2083,17.089844,25000000.000
10779,2085,18.066406,25000000.000
10780,2070,10.742188,25000000.000
10781,2034,-6.835938,25000000.000
10782,2035,-6.347656,25000000.000
10783,2039,-4.394531,25000000.000
10784,2014,-16.601562,25000000.000
10785,2004,-21.484375,25000000.000
10786,1995,-25.878906,25000000.000
10787,1992,-27.343750,25000000.000
10788,1981,-32.714844,25000000.000
10789,1977,-34.667969,25000000.000
10790,1972,-37.109375,25000000.000
10791,1974,-36.132812,25000000.000
10792,1974,-36.132812,25000000.000
10793,1977,-34.667969,25000000.000
10794,1982,-32.226562,25000000.000
10795,1984,-31.250000,25000000.000
10796,1995,-25.878906,25000000.000
10797,2000,-23.437500,25000000.000
10798,2011,-18.066406,25000000.000
10799,2010,-18.554688,25000000.000
10800,2029,-9.277344,25000000.000
10801,2042,-2.929688,25000000.000
10802,2053,2.441406,25000000.000
10803,2053,2.441406,25000000.000
10804,2076,13.671875,25000000.000
10805,2088,19.531250,25000000.000
10806,2096,23.437500,25000000.000
10807,2098,24.414062,25000000.000
10808,2111,30.761719,25000000.000
10809,2117,33.691406,25000000.000
10810,2122,36.132812,25000000.000
10811,2120,35.156250,25000000.000
10812,2122,36.132812,25000000.000
10813,2117,33.691406,25000000.000
10814,2116,33.203125,25000000.000
10815,2115,32.714844,25000000.000
10816,2103,26.855469,25000000.000
10817,2096,23.437500,25000000.000
10818,2086,18.554688,25000000.000
10819,2086,18.554688,25000000.000
10820,2068,9.765625,25000000.000
10821,2057,4.394531,25000000.000
10822,2046,-0.976562,25000000.000
10823,2045,-1.464844,25000000.000
10824,2022,-12.695312,25000000.000
10825,2012,-17.578125,25000000.000
10826,2001,-22.949219,25000000.000
10827,2000,-23.437500,25000000.000
10828,1987,-29.785156,25000000.000
10829,1980,-33.203125,25000000.000
10830,1976,-35.156250,25000000.000
10831,1974,-36.132812,25000000.000
10832,1973,-36.621094,25000000.000
10833,1975,-35.644531,25000000.000
10834,1976,-35.156250,25000000.000
10835,1977,-34.667969,25000000.000
10836,1988,-29.296875,25000000.000
10837,1995,-25.878906,25000000.000
10838,2001,-22.949219,25000000.000
10839,2003,-21.972656,25000000.000
10840,2020,-13.671875,25000000.000
10841,2033,-7.324219,25000000.000
10842,2042,-2.929688,25000000.000
10843,2044,-1.953125,25000000.000
10844,2066,8.789062,25000000.000
10845,2077,14.160156,25000000.000
10846,2089,20.019531,25000000.000
10847,2089,20.019531,25000000.000
10848,2107,28.808594,25000000.000
10849,2112,31.250000,25000000.000
10850,2116,33.203125,25000000.000
10851,2117,33.691406,25000000.000
10852,2120,35.156250,25000000.000
10853,2121,35.644531,25000000.000
10854,2115,32.714844,25000000.000
10855,2117,33.691406,25000000.000
10856,2104,27.343750,25000000.000
10857,2102,26.367188,25000000.000
10858,2100,25.390625,25000000.000
10859,2099,24.902344,25000000.000
10860,2077,14.160156,25000000.000
10861,2069,10.253906,25000000.000
10862,2053,2.441406,25000000.000
10863,2052,1.953125,25000000.000
10864,2034,-6.835938,25000000.000
10865,2019,-14.160156,25000000.000
10866,2011,-18.066406,25000000.000
10867,2009,-19.042969,25000000.000
10868,1989,-28.808594,25000000.000
10869,1986,-30.273438,25000000.000
10870,1978,-34.179688,25000000.000
10871,1977,-34.667969,25000000.000
10872,1973,-36.621094,25000000.000
10873,1975,-35.644531,25000000.000
10874,1975,-35.644531,25000000.000
10875,1976,-35.156250,25000000.000
10876,1983,-31.738281,25000000.000
10877,1988,-29.296875,25000000.000
10878,1993,-26.855469,25000000.000
10879,1995,-25.878906,25000000.000
10880,2012,-17.578125,25000000.000
10881,2022,-12.695312,25000000.000
10882,2032,-7.812500,25000000.000
10883,2033,-7.324219,25000000.000
10884,2055,3.417969,25000000.000
10885,2068,9.765625,25000000.000
10886,2077,14.160156,25000000.000
10887,2078,14.648438,25000000.000
10888,2093,21.972656,25000000.000
10889,2103,26.855469,25000000.000
10890,2099,24.902344,25000000.000
10891,2108,29.296875,25000000.000
10892,2116,33.203125,25000000.000
10893,2119,34.667969,25000000.000
10894,2117,33.691406,25000000.000
10895,2111,30.761719,25000000.000
10896,2110,30.273438,25000000.000
10897,2106,28.320312,25000000.000
10898,2100,25.390625,25000000.000
10899,2098,24.414062,25000000.000
10900,2083,17.089844,25000000.000
10901,2074,12.695312,25000000.000
10902,2063,7.324219,25000000.000
10903,2061,6.347656,25000000.000
10904,2040,-3.906250,25000000.000
10905,2032,-7.812500,25000000.000
10906,2018,-14.648438,25000000.000
10907,2018,-14.648438,25000000.000
10908,1999,-23.925781,25000000.000
10909,1989,-28.808594,25000000.000
10910,1981,-32.714844,25000000.000
10911,1982,-32.226562,25000000.000
10912,1975,-35.644531,25000000.000
10913,1970,-38.085938,25000000.000
10914,1976,-35.156250,25000000.000
10915,1975,-35.644531,25000000.000
10916,1977,-34.667969,25000000.000
10917,1985,-30.761719,25000000.000
10918,1987,-29.785156,25000000.000
10919,1988,-29.296875,25000000.000
10920,2003,-21.972656,25000000.000
10921,2013,-17.089844,25000000.000
10922,2021,-13.183594,25000000.000
10923,2025,-11.230469,25000000.000
10924,2045,-1.464844,25000000.000
10925,2057,4.394531,25000000.000
10926,2069,10.253906,25000000.000
10927,2070,10.742188,25000000.000
10928,2091,20.996094,25000000.000
10929,2099,24.902344,25000000.000
10930,2109,29.785156,25000000.000
10931,2108,29.296875,25000000.000
10932,2119,34.667969,25000000.000
10933,2120,35.156250,25000000.000
10934,2119,34.667969,25000000.000
10935,2118,34.179688,25000000.000
10936,2116,33.203125,25000000.000
10937,2113,31.738281,25000000.000
10938,2105,27.832031,25000000.000
10939,2107,28.808594,25000000.000
10940,2091,20.996094,25000000.000
10941,2084,17.578125,25000000.000
10942,2074,12.695312,25000000.000
10943,2073,12.207031,25000000.000
10944,2051,1.464844,25000000.000
10945,2040,-3.906250,25000000.000
10946,2031,-8.300781,25000000.000
10947,2026,-10.742188,25000000.000
10948,2008,-19.531250,25000000.000
10949,1997,-24.902344,25000000.000
10950,1991,-27.832031,25000000.000
10951,1989,-28.808594,25000000.000
10952,1977,-34.667969,25000000.000
10953,1974,-36.132812,25000000.000
10954,1973,-36.621094,25000000.000
10955,1972,-37.109375,25000000.000
10956,1975,-35.644531,25000000.000
10957,1981,-32.714844,25000000.000
10958,1985,-30.761719,25000000.000
10959,1987,-29.785156,25000000.000
10960,1998,-24.414062,25000000.000
10961,2005,-20.996094,25000000.000
10962,2016,-15.625000,25000000.000
10963,2016,-15.625000,25000000.000
10964,2037,-5.371094,25000000.000
10965,2046,-0.976562,25000000.000
10966,2060,5.859375,25000000.000
10967,2060,5.859375,25000000.000
10968,2082,16.601562,25000000.000
10969,2094,22.460938,25000000.000
10970,2101,25.878906,25000000.000
10971,2103,26.855469,25000000.000
10972,2115,32.714844,25000000.000
10973,2121,35.644531,25000000.000
10974,2120,35.156250,25000000.000
10975,2122,36.132812,25000000.000
10976,2121,35.644531,25000000.000
10977,2116,33.203125,25000000.000
10978,2114,32.226562,25000000.000
10979,2112,31.250000,25000000.000
10980,2102,26.367188,25000000.000
10981,2097,23.925781,25000000.000
10982,2075,13.183594,25000000.000
10983,2084,17.578125,25000000.000
10984,2061,6.347656,25000000.000
10985,2054,2.929688,25000000.000
10986,2040,-3.906250,25000000.000
10987,2035,-6.347656,25000000.000
10988,2014,-16.601562,25000000.000
10989,2006,-20.507812,25000000.000
10990,1995,-25.878906,25000000.000
10991,1996,-25.390625,25000000.000
10992,1982,-32.226562,25000000.000
10993,1978,-34.179688,25000000.000
10994,1975,-35.644531,25000000.000
10995,1975,-35.644531,25000000.000
10996,1976,-35.156250,25000000.000
10997,1975,-35.644531,25000000.000
10998,1981,-32.714844,25000000.000
10999,1981,-32.714844,25000000.000
11000,1991,-27.832031,25000000.000
11001,2000,-23.437500,25000000.000
11002,2008,-19.531250,25000000.000
11003,2007,-20.019531,25000000.000
11004,2026,-10.742188,25000000.000
11005,2040,-3.906250,25000000.000
11006,2049,0.488281,25000000.000
11007,2053,2.441406,25000000.000
11008,2072,11.718750,25000000.000
11009,2084,17.578125,25000000.000
11010,2095,22.949219,25000000.000
11011,2096,23.437500,25000000.000
11012,2111,30.761719,25000000.000
11013,2116,33.203125,25000000.000
11014,2121,35.644531,25000000.000
11015,2118,34.179688,25000000.000
11016,2122,36.132812,25000000.000
11017,2112,31.250000,25000000.000
11018,2115,32.714844,25000000.000
11019,2116,33.203125,25000000.000
11020,2106,28.320312,25000000.000
11021,2097,23.925781,25000000.000
11022,2090,20.507812,25000000.000
11023,2089,20.019531,25000000.000
11024,2069,10.253906,25000000.000
11025,2060,5.859375,25000000.000
11026,2049,0.488281,25000000.000
11027,2047,-0.488281,25000000.000
11028,2025,-11.230469,25000000.000
11029,2014,-16.601562,25000000.000
11030,2007,-20.019531,25000000.000
11031,2005,-20.996094,25000000.000
11032,1987,-29.785156,25000000.000
11033,1982,-32.226562,25000000.000
11034,1977,-34.667969,25000000.000
11035,1976,-35.156250,25000000.000
11036,1972,-37.109375,25000000.000
11037,1977,-34.667969,25000000.000
11038,1978,-34.179688,25000000.000
11039,1981,-32.714844,25000000.000
11040,1986,-30.273438,25000000.000
11041,1991,-27.832031,25000000.000
11042,2000,-23.437500,25000000.000
11043,2001,-22.949219,25000000.000
11044,2019,-14.160156,25000000.000
11045,2028,-9.765625,25000000.000
11046,2040,-3.906250,25000000.000
11047,2040,-3.906250,25000000.000
11048,2063,7.324219,25000000.000
11049,2074,12.695312,25000000.000
11050,2086,18.554688,25000000.000
11051,2086,18.554688,25000000.000
11052,2104,27.343750,25000000.000
11053,2111,30.761719,25000000.000
11054,2115,32.714844,25000000.000
11055,2116,33.203125,25000000.000
11056,2119,34.667969,25000000.000
11057,2120,35.156250,25000000.000
11058,2119,34.667969,25000000.000
11059,2119,34.667969,25000000.000
11060,2110,30.273438,25000000.000
11061,2103,26.855469,25000000.000
11062,2097,23.925781,25000000.000
11063,2093,21.972656,25000000.000
11064,2080,15.625000,25000000.000
11065,2067,9.277344,25000000.000
11066,2058,4.882812,25000000.000
11067,2055,3.417969,25000000.000
11068,2035,-6.347656,25000000.000
11069,2023,-12.207031,25000000.000
11070,2011,-18.066406,25000000.000
11071,2010,-18.554688,25000000.000
11072,1993,-26.855469,25000000.000
11073,1986,-30.273438,25000000.000
11074,1980,-33.203125,25000000.000
11075,1980,-33.203125,25000000.000
11076,1975,-35.644531,25000000.000
11077,1973,-36.621094,25000000.000
11078,1975,-35.644531,25000000.000
11079,1976,-35.156250,25000000.000
11080,1980,-33.203125,25000000.000
11081,1986,-30.273438,25000000.000
11082,1992,-27.343750,25000000.000
11083,1990,-28.320312,25000000.000
11084,2008,-19.531250,25000000.000
11085,2019,-14.160156,25000000.000
11086,2029,-9.277344,25000000.000
11087,2030,-8.789062,25000000.000
11088,2052,1.953125,25000000.000
11089,2065,8.300781,25000000.000
11090,2076,13.671875,25000000.000
11091,2078,14.648438,25000000.000
11092,2099,24.902344,25000000.000
11093,2104,27.343750,25000000.000
11094,2112,31.250000,25000000.000
11095,2113,31.738281,25000000.000
11096,2122,36.132812,25000000.000
11097,2120,35.156250,25000000.000
11098,2121,35.644531,25000000.000
11099,2120,35.156250,25000000.000
11100,2108,29.296875,25000000.000
11101,2108,29.296875,25000000.000
11102,2115,32.714844,25000000.000
11103,2104,27.343750,25000000.000
11104,2085,18.066406,25000000.000
11105,2071,11.230469,25000000.000
11106,2069,10.253906,25000000.000
11107,2065,8.300781,25000000.000
11108,2043,-2.441406,25000000.000
11109,2031,-8.300781,25000000.000
11110,2023,-12.207031,25000000.000
11111,2019,-14.160156,25000000.000
11112,2001,-22.949219,25000000.000
11113,1991,-27.832031,25000000.000
11114,1985,-30.761719,25000000.000
11115,1983,-31.738281,25000000.000
11116,1975,-35.644531,25000000.000
11117,1974,-36.132812,25000000.000
11118,1972,-37.109375,25000000.000
11119,1973,-36.621094,25000000.000
11120,1976,-35.156250,25000000.000
11121,1983,-31.738281,25000000.000
11122,1988,-29.296875,25000000.000
11123,1988,-29.296875,25000000.000
11124,2001,-22.949219,25000000.000
11125,2010,-18.554688,25000000.000
11126,2021,-13.183594,25000000.000
11127,2024,-11.718750,25000000.000
11128,2043,-2.441406,25000000.000
11129,2052,1.953125,25000000.000
11130,2067,9.277344,25000000.000
11131,2067,9.277344,25000000.000
11132,2088,19.531250,25000000.000
11133,2097,23.925781,25000000.000
11134,2106,28.320312,25000000.000
11135,2107,28.808594,25000000.000
11136,2118,34.179688,25000000.000
11137,2122,36.132812,25000000.000
11138,2115,32.714844,25000000.000
11139,2118,34.179688,25000000.000
11140,2120,35.156250,25000000.000
11141,2108,29.296875,25000000.000
11142,2110,30.273438,25000000.000
11143,2110,30.273438,25000000.000
11144,2092,21.484375,25000000.000
11145,2085,18.066406,25000000.000
11146,2077,14.160156,25000000.000
11147,2073,12.207031,25000000.000
11148,2056,3.906250,25000000.000
11149,2044,-1.953125,25000000.000
11150,2031,-8.300781,25000000.000
11151,2031,-8.300781,25000000.000
11152,2009,-19.042969,25000000.000
11153,2002,-22.460938,25000000.000
11154,1990,-28.320312,25000000.000
11155,1989,-28.808594,25000000.000
11156,1979,-33.691406,25000000.000
11157,1976,-35.156250,25000000.000
11158,1973,-36.621094,25000000.000
11159,1975,-35.644531,25000000.000
11160,1978,-34.179688,25000000.000
11161,1979,-33.691406,25000000.000
11162,1983,-31.738281,25000000.000
11163,1984,-31.250000,25000000.000
11164,1997,-24.902344,25000000.000
11165,2003,-21.972656,25000000.000
11166,2013,-17.089844,25000000.000
11167,2012,-17.578125,25000000.000
11168,2033,-7.324219,25000000.000
11169,2045,-1.464844,25000000.000
11170,2056,3.906250,25000000.000
11171,2059,5.371094,25000000.000
11172,2079,15.136719,25000000.000
11173,2090,20.507812,25000000.000
11174,2100,25.390625,25000000.000
11175,2103,26.855469,25000000.000
11176,2114,32.226562,25000000.000
11177,2118,34.179688,25000000.000
11178,2121,35.644531,25000000.000
11179,2120,35.156250,25000000.000
11180,2120,35.156250,25000000.000
11181,2117,33.691406,25000000.000
11182,2111,30.761719,25000000.000
11183,2111,30.761719,25000000.000
11184,2099,24.902344,25000000.000
11185,2092,21.484375,25000000.000
11186,2082,16.601562,25000000.000
11187,2082,16.601562,25000000.000
11188,2062,6.835938,25000000.000
11189,2054,2.929688,25000000.000
11190,2040,-3.906250,25000000.000
11191,2040,-3.906250,25000000.000
11192,2018,-14.648438,25000000.000
11193,2009,-19.042969,25000000.000
11194,1998,-24.414062,25000000.000
11195,1997,-24.902344,25000000.000
11196,1988,-29.296875,25000000.000
11197,1975,-35.644531,25000000.000
11198,1979,-33.691406,25000000.000
11199,1976,-35.156250,25000000.000
11200,1974,-36.132812,25000000.000
11201,1978,-34.179688,25000000.000
11202,1981,-32.714844,25000000.000
11203,1981,-32.714844,25000000.000
11204,1990,-28.320312,25000000.000
11205,1998,-24.414062,25000000.000
11206,2005,-20.996094,25000000.000
11207,2007,-20.019531,25000000.000
11208,2026,-10.742188,25000000.000
11209,2036,-5.859375,25000000.000
11210,2046,-0.976562,25000000.000
11211,2048,0.000000,25000000.000
11212,2072,11.718750,25000000.000
11213,2081,16.113281,25000000.000
11214,2093,21.972656,25000000.000
11215,2093,21.972656,25000000.000
11216,2109,29.785156,25000000.000
11217,2115,32.714844,25000000.000
11218,2117,33.691406,25000000.000
11219,2118,34.179688,25000000.000
11220,2119,34.667969,25000000.000
11221,2121,35.644531,25000000.000
11222,2117,33.691406,25000000.000
11223,2117,33.691406,25000000.000
11224,2106,28.320312,25000000.000
11225,2099,24.902344,25000000.000
11226,2092,21.484375,25000000.000
11227,2092,21.484375,25000000.000
11228,2073,12.207031,25000000.000
11229,2062,6.835938,25000000.000
11230,2053,2.441406,25000000.000
11231,2051,1.464844,25000000.000
11232,2029,-9.277344,25000000.000
11233,2018,-14.648438,25000000.000
11234,2007,-20.019531,25000000.000
11235,2004,-21.484375,25000000.000
11236,1990,-28.320312,25000000.000
11237,1985,-30.761719,25000000.000
11238,1977,-34.667969,25000000.000
11239,1977,-34.667969,25000000.000
11240,1973,-36.621094,25000000.000
11241,1975,-35.644531,25000000.000
11242,1976,-35.156250,25000000.000
11243,1977,-34.667969,25000000.000
11244,1986,-30.273438,25000000.000
11245,1990,-28.320312,25000000.000
11246,2001,-22.949219,25000000.000
11247,1998,-24.414062,25000000.000
11248,2015,-16.113281,25000000.000
11249,2025,-11.230469,25000000.000
11250,2036,-5.859375,25000000.000
11251,2038,-4.882812,25000000.000
11252,2059,5.371094,25000000.000
11253,2071,11.230469,25000000.000
11254,2081,16.113281,25000000.000
11255,2085,18.066406,25000000.000
11256,2102,26.367188,25000000.000
11257,2109,29.785156,25000000.000
11258,2114,32.226562,25000000.000
11259,2117,33.691406,25000000.000
11260,2120,35.156250,25000000.000
11261,2120,35.156250,25000000.000
11262,2120,35.156250,25000000.000
11263,2118,34.179688,25000000.000
11264,2111,30.761719,25000000.000
11265,2104,27.343750,25000000.000
11266,2097,23.925781,25000000.000
11267,2097,23.925781,25000000.000
11268,2080,15.625000,25000000.000
11269,2072,11.718750,25000000.000
11270,2061,6.347656,25000000.000
11271,2059,5.371094,25000000.000
11272,2036,-5.859375,25000000.000
11273,2026,-10.742188,25000000.000
11274,2016,-15.625000,25000000.000
11275,2015,-16.113281,25000000.000
11276,1995,-25.878906,25000000.000
11277,1985,-30.761719,25000000.000
11278,1981,-32.714844,25000000.000
11279,1980,-33.203125,25000000.000
11280,1974,-36.132812,25000000.000
11281,1973,-36.621094,25000000.000
11282,1973,-36.621094,25000000.000
11283,1972,-37.109375,25000000.000
11284,1979,-33.691406,25000000.000
11285,1984,-31.250000,25000000.000
11286,1990,-28.320312,25000000.000
11287,1993,-26.855469,25000000.000
11288,2007,-20.019531,25000000.000
11289,2017,-15.136719,25000000.000
11290,2026,-10.742188,25000000.000
11291,2029,-9.277344,25000000.000
11292,2050,0.976562,25000000.000
11293,2061,6.347656,25000000.000
11294,2075,13.183594,25000000.000
11295,2076,13.671875,25000000.000
11296,2096,23.437500,25000000.000
11297,2101,25.878906,25000000.000
11298,2111,30.761719,25000000.000
11299,2111,30.761719,25000000.000
11300,2120,35.156250,25000000.000
11301,2121,35.644531,25000000.000
11302,2121,35.644531,25000000.000
11303,2120,35.156250,25000000.000
11304,2114,32.226562,25000000.000
11305,2110,30.273438,25000000.000
11306,2105,27.832031,25000000.000
11307,2099,24.902344,25000000.000
11308,2089,20.019531,25000000.000
11309,2077,14.160156,25000000.000
11310,2069,10.253906,25000000.000
11311,2068,9.765625,25000000.000
11312,2048,0.000000,25000000.000
11313,2034,-6.835938,25000000.000
11314,2024,-11.718750,25000000.000
11315,2022,-12.695312,25000000.000
11316,2002,-22.460938,25000000.000
11317,1994,-26.367188,25000000.000
11318,1985,-30.761719,25000000.000
11319,1984,-31.250000,25000000.000
11320,1976,-35.156250,25000000.000
11321,1976,-35.156250,25000000.000
11322,1972,-37.109375,25000000.000
11323,1972,-37.109375,25000000.000
11324,1977,-34.667969,25000000.000
11325,1989,-28.808594,25000000.000
11326,1994,-26.367188,25000000.000
11327,1990,-28.320312,25000000.000
11328,1995,-25.878906,25000000.000
11329,2012,-17.578125,25000000.000
11330,2021,-13.183594,25000000.000
11331,2023,-12.207031,25000000.000
11332,2040,-3.906250,25000000.000
11333,2051,1.464844,25000000.000
11334,2064,7.812500,25000000.000
11335,2066,8.789062,25000000.000
11336,2085,18.066406,25000000.000
11337,2097,23.925781,25000000.000
11338,2102,26.367188,25000000.000
11339,2106,28.320312,25000000.000
11340,2116,33.203125,25000000.000
11341,2119,34.667969,25000000.000
11342,2120,35.156250,25000000.000
11343,2120,35.156250,25000000.000
11344,2120,35.156250,25000000.000
11345,2114,32.226562,25000000.000
11346,2109,29.785156,25000000.000
11347,2106,28.320312,25000000.000
11348,2097,23.925781,25000000.000
11349,2087,19.042969,25000000.000
11350,2077,14.160156,25000000.000
11351,2076,13.671875,25000000.000
11352,2058,4.882812,25000000.000
11353,2050,0.976562,25000000.000
11354,2033,-7.324219,25000000.000
11355,2033,-7.324219,25000000.000
11356,2011,-18.066406,25000000.000
11357,2001,-22.949219,25000000.000
11358,1996,-25.390625,25000000.000
11359,1994,-26.367188,25000000.000
11360,1981,-32.714844,25000000.000
11361,1978,-34.179688,25000000.000
11362,1975,-35.644531,25000000.000
11363,1974,-36.132812,25000000.000
11364,1974,-36.132812,25000000.000
11365,1980,-33.203125,25000000.000
11366,1987,-29.785156,25000000.000
11367,1976,-35.156250,25000000.000
11368,1997,-24.902344,25000000.000
11369,2000,-23.437500,25000000.000
11370,2012,-17.578125,25000000.000
11371,2014,-16.601562,25000000.000
11372,2024,-11.718750,25000000.000
11373,2045,-1.464844,25000000.000
11374,2056,3.906250,25000000.000
11375,2059,5.371094,25000000.000
11376,2081,16.113281,25000000.000
11377,2087,19.042969,25000000.000
11378,2104,27.343750,25000000.000
11379,2100,25.390625,25000000.000
11380,2114,32.226562,25000000.000
11381,2114,32.226562,25000000.000
11382,2117,33.691406,25000000.000
11383,2116,33.203125,25000000.000
11384,2120,35.156250,25000000.000
11385,2116,33.203125,25000000.000
11386,2113,31.738281,25000000.000
11387,2112,31.250000,25000000.000
11388,2101,25.878906,25000000.000
11389,2095,22.949219,25000000.000
11390,2086,18.554688,25000000.000
11391,2086,18.554688,25000000.000
11392,2068,9.765625,25000000.000
11393,2054,2.929688,25000000.000
11394,2044,-1.953125,25000000.000
11395,2043,-2.441406,25000000.000
11396,2024,-11.718750,25000000.000
11397,2011,-18.066406,25000000.000
11398,2001,-22.949219,25000000.000
11399,2000,-23.437500,25000000.000
11400,1985,-30.761719,25000000.000
11401,1980,-33.203125,25000000.000
11402,1977,-34.667969,25000000.000
11403,1976,-35.156250,25000000.000
11404,1974,-36.132812,25000000.000
11405,1978,-34.179688,25000000.000
11406,1978,-34.179688,25000000.000
11407,1980,-33.203125,25000000.000
11408,1989,-28.808594,25000000.000
11409,1994,-26.367188,25000000.000
11410,2002,-22.460938,25000000.000
11411,2004,-21.484375,25000000.000
11412,2026,-10.742188,25000000.000
11413,2031,-8.300781,25000000.000
11414,2045,-1.464844,25000000.000
11415,2046,-0.976562,25000000.000
11416,2067,9.277344,25000000.000
11417,2080,15.625000,25000000.000
11418,2090,20.507812,25000000.000
11419,2091,20.996094,25000000.000
11420,2105,27.832031,25000000.000
11421,2113,31.738281,25000000.000
11422,2120,35.156250,25000000.000
11423,2122,36.132812,25000000.000
11424,2120,35.156250,25000000.000
11425,2122,36.132812,25000000.000
11426,2115,32.714844,25000000.000
11427,2117,33.691406,25000000.000
11428,2111,30.761719,25000000.000
11429,2100,25.390625,25000000.000
11430,2095,22.949219,25000000.000
11431,2092,21.484375,25000000.000
11432,2076,13.671875,25000000.000
11433,2066,8.789062,25000000.000
11434,2053,2.441406,25000000.000
11435,2051,1.464844,25000000.000
11436,2030,-8.789062,25000000.000
11437,2020,-13.671875,25000000.000
11438,2009,-19.042969,25000000.000
11439,2008,-19.531250,25000000.000
11440,1990,-28.320312,25000000.000
11441,1984,-31.250000,25000000.000
11442,1979,-33.691406,25000000.000
11443,1978,-34.179688,25000000.000
11444,1974,-36.132812,25000000.000
11445,1973,-36.621094,25000000.000
11446,1976,-35.156250,25000000.000
11447,1976,-35.156250,25000000.000
11448,1985,-30.761719,25000000.000
11449,1990,-28.320312,25000000.000
11450,1993,-26.855469,25000000.000
11451,1994,-26.367188,25000000.000
11452,2012,-17.578125,25000000.000
11453,2024,-11.718750,25000000.000
11454,2033,-7.324219,25000000.000
11455,2035,-6.347656,25000000.000
11456,2061,6.347656,25000000.000
11457,2068,9.765625,25000000.000
11458,2079,15.136719,25000000.000
11459,2082,16.601562,25000000.000
11460,2101,25.878906,25000000.000
11461,2107,28.808594,25000000.000
11462,2114,32.226562,25000000.000
11463,2116,33.203125,25000000.000
11464,2121,35.644531,25000000.000
11465,2121,35.644531,25000000.000
11466,2118,34.179688,25000000.000
11467,2117,33.691406,25000000.000
11468,2111,30.761719,25000000.000
11469,2106,28.320312,25000000.000
11470,2098,24.414062,25000000.000
11471,2099,24.902344,25000000.000
11472,2082,16.601562,25000000.000
11473,2073,12.207031,25000000.000
11474,2063,7.324219,25000000.000
11475,2062,6.835938,25000000.000
11476,2040,-3.906250,25000000.000
11477,2029,-9.277344,25000000.000
11478,2020,-13.671875,25000000.000
11479,2015,-16.113281,25000000.000
11480,1998,-24.414062,25000000.000
11481,1991,-27.832031,25000000.000
11482,1981,-32.714844,25000000.000
11483,1979,-33.691406,25000000.000
11484,1977,-34.667969,25000000.000
11485,1974,-36.132812,25000000.000
11486,1973,-36.621094,25000000.000
11487,1972,-37.109375,25000000.000
11488,1979,-33.691406,25000000.000
11489,1985,-30.761719,25000000.000
11490,1988,-29.296875,25000000.000
11491,1991,-27.832031,25000000.000
11492,2005,-20.996094,25000000.000
11493,2014,-16.601562,25000000.000
11494,2025,-11.230469,25000000.000
11495,2027,-10.253906,25000000.000
11496,2046,-0.976562,25000000.000
11497,2058,4.882812,25000000.000
11498,2071,11.230469,25000000.000
11499,2073,12.207031,25000000.000
11500,2091,20.996094,25000000.000
11501,2102,26.367188,25000000.000
11502,2108,29.296875,25000000.000
11503,2108,29.296875,25000000.000
11504,2117,33.691406,25000000.000
11505,2122,36.132812,25000000.000
11506,2120,35.156250,25000000.000
11507,2120,35.156250,25000000.000
11508,2116,33.203125,25000000.000
11509,2110,30.273438,25000000.000
11510,2106,28.320312,25000000.000
11511,2105,27.832031,25000000.000
11512,2090,20.507812,25000000.000
11513,2081,16.113281,25000000.000
11514,2072,11.718750,25000000.000
11515,2070,10.742188,25000000.000
11516,2050,0.976562,25000000.000
11517,2038,-4.882812,25000000.000
11518,2025,-11.230469,25000000.000
11519,2026,-10.742188,25000000.000
11520,2005,-20.996094,25000000.000
11521,1997,-24.902344,25000000.000
11522,1989,-28.808594,25000000.000
11523,1988,-29.296875,25000000.000
11524,1976,-35.156250,25000000.000
11525,1974,-36.132812,25000000.000
11526,1975,-35.644531,25000000.000
11527,1975,-35.644531,25000000.000
11528,1976,-35.156250,25000000.000
11529,1979,-33.691406,25000000.000
11530,1986,-30.273438,25000000.000
11531,1986,-30.273438,25000000.000
11532,1997,-24.902344,25000000.000
11533,2007,-20.019531,25000000.000
11534,2017,-15.136719,25000000.000
11535,2018,-14.648438,25000000.000
11536,2037,-5.371094,25000000.000
11537,2051,1.464844,25000000.000
11538,2061,6.347656,25000000.000
11539,2064,7.812500,25000000.000
11540,2084,17.578125,25000000.000
11541,2094,22.460938,25000000.000
11542,2102,26.367188,25000000.000
11543,2103,26.855469,25000000.000
11544,2115,32.714844,25000000.000
11545,2116,33.203125,25000000.000
11546,2123,36.621094,25000000.000
11547,2119,34.667969,25000000.000
11548,2119,34.667969,25000000.000
11549,2118,34.179688,25000000.000
11550,2105,27.832031,25000000.000
11551,2107,28.808594,25000000.000
11552,2097,23.925781,25000000.000
11553,2092,21.484375,25000000.000
11554,2080,15.625000,25000000.000
11555,2081,16.113281,25000000.000
11556,2060,5.859375,25000000.000
11557,2049,0.488281,25000000.000
11558,2037,-5.371094,25000000.000
11559,2039,-4.394531,25000000.000
11560,2015,-16.113281,25000000.000
11561,2005,-20.996094,25000000.000
11562,1996,-25.390625,25000000.000
11563,1994,-26.367188,25000000.000
11564,1981,-32.714844,25000000.000
11565,1977,-34.667969,25000000.000
11566,1975,-35.644531,25000000.000
11567,1974,-36.132812,25000000.000
11568,1975,-35.644531,25000000.000
11569,1976,-35.156250,25000000.000
11570,1980,-33.203125,25000000.000
11571,1984,-31.250000,25000000.000
11572,1992,-27.343750,25000000.000
11573,2000,-23.437500,25000000.000
11574,2009,-19.042969,25000000.000
11575,2010,-18.554688,25000000.000
11576,2028,-9.765625,25000000.000
11577,2039,-4.394531,25000000.000
11578,2052,1.953125,25000000.000
11579,2051,1.464844,25000000.000
11580,2078,14.648438,25000000.000
11581,2087,19.042969,25000000.000
11582,2093,21.972656,25000000.000
11583,2095,22.949219,25000000.000
11584,2111,30.761719,25000000.000
11585,2116,33.203125,25000000.000
11586,2118,34.179688,25000000.000
11587,2119,34.667969,25000000.000
11588,2120,35.156250,25000000.000
11589,2119,34.667969,25000000.000
11590,2115,32.714844,25000000.000
11591,2116,33.203125,25000000.000
11592,2104,27.343750,25000000.000
11593,2098,24.414062,25000000.000
11594,2090,20.507812,25000000.000
11595,2089,20.019531,25000000.000
11596,2070,10.742188,25000000.000
11597,2058,4.882812,25000000.000
11598,2047,-0.488281,25000000.000
11599,2045,-1.464844,25000000.000
11600,2023,-12.207031,25000000.000
11601,2013,-17.089844,25000000.000
11602,2004,-21.484375,25000000.000
11603,2003,-21.972656,25000000.000
11604,1986,-30.273438,25000000.000
11605,1981,-32.714844,25000000.000
11606,1977,-34.667969,25000000.000
11607,1978,-34.179688,25000000.000
11608,1972,-37.109375,25000000.000
11609,1975,-35.644531,25000000.000
11610,1976,-35.156250,25000000.000
11611,1977,-34.667969,25000000.000
11612,1987,-29.785156,25000000.000
11613,1992,-27.343750,25000000.000
11614,2000,-23.437500,25000000.000
11615,1999,-23.925781,25000000.000
11616,2019,-14.160156,25000000.000
11617,2029,-9.277344,25000000.000
11618,2041,-3.417969,25000000.000
11619,2042,-2.929688,25000000.000
11620,2063,7.324219,25000000.000
11621,2077,14.160156,25000000.000
11622,2088,19.531250,25000000.000
11623,2089,20.019531,25000000.000
11624,2105,27.832031,25000000.000
11625,2110,30.273438,25000000.000
11626,2116,33.203125,25000000.000
11627,2117,33.691406,25000000.000
11628,2121,35.644531,25000000.000
11629,2119,34.667969,25000000.000
11630,2117,33.691406,25000000.000
11631,2116,33.203125,25000000.000
11632,2107,28.808594,25000000.000
11633,2102,26.367188,25000000.000
11634,2094,22.460938,25000000.000
11635,2094,22.460938,25000000.000
11636,2075,13.183594,25000000.000
11637,2068,9.765625,25000000.000
11638,2054,2.929688,25000000.000
11639,2055,3.417969,25000000.000
11640,2033,-7.324219,25000000.000
11641,2022,-12.695312,25000000.000
11642,2012,-17.578125,25000000.000
11643,2011,-18.066406,25000000.000
11644,1993,-26.855469,25000000.000
11645,1983,-31.738281,25000000.000
11646,1981,-32.714844,25000000.000
11647,1977,-34.667969,25000000.000
11648,1974,-36.132812,25000000.000
11649,1974,-36.132812,25000000.000
11650,1975,-35.644531,25000000.000
11651,1976,-35.156250,25000000.000
11652,1980,-33.203125,25000000.000
11653,1988,-29.296875,25000000.000
11654,1993,-26.855469,25000000.000
11655,1994,-26.367188,25000000.000
11656,2010,-18.554688,25000000.000
11657,2020,-13.671875,25000000.000
11658,2033,-7.324219,25000000.000
11659,2033,-7.324219,25000000.000
11660,2054,2.929688,25000000.000
11661,2065,8.300781,25000000.000
11662,2077,14.160156,25000000.000
11663,2077,14.160156,25000000.000
11664,2097,23.925781,25000000.000
11665,2106,28.320312,25000000.000
11666,2110,30.273438,25000000.000
11667,2110,30.273438,25000000.000
11668,2118,34.179688,25000000.000
11669,2122,36.132812,25000000.000
11670,2118,34.179688,25000000.000
11671,2120,35.156250,25000000.000
11672,2098,24.414062,25000000.000
11673,2104,27.343750,25000000.000
11674,2103,26.855469,25000000.000
11675,2102,26.367188,25000000.000
11676,2084,17.578125,25000000.000
11677,2076,13.671875,25000000.000
11678,2067,9.277344,25000000.000
11679,2064,7.812500,25000000.000
11680,2043,-2.441406,25000000.000
11681,2033,-7.324219,25000000.000
11682,2020,-13.671875,25000000.000
11683,2019,-14.160156,25000000.000
11684,2000,-23.437500,25000000.000
11685,1993,-26.855469,25000000.000
11686,1983,-31.738281,25000000.000
11687,1984,-31.250000,25000000.000
11688,1975,-35.644531,25000000.000
11689,1980,-33.203125,25000000.000
11690,1972,-37.109375,25000000.000
11691,1983,-31.738281,25000000.000
11692,1973,-36.621094,25000000.000
11693,1993,-26.855469,25000000.000
11694,1995,-25.878906,25000000.000
11695,1996,-25.390625,25000000.000
11696,1999,-23.925781,25000000.000
11697,2008,-19.531250,25000000.000
11698,2022,-12.695312,25000000.000
11699,2020,-13.671875,25000000.000
11700,2047,-0.488281,25000000.000
11701,2049,0.488281,25000000.000
11702,2073,12.207031,25000000.000
11703,2072,11.718750,25000000.000
11704,2085,18.066406,25000000.000
11705,2101,25.878906,25000000.000
11706,2109,29.785156,25000000.000
11707,2112,31.250000,25000000.000
11708,2118,34.179688,25000000.000
11709,2123,36.621094,25000000.000
11710,2119,34.667969,25000000.000
11711,2125,37.597656,25000000.000
11712,2120,35.156250,25000000.000
11713,2112,31.250000,25000000.000
11714,2109,29.785156,25000000.000
11715,2111,30.761719,25000000.000
11716,2093,21.972656,25000000.000
11717,2085,18.066406,25000000.000
11718,2074,12.695312,25000000.000
11719,2075,13.183594,25000000.000
11720,2052,1.953125,25000000.000
11721,2043,-2.441406,25000000.000
11722,2030,-8.789062,25000000.000
11723,2030,-8.789062,25000000.000
11724,2008,-19.531250,25000000.000
11725,1998,-24.414062,25000000.000
11726,1991,-27.832031,25000000.000
11727,1991,-27.832031,25000000.000
11728,1980,-33.203125,25000000.000
11729,1975,-35.644531,25000000.000
11730,1975,-35.644531,25000000.000
11731,1974,-36.132812,25000000.000
11732,1975,-35.644531,25000000.000
11733,1981,-32.714844,25000000.000
11734,1984,-31.250000,25000000.000
11735,1984,-31.250000,25000000.000
11736,1996,-25.390625,25000000.000
11737,2005,-20.996094,25000000.000
11738,2014,-16.601562,25000000.000
11739,2015,-16.113281,25000000.000
11740,2034,-6.835938,25000000.000
11741,2049,0.488281,25000000.000
11742,2059,5.371094,25000000.000
11743,2060,5.859375,25000000.000
11744,2082,16.601562,25000000.000
11745,2092,21.484375,25000000.000
11746,2103,26.855469,25000000.000
11747,2103,26.855469,25000000.000
11748,2114,32.226562,25000000.000
11749,2121,35.644531,25000000.000
11750,2120,35.156250,25000000.000
11751,2121,35.644531,25000000.000
11752,2118,34.179688,25000000.000
11753,2118,34.179688,25000000.000
11754,2110,30.273438,25000000.000
11755,2111,30.761719,25000000.000
11756,2104,27.343750,25000000.000
11757,2091,20.996094,25000000.000
11758,2076,13.671875,25000000.000
11759,2080,15.625000,25000000.000
11760,2057,4.394531,25000000.000
11761,2045,-1.464844,25000000.000
11762,2040,-3.906250,25000000.000
11763,2038,-4.882812,25000000.000
11764,2022,-12.695312,25000000.000
11765,2004,-21.484375,25000000.000
11766,1997,-24.902344,25000000.000
11767,1994,-26.367188,25000000.000
11768,1982,-32.226562,25000000.000
11769,1980,-33.203125,25000000.000
11770,1974,-36.132812,25000000.000
11771,1975,-35.644531,25000000.000
11772,1975,-35.644531,25000000.000
11773,1976,-35.156250,25000000.000
11774,1980,-33.203125,25000000.000
11775,1982,-32.226562,25000000.000
11776,1992,-27.343750,25000000.000
11777,1999,-23.925781,25000000.000
11778,2006,-20.507812,25000000.000
11779,2006,-20.507812,25000000.000
11780,2029,-9.277344,25000000.000
11781,2037,-5.371094,25000000.000
11782,2048,0.000000,25000000.000
11783,2048,0.000000,25000000.000
11784,2072,11.718750,25000000.000
11785,2084,17.578125,25000000.000
11786,2092,21.484375,25000000.000
11787,2094,22.460938,25000000.000
11788,2109,29.785156,25000000.000
11789,2113,31.738281,25000000.000
11790,2118,34.179688,25000000.000
11791,2119,34.667969,25000000.000
11792,2120,35.156250,25000000.000
11793,2118,34.179688,25000000.000
11794,2117,33.691406,25000000.000
11795,2117,33.691406,25000000.000
11796,2106,28.320312,25000000.000
11797,2098,24.414062,25000000.000
11798,2090,20.507812,25000000.000
11799,2089,20.019531,25000000.000
11800,2071,11.230469,25000000.000
11801,2061,6.347656,25000000.000
11802,2051,1.464844,25000000.000
11803,2050,0.976562,25000000.000
11804,2026,-10.742188,25000000.000
11805,2016,-15.625000,25000000.000
11806,2006,-20.507812,25000000.000
11807,2006,-20.507812,25000000.000
11808,1988,-29.296875,25000000.000
11809,1982,-32.226562,25000000.000
11810,1979,-33.691406,25000000.000
11811,1977,-34.667969,25000000.000
11812,1974,-36.132812,25000000.000
11813,1975,-35.644531,25000000.000
11814,1977,-34.667969,25000000.000
11815,1976,-35.156250,25000000.000
11816,1986,-30.273438,25000000.000
11817,1992,-27.343750,25000000.000
11818,1998,-24.414062,25000000.000
11819,2000,-23.437500,25000000.000
11820,2015,-16.113281,25000000.000
11821,2027,-10.253906,25000000.000
11822,2037,-5.371094,25000000.000
11823,2039,-4.394531,25000000.000
11824,2060,5.859375,25000000.000
11825,2074,12.695312,25000000.000
11826,2086,18.554688,25000000.000
11827,2086,18.554688,25000000.000
11828,2103,26.855469,25000000.000
11829,2108,29.296875,25000000.000
11830,2116,33.203125,25000000.000
11831,2116,33.203125,25000000.000
11832,2118,34.179688,25000000.000
11833,2119,34.667969,25000000.000
11834,2118,34.179688,25000000.000
11835,2118,34.179688,25000000.000
11836,2110,30.273438,25000000.000
11837,2105,27.832031,25000000.000
11838,2096,23.437500,25000000.000
11839,2096,23.437500,25000000.000
11840,2080,15.625000,25000000.000
11841,2069,10.253906,25000000.000
11842,2058,4.882812,25000000.000
11843,2058,4.882812,25000000.000
11844,2038,-4.882812,25000000.000
11845,2022,-12.695312,25000000.000
11846,2013,-17.089844,25000000.000
11847,2012,-17.578125,25000000.000
11848,1995,-25.878906,25000000.000
11849,1986,-30.273438,25000000.000
11850,1981,-32.714844,25000000.000
11851,1981,-32.714844,25000000.000
11852,1973,-36.621094,25000000.000
11853,1974,-36.132812,25000000.000
11854,1975,-35.644531,25000000.000
11855,1974,-36.132812,25000000.000
11856,1981,-32.714844,25000000.000
11857,1985,-30.761719,25000000.000
11858,1993,-26.855469,25000000.000
11859,1995,-25.878906,25000000.000
11860,2009,-19.042969,25000000.000
11861,2018,-14.648438,25000000.000
11862,2029,-9.277344,25000000.000
11863,2029,-9.277344,25000000.000
11864,2051,1.464844,25000000.000
11865,2078,14.648438,25000000.000
11866,2086,18.554688,25000000.000
11867,2074,12.695312,25000000.000
11868,2092,21.484375,25000000.000
11869,2097,23.925781,25000000.000
11870,2106,28.320312,25000000.000
11871,2108,29.296875,25000000.000
11872,2120,35.156250,25000000.000
11873,2120,35.156250,25000000.000
11874,2120,35.156250,25000000.000
11875,2122,36.132812,25000000.000
11876,2113,31.738281,25000000.000
11877,2108,29.296875,25000000.000
11878,2103,26.855469,25000000.000
11879,2102,26.367188,25000000.000
11880,2087,19.042969,25000000.000
11881,2079,15.136719,25000000.000
11882,2067,9.277344,25000000.000
11883,2065,8.300781,25000000.000
11884,2046,-0.976562,25000000.000
11885,2035,-6.347656,25000000.000
11886,2022,-12.695312,25000000.000
11887,2021,-13.183594,25000000.000
11888,2002,-22.460938,25000000.000
11889,1992,-27.343750,25000000.000
11890,1986,-30.273438,25000000.000
11891,1986,-30.273438,25000000.000
11892,1976,-35.156250,25000000.000
11893,1973,-36.621094,25000000.000
11894,1973,-36.621094,25000000.000
11895,1973,-36.621094,25000000.000
11896,1978,-34.179688,25000000.000
11897,1982,-32.226562,25000000.000
11898,1988,-29.296875,25000000.000
11899,1987,-29.785156,25000000.000
11900,2000,-23.437500,25000000.000
11901,2010,-18.554688,25000000.000
11902,2019,-14.160156,25000000.000
11903,2019,-14.160156,25000000.000
11904,2042,-2.929688,25000000.000
11905,2052,1.953125,25000000.000
11906,2068,9.765625,25000000.000
11907,2067,9.277344,25000000.000
11908,2086,18.554688,25000000.000
11909,2097,23.925781,25000000.000
11910,2106,28.320312,25000000.000
11911,2106,28.320312,25000000.000
11912,2118,34.179688,25000000.000
11913,2118,34.179688,25000000.000
11914,2120,35.156250,25000000.000
11915,2121,35.644531,25000000.000
11916,2118,34.179688,25000000.000
11917,2112,31.250000,25000000.000
11918,2108,29.296875,25000000.000
11919,2108,29.296875,25000000.000
11920,2094,22.460938,25000000.000
11921,2087,19.042969,25000000.000
11922,2078,14.648438,25000000.000
11923,2079,15.136719,25000000.000
11924,2057,4.394531,25000000.000
11925,2045,-1.464844,25000000.000
11926,2035,-6.347656,25000000.000
11927,2033,-7.324219,25000000.000
11928,2012,-17.578125,25000000.000
11929,2001,-22.949219,25000000.000
11930,1994,-26.367188,25000000.000
11931,1992,-27.343750,25000000.000
11932,1979,-33.691406,25000000.000
11933,1977,-34.667969,25000000.000
11934,1975,-35.644531,25000000.000
11935,1975,-35.644531,25000000.000
11936,1974,-36.132812,25000000.000
11937,1981,-32.714844,25000000.000
11938,1983,-31.738281,25000000.000
11939,1984,-31.250000,25000000.000
11940,1996,-25.390625,25000000.000
11941,2003,-21.972656,25000000.000
11942,2013,-17.089844,25000000.000
11943,2013,-17.089844,25000000.000
11944,2034,-6.835938,25000000.000
11945,2043,-2.441406,25000000.000
11946,2057,4.394531,25000000.000
11947,2057,4.394531,25000000.000
11948,2078,14.648438,25000000.000
11949,2090,20.507812,25000000.000
11950,2099,24.902344,25000000.000
11951,2099,24.902344,25000000.000
11952,2110,30.273438,25000000.000
11953,2117,33.691406,25000000.000
11954,2120,35.156250,25000000.000
11955,2120,35.156250,25000000.000
11956,2121,35.644531,25000000.000
11957,2115,32.714844,25000000.000
11958,2114,32.226562,25000000.000
11959,2114,32.226562,25000000.000
11960,2102,26.367188,25000000.000
11961,2092,21.484375,25000000.000
11962,2085,18.066406,25000000.000
11963,2082,16.601562,25000000.000
11964,2064,7.812500,25000000.000
11965,2054,2.929688,25000000.000
11966,2042,-2.929688,25000000.000
11967,2042,-2.929688,25000000.000
11968,2019,-14.160156,25000000.000
11969,2010,-18.554688,25000000.000
11970,1998,-24.414062,25000000.000
11971,1997,-24.902344,25000000.000
11972,1984,-31.250000,25000000.000
11973,1979,-33.691406,25000000.000
11974,1978,-34.179688,25000000.000
11975,1976,-35.156250,25000000.000
11976,1976,-35.156250,25000000.000
11977,1979,-33.691406,25000000.000
11978,1976,-35.156250,25000000.000
11979,1976,-35.156250,25000000.000
11980,1993,-26.855469,25000000.000
11981,1994,-26.367188,25000000.000
11982,2001,-22.949219,25000000.000
11983,2003,-21.972656,25000000.000
11984,2023,-12.207031,25000000.000
11985,2035,-6.347656,25000000.000
11986,2045,-1.464844,25000000.000
11987,2045,-1.464844,25000000.000
11988,2070,10.742188,25000000.000
11989,2079,15.136719,25000000.000
11990,2090,20.507812,25000000.000
11991,2092,21.484375,25000000.000
11992,2108,29.296875,25000000.000
11993,2112,31.250000,25000000.000
11994,2120,35.156250,25000000.000
11995,2118,34.179688,25000000.000
11996,2120,35.156250,25000000.000
11997,2120,35.156250,25000000.000
11998,2117,33.691406,25000000.000
11999,2115,32.714844,25000000.000
12000,2104,27.343750,25000000.000
12001,2102,26.367188,25000000.000
12002,2091,20.996094,25000000.000
12003,2092,21.484375,25000000.000
12004,2072,11.718750,25000000.000
12005,2062,6.835938,25000000.000
12006,2053,2.441406,25000000.000
12007,2053,2.441406,25000000.000
12008,2029,-9.277344,25000000.000
12009,2018,-14.648438,25000000.000
12010,2008,-19.531250,25000000.000
12011,2006,-20.507812,25000000.000
12012,1991,-27.832031,25000000.000
12013,1982,-32.226562,25000000.000
12014,1975,-35.644531,25000000.000
12015,1976,-35.156250,25000000.000
12016,1973,-36.621094,25000000.000
12017,1974,-36.132812,25000000.000
12018,1967,-39.550781,25000000.000
12019,1974,-36.132812,25000000.000
12020,1996,-25.390625,25000000.000
12021,1985,-30.761719,25000000.000
12022,1993,-26.855469,25000000.000
12023,1996,-25.390625,25000000.000
12024,2014,-16.601562,25000000.000
12025,2025,-11.230469,25000000.000
12026,2035,-6.347656,25000000.000
12027,2035,-6.347656,25000000.000
12028,2060,5.859375,25000000.000
12029,2069,10.253906,25000000.000
12030,2084,17.578125,25000000.000
12031,2085,18.066406,25000000.000
12032,2100,25.390625,25000000.000
12033,2111,30.761719,25000000.000
12034,2111,30.761719,25000000.000
12035,2116,33.203125,25000000.000
12036,2119,34.667969,25000000.000
12037,2122,36.132812,25000000.000
12038,2119,34.667969,25000000.000
12039,2119,34.667969,25000000.000
12040,2111,30.761719,25000000.000
12041,2106,28.320312,25000000.000
12042,2099,24.902344,25000000.000
12043,2096,23.437500,25000000.000
12044,2082,16.601562,25000000.000
12045,2071,11.230469,25000000.000
12046,2061,6.347656,25000000.000
12047,2060,5.859375,25000000.000
12048,2039,-4.394531,25000000.000
12049,2028,-9.765625,25000000.000
12050,2016,-15.625000,25000000.000
12051,2014,-16.601562,25000000.000
12052,1996,-25.390625,25000000.000
12053,1988,-29.296875,25000000.000
12054,1980,-33.203125,25000000.000
12055,1980,-33.203125,25000000.000
12056,1977,-34.667969,25000000.000
12057,1970,-38.085938,25000000.000
12058,1983,-31.738281,25000000.000
12059,1976,-35.156250,25000000.000
12060,1981,-32.714844,25000000.000
12061,1983,-31.738281,25000000.000
12062,1988,-29.296875,25000000.000
12063,1989,-28.808594,25000000.000
12064,2005,-20.996094,25000000.000
12065,2014,-16.601562,25000000.000
12066,2025,-11.230469,25000000.000
12067,2025,-11.230469,25000000.000
12068,2047,-0.488281,25000000.000
12069,2060,5.859375,25000000.000
12070,2071,11.230469,25000000.000
12071,2073,12.207031,25000000.000
12072,2093,21.972656,25000000.000
12073,2102,26.367188,25000000.000
12074,2108,29.296875,25000000.000
12075,2110,30.273438,25000000.000
12076,2116,33.203125,25000000.000
12077,2121,35.644531,25000000.000
12078,2115,32.714844,25000000.000
12079,2131,40.527344,25000000.000
12080,2123,36.621094,25000000.000
12081,2103,26.855469,25000000.000
12082,2105,27.832031,25000000.000
12083,2109,29.785156,25000000.000
12084,2092,21.484375,25000000.000
12085,2083,17.089844,25000000.000
12086,2068,9.765625,25000000.000
12087,2067,9.277344,25000000.000
12088,2048,0.000000,25000000.000
12089,2037,-5.371094,25000000.000
12090,2027,-10.253906,25000000.000
12091,2027,-10.253906,25000000.000
12092,2005,-20.996094,25000000.000
12093,1995,-25.878906,25000000.000
12094,1988,-29.296875,25000000.000
12095,1987,-29.785156,25000000.000
12096,1977,-34.667969,25000000.000
12097,1974,-36.132812,25000000.000
12098,1974,-36.132812,25000000.000
12099,1974,-36.132812,25000000.000
12100,1977,-34.667969,25000000.000
12101,1982,-32.226562,25000000.000
12102,1985,-30.761719,25000000.000
12103,1986,-30.273438,25000000.000
12104,2000,-23.437500,25000000.000
12105,2009,-19.042969,25000000.000
12106,2016,-15.625000,25000000.000
12107,2019,-14.160156,25000000.000
12108,2039,-4.394531,25000000.000
12109,2051,1.464844,25000000.000
12110,2062,6.835938,25000000.000
12111,2062,6.835938,25000000.000
12112,2086,18.554688,25000000.000
12113,2095,22.949219,25000000.000
12114,2102,26.367188,25000000.000
12115,2104,27.343750,25000000.000
12116,2116,33.203125,25000000.000
12117,2119,34.667969,25000000.000
12118,2120,35.156250,25000000.000
12119,2122,36.132812,25000000.000
12120,2117,33.691406,25000000.000
12121,2115,32.714844,25000000.000
12122,2111,30.761719,25000000.000
12123,2110,30.273438,25000000.000
12124,2097,23.925781,25000000.000
12125,2088,19.531250,25000000.000
12126,2080,15.625000,25000000.000
12127,2079,15.136719,25000000.000
12128,2058,4.882812,25000000.000
12129,2047,-0.488281,25000000.000
12130,2035,-6.347656,25000000.000
12131,2035,-6.347656,25000000.000
12132,2012,-17.578125,25000000.000
12133,2003,-21.972656,25000000.000
12134,1994,-26.367188,25000000.000
12135,1996,-25.390625,25000000.000
12136,1979,-33.691406,25000000.000
12137,1979,-33.691406,25000000.000
12138,1975,-35.644531,25000000.000
12139,1976,-35.156250,25000000.000
12140,1975,-35.644531,25000000.000
12141,1979,-33.691406,25000000.000
12142,1983,-31.738281,25000000.000
12143,1983,-31.738281,25000000.000
12144,1993,-26.855469,25000000.000
12145,1999,-23.925781,25000000.000
12146,2010,-18.554688,25000000.000
12147,2009,-19.042969,25000000.000
12148,2030,-8.789062,25000000.000
12149,2042,-2.929688,25000000.000
12150,2053,2.441406,25000000.000
12151,2056,3.906250,25000000.000
12152,2075,13.183594,25000000.000
12153,2087,19.042969,25000000.000
12154,2097,23.925781,25000000.000
12155,2098,24.414062,25000000.000
12156,2112,31.250000,25000000.000
12157,2117,33.691406,25000000.000
12158,2120,35.156250,25000000.000
12159,2122,36.132812,25000000.000
12160,2121,35.644531,25000000.000
12161,2117,33.691406,25000000.000
12162,2114,32.226562,25000000.000
12163,2113,31.738281,25000000.000
12164,2102,26.367188,25000000.000
12165,2096,23.437500,25000000.000
12166,2089,20.019531,25000000.000
12167,2088,19.531250,25000000.000
12168,2065,8.300781,25000000.000
12169,2056,3.906250,25000000.000
12170,2045,-1.464844,25000000.000
12171,2046,-0.976562,25000000.000
12172,2024,-11.718750,25000000.000
12173,2012,-17.578125,25000000.000
12174,2003,-21.972656,25000000.000
12175,2001,-22.949219,25000000.000
12176,1988,-29.296875,25000000.000
12177,1978,-34.179688,25000000.000
12178,1976,-35.156250,25000000.000
12179,1977,-34.667969,25000000.000
12180,1973,-36.621094,25000000.000
12181,1976,-35.156250,25000000.000
12182,1977,-34.667969,25000000.000
12183,1978,-34.179688,25000000.000
12184,1988,-29.296875,25000000.000
12185,1994,-26.367188,25000000.000
12186,2001,-22.949219,25000000.000
12187,2003,-21.972656,25000000.000
12188,2020,-13.671875,25000000.000
12189,2031,-8.300781,25000000.000
12190,2042,-2.929688,25000000.000
12191,2044,-1.953125,25000000.000
12192,2066,8.789062,25000000.000
12193,2076,13.671875,25000000.000
12194,2087,19.042969,25000000.000
12195,2087,19.042969,25000000.000
12196,2105,27.832031,25000000.000
12197,2112,31.250000,25000000.000
12198,2116,33.203125,25000000.000
12199,2116,33.203125,25000000.000
12200,2119,34.667969,25000000.000
12201,2123,36.621094,25000000.000
12202,2111,30.761719,25000000.000
12203,2119,34.667969,25000000.000
12204,2107,28.808594,25000000.000
12205,2101,25.878906,25000000.000
12206,2098,24.414062,25000000.000
12207,2091,20.996094,25000000.000
12208,2073,12.207031,25000000.000
12209,2066,8.789062,25000000.000
12210,2055,3.417969,25000000.000
12211,2054,2.929688,25000000.000
12212,2031,-8.300781,25000000.000
12213,2020,-13.671875,25000000.000
12214,2008,-19.531250,25000000.000
12215,2008,-19.531250,25000000.000
12216,1989,-28.808594,25000000.000
12217,1985,-30.761719,25000000.000
12218,1977,-34.667969,25000000.000
12219,1978,-34.179688,25000000.000
12220,1973,-36.621094,25000000.000
12221,1972,-37.109375,25000000.000
12222,1975,-35.644531,25000000.000
12223,1976,-35.156250,25000000.000
12224,1982,-32.226562,25000000.000
12225,1987,-29.785156,25000000.000
12226,1996,-25.390625,25000000.000
12227,1995,-25.878906,25000000.000
12228,2012,-17.578125,25000000.000
12229,2020,-13.671875,25000000.000
12230,2032,-7.812500,25000000.000
12231,2032,-7.812500,25000000.000
12232,2055,3.417969,25000000.000
12233,2068,9.765625,25000000.000
12234,2079,15.136719,25000000.000
12235,2081,16.113281,25000000.000
12236,2099,24.902344,25000000.000
12237,2108,29.296875,25000000.000
12238,2113,31.738281,25000000.000
12239,2114,32.226562,25000000.000
12240,2120,35.156250,25000000.000
12241,2120,35.156250,25000000.000
12242,2120,35.156250,25000000.000
12243,2120,35.156250,25000000.000
12244,2113,31.738281,25000000.000
12245,2106,28.320312,25000000.000
12246,2100,25.390625,25000000.000
12247,2099,24.902344,25000000.000
12248,2084,17.578125,25000000.000
12249,2075,13.183594,25000000.000
12250,2066,8.789062,25000000.000
12251,2065,8.300781,25000000.000
12252,2040,-3.906250,25000000.000
12253,2030,-8.789062,25000000.000
12254,2019,-14.160156,25000000.000
12255,2019,-14.160156,25000000.000
12256,1999,-23.925781,25000000.000
12257,1989,-28.808594,25000000.000
12258,1983,-31.738281,25000000.000
12259,1984,-31.250000,25000000.000
12260,1975,-35.644531,25000000.000
12261,1973,-36.621094,25000000.000
12262,1974,-36.132812,25000000.000
12263,1974,-36.132812,25000000.000
12264,1978,-34.179688,25000000.000
12265,1984,-31.250000,25000000.000
12266,1989,-28.808594,25000000.000
12267,1989,-28.808594,25000000.000
12268,2003,-21.972656,25000000.000
12269,2014,-16.601562,25000000.000
12270,2023,-12.207031,25000000.000
12271,2025,-11.230469,25000000.000
12272,2048,0.000000,25000000.000
12273,2057,4.394531,25000000.000
12274,2070,10.742188,25000000.000
12275,2072,11.718750,25000000.000
12276,2093,21.972656,25000000.000
12277,2099,24.902344,25000000.000
12278,2108,29.296875,25000000.000
12279,2108,29.296875,25000000.000
12280,2118,34.179688,25000000.000
12281,2120,35.156250,25000000.000
12282,2121,35.644531,25000000.000
12283,2121,35.644531,25000000.000
12284,2116,33.203125,25000000.000
12285,2114,32.226562,25000000.000
12286,2106,28.320312,25000000.000
12287,2107,28.808594,25000000.000
12288,2092,21.484375,25000000.000
12289,2082,16.601562,25000000.000
12290,2074,12.695312,25000000.000
12291,2074,12.695312,25000000.000
12292,2052,1.953125,25000000.000
12293,2039,-4.394531,25000000.000
12294,2030,-8.789062,25000000.000
12295,2028,-9.765625,25000000.000
12296,2006,-20.507812,25000000.000
12297,1998,-24.414062,25000000.000
12298,1989,-28.808594,25000000.000
12299,1988,-29.296875,25000000.000
12300,1978,-34.179688,25000000.000
12301,1976,-35.156250,25000000.000
12302,1973,-36.621094,25000000.000
12303,1974,-36.132812,25000000.000
12304,1977,-34.667969,25000000.000
12305,1980,-33.203125,25000000.000
12306,1984,-31.250000,25000000.000
12307,1986,-30.273438,25000000.000
12308,1998,-24.414062,25000000.000
12309,2005,-20.996094,25000000.000
12310,2015,-16.113281,25000000.000
12311,2014,-16.601562,25000000.000
12312,2037,-5.371094,25000000.000
12313,2048,0.000000,25000000.000
12314,2060,5.859375,25000000.000
12315,2060,5.859375,25000000.000
12316,2082,16.601562,25000000.000
12317,2094,22.460938,25000000.000
12318,2101,25.878906,25000000.000
12319,2103,26.855469,25000000.000
12320,2116,33.203125,25000000.000
12321,2119,34.667969,25000000.000
12322,2121,35.644531,25000000.000
12323,2121,35.644531,25000000.000
12324,2120,35.156250,25000000.000
12325,2115,32.714844,25000000.000
12326,2114,32.226562,25000000.000
12327,2112,31.250000,25000000.000
12328,2098,24.414062,25000000.000
12329,2090,20.507812,25000000.000
12330,2081,16.113281,25000000.000
12331,2081,16.113281,25000000.000
12332,2061,6.347656,25000000.000
12333,2051,1.464844,25000000.000
12334,2036,-5.859375,25000000.000
12335,2037,-5.371094,25000000.000
12336,2017,-15.136719,25000000.000
12337,2006,-20.507812,25000000.000
12338,1997,-24.902344,25000000.000
12339,1996,-25.390625,25000000.000
12340,1982,-32.226562,25000000.000
12341,1977,-34.667969,25000000.000
12342,1975,-35.644531,25000000.000
12343,1973,-36.621094,25000000.000
12344,1976,-35.156250,25000000.000
12345,1976,-35.156250,25000000.000
12346,1981,-32.714844,25000000.000
12347,1980,-33.203125,25000000.000
12348,1991,-27.832031,25000000.000
12349,1993,-26.855469,25000000.000
12350,2007,-20.019531,25000000.000
12351,2003,-21.972656,25000000.000
12352,2019,-14.160156,25000000.000
12353,2031,-8.300781,25000000.000
12354,2048,0.000000,25000000.000
12355,2053,2.441406,25000000.000
12356,2075,13.183594,25000000.000
12357,2088,19.531250,25000000.000
12358,2095,22.949219,25000000.000
12359,2097,23.925781,25000000.000
12360,2111,30.761719,25000000.000
12361,2118,34.179688,25000000.000
12362,2120,35.156250,25000000.000
12363,2121,35.644531,25000000.000
12364,2113,31.738281,25000000.000
12365,2115,32.714844,25000000.000
12366,2119,34.667969,25000000.000
12367,2106,28.320312,25000000.000
12368,2101,25.878906,25000000.000
12369,2100,25.390625,25000000.000
12370,2091,20.996094,25000000.000
12371,2089,20.019531,25000000.000
12372,2069,10.253906,25000000.000
12373,2061,6.347656,25000000.000
12374,2051,1.464844,25000000.000
12375,2047,-0.488281,25000000.000
12376,2030,-8.789062,25000000.000
12377,2014,-16.601562,25000000.000
12378,2006,-20.507812,25000000.000
12379,2003,-21.972656,25000000.000
12380,1987,-29.785156,25000000.000
12381,1980,-33.203125,25000000.000
12382,1975,-35.644531,25000000.000
12383,1977,-34.667969,25000000.000
12384,1973,-36.621094,25000000.000
12385,1975,-35.644531,25000000.000
12386,1977,-34.667969,25000000.000
12387,1978,-34.179688,25000000.000
12388,1985,-30.761719,25000000.000
12389,1990,-28.320312,25000000.000
12390,2000,-23.437500,25000000.000
12391,2001,-22.949219,25000000.000
12392,2019,-14.160156,25000000.000
12393,2025,-11.230469,25000000.000
12394,2040,-3.906250,25000000.000
12395,2039,-4.394531,25000000.000
12396,2062,6.835938,25000000.000
12397,2076,13.671875,25000000.000
12398,2086,18.554688,25000000.000
12399,2085,18.066406,25000000.000
12400,2102,26.367188,25000000.000
12401,2110,30.273438,25000000.000
12402,2119,34.667969,25000000.000
12403,2114,32.226562,25000000.000
12404,2117,33.691406,25000000.000
12405,2122,36.132812,25000000.000
12406,2117,33.691406,25000000.000
12407,2120,35.156250,25000000.000
12408,2108,29.296875,25000000.000
12409,2102,26.367188,25000000.000
12410,2095,22.949219,25000000.000
12411,2092,21.484375,25000000.000
12412,2078,14.648438,25000000.000
12413,2066,8.789062,25000000.000
12414,2056,3.906250,25000000.000
12415,2055,3.417969,25000000.000
12416,2034,-6.835938,25000000.000
12417,2027,-10.253906,25000000.000
12418,2011,-18.066406,25000000.000
12419,2011,-18.066406,25000000.000
12420,1993,-26.855469,25000000.000
12421,1985,-30.761719,25000000.000
12422,1980,-33.203125,25000000.000
12423,1982,-32.226562,25000000.000
12424,1974,-36.132812,25000000.000
12425,1973,-36.621094,25000000.000
12426,1973,-36.621094,25000000.000
12427,1972,-37.109375,25000000.000
12428,1981,-32.714844,25000000.000
12429,1988,-29.296875,25000000.000
12430,1992,-27.343750,25000000.000
12431,1993,-26.855469,25000000.000
12432,2009,-19.042969,25000000.000
12433,2019,-14.160156,25000000.000
12434,2028,-9.765625,25000000.000
12435,2030,-8.789062,25000000.000
12436,2052,1.953125,25000000.000
12437,2066,8.789062,25000000.000
12438,2077,14.160156,25000000.000
12439,2078,14.648438,25000000.000
12440,2096,23.437500,25000000.000
12441,2104,27.343750,25000000.000
12442,2114,32.226562,25000000.000
12443,2112,31.250000,25000000.000
12444,2121,35.644531,25000000.000
12445,2120,35.156250,25000000.000
12446,2120,35.156250,25000000.000
12447,2119,34.667969,25000000.000
12448,2114,32.226562,25000000.000
12449,2110,30.273438,25000000.000
12450,2101,25.878906,25000000.000
12451,2103,26.855469,25000000.000
12452,2085,18.066406,25000000.000
12453,2077,14.160156,25000000.000
12454,2065,8.300781,25000000.000
12455,2067,9.277344,25000000.000
12456,2044,-1.953125,25000000.000
12457,2032,-7.812500,25000000.000
12458,2022,-12.695312,25000000.000
12459,2021,-13.183594,25000000.000
12460,2001,-22.949219,25000000.000
12461,1992,-27.343750,25000000.000
12462,1984,-31.250000,25000000.000
12463,1983,-31.738281,25000000.000
12464,1974,-36.132812,25000000.000
12465,1972,-37.109375,25000000.000
12466,1973,-36.621094,25000000.000
12467,1973,-36.621094,25000000.000
12468,1976,-35.156250,25000000.000
12469,1983,-31.738281,25000000.000
12470,1987,-29.785156,25000000.000
12471,1989,-28.808594,25000000.000
12472,2002,-22.460938,25000000.000
12473,2012,-17.578125,25000000.000
12474,2022,-12.695312,25000000.000
12475,2024,-11.718750,25000000.000
12476,2045,-1.464844,25000000.000
12477,2055,3.417969,25000000.000
12478,2066,8.789062,25000000.000
12479,2067,9.277344,25000000.000
12480,2089,20.019531,25000000.000
12481,2098,24.414062,25000000.000
12482,2105,27.832031,25000000.000
12483,2105,27.832031,25000000.000
12484,2117,33.691406,25000000.000
12485,2119,34.667969,25000000.000
12486,2123,36.621094,25000000.000
12487,2125,37.597656,25000000.000
12488,2116,33.203125,25000000.000
12489,2114,32.226562,25000000.000
12490,2109,29.785156,25000000.000
12491,2109,29.785156,25000000.000
12492,2095,22.949219,25000000.000
12493,2085,18.066406,25000000.000
12494,2077,14.160156,25000000.000
12495,2074,12.695312,25000000.000
12496,2055,3.417969,25000000.000
12497,2044,-1.953125,25000000.000
12498,2031,-8.300781,25000000.000
12499,2031,-8.300781,25000000.000
12500,2009,-19.042969,25000000.000
12501,2002,-22.460938,25000000.000
12502,1991,-27.832031,25000000.000
12503,1992,-27.343750,25000000.000
12504,1978,-34.179688,25000000.000
12505,1976,-35.156250,25000000.000
12506,1976,-35.156250,25000000.000
12507,1974,-36.132812,25000000.000
12508,1978,-34.179688,25000000.000
12509,1978,-34.179688,25000000.000
12510,1983,-31.738281,25000000.000
12511,1983,-31.738281,25000000.000
12512,1995,-25.878906,25000000.000
12513,2005,-20.996094,25000000.000
12514,2013,-17.089844,25000000.000
12515,2012,-17.578125,25000000.000
12516,2033,-7.324219,25000000.000
12517,2048,0.000000,25000000.000
12518,2056,3.906250,25000000.000
12519,2059,5.371094,25000000.000
12520,2081,16.113281,25000000.000
12521,2090,20.507812,25000000.000
12522,2101,25.878906,25000000.000
12523,2101,25.878906,25000000.000
12524,2115,32.714844,25000000.000
12525,2118,34.179688,25000000.000
12526,2121,35.644531,25000000.000
12527,2120,35.156250,25000000.000
12528,2122,36.132812,25000000.000
12529,2116,33.203125,25000000.000
12530,2111,30.761719,25000000.000
12531,2112,31.250000,25000000.000
12532,2099,24.902344,25000000.000
12533,2094,22.460938,25000000.000
12534,2082,16.601562,25000000.000
12535,2083,17.089844,25000000.000
12536,2064,7.812500,25000000.000
12537,2052,1.953125,25000000.000
12538,2041,-3.417969,25000000.000
12539,2041,-3.417969,25000000.000
12540,2018,-14.648438,25000000.000
12541,2006,-20.507812,25000000.000
12542,2000,-23.437500,25000000.000
12543,1998,-24.414062,25000000.000
12544,1984,-31.250000,25000000.000
12545,1975,-35.644531,25000000.000
12546,1975,-35.644531,25000000.000
12547,1974,-36.132812,25000000.000
12548,1973,-36.621094,25000000.000
12549,1977,-34.667969,25000000.000
12550,1980,-33.203125,25000000.000
12551,1982,-32.226562,25000000.000
12552,1989,-28.808594,25000000.000
12553,1996,-25.390625,25000000.000
12554,2005,-20.996094,25000000.000
12555,2007,-20.019531,25000000.000
12556,2025,-11.230469,25000000.000
12557,2036,-5.859375,25000000.000
12558,2049,0.488281,25000000.000
12559,2049,0.488281,25000000.000
12560,2070,10.742188,25000000.000
12561,2083,17.089844,25000000.000
12562,2092,21.484375,25000000.000
12563,2093,21.972656,25000000.000
12564,2107,28.808594,25000000.000
12565,2115,32.714844,25000000.000
12566,2117,33.691406,25000000.000
12567,2119,34.667969,25000000.000
12568,2120,35.156250,25000000.000
12569,2121,35.644531,25000000.000
12570,2116,33.203125,25000000.000
12571,2117,33.691406,25000000.000
12572,2107,28.808594,25000000.000
12573,2098,24.414062,25000000.000
12574,2092,21.484375,25000000.000
12575,2090,20.507812,25000000.000
12576,2074,12.695312,25000000.000
12577,2062,6.835938,25000000.000
12578,2051,1.464844,25000000.000
12579,2049,0.488281,25000000.000
12580,2029,-9.277344,25000000.000
12581,2018,-14.648438,25000000.000
12582,2006,-20.507812,25000000.000
12583,2005,-20.996094,25000000.000
12584,1989,-28.808594,25000000.000
12585,1985,-30.761719,25000000.000
12586,1978,-34.179688,25000000.000
12587,1978,-34.179688,25000000.000
12588,1974,-36.132812,25000000.000
12589,1971,-37.597656,25000000.000
12590,1977,-34.667969,25000000.000
12591,1976,-35.156250,25000000.000
12592,1985,-30.761719,25000000.000
12593,1988,-29.296875,25000000.000
12594,1997,-24.902344,25000000.000
12595,1997,-24.902344,25000000.000
12596,2015,-16.113281,25000000.000
12597,2025,-11.230469,25000000.000
12598,2035,-6.347656,25000000.000
12599,2036,-5.859375,25000000.000
12600,2059,5.371094,25000000.000
12601,2073,12.207031,25000000.000
12602,2081,16.113281,25000000.000
12603,2084,17.578125,25000000.000
12604,2101,25.878906,25000000.000
12605,2108,29.296875,25000000.000
12606,2114,32.226562,25000000.000
12607,2116,33.203125,25000000.000
12608,2122,36.132812,25000000.000
12609,2119,34.667969,25000000.000
12610,2118,34.179688,25000000.000
12611,2117,33.691406,25000000.000
12612,2111,30.761719,25000000.000
12613,2105,27.832031,25000000.000
12614,2098,24.414062,25000000.000
12615,2095,22.949219,25000000.000
12616,2081,16.113281,25000000.000
12617,2072,11.718750,25000000.000
12618,2058,4.882812,25000000.000
12619,2059,5.371094,25000000.000
12620,2039,-4.394531,25000000.000
12621,2026,-10.742188,25000000.000
12622,2015,-16.113281,25000000.000
12623,2015,-16.113281,25000000.000
12624,1997,-24.902344,25000000.000
12625,1987,-29.785156,25000000.000
12626,1982,-32.226562,25000000.000
12627,1981,-32.714844,25000000.000
12628,1968,-39.062500,25000000.000
12629,1980,-33.203125,25000000.000
12630,1966,-40.039062,25000000.000
12631,1977,-34.667969,25000000.000
12632,1977,-34.667969,25000000.000
12633,1988,-29.296875,25000000.000
12634,1992,-27.343750,25000000.000
12635,1995,-25.878906,25000000.000
12636,2009,-19.042969,25000000.000
12637,2018,-14.648438,25000000.000
12638,2023,-12.207031,25000000.000
12639,2023,-12.207031,25000000.000
12640,2051,1.464844,25000000.000
12641,2060,5.859375,25000000.000
12642,2073,12.207031,25000000.000
12643,2072,11.718750,25000000.000
12644,2096,23.437500,25000000.000
12645,2102,26.367188,25000000.000
12646,2109,29.785156,25000000.000
12647,2107,28.808594,25000000.000
12648,2117,33.691406,25000000.000
12649,2121,35.644531,25000000.000
12650,2119,34.667969,25000000.000
12651,2120,35.156250,25000000.000
12652,2114,32.226562,25000000.000
12653,2109,29.785156,25000000.000
12654,2105,27.832031,25000000.000
12655,2104,27.343750,25000000.000
12656,2089,20.019531,25000000.000
12657,2078,14.648438,25000000.000
12658,2070,10.742188,25000000.000
12659,2068,9.765625,25000000.000
12660,2047,-0.488281,25000000.000
12661,2036,-5.859375,25000000.000
12662,2025,-11.230469,25000000.000
12663,2024,-11.718750,25000000.000
12664,2002,-22.460938,25000000.000
12665,1996,-25.390625,25000000.000
12666,1986,-30.273438,25000000.000
12667,1986,-30.273438,25000000.000
12668,1976,-35.156250,25000000.000
12669,1974,-36.132812,25000000.000
12670,1974,-36.132812,25000000.000
12671,1975,-35.644531,25000000.000
12672,1978,-34.179688,25000000.000
12673,1981,-32.714844,25000000.000
12674,1987,-29.785156,25000000.000
12675,1986,-30.273438,25000000.000
12676,2001,-22.949219,25000000.000
12677,2007,-20.019531,25000000.000
12678,2018,-14.648438,25000000.000
12679,2019,-14.160156,25000000.000
12680,2040,-3.906250,25000000.000
12681,2051,1.464844,25000000.000
12682,2062,6.835938,25000000.000
12683,2063,7.324219,25000000.000
12684,2085,18.066406,25000000.000
12685,2097,23.925781,25000000.000
12686,2104,27.343750,25000000.000
12687,2106,28.320312,25000000.000
12688,2117,33.691406,25000000.000
12689,2119,34.667969,25000000.000
12690,2123,36.621094,25000000.000
12691,2122,36.132812,25000000.000
12692,2130,40.039062,25000000.000
12693,2115,32.714844,25000000.000
12694,2126,38.085938,25000000.000
12695,2108,29.296875,25000000.000
12696,2086,18.554688,25000000.000
12697,2089,20.019531,25000000.000
12698,2078,14.648438,25000000.000
12699,2084,17.578125,25000000.000
12700,2054,2.929688,25000000.000
12701,2046,-0.976562,25000000.000
12702,2035,-6.347656,25000000.000
12703,2036,-5.859375,25000000.000
12704,2011,-18.066406,25000000.000
12705,2002,-22.460938,25000000.000
12706,1993,-26.855469,25000000.000
12707,1992,-27.343750,25000000.000
12708,1979,-33.691406,25000000.000
12709,1976,-35.156250,25000000.000
12710,1974,-36.132812,25000000.000
12711,1972,-37.109375,25000000.000
12712,1976,-35.156250,25000000.000
12713,1976,-35.156250,25000000.000
12714,1990,-28.320312,25000000.000
12715,1986,-30.273438,25000000.000
12716,1992,-27.343750,25000000.000
12717,2003,-21.972656,25000000.000
12718,2010,-18.554688,25000000.000
12719,2014,-16.601562,25000000.000
12720,2031,-8.300781,25000000.000
12721,2042,-2.929688,25000000.000
12722,2056,3.906250,25000000.000
12723,2057,4.394531,25000000.000
12724,2081,16.113281,25000000.000
12725,2087,19.042969,25000000.000
12726,2099,24.902344,25000000.000
12727,2097,23.925781,25000000.000
12728,2112,31.250000,25000000.000
12729,2118,34.179688,25000000.000
12730,2120,35.156250,25000000.000
12731,2118,34.179688,25000000.000
12732,2121,35.644531,25000000.000
12733,2118,34.179688,25000000.000
12734,2113,31.738281,25000000.000
12735,2114,32.226562,25000000.000
12736,2103,26.855469,25000000.000
12737,2093,21.972656,25000000.000
12738,2086,18.554688,25000000.000
12739,2086,18.554688,25000000.000
12740,2068,9.765625,25000000.000
12741,2054,2.929688,25000000.000
12742,2045,-1.464844,25000000.000
12743,2041,-3.417969,25000000.000
12744,2021,-13.183594,25000000.000
12745,2010,-18.554688,25000000.000
12746,2001,-22.949219,25000000.000
12747,1999,-23.925781,25000000.000
12748,1981,-32.714844,25000000.000
12749,1979,-33.691406,25000000.000
12750,1975,-35.644531,25000000.000
12751,1986,-30.273438,25000000.000
12752,1975,-35.644531,25000000.000
12753,1977,-34.667969,25000000.000
12754,1979,-33.691406,25000000.000
12755,1983,-31.738281,25000000.000
12756,1988,-29.296875,25000000.000
12757,1995,-25.878906,25000000.000
12758,2005,-20.996094,25000000.000
12759,2004,-21.484375,25000000.000
12760,2023,-12.207031,25000000.000
12761,2033,-7.324219,25000000.000
12762,2045,-1.464844,25000000.000
12763,2045,-1.464844,25000000.000
12764,2067,9.277344,25000000.000
12765,2080,15.625000,25000000.000
12766,2088,19.531250,25000000.000
12767,2091,20.996094,25000000.000
12768,2105,27.832031,25000000.000
12769,2113,31.738281,25000000.000
12770,2118,34.179688,25000000.000
12771,2118,34.179688,25000000.000
12772,2122,36.132812,25000000.000
12773,2118,34.179688,25000000.000
12774,2118,34.179688,25000000.000
12775,2116,33.203125,25000000.000
12776,2108,29.296875,25000000.000
12777,2101,25.878906,25000000.000
12778,2091,20.996094,25000000.000
12779,2091,20.996094,25000000.000
12780,2075,13.183594,25000000.000
12781,2065,8.300781,25000000.000
12782,2054,2.929688,25000000.000
12783,2054,2.929688,25000000.000
12784,2030,-8.789062,25000000.000
12785,2020,-13.671875,25000000.000
12786,2009,-19.042969,25000000.000
12787,2008,-19.531250,25000000.000
12788,1991,-27.832031,25000000.000
12789,1983,-31.738281,25000000.000
12790,1979,-33.691406,25000000.000
12791,1978,-34.179688,25000000.000
12792,1974,-36.132812,25000000.000
12793,1972,-37.109375,25000000.000
12794,1975,-35.644531,25000000.000
12795,1975,-35.644531,25000000.000
12796,1982,-32.226562,25000000.000
12797,1989,-28.808594,25000000.000
12798,1995,-25.878906,25000000.000
12799,1996,-25.390625,25000000.000
12800,2011,-18.066406,25000000.000
12801,2025,-11.230469,25000000.000
12802,2033,-7.324219,25000000.000
12803,2035,-6.347656,25000000.000
12804,2058,4.882812,25000000.000
12805,2069,10.253906,25000000.000
12806,2080,15.625000,25000000.000
12807,2081,16.113281,25000000.000
12808,2102,26.367188,25000000.000
12809,2107,28.808594,25000000.000
12810,2113,31.738281,25000000.000
12811,2113,31.738281,25000000.000
12812,2119,34.667969,25000000.000
12813,2120,35.156250,25000000.000
12814,2119,34.667969,25000000.000
12815,2118,34.179688,25000000.000
12816,2110,30.273438,25000000.000
12817,2106,28.320312,25000000.000
12818,2100,25.390625,25000000.000
12819,2100,25.390625,25000000.000
12820,2084,17.578125,25000000.000
12821,2071,11.230469,25000000.000
12822,2064,7.812500,25000000.000
12823,2063,7.324219,25000000.000
12824,2040,-3.906250,25000000.000
12825,2029,-9.277344,25000000.000
12826,2019,-14.160156,25000000.000
12827,2016,-15.625000,25000000.000
12828,1997,-24.902344,25000000.000
12829,1990,-28.320312,25000000.000
12830,1982,-32.226562,25000000.000
12831,1981,-32.714844,25000000.000
12832,1974,-36.132812,25000000.000
12833,1974,-36.132812,25000000.000
12834,1973,-36.621094,25000000.000
12835,1975,-35.644531,25000000.000
12836,1979,-33.691406,25000000.000
12837,1982,-32.226562,25000000.000
12838,1991,-27.832031,25000000.000
12839,1991,-27.832031,25000000.000
12840,2003,-21.972656,25000000.000
12841,2014,-16.601562,25000000.000
12842,2026,-10.742188,25000000.000
12843,2025,-11.230469,25000000.000
12844,2046,-0.976562,25000000.000
12845,2059,5.371094,25000000.000
12846,2070,10.742188,25000000.000
12847,2071,11.230469,25000000.000
12848,2092,21.484375,25000000.000
12849,2100,25.390625,25000000.000
12850,2108,29.296875,25000000.000
12851,2110,30.273438,25000000.000
12852,2119,34.667969,25000000.000
12853,2120,35.156250,25000000.000
12854,2120,35.156250,25000000.000
12855,2121,35.644531,25000000.000
12856,2116,33.203125,25000000.000
12857,2113,31.738281,25000000.000
12858,2107,28.808594,25000000.000
12859,2106,28.320312,25000000.000
12860,2089,20.019531,25000000.000
12861,2083,17.089844,25000000.000
12862,2075,13.183594,25000000.000
12863,2066,8.789062,25000000.000
12864,2053,2.441406,25000000.000
12865,2036,-5.859375,25000000.000
12866,2027,-10.253906,25000000.000
12867,2024,-11.718750,25000000.000
12868,2005,-20.996094,25000000.000
12869,1997,-24.902344,25000000.000
12870,1990,-28.320312,25000000.000
12871,1990,-28.320312,25000000.000
12872,1977,-34.667969,25000000.000
12873,1974,-36.132812,25000000.000
12874,1974,-36.132812,25000000.000
12875,1973,-36.621094,25000000.000
12876,1977,-34.667969,25000000.000
12877,1980,-33.203125,25000000.000
12878,1982,-32.226562,25000000.000
12879,1983,-31.738281,25000000.000
12880,1998,-24.414062,25000000.000
12881,2007,-20.019531,25000000.000
12882,2015,-16.113281,25000000.000
12883,2017,-15.136719,25000000.000
12884,2037,-5.371094,25000000.000
12885,2049,0.488281,25000000.000
12886,2061,6.347656,25000000.000
12887,2063,7.324219,25000000.000
12888,2084,17.578125,25000000.000
12889,2093,21.972656,25000000.000
12890,2103,26.855469,25000000.000
12891,2104,27.343750,25000000.000
12892,2117,33.691406,25000000.000
12893,2119,34.667969,25000000.000
12894,2122,36.132812,25000000.000
12895,2120,35.156250,25000000.000
12896,2120,35.156250,25000000.000
12897,2117,33.691406,25000000.000
12898,2111,30.761719,25000000.000
12899,2111,30.761719,25000000.000
12900,2097,23.925781,25000000.000
12901,2091,20.996094,25000000.000
12902,2081,16.113281,25000000.000
12903,2082,16.601562,25000000.000
12904,2060,5.859375,25000000.000
12905,2044,-1.953125,25000000.000
12906,2043,-2.441406,25000000.000
12907,2035,-6.347656,25000000.000
12908,2016,-15.625000,25000000.000
12909,2004,-21.484375,25000000.000
12910,2011,-18.066406,25000000.000
12911,1988,-29.296875,25000000.000
12912,1986,-30.273438,25000000.000
12913,1969,-38.574219,25000000.000
12914,1968,-39.062500,25000000.000
12915,1973,-36.621094,25000000.000
12916,1972,-37.109375,25000000.000
12917,1976,-35.156250,25000000.000
12918,1985,-30.761719,25000000.000
12919,1989,-28.808594,25000000.000
12920,1988,-29.296875,25000000.000
12921,2001,-22.949219,25000000.000
12922,2007,-20.019531,25000000.000
12923,2010,-18.554688,25000000.000
12924,2028,-9.765625,25000000.000
12925,2038,-4.882812,25000000.000
12926,2052,1.953125,25000000.000
12927,2053,2.441406,25000000.000
12928,2074,12.695312,25000000.000
12929,2087,19.042969,25000000.000
12930,2095,22.949219,25000000.000
12931,2095,22.949219,25000000.000
12932,2110,30.273438,25000000.000
12933,2117,33.691406,25000000.000
12934,2119,34.667969,25000000.000
12935,2120,35.156250,25000000.000
12936,2121,35.644531,25000000.000
12937,2119,34.667969,25000000.000
12938,2116,33.203125,25000000.000
12939,2114,32.226562,25000000.000
12940,2105,27.832031,25000000.000
12941,2096,23.437500,25000000.000
12942,2089,20.019531,25000000.000
12943,2086,18.554688,25000000.000
12944,2070,10.742188,25000000.000
12945,2058,4.882812,25000000.000
12946,2046,-0.976562,25000000.000
12947,2045,-1.464844,25000000.000
12948,2023,-12.207031,25000000.000
12949,2014,-16.601562,25000000.000
12950,2002,-22.460938,25000000.000
12951,2003,-21.972656,25000000.000
12952,1986,-30.273438,25000000.000
12953,1980,-33.203125,25000000.000
12954,1976,-35.156250,25000000.000
12955,1976,-35.156250,25000000.000
12956,1975,-35.644531,25000000.000
12957,1973,-36.621094,25000000.000
12958,1979,-33.691406,25000000.000
12959,1978,-34.179688,25000000.000
12960,1986,-30.273438,25000000.000
12961,1994,-26.367188,25000000.000
12962,2001,-22.949219,25000000.000
12963,2001,-22.949219,25000000.000
12964,2020,-13.671875,25000000.000
12965,2031,-8.300781,25000000.000
12966,2042,-2.929688,25000000.000
12967,2043,-2.441406,25000000.000
12968,2062,6.835938,25000000.000
12969,2077,14.160156,25000000.000
12970,2086,18.554688,25000000.000
12971,2088,19.531250,25000000.000
12972,2105,27.832031,25000000.000
12973,2107,28.808594,25000000.000
12974,2118,34.179688,25000000.000
12975,2118,34.179688,25000000.000
12976,2120,35.156250,25000000.000
12977,2122,36.132812,25000000.000
12978,2116,33.203125,25000000.000
12979,2117,33.691406,25000000.000
12980,2109,29.785156,25000000.000
12981,2103,26.855469,25000000.000
12982,2094,22.460938,25000000.000
12983,2094,22.460938,25000000.000
12984,2076,13.671875,25000000.000
12985,2066,8.789062,25000000.000
12986,2056,3.906250,25000000.000
12987,2056,3.906250,25000000.000
12988,2034,-6.835938,25000000.000
12989,2022,-12.695312,25000000.000
12990,2011,-18.066406,25000000.000
12991,2010,-18.554688,25000000.000
12992,1993,-26.855469,25000000.000
12993,1985,-30.761719,25000000.000
12994,1978,-34.179688,25000000.000
12995,1978,-34.179688,25000000.000
12996,1974,-36.132812,25000000.000
12997,1972,-37.109375,25000000.000
12998,1974,-36.132812,25000000.000
12999,1976,-35.156250,25000000.000
13000,1981,-32.714844,25000000.000
13001,1988,-29.296875,25000000.000
13002,1993,-26.855469,25000000.000
13003,1996,-25.390625,25000000.000
13004,2009,-19.042969,25000000.000
13005,2018,-14.648438,25000000.000
13006,2032,-7.812500,25000000.000
13007,2032,-7.812500,25000000.000
13008,2056,3.906250,25000000.000
13009,2064,7.812500,25000000.000
13010,2076,13.671875,25000000.000
13011,2077,14.160156,25000000.000
13012,2097,23.925781,25000000.000
13013,2106,28.320312,25000000.000
13014,2111,30.761719,25000000.000
13015,2111,30.761719,25000000.000
13016,2118,34.179688,25000000.000
13017,2120,35.156250,25000000.000
13018,2119,34.667969,25000000.000
13019,2119,34.667969,25000000.000
13020,2113,31.738281,25000000.000
13021,2107,28.808594,25000000.000
13022,2101,25.878906,25000000.000
13023,2099,24.902344,25000000.000
13024,2086,18.554688,25000000.000
13025,2074,12.695312,25000000.000
13026,2066,8.789062,25000000.000
13027,2063,7.324219,25000000.000
13028,2043,-2.441406,25000000.000
13029,2033,-7.324219,25000000.000
13030,2021,-13.183594,25000000.000
13031,2019,-14.160156,25000000.000
13032,2002,-22.460938,25000000.000
13033,1997,-24.902344,25000000.000
13034,1989,-28.808594,25000000.000
13035,2003,-21.972656,25000000.000
13036,1978,-34.179688,25000000.000
13037,1976,-35.156250,25000000.000
13038,1973,-36.621094,25000000.000
13039,1977,-34.667969,25000000.000
13040,1974,-36.132812,25000000.000
13041,1982,-32.226562,25000000.000
13042,1988,-29.296875,25000000.000
13043,1989,-28.808594,25000000.000
13044,2003,-21.972656,25000000.000
13045,2014,-16.601562,25000000.000
13046,2021,-13.183594,25000000.000
13047,2021,-13.183594,25000000.000
13048,2043,-2.441406,25000000.000
13049,2058,4.882812,25000000.000
13050,2067,9.277344,25000000.000
13051,2069,10.253906,25000000.000
13052,2090,20.507812,25000000.000
13053,2098,24.414062,25000000.000
13054,2108,29.296875,25000000.000
13055,2109,29.785156,25000000.000
13056,2117,33.691406,25000000.000
13057,2129,39.550781,25000000.000
13058,2126,38.085938,25000000.000
13059,2119,34.667969,25000000.000
13060,2119,34.667969,25000000.000
13061,2116,33.203125,25000000.000
13062,2107,28.808594,25000000.000
13063,2105,27.832031,25000000.000
13064,2091,20.996094,25000000.000
13065,2085,18.066406,25000000.000
13066,2074,12.695312,25000000.000
13067,2074,12.695312,25000000.000
13068,2053,2.441406,25000000.000
13069,2042,-2.929688,25000000.000
13070,2031,-8.300781,25000000.000
13071,2030,-8.789062,25000000.000
13072,2010,-18.554688,25000000.000
13073,1999,-23.925781,25000000.000
13074,1990,-28.320312,25000000.000
13075,1989,-28.808594,25000000.000
13076,1979,-33.691406,25000000.000
13077,1976,-35.156250,25000000.000
13078,1973,-36.621094,25000000.000
13079,1973,-36.621094,25000000.000
13080,1976,-35.156250,25000000.000
13081,1981,-32.714844,25000000.000
13082,1982,-32.226562,25000000.000
13083,1984,-31.250000,25000000.000
13084,1995,-25.878906,25000000.000
13085,2004,-21.484375,25000000.000
13086,2013,-17.089844,25000000.000
13087,2015,-16.113281,25000000.000
13088,2036,-5.859375,25000000.000
13089,2046,-0.976562,25000000.000
13090,2060,5.859375,25000000.000
13091,2060,5.859375,25000000.000
13092,2083,17.089844,25000000.000
13093,2090,20.507812,25000000.000
13094,2100,25.390625,25000000.000
13095,2103,26.855469,25000000.000
13096,2113,31.738281,25000000.000
13097,2106,28.320312,25000000.000
13098,2122,36.132812,25000000.000
13099,2117,33.691406,25000000.000
13100,2121,35.644531,25000000.000
13101,2114,32.226562,25000000.000
13102,2114,32.226562,25000000.000
13103,2112,31.250000,25000000.000
13104,2098,24.414062,25000000.000
13105,2091,20.996094,25000000.000
13106,2082,16.601562,25000000.000
13107,2079,15.136719,25000000.000
13108,2063,7.324219,25000000.000
13109,2051,1.464844,25000000.000
13110,2041,-3.417969,25000000.000
13111,2038,-4.882812,25000000.000
13112,2017,-15.136719,25000000.000
13113,2007,-20.019531,25000000.000
13114,1999,-23.925781,25000000.000
13115,1998,-24.414062,25000000.000
13116,1982,-32.226562,25000000.000
13117,1979,-33.691406,25000000.000
13118,1974,-36.132812,25000000.000
13119,1976,-35.156250,25000000.000
13120,1974,-36.132812,25000000.000
13121,1976,-35.156250,25000000.000
13122,1980,-33.203125,25000000.000
13123,1981,-32.714844,25000000.000
13124,1992,-27.343750,25000000.000
13125,1997,-24.902344,25000000.000
13126,2007,-20.019531,25000000.000
13127,2007,-20.019531,25000000.000
13128,2025,-11.230469,25000000.000
13129,2040,-3.906250,25000000.000
13130,2048,0.000000,25000000.000
13131,2049,0.488281,25000000.000
13132,2071,11.230469,25000000.000
13133,2084,17.578125,25000000.000
13134,2091,20.996094,25000000.000
13135,2094,22.460938,25000000.000
13136,2109,29.785156,25000000.000
13137,2115,32.714844,25000000.000
13138,2119,34.667969,25000000.000
13139,2120,35.156250,25000000.000
13140,2122,36.132812,25000000.000
13141,2119,34.667969,25000000.000
13142,2116,33.203125,25000000.000
13143,2115,32.714844,25000000.000
13144,2106,28.320312,25000000.000
13145,2099,24.902344,25000000.000
13146,2092,21.484375,25000000.000
13147,2089,20.019531,25000000.000
13148,2070,10.742188,25000000.000
13149,2063,7.324219,25000000.000
13150,2050,0.976562,25000000.000
13151,2048,0.000000,25000000.000
13152,2027,-10.253906,25000000.000
13153,2015,-16.113281,25000000.000
13154,2007,-20.019531,25000000.000
13155,2005,-20.996094,25000000.000
13156,1990,-28.320312,25000000.000
13157,1979,-33.691406,25000000.000
13158,1979,-33.691406,25000000.000
13159,1977,-34.667969,25000000.000
13160,1974,-36.132812,25000000.000
13161,1974,-36.132812,25000000.000
13162,1976,-35.156250,25000000.000
13163,1975,-35.644531,25000000.000
13164,1984,-31.250000,25000000.000
13165,1991,-27.832031,25000000.000
13166,1998,-24.414062,25000000.000
13167,1999,-23.925781,25000000.000
13168,2015,-16.113281,25000000.000
13169,2025,-11.230469,25000000.000
13170,2040,-3.906250,25000000.000
13171,2040,-3.906250,25000000.000
13172,2061,6.347656,25000000.000
13173,2074,12.695312,25000000.000
13174,2085,18.066406,25000000.000
13175,2085,18.066406,25000000.000
13176,2103,26.855469,25000000.000
13177,2108,29.296875,25000000.000
13178,2115,32.714844,25000000.000
13179,2115,32.714844,25000000.000
13180,2120,35.156250,25000000.000
13181,2123,36.621094,25000000.000
13182,2117,33.691406,25000000.000
13183,2118,34.179688,25000000.000
13184,2110,30.273438,25000000.000
13185,2103,26.855469,25000000.000
13186,2098,24.414062,25000000.000
13187,2098,24.414062,25000000.000
13188,2079,15.136719,25000000.000
13189,2070,10.742188,25000000.000
13190,2060,5.859375,25000000.000
13191,2058,4.882812,25000000.000
13192,2037,-5.371094,25000000.000
13193,2025,-11.230469,25000000.000
13194,2014,-16.601562,25000000.000
13195,2012,-17.578125,25000000.000
13196,1997,-24.902344,25000000.000
13197,1987,-29.785156,25000000.000
13198,1974,-36.132812,25000000.000
13199,1975,-35.644531,25000000.000
13200,1974,-36.132812,25000000.000
13201,1972,-37.109375,25000000.000
13202,1976,-35.156250,25000000.000
13203,1975,-35.644531,25000000.000
13204,1980,-33.203125,25000000.000
13205,1984,-31.250000,25000000.000
13206,1993,-26.855469,25000000.000
13207,1993,-26.855469,25000000.000
13208,2008,-19.531250,25000000.000
13209,2018,-14.648438,25000000.000
13210,2028,-9.765625,25000000.000
13211,2029,-9.277344,25000000.000
13212,2050,0.976562,25000000.000
13213,2062,6.835938,25000000.000
13214,2074,12.695312,25000000.000
13215,2075,13.183594,25000000.000
13216,2094,22.460938,25000000.000
13217,2104,27.343750,25000000.000
13218,2110,30.273438,25000000.000
13219,2112,31.250000,25000000.000
13220,2118,34.179688,25000000.000
13221,2119,34.667969,25000000.000
13222,2120,35.156250,25000000.000
13223,2119,34.667969,25000000.000
13224,2115,32.714844,25000000.000
13225,2108,29.296875,25000000.000
13226,2104,27.343750,25000000.000
13227,2100,25.390625,25000000.000
13228,2087,19.042969,25000000.000
13229,2079,15.136719,25000000.000
13230,2067,9.277344,25000000.000
13231,2066,8.789062,25000000.000
13232,2044,-1.953125,25000000.000
13233,2035,-6.347656,25000000.000
13234,2023,-12.207031,25000000.000
13235,2022,-12.695312,25000000.000
13236,2002,-22.460938,25000000.000
13237,1996,-25.390625,25000000.000
13238,1985,-30.761719,25000000.000
13239,1982,-32.226562,25000000.000
13240,1976,-35.156250,25000000.000
13241,1973,-36.621094,25000000.000
13242,1974,-36.132812,25000000.000
13243,1973,-36.621094,25000000.000
13244,1978,-34.179688,25000000.000
13245,1982,-32.226562,25000000.000
13246,1986,-30.273438,25000000.000
13247,1986,-30.273438,25000000.000
13248,1996,-25.390625,25000000.000
13249,2009,-19.042969,25000000.000
13250,2020,-13.671875,25000000.000
13251,2023,-12.207031,25000000.000
13252,2043,-2.441406,25000000.000
13253,2055,3.417969,25000000.000
13254,2064,7.812500,25000000.000
13255,2067,9.277344,25000000.000
13256,2087,19.042969,25000000.000
13257,2096,23.437500,25000000.000
13258,2107,28.808594,25000000.000
13259,2106,28.320312,25000000.000
13260,2117,33.691406,25000000.000
13261,2120,35.156250,25000000.000
13262,2123,36.621094,25000000.000
13263,2120,35.156250,25000000.000
13264,2117,33.691406,25000000.000
13265,2116,33.203125,25000000.000
13266,2108,29.296875,25000000.000
13267,2108,29.296875,25000000.000
13268,2095,22.949219,25000000.000
13269,2085,18.066406,25000000.000
13270,2078,14.648438,25000000.000
13271,2076,13.671875,25000000.000
13272,2057,4.394531,25000000.000
13273,2045,-1.464844,25000000.000
13274,2034,-6.835938,25000000.000
13275,2031,-8.300781,25000000.000
13276,2012,-17.578125,25000000.000
13277,2001,-22.949219,25000000.000
13278,1991,-27.832031,25000000.000
13279,1991,-27.832031,25000000.000
13280,1980,-33.203125,25000000.000
13281,1977,-34.667969,25000000.000
13282,1974,-36.132812,25000000.000
13283,1974,-36.132812,25000000.000
13284,1976,-35.156250,25000000.000
13285,1979,-33.691406,25000000.000
13286,1982,-32.226562,25000000.000
13287,1984,-31.250000,25000000.000
13288,1995,-25.878906,25000000.000
13289,2002,-22.460938,25000000.000
13290,2012,-17.578125,25000000.000
13291,2012,-17.578125,25000000.000
13292,2031,-8.300781,25000000.000
13293,2043,-2.441406,25000000.000
13294,2057,4.394531,25000000.000
13295,2058,4.882812,25000000.000
13296,2076,13.671875,25000000.000
13297,2091,20.996094,25000000.000
13298,2095,22.949219,25000000.000
13299,2099,24.902344,25000000.000
13300,2112,31.250000,25000000.000
13301,2119,34.667969,25000000.000
13302,2121,35.644531,25000000.000
13303,2122,36.132812,25000000.000
13304,2121,35.644531,25000000.000
13305,2118,34.179688,25000000.000
13306,2113,31.738281,25000000.000
13307,2112,31.250000,25000000.000
13308,2102,26.367188,25000000.000
13309,2094,22.460938,25000000.000
13310,2084,17.578125,25000000.000
13311,2083,17.089844,25000000.000
13312,2066,8.789062,25000000.000
13313,2053,2.441406,25000000.000
13314,2042,-2.929688,25000000.000
13315,2043,-2.441406,25000000.000
13316,2020,-13.671875,25000000.000
13317,2012,-17.578125,25000000.000
13318,2002,-22.460938,25000000.000
13319,2002,-22.460938,25000000.000
13320,1986,-30.273438,25000000.000
13321,1975,-35.644531,25000000.000
13322,2000,-23.437500,25000000.000
13323,1972,-37.109375,25000000.000
13324,1982,-32.226562,25000000.000
13325,1974,-36.132812,25000000.000
13326,1983,-31.738281,25000000.000
13327,1979,-33.691406,25000000.000
13328,1989,-28.808594,25000000.000
13329,1996,-25.390625,25000000.000
13330,2002,-22.460938,25000000.000
13331,2004,-21.484375,25000000.000
13332,2021,-13.183594,25000000.000
13333,2035,-6.347656,25000000.000
13334,2045,-1.464844,25000000.000
13335,2047,-0.488281,25000000.000
13336,2069,10.253906,25000000.000
13337,2080,15.625000,25000000.000
13338,2088,19.531250,25000000.000
13339,2090,20.507812,25000000.000
13340,2108,29.296875,25000000.000
13341,2113,31.738281,25000000.000
13342,2119,34.667969,25000000.000
13343,2119,34.667969,25000000.000
13344,2120,35.156250,25000000.000
13345,2121,35.644531,25000000.000
13346,2116,33.203125,25000000.000
13347,2115,32.714844,25000000.000
13348,2107,28.808594,25000000.000
13349,2102,26.367188,25000000.000
13350,2092,21.484375,25000000.000
13351,2091,20.996094,25000000.000
13352,2076,13.671875,25000000.000
13353,2065,8.300781,25000000.000
13354,2054,2.929688,25000000.000
13355,2053,2.441406,25000000.000
13356,2031,-8.300781,25000000.000
13357,2017,-15.136719,25000000.000
13358,2009,-19.042969,25000000.000
13359,2007,-20.019531,25000000.000
13360,1991,-27.832031,25000000.000
13361,1984,-31.250000,25000000.000
13362,1979,-33.691406,25000000.000
13363,1976,-35.156250,25000000.000
13364,1972,-37.109375,25000000.000
13365,1975,-35.644531,25000000.000
13366,1975,-35.644531,25000000.000
13367,1976,-35.156250,25000000.000
13368,1983,-31.738281,25000000.000
13369,1988,-29.296875,25000000.000
13370,1997,-24.902344,25000000.000
13371,1997,-24.902344,25000000.000
13372,2016,-15.625000,25000000.000
13373,2026,-10.742188,25000000.000
13374,2036,-5.859375,25000000.000
13375,2036,-5.859375,25000000.000
13376,2058,4.882812,25000000.000
13377,2071,11.230469,25000000.000
13378,2080,15.625000,25000000.000
13379,2082,16.601562,25000000.000
13380,2098,24.414062,25000000.000
13381,2109,29.785156,25000000.000
13382,2112,31.250000,25000000.000
13383,2113,31.738281,25000000.000
13384,2120,35.156250,25000000.000
13385,2119,34.667969,25000000.000
13386,2119,34.667969,25000000.000
13387,2119,34.667969,25000000.000
13388,2111,30.761719,25000000.000
13389,2105,27.832031,25000000.000
13390,2099,24.902344,25000000.000
13391,2098,24.414062,25000000.000
13392,2082,16.601562,25000000.000
13393,2073,12.207031,25000000.000
13394,2060,5.859375,25000000.000
13395,2059,5.371094,25000000.000
13396,2039,-4.394531,25000000.000
13397,2028,-9.765625,25000000.000
13398,2015,-16.113281,25000000.000
13399,2016,-15.625000,25000000.000
13400,1996,-25.390625,25000000.000
13401,1988,-29.296875,25000000.000
13402,1982,-32.226562,25000000.000
13403,1982,-32.226562,25000000.000
13404,1961,-42.480469,25000000.000
13405,1982,-32.226562,25000000.000
13406,1979,-33.691406,25000000.000
13407,1972,-37.109375,25000000.000
13408,1980,-33.203125,25000000.000
13409,1983,-31.738281,25000000.000
13410,1989,-28.808594,25000000.000
13411,1989,-28.808594,25000000.000
13412,2007,-20.019531,25000000.000
13413,2016,-15.625000,25000000.000
13414,2023,-12.207031,25000000.000
13415,2024,-11.718750,25000000.000
13416,2048,0.000000,25000000.000
13417,2059,5.371094,25000000.000
13418,2072,11.718750,25000000.000
13419,2074,12.695312,25000000.000
13420,2094,22.460938,25000000.000
13421,2100,25.390625,25000000.000
13422,2109,29.785156,25000000.000
13423,2110,30.273438,25000000.000
13424,2118,34.179688,25000000.000
13425,2119,34.667969,25000000.000
13426,2121,35.644531,25000000.000
13427,2119,34.667969,25000000.000
13428,2113,31.738281,25000000.000
13429,2110,30.273438,25000000.000
13430,2105,27.832031,25000000.000
13431,2104,27.343750,25000000.000
13432,2088,19.531250,25000000.000
13433,2080,15.625000,25000000.000
13434,2071,11.230469,25000000.000
13435,2070,10.742188,25000000.000
13436,2050,0.976562,25000000.000
13437,2038,-4.882812,25000000.000
13438,2027,-10.253906,25000000.000
13439,2026,-10.742188,25000000.000
13440,2008,-19.531250,25000000.000
13441,1993,-26.855469,25000000.000
13442,1986,-30.273438,25000000.000
13443,1986,-30.273438,25000000.000
13444,1976,-35.156250,25000000.000
13445,1975,-35.644531,25000000.000
13446,1974,-36.132812,25000000.000
13447,1971,-37.597656,25000000.000
13448,1976,-35.156250,25000000.000
13449,1982,-32.226562,25000000.000
13450,1985,-30.761719,25000000.000
13451,1987,-29.785156,25000000.000
13452,1999,-23.925781,25000000.000
13453,2007,-20.019531,25000000.000
13454,2016,-15.625000,25000000.000
13455,2018,-14.648438,25000000.000
13456,2038,-4.882812,25000000.000
13457,2049,0.488281,25000000.000
13458,2061,6.347656,25000000.000
13459,2062,6.835938,25000000.000
13460,2083,17.089844,25000000.000
13461,2095,22.949219,25000000.000
13462,2104,27.343750,25000000.000
13463,2103,26.855469,25000000.000
13464,2114,32.226562,25000000.000
13465,2121,35.644531,25000000.000
13466,2120,35.156250,25000000.000
13467,2122,36.132812,25000000.000
13468,2119,34.667969,25000000.000
13469,2113,31.738281,25000000.000
13470,2111,30.761719,25000000.000
13471,2109,29.785156,25000000.000
13472,2098,24.414062,25000000.000
13473,2087,19.042969,25000000.000
13474,2082,16.601562,25000000.000
13475,2079,15.136719,25000000.000
13476,2060,5.859375,25000000.000
13477,2049,0.488281,25000000.000
13478,2037,-5.371094,25000000.000
13479,2034,-6.835938,25000000.000
13480,2013,-17.089844,25000000.000
13481,2007,-20.019531,25000000.000
13482,1994,-26.367188,25000000.000
13483,1994,-26.367188,25000000.000
13484,1982,-32.226562,25000000.000
13485,1978,-34.179688,25000000.000
13486,1975,-35.644531,25000000.000
13487,1976,-35.156250,25000000.000
13488,1974,-36.132812,25000000.000
13489,1975,-35.644531,25000000.000
13490,1981,-32.714844,25000000.000
13491,1981,-32.714844,25000000.000
13492,1993,-26.855469,25000000.000
13493,2000,-23.437500,25000000.000
13494,2008,-19.531250,25000000.000
13495,2008,-19.531250,25000000.000
13496,2027,-10.253906,25000000.000
13497,2039,-4.394531,25000000.000
13498,2051,1.464844,25000000.000
13499,2054,2.929688,25000000.000
13500,2075,13.183594,25000000.000
13501,2085,18.066406,25000000.000
13502,2096,23.437500,25000000.000
13503,2097,23.925781,25000000.000
13504,2111,30.761719,25000000.000
13505,2118,34.179688,25000000.000
13506,2120,35.156250,25000000.000
13507,2121,35.644531,25000000.000
13508,2121,35.644531,25000000.000
13509,2120,35.156250,25000000.000
13510,2114,32.226562,25000000.000
13511,2114,32.226562,25000000.000
13512,2101,25.878906,25000000.000
13513,2093,21.972656,25000000.000
13514,2091,20.996094,25000000.000
13515,2087,19.042969,25000000.000
13516,2069,10.253906,25000000.000
13517,2056,3.906250,25000000.000
13518,2050,0.976562,25000000.000
13519,2044,-1.953125,25000000.000
13520,2027,-10.253906,25000000.000
13521,2014,-16.601562,25000000.000
13522,2001,-22.949219,25000000.000
13523,2000,-23.437500,25000000.000
13524,1986,-30.273438,25000000.000
13525,1982,-32.226562,25000000.000
13526,1975,-35.644531,25000000.000
13527,1974,-36.132812,25000000.000
13528,1973,-36.621094,25000000.000
13529,1976,-35.156250,25000000.000
13530,1976,-35.156250,25000000.000
13531,1978,-34.179688,25000000.000
13532,1994,-26.367188,25000000.000
13533,1984,-31.250000,25000000.000
13534,2013,-17.089844,25000000.000
13535,2009,-19.042969,25000000.000
13536,2026,-10.742188,25000000.000
13537,2030,-8.789062,25000000.000
13538,2042,-2.929688,25000000.000
13539,2044,-1.953125,25000000.000
13540,2066,8.789062,25000000.000
13541,2076,13.671875,25000000.000
13542,2088,19.531250,25000000.000
13543,2089,20.019531,25000000.000
13544,2106,28.320312,25000000.000
13545,2113,31.738281,25000000.000
13546,2117,33.691406,25000000.000
13547,2118,34.179688,25000000.000
13548,2116,33.203125,25000000.000
13549,2120,35.156250,25000000.000
13550,2116,33.203125,25000000.000
13551,2118,34.179688,25000000.000
13552,2109,29.785156,25000000.000
13553,2102,26.367188,25000000.000
13554,2095,22.949219,25000000.000
13555,2093,21.972656,25000000.000
13556,2078,14.648438,25000000.000
13557,2065,8.300781,25000000.000
13558,2056,3.906250,25000000.000
13559,2053,2.441406,25000000.000
13560,2031,-8.300781,25000000.000
13561,2023,-12.207031,25000000.000
13562,2010,-18.554688,25000000.000
13563,2007,-20.019531,25000000.000
13564,1990,-28.320312,25000000.000
13565,1986,-30.273438,25000000.000
13566,1980,-33.203125,25000000.000
13567,1978,-34.179688,25000000.000
13568,1973,-36.621094,25000000.000
13569,1974,-36.132812,25000000.000
13570,1975,-35.644531,25000000.000
13571,1975,-35.644531,25000000.000
13572,1981,-32.714844,25000000.000
13573,1982,-32.226562,25000000.000
13574,2003,-21.972656,25000000.000
13575,2001,-22.949219,25000000.000
13576,2007,-20.019531,25000000.000
13577,2024,-11.718750,25000000.000
13578,2031,-8.300781,25000000.000
13579,2032,-7.812500,25000000.000
13580,2053,2.441406,25000000.000
13581,2069,10.253906,25000000.000
13582,2077,14.160156,25000000.000
13583,2080,15.625000,25000000.000
13584,2098,24.414062,25000000.000
13585,2105,27.832031,25000000.000
13586,2113,31.738281,25000000.000
13587,2114,32.226562,25000000.000
13588,2120,35.156250,25000000.000
13589,2120,35.156250,25000000.000
13590,2121,35.644531,25000000.000
13591,2121,35.644531,25000000.000
13592,2110,30.273438,25000000.000
13593,2107,28.808594,25000000.000
13594,2099,24.902344,25000000.000
13595,2097,23.925781,25000000.000
13596,2083,17.089844,25000000.000
13597,2076,13.671875,25000000.000
13598,2063,7.324219,25000000.000
13599,2065,8.300781,25000000.000
13600,2042,-2.929688,25000000.000
13601,2030,-8.789062,25000000.000
13602,2022,-12.695312,25000000.000
13603,2019,-14.160156,25000000.000
13604,2000,-23.437500,25000000.000
13605,1990,-28.320312,25000000.000
13606,1983,-31.738281,25000000.000
13607,1982,-32.226562,25000000.000
13608,1976,-35.156250,25000000.000
13609,1973,-36.621094,25000000.000
13610,1974,-36.132812,25000000.000
13611,1973,-36.621094,25000000.000
13612,1979,-33.691406,25000000.000
13613,1984,-31.250000,25000000.000
13614,1986,-30.273438,25000000.000
13615,1989,-28.808594,25000000.000
13616,2003,-21.972656,25000000.000
13617,2013,-17.089844,25000000.000
13618,2022,-12.695312,25000000.000
13619,2025,-11.230469,25000000.000
13620,2046,-0.976562,25000000.000
13621,2058,4.882812,25000000.000
13622,2069,10.253906,25000000.000
13623,2070,10.742188,25000000.000
13624,2090,20.507812,25000000.000
13625,2100,25.390625,25000000.000
13626,2106,28.320312,25000000.000
13627,2106,28.320312,25000000.000
13628,2119,34.667969,25000000.000
13629,2119,34.667969,25000000.000
13630,2119,34.667969,25000000.000
13631,2119,34.667969,25000000.000
13632,2114,32.226562,25000000.000
13633,2112,31.250000,25000000.000
13634,2108,29.296875,25000000.000
13635,2108,29.296875,25000000.000
13636,2092,21.484375,25000000.000
13637,2082,16.601562,25000000.000
13638,2073,12.207031,25000000.000
13639,2073,12.207031,25000000.000
13640,2051,1.464844,25000000.000
13641,2040,-3.906250,25000000.000
13642,2029,-9.277344,25000000.000
13643,2027,-10.253906,25000000.000
13644,2008,-19.531250,25000000.000
13645,1998,-24.414062,25000000.000
13646,1989,-28.808594,25000000.000
13647,1988,-29.296875,25000000.000
13648,1976,-35.156250,25000000.000
13649,1976,-35.156250,25000000.000
13650,1974,-36.132812,25000000.000
13651,1974,-36.132812,25000000.000
13652,1977,-34.667969,25000000.000
13653,1980,-33.203125,25000000.000
13654,1985,-30.761719,25000000.000
13655,1986,-30.273438,25000000.000
13656,1998,-24.414062,25000000.000
13657,2004,-21.484375,25000000.000
13658,2015,-16.113281,25000000.000
13659,2016,-15.625000,25000000.000
13660,2034,-6.835938,25000000.000
13661,2048,0.000000,25000000.000
13662,2060,5.859375,25000000.000
13663,2061,6.347656,25000000.000
13664,2080,15.625000,25000000.000
13665,2093,21.972656,25000000.000
13666,2101,25.878906,25000000.000
13667,2103,26.855469,25000000.000
13668,2115,32.714844,25000000.000
13669,2119,34.667969,25000000.000
13670,2120,35.156250,25000000.000
13671,2123,36.621094,25000000.000
13672,2120,35.156250,25000000.000
13673,2115,32.714844,25000000.000
13674,2113,31.738281,25000000.000
13675,2111,30.761719,25000000.000
13676,2100,25.390625,25000000.000
13677,2090,20.507812,25000000.000
13678,2080,15.625000,25000000.000
13679,2080,15.625000,25000000.000
13680,2061,6.347656,25000000.000
13681,2051,1.464844,25000000.000
13682,2028,-9.765625,25000000.000
13683,2037,-5.371094,25000000.000
13684,2020,-13.671875,25000000.000
13685,2020,-13.671875,25000000.000
13686,1983,-31.738281,25000000.000
13687,1992,-27.343750,25000000.000
13688,1988,-29.296875,25000000.000
13689,1978,-34.179688,25000000.000
13690,1977,-34.667969,25000000.000
13691,1972,-37.109375,25000000.000
13692,1975,-35.644531,25000000.000
13693,1977,-34.667969,25000000.000
13694,1980,-33.203125,25000000.000
13695,1978,-34.179688,25000000.000
13696,1992,-27.343750,25000000.000
13697,1999,-23.925781,25000000.000
13698,2006,-20.507812,25000000.000
13699,2008,-19.531250,25000000.000
13700,2025,-11.230469,25000000.000
13701,2037,-5.371094,25000000.000
13702,2050,0.976562,25000000.000
13703,2052,1.953125,25000000.000
13704,2073,12.207031,25000000.000
13705,2083,17.089844,25000000.000
13706,2094,22.460938,25000000.000
13707,2094,22.460938,25000000.000
13708,2111,30.761719,25000000.000
13709,2115,32.714844,25000000.000
13710,2119,34.667969,25000000.000
13711,2118,34.179688,25000000.000
13712,2121,35.644531,25000000.000
13713,2121,35.644531,25000000.000
13714,2115,32.714844,25000000.000
13715,2115,32.714844,25000000.000
13716,2104,27.343750,25000000.000
13717,2098,24.414062,25000000.000
13718,2089,20.019531,25000000.000
13719,2090,20.507812,25000000.000
13720,2069,10.253906,25000000.000
13721,2059,5.371094,25000000.000
13722,2050,0.976562,25000000.000
13723,2047,-0.488281,25000000.000
13724,2027,-10.253906,25000000.000
13725,2015,-16.113281,25000000.000
13726,2006,-20.507812,25000000.000
13727,2002,-22.460938,25000000.000
13728,1986,-30.273438,25000000.000
13729,1979,-33.691406,25000000.000
13730,1976,-35.156250,25000000.000
13731,1977,-34.667969,25000000.000
13732,1973,-36.621094,25000000.000
13733,1974,-36.132812,25000000.000
13734,1978,-34.179688,25000000.000
13735,1977,-34.667969,25000000.000
13736,1985,-30.761719,25000000.000
13737,1991,-27.832031,25000000.000
13738,1998,-24.414062,25000000.000
13739,1999,-23.925781,25000000.000
13740,2018,-14.648438,25000000.000
13741,2028,-9.765625,25000000.000
13742,2039,-4.394531,25000000.000
13743,2039,-4.394531,25000000.000
13744,2062,6.835938,25000000.000
13745,2075,13.183594,25000000.000
13746,2085,18.066406,25000000.000
13747,2087,19.042969,25000000.000
13748,2103,26.855469,25000000.000
13749,2109,29.785156,25000000.000
13750,2131,40.527344,25000000.000
13751,2093,21.972656,25000000.000
13752,2117,33.691406,25000000.000
13753,2126,38.085938,25000000.000
13754,2117,33.691406,25000000.000
13755,2116,33.203125,25000000.000
13756,2112,31.250000,25000000.000
13757,2107,28.808594,25000000.000
13758,2094,22.460938,25000000.000
13759,2095,22.949219,25000000.000
13760,2081,16.113281,25000000.000
13761,2071,11.230469,25000000.000
13762,2059,5.371094,25000000.000
13763,2056,3.906250,25000000.000
13764,2034,-6.835938,25000000.000
13765,2024,-11.718750,25000000.000
13766,2011,-18.066406,25000000.000
13767,2012,-17.578125,25000000.000
13768,1994,-26.367188,25000000.000
13769,1986,-30.273438,25000000.000
13770,1980,-33.203125,25000000.000
13771,1979,-33.691406,25000000.000
13772,1976,-35.156250,25000000.000
13773,1972,-37.109375,25000000.000
13774,1975,-35.644531,25000000.000
13775,1975,-35.644531,25000000.000
13776,1981,-32.714844,25000000.000
13777,1987,-29.785156,25000000.000
13778,1992,-27.343750,25000000.000
13779,1993,-26.855469,25000000.000
13780,2007,-20.019531,25000000.000
13781,2019,-14.160156,25000000.000
13782,2029,-9.277344,25000000.000
13783,2030,-8.789062,25000000.000
13784,2053,2.441406,25000000.000
13785,2062,6.835938,25000000.000
13786,2077,14.160156,25000000.000
13787,2079,15.136719,25000000.000
13788,2096,23.437500,25000000.000
13789,2110,30.273438,25000000.000
13790,2106,28.320312,25000000.000
13791,2113,31.738281,25000000.000
13792,2116,33.203125,25000000.000
13793,2122,36.132812,25000000.000
13794,2117,33.691406,25000000.000
13795,2118,34.179688,25000000.000
13796,2113,31.738281,25000000.000
13797,2109,29.785156,25000000.000
13798,2100,25.390625,25000000.000
13799,2101,25.878906,25000000.000
13800,2085,18.066406,25000000.000
13801,2076,13.671875,25000000.000
13802,2065,8.300781,25000000.000
13803,2063,7.324219,25000000.000
13804,2046,-0.976562,25000000.000
13805,2032,-7.812500,25000000.000
13806,2023,-12.207031,25000000.000
13807,2019,-14.160156,25000000.000
13808,2000,-23.437500,25000000.000
13809,1994,-26.367188,25000000.000
13810,1985,-30.761719,25000000.000
13811,1983,-31.738281,25000000.000
13812,1976,-35.156250,25000000.000
13813,1975,-35.644531,25000000.000
13814,1973,-36.621094,25000000.000
13815,1974,-36.132812,25000000.000
13816,1978,-34.179688,25000000.000
13817,1981,-32.714844,25000000.000
13818,1988,-29.296875,25000000.000
13819,1989,-28.808594,25000000.000
13820,2002,-22.460938,25000000.000
13821,2010,-18.554688,25000000.000
13822,2021,-13.183594,25000000.000
13823,2020,-13.671875,25000000.000
13824,2043,-2.441406,25000000.000
13825,2054,2.929688,25000000.000
13826,2065,8.300781,25000000.000
13827,2064,7.812500,25000000.000
13828,2088,19.531250,25000000.000
13829,2099,24.902344,25000000.000
13830,2104,27.343750,25000000.000
13831,2106,28.320312,25000000.000
13832,2115,32.714844,25000000.000
13833,2120,35.156250,25000000.000
13834,2121,35.644531,25000000.000
13835,2121,35.644531,25000000.000
13836,2118,34.179688,25000000.000
13837,2113,31.738281,25000000.000
13838,2108,29.296875,25000000.000
13839,2107,28.808594,25000000.000
13840,2093,21.972656,25000000.000
13841,2085,18.066406,25000000.000
13842,2076,13.671875,25000000.000
13843,2075,13.183594,25000000.000
13844,2056,3.906250,25000000.000
13845,2044,-1.953125,25000000.000
13846,2031,-8.300781,25000000.000
13847,2030,-8.789062,25000000.000
13848,2009,-19.042969,25000000.000
13849,2000,-23.437500,25000000.000
13850,1991,-27.832031,25000000.000
13851,1991,-27.832031,25000000.000
13852,1984,-31.250000,25000000.000
13853,1975,-35.644531,25000000.000
13854,1969,-38.574219,25000000.000
13855,1966,-40.039062,25000000.000
13856,1978,-34.179688,25000000.000
13857,1976,-35.156250,25000000.000
13858,1982,-32.226562,25000000.000
13859,1983,-31.738281,25000000.000
13860,1994,-26.367188,25000000.000
13861,2004,-21.484375,25000000.000
13862,2013,-17.089844,25000000.000
13863,2013,-17.089844,25000000.000
13864,2031,-8.300781,25000000.000
13865,2046,-0.976562,25000000.000
13866,2057,4.394531,25000000.000
13867,2060,5.859375,25000000.000
13868,2081,16.113281,25000000.000
13869,2091,20.996094,25000000.000
13870,2101,25.878906,25000000.000
13871,2100,25.390625,25000000.000
13872,2114,32.226562,25000000.000
13873,2117,33.691406,25000000.000
13874,2122,36.132812,25000000.000
13875,2121,35.644531,25000000.000
13876,2121,35.644531,25000000.000
13877,2117,33.691406,25000000.000
13878,2113,31.738281,25000000.000
13879,2113,31.738281,25000000.000
13880,2098,24.414062,25000000.000
13881,2093,21.972656,25000000.000
13882,2082,16.601562,25000000.000
13883,2083,17.089844,25000000.000
13884,2063,7.324219,25000000.000
13885,2052,1.953125,25000000.000
13886,2042,-2.929688,25000000.000
13887,2042,-2.929688,25000000.000
13888,2020,-13.671875,25000000.000
13889,2006,-20.507812,25000000.000
13890,1999,-23.925781,25000000.000
13891,1998,-24.414062,25000000.000
13892,1981,-32.714844,25000000.000
13893,1979,-33.691406,25000000.000
13894,1976,-35.156250,25000000.000
13895,1975,-35.644531,25000000.000
13896,1974,-36.132812,25000000.000
13897,1979,-33.691406,25000000.000
13898,1982,-32.226562,25000000.000
13899,1983,-31.738281,25000000.000
13900,1991,-27.832031,25000000.000
13901,1995,-25.878906,25000000.000
13902,2006,-20.507812,25000000.000
13903,2007,-20.019531,25000000.000
13904,2024,-11.718750,25000000.000
13905,2035,-6.347656,25000000.000
13906,2047,-0.488281,25000000.000
13907,2047,-0.488281,25000000.000
13908,2074,12.695312,25000000.000
13909,2081,16.113281,25000000.000
13910,2089,20.019531,25000000.000
13911,2089,20.019531,25000000.000
13912,2109,29.785156,25000000.000
13913,2115,32.714844,25000000.000
13914,2118,34.179688,25000000.000
13915,2121,35.644531,25000000.000
13916,2122,36.132812,25000000.000
13917,2118,34.179688,25000000.000
13918,2118,34.179688,25000000.000
13919,2118,34.179688,25000000.000
13920,2106,28.320312,25000000.000
13921,2098,24.414062,25000000.000
13922,2093,21.972656,25000000.000
13923,2090,20.507812,25000000.000
13924,2075,13.183594,25000000.000
13925,2064,7.812500,25000000.000
13926,2051,1.464844,25000000.000
13927,2050,0.976562,25000000.000
13928,2028,-9.765625,25000000.000
13929,2018,-14.648438,25000000.000
13930,2007,-20.019531,25000000.000
13931,2007,-20.019531,25000000.000
13932,1990,-28.320312,25000000.000
13933,1983,-31.738281,25000000.000
13934,1978,-34.179688,25000000.000
13935,1979,-33.691406,25000000.000
13936,1976,-35.156250,25000000.000
13937,1974,-36.132812,25000000.000
13938,1977,-34.667969,25000000.000
13939,1975,-35.644531,25000000.000
13940,1985,-30.761719,25000000.000
13941,1991,-27.832031,25000000.000
13942,1998,-24.414062,25000000.000
13943,1997,-24.902344,25000000.000
13944,2015,-16.113281,25000000.000
13945,2026,-10.742188,25000000.000
13946,2036,-5.859375,25000000.000
13947,2038,-4.882812,25000000.000
13948,2058,4.882812,25000000.000
13949,2072,11.718750,25000000.000
13950,2083,17.089844,25000000.000
13951,2084,17.578125,25000000.000
13952,2101,25.878906,25000000.000
13953,2109,29.785156,25000000.000
13954,2116,33.203125,25000000.000
13955,2115,32.714844,25000000.000
13956,2121,35.644531,25000000.000
13957,2119,34.667969,25000000.000
13958,2119,34.667969,25000000.000
13959,2118,34.179688,25000000.000
13960,2110,30.273438,25000000.000
13961,2106,28.320312,25000000.000
13962,2097,23.925781,25000000.000
13963,2098,24.414062,25000000.000
13964,2079,15.136719,25000000.000
13965,2070,10.742188,25000000.000
13966,2060,5.859375,25000000.000
13967,2059,5.371094,25000000.000
13968,2036,-5.859375,25000000.000
13969,2027,-10.253906,25000000.000
13970,2016,-15.625000,25000000.000
13971,2015,-16.113281,25000000.000
13972,1997,-24.902344,25000000.000
13973,1987,-29.785156,25000000.000
13974,1981,-32.714844,25000000.000
13975,1979,-33.691406,25000000.000
13976,1968,-39.062500,25000000.000
13977,1988,-29.296875,25000000.000
13978,1970,-38.085938,25000000.000
13979,1967,-39.550781,25000000.000
13980,1983,-31.738281,25000000.000
13981,1981,-32.714844,25000000.000
13982,1995,-25.878906,25000000.000
13983,1993,-26.855469,25000000.000
13984,2007,-20.019531,25000000.000
13985,2015,-16.113281,25000000.000
13986,2029,-9.277344,25000000.000
13987,2029,-9.277344,25000000.000
13988,2049,0.488281,25000000.000
13989,2061,6.347656,25000000.000
13990,2074,12.695312,25000000.000
13991,2073,12.207031,25000000.000
13992,2096,23.437500,25000000.000
13993,2102,26.367188,25000000.000
13994,2130,40.039062,25000000.000
13995,2113,31.738281,25000000.000
13996,2111,30.761719,25000000.000
13997,2118,34.179688,25000000.000
13998,2123,36.621094,25000000.000
13999,2124,37.109375,25000000.000
14000,2111,30.761719,25000000.000
14001,2109,29.785156,25000000.000
14002,2106,28.320312,25000000.000
14003,2106,28.320312,25000000.000
14004,2089,20.019531,25000000.000
14005,2079,15.136719,25000000.000
14006,2069,10.253906,25000000.000
14007,2068,9.765625,25000000.000
14008,2045,-1.464844,25000000.000
14009,2037,-5.371094,25000000.000
14010,2025,-11.230469,25000000.000
14011,2024,-11.718750,25000000.000
14012,2004,-21.484375,25000000.000
14013,1994,-26.367188,25000000.000
14014,1986,-30.273438,25000000.000
14015,1985,-30.761719,25000000.000
14016,1976,-35.156250,25000000.000
14017,1973,-36.621094,25000000.000
14018,1974,-36.132812,25000000.000
14019,1973,-36.621094,25000000.000
14020,1976,-35.156250,25000000.000
14021,1981,-32.714844,25000000.000
14022,1988,-29.296875,25000000.000
14023,1986,-30.273438,25000000.000
14024,2000,-23.437500,25000000.000
14025,2009,-19.042969,25000000.000
14026,2017,-15.136719,25000000.000
14027,2018,-14.648438,25000000.000
14028,2040,-3.906250,25000000.000
14029,2052,1.953125,25000000.000
14030,2062,6.835938,25000000.000
14031,2066,8.789062,25000000.000
14032,2086,18.554688,25000000.000
14033,2096,23.437500,25000000.000
14034,2104,27.343750,25000000.000
14035,2105,27.832031,25000000.000
14036,2117,33.691406,25000000.000
14037,2119,34.667969,25000000.000
14038,2122,36.132812,25000000.000
14039,2119,34.667969,25000000.000
14040,2118,34.179688,25000000.000
14041,2114,32.226562,25000000.000
14042,2107,28.808594,25000000.000
14043,2108,29.296875,25000000.000
14044,2095,22.949219,25000000.000
14045,2088,19.531250,25000000.000
14046,2076,13.671875,25000000.000
14047,2077,14.160156,25000000.000
14048,2055,3.417969,25000000.000
14049,2045,-1.464844,25000000.000
14050,2031,-8.300781,25000000.000
14051,2034,-6.835938,25000000.000
14052,2014,-16.601562,25000000.000
14053,2002,-22.460938,25000000.000
14054,1995,-25.878906,25000000.000
14055,1992,-27.343750,25000000.000
14056,1983,-31.738281,25000000.000
14057,1976,-35.156250,25000000.000
14058,1974,-36.132812,25000000.000
14059,1973,-36.621094,25000000.000
14060,1976,-35.156250,25000000.000
14061,1980,-33.203125,25000000.000
14062,1981,-32.714844,25000000.000
14063,1982,-32.226562,25000000.000
14064,1993,-26.855469,25000000.000
14065,2003,-21.972656,25000000.000
14066,2011,-18.066406,25000000.000
14067,2012,-17.578125,25000000.000
14068,2031,-8.300781,25000000.000
14069,2041,-3.417969,25000000.000
14070,2055,3.417969,25000000.000
14071,2055,3.417969,25000000.000
14072,2078,14.648438,25000000.000
14073,2086,18.554688,25000000.000
14074,2097,23.925781,25000000.000
14075,2099,24.902344,25000000.000
14076,2111,30.761719,25000000.000
14077,2119,34.667969,25000000.000
14078,2119,34.667969,25000000.000
14079,2119,34.667969,25000000.000
14080,2118,34.179688,25000000.000
14081,2118,34.179688,25000000.000
14082,2112,31.250000,25000000.000
14083,2114,32.226562,25000000.000
14084,2102,26.367188,25000000.000
14085,2095,22.949219,25000000.000
14086,2086,18.554688,25000000.000
14087,2087,19.042969,25000000.000
14088,2068,9.765625,25000000.000
14089,2055,3.417969,25000000.000
14090,2045,-1.464844,25000000.000
14091,2044,-1.953125,25000000.000
14092,2021,-13.183594,25000000.000
14093,2011,-18.066406,25000000.000
14094,2001,-22.949219,25000000.000
14095,1998,-24.414062,25000000.000
14096,1977,-34.667969,25000000.000
14097,1977,-34.667969,25000000.000
14098,1980,-33.203125,25000000.000
14099,1970,-38.085938,25000000.000
14100,1968,-39.062500,25000000.000
14101,1977,-34.667969,25000000.000
14102,1980,-33.203125,25000000.000
14103,1979,-33.691406,25000000.000
14104,1988,-29.296875,25000000.000
14105,1996,-25.390625,25000000.000
14106,2003,-21.972656,25000000.000
14107,2004,-21.484375,25000000.000
14108,2022,-12.695312,25000000.000
14109,2033,-7.324219,25000000.000
14110,2044,-1.953125,25000000.000
14111,2043,-2.441406,25000000.000
14112,2067,9.277344,25000000.000
14113,2081,16.113281,25000000.000
14114,2087,19.042969,25000000.000
14115,2092,21.484375,25000000.000
14116,2107,28.808594,25000000.000
14117,2113,31.738281,25000000.000
14118,2118,34.179688,25000000.000
14119,2118,34.179688,25000000.000
14120,2122,36.132812,25000000.000
14121,2120,35.156250,25000000.000
14122,2118,34.179688,25000000.000
14123,2117,33.691406,25000000.000
14124,2108,29.296875,25000000.000
14125,2102,26.367188,25000000.000
14126,2093,21.972656,25000000.000
14127,2092,21.484375,25000000.000
14128,2075,13.183594,25000000.000
14129,2066,8.789062,25000000.000
14130,2053,2.441406,25000000.000
14131,2054,2.929688,25000000.000
14132,2030,-8.789062,25000000.000
14133,2019,-14.160156,25000000.000
14134,2009,-19.042969,25000000.000
14135,2011,-18.066406,25000000.000
14136,1985,-30.761719,25000000.000
14137,1987,-29.785156,25000000.000
14138,1978,-34.179688,25000000.000
14139,1973,-36.621094,25000000.000
14140,1973,-36.621094,25000000.000
14141,1973,-36.621094,25000000.000
14142,1975,-35.644531,25000000.000
14143,1975,-35.644531,25000000.000
14144,1983,-31.738281,25000000.000
14145,1988,-29.296875,25000000.000
14146,1995,-25.878906,25000000.000
14147,1996,-25.390625,25000000.000
14148,2013,-17.089844,25000000.000
14149,2022,-12.695312,25000000.000
14150,2034,-6.835938,25000000.000
14151,2036,-5.859375,25000000.000
14152,2057,4.394531,25000000.000
14153,2067,9.277344,25000000.000
14154,2080,15.625000,25000000.000
14155,2079,15.136719,25000000.000
14156,2100,25.390625,25000000.000
14157,2107,28.808594,25000000.000
14158,2113,31.738281,25000000.000
14159,2113,31.738281,25000000.000
14160,2119,34.667969,25000000.000
14161,2120,35.156250,25000000.000
14162,2120,35.156250,25000000.000
14163,2121,35.644531,25000000.000
14164,2112,31.250000,25000000.000
14165,2107,28.808594,25000000.000
14166,2100,25.390625,25000000.000
14167,2098,24.414062,25000000.000
14168,2083,17.089844,25000000.000
14169,2072,11.718750,25000000.000
14170,2062,6.835938,25000000.000
14171,2060,5.859375,25000000.000
14172,2041,-3.417969,25000000.000
14173,2024,-11.718750,25000000.000
14174,2020,-13.671875,25000000.000
14175,2025,-11.230469,25000000.000
14176,1996,-25.390625,25000000.000
14177,1987,-29.785156,25000000.000
14178,1977,-34.667969,25000000.000
14179,1977,-34.667969,25000000.000
14180,1979,-33.691406,25000000.000
14181,1969,-38.574219,25000000.000
14182,1972,-37.109375,25000000.000
14183,1970,-38.085938,25000000.000
14184,1976,-35.156250,25000000.000
14185,1983,-31.738281,25000000.000
14186,1989,-28.808594,25000000.000
14187,1989,-28.808594,25000000.000
14188,2005,-20.996094,25000000.000
14189,2013,-17.089844,25000000.000
14190,2023,-12.207031,25000000.000
14191,2025,-11.230469,25000000.000
14192,2045,-1.464844,25000000.000
14193,2058,4.882812,25000000.000
14194,2070,10.742188,25000000.000
14195,2071,11.230469,25000000.000
14196,2090,20.507812,25000000.000
14197,2099,24.902344,25000000.000
14198,2109,29.785156,25000000.000
14199,2106,28.320312,25000000.000
14200,2119,34.667969,25000000.000
14201,2120,35.156250,25000000.000
14202,2119,34.667969,25000000.000
14203,2119,34.667969,25000000.000
14204,2117,33.691406,25000000.000
14205,2110,30.273438,25000000.000
14206,2106,28.320312,25000000.000
14207,2104,27.343750,25000000.000
14208,2090,20.507812,25000000.000
14209,2081,16.113281,25000000.000
14210,2071,11.230469,25000000.000
14211,2069,10.253906,25000000.000
14212,2050,0.976562,25000000.000
14213,2040,-3.906250,25000000.000
14214,2026,-10.742188,25000000.000
14215,2027,-10.253906,25000000.000
14216,2007,-20.019531,25000000.000
14217,1995,-25.878906,25000000.000
14218,1989,-28.808594,25000000.000
14219,1991,-27.832031,25000000.000
14220,1978,-34.179688,25000000.000
14221,1975,-35.644531,25000000.000
14222,1975,-35.644531,25000000.000
14223,1973,-36.621094,25000000.000
14224,1976,-35.156250,25000000.000
14225,1980,-33.203125,25000000.000
14226,1985,-30.761719,25000000.000
14227,1984,-31.250000,25000000.000
14228,1998,-24.414062,25000000.000
14229,2008,-19.531250,25000000.000
14230,2014,-16.601562,25000000.000
14231,2016,-15.625000,25000000.000
14232,2036,-5.859375,25000000.000
14233,2048,0.000000,25000000.000
14234,2063,7.324219,25000000.000
14235,2064,7.812500,25000000.000
14236,2084,17.578125,25000000.000
14237,2094,22.460938,25000000.000
14238,2102,26.367188,25000000.000
14239,2101,25.878906,25000000.000
14240,2115,32.714844,25000000.000
14241,2117,33.691406,25000000.000
14242,2119,34.667969,25000000.000
14243,2119,34.667969,25000000.000
14244,2117,33.691406,25000000.000
14245,2115,32.714844,25000000.000
14246,2110,30.273438,25000000.000
14247,2110,30.273438,25000000.000
14248,2095,22.949219,25000000.000
14249,2088,19.531250,25000000.000
14250,2081,16.113281,25000000.000
14251,2080,15.625000,25000000.000
14252,2060,5.859375,25000000.000
14253,2049,0.488281,25000000.000
14254,2039,-4.394531,25000000.000
14255,2037,-5.371094,25000000.000
14256,2015,-16.113281,25000000.000
14257,2005,-20.996094,25000000.000
14258,1995,-25.878906,25000000.000
14259,1994,-26.367188,25000000.000
14260,1985,-30.761719,25000000.000
14261,1978,-34.179688,25000000.000
14262,1974,-36.132812,25000000.000
14263,1976,-35.156250,25000000.000
14264,1974,-36.132812,25000000.000
14265,1977,-34.667969,25000000.000
14266,1981,-32.714844,25000000.000
14267,1983,-31.738281,25000000.000
14268,1992,-27.343750,25000000.000
14269,2000,-23.437500,25000000.000
14270,2010,-18.554688,25000000.000
14271,2008,-19.531250,25000000.000
14272,2028,-9.765625,25000000.000
14273,2039,-4.394531,25000000.000
14274,2052,1.953125,25000000.000
14275,2052,1.953125,25000000.000
14276,2074,12.695312,25000000.000
14277,2086,18.554688,25000000.000
14278,2095,22.949219,25000000.000
14279,2096,23.437500,25000000.000
14280,2110,30.273438,25000000.000
14281,2117,33.691406,25000000.000
14282,2119,34.667969,25000000.000
14283,2121,35.644531,25000000.000
14284,2121,35.644531,25000000.000
14285,2118,34.179688,25000000.000
14286,2115,32.714844,25000000.000
14287,2115,32.714844,25000000.000
14288,2106,28.320312,25000000.000
14289,2097,23.925781,25000000.000
14290,2087,19.042969,25000000.000
14291,2087,19.042969,25000000.000
14292,2069,10.253906,25000000.000
14293,2059,5.371094,25000000.000
14294,2046,-0.976562,25000000.000
14295,2046,-0.976562,25000000.000
14296,2024,-11.718750,25000000.000
14297,2015,-16.113281,25000000.000
14298,2004,-21.484375,25000000.000
14299,2005,-20.996094,25000000.000
14300,1987,-29.785156,25000000.000
14301,1984,-31.250000,25000000.000
14302,1978,-34.179688,25000000.000
14303,1979,-33.691406,25000000.000
14304,1973,-36.621094,25000000.000
14305,1974,-36.132812,25000000.000
14306,1979,-33.691406,25000000.000
14307,1978,-34.179688,25000000.000
14308,1987,-29.785156,25000000.000
14309,1995,-25.878906,25000000.000
14310,2001,-22.949219,25000000.000
14311,2002,-22.460938,25000000.000
14312,2017,-15.136719,25000000.000
14313,2031,-8.300781,25000000.000
14314,2036,-5.859375,25000000.000
14315,2035,-6.347656,25000000.000
14316,2070,10.742188,25000000.000
14317,2067,9.277344,25000000.000
14318,2093,21.972656,25000000.000
14319,2099,24.902344,25000000.000
14320,2103,26.855469,25000000.000
14321,2107,28.808594,25000000.000
14322,2117,33.691406,25000000.000
14323,2116,33.203125,25000000.000
14324,2119,34.667969,25000000.000
14325,2122,36.132812,25000000.000
14326,2117,33.691406,25000000.000
14327,2118,34.179688,25000000.000
14328,2108,29.296875,25000000.000
14329,2104,27.343750,25000000.000
14330,2096,23.437500,25000000.000
14331,2097,23.925781,25000000.000
14332,2077,14.160156,25000000.000
14333,2067,9.277344,25000000.000
14334,2057,4.394531,25000000.000
14335,2058,4.882812,25000000.000
14336,2036,-5.859375,25000000.000
14337,2022,-12.695312,25000000.000
14338,2013,-17.089844,25000000.000
14339,2011,-18.066406,25000000.000
14340,1993,-26.855469,25000000.000
14341,1985,-30.761719,25000000.000
14342,1978,-34.179688,25000000.000
14343,1977,-34.667969,25000000.000
14344,1971,-37.597656,25000000.000
14345,1972,-37.109375,25000000.000
14346,1971,-37.597656,25000000.000
14347,1974,-36.132812,25000000.000
14348,1982,-32.226562,25000000.000
14349,1986,-30.273438,25000000.000
14350,1994,-26.367188,25000000.000
14351,1995,-25.878906,25000000.000
14352,2010,-18.554688,25000000.000
14353,2020,-13.671875,25000000.000
14354,2031,-8.300781,25000000.000
14355,2032,-7.812500,25000000.000
14356,2054,2.929688,25000000.000
14357,2066,8.789062,25000000.000
14358,2078,14.648438,25000000.000
14359,2079,15.136719,25000000.000
14360,2097,23.925781,25000000.000
14361,2106,28.320312,25000000.000
14362,2112,31.250000,25000000.000
14363,2114,32.226562,25000000.000
14364,2119,34.667969,25000000.000
14365,2121,35.644531,25000000.000
14366,2121,35.644531,25000000.000
14367,2120,35.156250,25000000.000
14368,2113,31.738281,25000000.000
14369,2107,28.808594,25000000.000
14370,2102,26.367188,25000000.000
14371,2100,25.390625,25000000.000
14372,2085,18.066406,25000000.000
14373,2075,13.183594,25000000.000
14374,2065,8.300781,25000000.000
14375,2063,7.324219,25000000.000
14376,2044,-1.953125,25000000.000
14377,2033,-7.324219,25000000.000
14378,2020,-13.671875,25000000.000
14379,2021,-13.183594,25000000.000
14380,1998,-24.414062,25000000.000
14381,1991,-27.832031,25000000.000
14382,1985,-30.761719,25000000.000
14383,1984,-31.250000,25000000.000
14384,1975,-35.644531,25000000.000
14385,1972,-37.109375,25000000.000
14386,1972,-37.109375,25000000.000
14387,1973,-36.621094,25000000.000
14388,1979,-33.691406,25000000.000
14389,1984,-31.250000,25000000.000
14390,1987,-29.785156,25000000.000
14391,1987,-29.785156,25000000.000
14392,2001,-22.949219,25000000.000
14393,2012,-17.578125,25000000.000
14394,2022,-12.695312,25000000.000
14395,2022,-12.695312,25000000.000
14396,2042,-2.929688,25000000.000
14397,2056,3.906250,25000000.000
14398,2067,9.277344,25000000.000
14399,2070,10.742188,25000000.000
14400,2088,19.531250,25000000.000
14401,2099,24.902344,25000000.000
14402,2108,29.296875,25000000.000
14403,2107,28.808594,25000000.000
14404,2117,33.691406,25000000.000
14405,2118,34.179688,25000000.000
14406,2121,35.644531,25000000.000
14407,2120,35.156250,25000000.000
14408,2116,33.203125,25000000.000
14409,2112,31.250000,25000000.000
14410,2106,28.320312,25000000.000
14411,2105,27.832031,25000000.000
14412,2090,20.507812,25000000.000
14413,2086,18.554688,25000000.000
14414,2074,12.695312,25000000.000
14415,2075,13.183594,25000000.000
14416,2058,4.882812,25000000.000
14417,2046,-0.976562,25000000.000
14418,2038,-4.882812,25000000.000
14419,2019,-14.160156,25000000.000
14420,2011,-18.066406,25000000.000
14421,1996,-25.390625,25000000.000
14422,1992,-27.343750,25000000.000
14423,1989,-28.808594,25000000.000
14424,1980,-33.203125,25000000.000
14425,1974,-36.132812,25000000.000
14426,1975,-35.644531,25000000.000
14427,1973,-36.621094,25000000.000
14428,1975,-35.644531,25000000.000
14429,1980,-33.203125,25000000.000
14430,1981,-32.714844,25000000.000
14431,1984,-31.250000,25000000.000
14432,1994,-26.367188,25000000.000
14433,2004,-21.484375,25000000.000
14434,2013,-17.089844,25000000.000
14435,2014,-16.601562,25000000.000
14436,2035,-6.347656,25000000.000
14437,2045,-1.464844,25000000.000
14438,2059,5.371094,25000000.000
14439,2058,4.882812,25000000.000
14440,2079,15.136719,25000000.000
14441,2091,20.996094,25000000.000
14442,2104,27.343750,25000000.000
14443,2106,28.320312,25000000.000
14444,2117,33.691406,25000000.000
14445,2122,36.132812,25000000.000
14446,2117,33.691406,25000000.000
14447,2123,36.621094,25000000.000
14448,2120,35.156250,25000000.000
14449,2117,33.691406,25000000.000
14450,2113,31.738281,25000000.000
14451,2112,31.250000,25000000.000
14452,2099,24.902344,25000000.000
14453,2091,20.996094,25000000.000
14454,2083,17.089844,25000000.000
14455,2082,16.601562,25000000.000
14456,2061,6.347656,25000000.000
14457,2052,1.953125,25000000.000
14458,2043,-2.441406,25000000.000
14459,2043,-2.441406,25000000.000
14460,2016,-15.625000,25000000.000
14461,2013,-17.089844,25000000.000
14462,1994,-26.367188,25000000.000
14463,1996,-25.390625,25000000.000
14464,1984,-31.250000,25000000.000
14465,1977,-34.667969,25000000.000
14466,1974,-36.132812,25000000.000
14467,1976,-35.156250,25000000.000
14468,1976,-35.156250,25000000.000
14469,1973,-36.621094,25000000.000
14470,1979,-33.691406,25000000.000
14471,1978,-34.179688,25000000.000
14472,1992,-27.343750,25000000.000
14473,1996,-25.390625,25000000.000
14474,2005,-20.996094,25000000.000
14475,2006,-20.507812,25000000.000
14476,2025,-11.230469,25000000.000
14477,2039,-4.394531,25000000.000
14478,2047,-0.488281,25000000.000
14479,2048,0.000000,25000000.000
14480,2075,13.183594,25000000.000
14481,2082,16.601562,25000000.000
14482,2083,17.089844,25000000.000
14483,2106,28.320312,25000000.000
14484,2107,28.808594,25000000.000
14485,2116,33.203125,25000000.000
14486,2119,34.667969,25000000.000
14487,2117,33.691406,25000000.000
14488,2121,35.644531,25000000.000
14489,2119,34.667969,25000000.000
14490,2115,32.714844,25000000.000
14491,2114,32.226562,25000000.000
14492,2105,27.832031,25000000.000
14493,2099,24.902344,25000000.000
14494,2088,19.531250,25000000.000
14495,2092,21.484375,25000000.000
14496,2071,11.230469,25000000.000
14497,2060,5.859375,25000000.000
14498,2048,0.000000,25000000.000
14499,2049,0.488281,25000000.000
14500,2027,-10.253906,25000000.000
14501,2017,-15.136719,25000000.000
14502,2006,-20.507812,25000000.000
14503,2004,-21.484375,25000000.000
14504,1988,-29.296875,25000000.000
14505,1980,-33.203125,25000000.000
14506,1977,-34.667969,25000000.000
14507,1976,-35.156250,25000000.000
14508,1970,-38.085938,25000000.000
14509,1984,-31.250000,25000000.000
14510,1977,-34.667969,25000000.000
14511,1975,-35.644531,25000000.000
14512,1985,-30.761719,25000000.000
14513,1992,-27.343750,25000000.000
14514,2004,-21.484375,25000000.000
14515,2003,-21.972656,25000000.000
14516,2016,-15.625000,25000000.000
14517,2029,-9.277344,25000000.000
14518,2039,-4.394531,25000000.000
14519,2039,-4.394531,25000000.000
14520,2064,7.812500,25000000.000
14521,2074,12.695312,25000000.000
14522,2085,18.066406,25000000.000
14523,2085,18.066406,25000000.000
14524,2104,27.343750,25000000.000
14525,2111,30.761719,25000000.000
14526,2116,33.203125,25000000.000
14527,2116,33.203125,25000000.000
14528,2120,35.156250,25000000.000
14529,2123,36.621094,25000000.000
14530,2118,34.179688,25000000.000
14531,2119,34.667969,25000000.000
14532,2111,30.761719,25000000.000
14533,2105,27.832031,25000000.000
14534,2097,23.925781,25000000.000
14535,2097,23.925781,25000000.000
14536,2081,16.113281,25000000.000
14537,2070,10.742188,25000000.000
14538,2060,5.859375,25000000.000
14539,2057,4.394531,25000000.000
14540,2037,-5.371094,25000000.000
14541,2026,-10.742188,25000000.000
14542,2013,-17.089844,25000000.000
14543,2013,-17.089844,25000000.000
14544,1994,-26.367188,25000000.000
14545,1988,-29.296875,25000000.000
14546,1978,-34.179688,25000000.000
14547,1978,-34.179688,25000000.000
14548,1974,-36.132812,25000000.000
14549,1972,-37.109375,25000000.000
14550,1975,-35.644531,25000000.000
14551,1975,-35.644531,25000000.000
14552,1982,-32.226562,25000000.000
14553,1981,-32.714844,25000000.000
14554,1992,-27.343750,25000000.000
14555,1992,-27.343750,25000000.000
14556,2009,-19.042969,25000000.000
14557,2019,-14.160156,25000000.000
14558,2027,-10.253906,25000000.000
14559,2027,-10.253906,25000000.000
14560,2051,1.464844,25000000.000
14561,2065,8.300781,25000000.000
14562,2075,13.183594,25000000.000
14563,2076,13.671875,25000000.000
14564,2095,22.949219,25000000.000
14565,2102,26.367188,25000000.000
14566,2112,31.250000,25000000.000
14567,2111,30.761719,25000000.000
14568,2119,34.667969,25000000.000
14569,2120,35.156250,25000000.000
14570,2121,35.644531,25000000.000
14571,2119,34.667969,25000000.000
14572,2114,32.226562,25000000.000
14573,2110,30.273438,25000000.000
14574,2102,26.367188,25000000.000
14575,2102,26.367188,25000000.000
14576,2088,19.531250,25000000.000
14577,2078,14.648438,25000000.000
14578,2067,9.277344,25000000.000
14579,2067,9.277344,25000000.000
14580,2045,-1.464844,25000000.000
14581,2035,-6.347656,25000000.000
14582,2022,-12.695312,25000000.000
14583,2024,-11.718750,25000000.000
14584,2003,-21.972656,25000000.000
14585,1993,-26.855469,25000000.000
14586,1987,-29.785156,25000000.000
14587,1985,-30.761719,25000000.000
14588,1976,-35.156250,25000000.000
14589,1971,-37.597656,25000000.000
14590,1973,-36.621094,25000000.000
14591,1972,-37.109375,25000000.000
14592,1976,-35.156250,25000000.000
14593,1981,-32.714844,25000000.000
14594,1986,-30.273438,25000000.000
14595,1987,-29.785156,25000000.000
14596,1999,-23.925781,25000000.000
14597,2008,-19.531250,25000000.000
14598,2019,-14.160156,25000000.000
14599,2020,-13.671875,25000000.000
14600,2042,-2.929688,25000000.000
14601,2051,1.464844,25000000.000
14602,2065,8.300781,25000000.000
14603,2064,7.812500,25000000.000
14604,2088,19.531250,25000000.000
14605,2095,22.949219,25000000.000
14606,2104,27.343750,25000000.000
14607,2105,27.832031,25000000.000
14608,2115,32.714844,25000000.000
14609,2118,34.179688,25000000.000
14610,2122,36.132812,25000000.000
14611,2120,35.156250,25000000.000
14612,2118,34.179688,25000000.000
14613,2113,31.738281,25000000.000
14614,2108,29.296875,25000000.000
14615,2110,30.273438,25000000.000
14616,2095,22.949219,25000000.000
14617,2085,18.066406,25000000.000
14618,2078,14.648438,25000000.000
14619,2077,14.160156,25000000.000
14620,2056,3.906250,25000000.000
14621,2044,-1.953125,25000000.000
14622,2034,-6.835938,25000000.000
14623,2031,-8.300781,25000000.000
14624,2010,-18.554688,25000000.000
14625,2002,-22.460938,25000000.000
14626,1991,-27.832031,25000000.000
14627,1991,-27.832031,25000000.000
14628,1979,-33.691406,25000000.000
14629,1976,-35.156250,25000000.000
14630,1972,-37.109375,25000000.000
14631,1975,-35.644531,25000000.000
14632,1977,-34.667969,25000000.000
14633,1976,-35.156250,25000000.000
14634,1982,-32.226562,25000000.000
14635,1983,-31.738281,25000000.000
14636,1996,-25.390625,25000000.000
14637,1998,-24.414062,25000000.000
14638,2011,-18.066406,25000000.000
14639,2011,-18.066406,25000000.000
14640,2033,-7.324219,25000000.000
14641,2043,-2.441406,25000000.000
14642,2056,3.906250,25000000.000
14643,2056,3.906250,25000000.000
14644,2078,14.648438,25000000.000
14645,2091,20.996094,25000000.000
14646,2098,24.414062,25000000.000
14647,2101,25.878906,25000000.000
14648,2114,32.226562,25000000.000
14649,2118,34.179688,25000000.000
14650,2122,36.132812,25000000.000
14651,2121,35.644531,25000000.000
14652,2121,35.644531,25000000.000
14653,2116,33.203125,25000000.000
14654,2115,32.714844,25000000.000
14655,2112,31.250000,25000000.000
14656,2102,26.367188,25000000.000
14657,2093,21.972656,25000000.000
14658,2084,17.578125,25000000.000
14659,2083,17.089844,25000000.000
14660,2065,8.300781,25000000.000
14661,2055,3.417969,25000000.000
14662,2042,-2.929688,25000000.000
14663,2042,-2.929688,25000000.000
14664,2020,-13.671875,25000000.000
14665,2009,-19.042969,25000000.000
14666,2000,-23.437500,25000000.000
14667,2000,-23.437500,25000000.000
14668,1987,-29.785156,25000000.000
14669,1977,-34.667969,25000000.000
14670,1976,-35.156250,25000000.000
14671,1975,-35.644531,25000000.000
14672,1975,-35.644531,25000000.000
14673,1975,-35.644531,25000000.000
14674,1978,-34.179688,25000000.000
14675,1978,-34.179688,25000000.000
14676,1988,-29.296875,25000000.000
14677,1997,-24.902344,25000000.000
14678,2001,-22.949219,25000000.000
14679,2003,-21.972656,25000000.000
14680,2023,-12.207031,25000000.000
14681,2033,-7.324219,25000000.000
14682,2045,-1.464844,25000000.000
14683,2039,-4.394531,25000000.000
14684,2074,12.695312,25000000.000
14685,2071,11.230469,25000000.000
14686,2068,9.765625,25000000.000
14687,2086,18.554688,25000000.000
14688,2111,30.761719,25000000.000
14689,2114,32.226562,25000000.000
14690,2119,34.667969,25000000.000
14691,2117,33.691406,25000000.000
14692,2123,36.621094,25000000.000
14693,2119,34.667969,25000000.000
14694,2117,33.691406,25000000.000
14695,2117,33.691406,25000000.000
14696,2107,28.808594,25000000.000
14697,2101,25.878906,25000000.000
14698,2093,21.972656,25000000.000
14699,2093,21.972656,25000000.000
14700,2075,13.183594,25000000.000
14701,2063,7.324219,25000000.000
14702,2053,2.441406,25000000.000
14703,2051,1.464844,25000000.000
14704,2031,-8.300781,25000000.000
14705,2019,-14.160156,25000000.000
14706,2008,-19.531250,25000000.000
14707,2007,-20.019531,25000000.000
14708,1990,-28.320312,25000000.000
14709,1984,-31.250000,25000000.000
14710,1979,-33.691406,25000000.000
14711,1978,-34.179688,25000000.000
14712,1972,-37.109375,25000000.000
14713,1974,-36.132812,25000000.000
14714,1978,-34.179688,25000000.000
14715,1978,-34.179688,25000000.000
14716,1983,-31.738281,25000000.000
14717,1990,-28.320312,25000000.000
14718,1998,-24.414062,25000000.000
14719,1998,-24.414062,25000000.000
14720,2014,-16.601562,25000000.000
14721,2024,-11.718750,25000000.000
14722,2037,-5.371094,25000000.000
14723,2035,-6.347656,25000000.000
14724,2058,4.882812,25000000.000
14725,2071,11.230469,25000000.000
14726,2081,16.113281,25000000.000
14727,2083,17.089844,25000000.000
14728,2100,25.390625,25000000.000
14729,2109,29.785156,25000000.000
14730,2114,32.226562,25000000.000
14731,2116,33.203125,25000000.000
14732,2120,35.156250,25000000.000
14733,2120,35.156250,25000000.000
14734,2120,35.156250,25000000.000
14735,2118,34.179688,25000000.000
14736,2112,31.250000,25000000.000
14737,2105,27.832031,25000000.000
14738,2100,25.390625,25000000.000
14739,2098,24.414062,25000000.000
14740,2082,16.601562,25000000.000
14741,2072,11.718750,25000000.000
14742,2061,6.347656,25000000.000
14743,2061,6.347656,25000000.000
14744,2038,-4.882812,25000000.000
14745,2029,-9.277344,25000000.000
14746,2017,-15.136719,25000000.000
14747,2017,-15.136719,25000000.000
14748,1997,-24.902344,25000000.000
14749,1988,-29.296875,25000000.000
14750,1982,-32.226562,25000000.000
14751,1983,-31.738281,25000000.000
14752,1975,-35.644531,25000000.000
14753,1972,-37.109375,25000000.000
14754,1974,-36.132812,25000000.000
14755,1973,-36.621094,25000000.000
14756,1978,-34.179688,25000000.000
14757,1983,-31.738281,25000000.000
14758,1989,-28.808594,25000000.000
14759,1990,-28.320312,25000000.000
14760,2005,-20.996094,25000000.000
14761,2017,-15.136719,25000000.000
14762,2023,-12.207031,25000000.000
14763,2026,-10.742188,25000000.000
14764,2048,0.000000,25000000.000
14765,2058,4.882812,25000000.000
14766,2073,12.207031,25000000.000
14767,2074,12.695312,25000000.000
14768,2094,22.460938,25000000.000
14769,2099,24.902344,25000000.000
14770,2111,30.761719,25000000.000
14771,2109,29.785156,25000000.000
14772,2120,35.156250,25000000.000
14773,2121,35.644531,25000000.000
14774,2120,35.156250,25000000.000
14775,2120,35.156250,25000000.000
14776,2114,32.226562,25000000.000
14777,2112,31.250000,25000000.000
14778,2104,27.343750,25000000.000
14779,2105,27.832031,25000000.000
14780,2090,20.507812,25000000.000
14781,2080,15.625000,25000000.000
14782,2072,11.718750,25000000.000
14783,2071,11.230469,25000000.000
14784,2048,0.000000,25000000.000
14785,2037,-5.371094,25000000.000
14786,2027,-10.253906,25000000.000
14787,2026,-10.742188,25000000.000
14788,2007,-20.019531,25000000.000
14789,1995,-25.878906,25000000.000
14790,1997,-24.902344,25000000.000
14791,1977,-34.667969,25000000.000
14792,1979,-33.691406,25000000.000
14793,1972,-37.109375,25000000.000
14794,1971,-37.597656,25000000.000
14795,1972,-37.109375,25000000.000
14796,1975,-35.644531,25000000.000
14797,1977,-34.667969,25000000.000
14798,1984,-31.250000,25000000.000
14799,1986,-30.273438,25000000.000
14800,1998,-24.414062,25000000.000
14801,2005,-20.996094,25000000.000
14802,2016,-15.625000,25000000.000
14803,2017,-15.136719,25000000.000
14804,2040,-3.906250,25000000.000
14805,2050,0.976562,25000000.000
14806,2062,6.835938,25000000.000
14807,2062,6.835938,25000000.000
14808,2083,17.089844,25000000.000
14809,2094,22.460938,25000000.000
14810,2102,26.367188,25000000.000
14811,2103,26.855469,25000000.000
14812,2115,32.714844,25000000.000
14813,2119,34.667969,25000000.000
14814,2121,35.644531,25000000.000
14815,2122,36.132812,25000000.000
14816,2118,34.179688,25000000.000
14817,2114,32.226562,25000000.000
14818,2111,30.761719,25000000.000
14819,2109,29.785156,25000000.000
14820,2098,24.414062,25000000.000
14821,2086,18.554688,25000000.000
14822,2080,15.625000,25000000.000
14823,2076,13.671875,25000000.000
14824,2057,4.394531,25000000.000
14825,2048,0.000000,25000000.000
14826,2034,-6.835938,25000000.000
14827,2037,-5.371094,25000000.000
14828,2011,-18.066406,25000000.000
14829,1993,-26.855469,25000000.000
14830,1994,-26.367188,25000000.000
14831,1990,-28.320312,25000000.000
14832,1984,-31.250000,25000000.000
14833,1976,-35.156250,25000000.000
14834,1972,-37.109375,25000000.000
14835,1974,-36.132812,25000000.000
14836,1981,-32.714844,25000000.000
14837,1972,-37.109375,25000000.000
14838,1978,-34.179688,25000000.000
14839,1975,-35.644531,25000000.000
14840,1988,-29.296875,25000000.000
14841,2000,-23.437500,25000000.000
14842,2010,-18.554688,25000000.000
14843,2010,-18.554688,25000000.000
14844,2027,-10.253906,25000000.000
14845,2042,-2.929688,25000000.000
14846,2053,2.441406,25000000.000
14847,2056,3.906250,25000000.000
14848,2073,12.207031,25000000.000
14849,2086,18.554688,25000000.000
14850,2097,23.925781,25000000.000
14851,2097,23.925781,25000000.000
14852,2113,31.738281,25000000.000
14853,2116,33.203125,25000000.000
14854,2121,35.644531,25000000.000
14855,2119,34.667969,25000000.000
14856,2119,34.667969,25000000.000
14857,2121,35.644531,25000000.000
14858,2114,32.226562,25000000.000
14859,2113,31.738281,25000000.000
14860,2103,26.855469,25000000.000
14861,2096,23.437500,25000000.000
14862,2088,19.531250,25000000.000
14863,2087,19.042969,25000000.000
14864,2069,10.253906,25000000.000
14865,2058,4.882812,25000000.000
14866,2048,0.000000,25000000.000
14867,2046,-0.976562,25000000.000
14868,2025,-11.230469,25000000.000
14869,2011,-18.066406,25000000.000
14870,2003,-21.972656,25000000.000
14871,2001,-22.949219,25000000.000
14872,1986,-30.273438,25000000.000
14873,1980,-33.203125,25000000.000
14874,1976,-35.156250,25000000.000
14875,1976,-35.156250,25000000.000
14876,1973,-36.621094,25000000.000
14877,1976,-35.156250,25000000.000
14878,1978,-34.179688,25000000.000
14879,1978,-34.179688,25000000.000
14880,1987,-29.785156,25000000.000
14881,1994,-26.367188,25000000.000
14882,2001,-22.949219,25000000.000
14883,2003,-21.972656,25000000.000
14884,2020,-13.671875,25000000.000
14885,2030,-8.789062,25000000.000
14886,2044,-1.953125,25000000.000
14887,2043,-2.441406,25000000.000
14888,2067,9.277344,25000000.000
14889,2078,14.648438,25000000.000
14890,2089,20.019531,25000000.000
14891,2086,18.554688,25000000.000
14892,2104,27.343750,25000000.000
14893,2115,32.714844,25000000.000
14894,2116,33.203125,25000000.000
14895,2119,34.667969,25000000.000
14896,2120,35.156250,25000000.000
14897,2122,36.132812,25000000.000
14898,2119,34.667969,25000000.000
14899,2120,35.156250,25000000.000
14900,2109,29.785156,25000000.000
14901,2102,26.367188,25000000.000
14902,2096,23.437500,25000000.000
14903,2092,21.484375,25000000.000
14904,2077,14.160156,25000000.000
14905,2066,8.789062,25000000.000
14906,2054,2.929688,25000000.000
14907,2053,2.441406,25000000.000
14908,2032,-7.812500,25000000.000
14909,2022,-12.695312,25000000.000
14910,2009,-19.042969,25000000.000
14911,2010,-18.554688,25000000.000
14912,1991,-27.832031,25000000.000
14913,1985,-30.761719,25000000.000
14914,1980,-33.203125,25000000.000
14915,1981,-32.714844,25000000.000
14916,1974,-36.132812,25000000.000
14917,1974,-36.132812,25000000.000
14918,1978,-34.179688,25000000.000
14919,1976,-35.156250,25000000.000
14920,1984,-31.250000,25000000.000
14921,1988,-29.296875,25000000.000
14922,1994,-26.367188,25000000.000
14923,1995,-25.878906,25000000.000
14924,2011,-18.066406,25000000.000
14925,2022,-12.695312,25000000.000
14926,2031,-8.300781,25000000.000
14927,2032,-7.812500,25000000.000
14928,2055,3.417969,25000000.000
14929,2069,10.253906,25000000.000
14930,2080,15.625000,25000000.000
14931,2080,15.625000,25000000.000
14932,2099,24.902344,25000000.000
14933,2104,27.343750,25000000.000
14934,2113,31.738281,25000000.000
14935,2114,32.226562,25000000.000
14936,2121,35.644531,25000000.000
14937,2118,34.179688,25000000.000
14938,2120,35.156250,25000000.000
14939,2120,35.156250,25000000.000
14940,2112,31.250000,25000000.000
14941,2108,29.296875,25000000.000
14942,2100,25.390625,25000000.000
14943,2099,24.902344,25000000.000
14944,2084,17.578125,25000000.000
14945,2076,13.671875,25000000.000
14946,2064,7.812500,25000000.000
14947,2063,7.324219,25000000.000
14948,2042,-2.929688,25000000.000
14949,2030,-8.789062,25000000.000
14950,2020,-13.671875,25000000.000
14951,2019,-14.160156,25000000.000
14952,1999,-23.925781,25000000.000
14953,1990,-28.320312,25000000.000
14954,1986,-30.273438,25000000.000
14955,1983,-31.738281,25000000.000
14956,1971,-37.597656,25000000.000
14957,1969,-38.574219,25000000.000
14958,1978,-34.179688,25000000.000
14959,1975,-35.644531,25000000.000
14960,1972,-37.109375,25000000.000
14961,1984,-31.250000,25000000.000
14962,1986,-30.273438,25000000.000
14963,1988,-29.296875,25000000.000
14964,2004,-21.484375,25000000.000
14965,2008,-19.531250,25000000.000
14966,2023,-12.207031,25000000.000
14967,2025,-11.230469,25000000.000
14968,2046,-0.976562,25000000.000
14969,2056,3.906250,25000000.000
14970,2068,9.765625,25000000.000
14971,2068,9.765625,25000000.000
14972,2090,20.507812,25000000.000
14973,2100,25.390625,25000000.000
14974,2106,28.320312,25000000.000
14975,2107,28.808594,25000000.000
14976,2116,33.203125,25000000.000
14977,2122,36.132812,25000000.000
14978,2119,34.667969,25000000.000
14979,2119,34.667969,25000000.000
14980,2116,33.203125,25000000.000
14981,2112,31.250000,25000000.000
14982,2106,28.320312,25000000.000
14983,2106,28.320312,25000000.000
14984,2092,21.484375,25000000.000
14985,2082,16.601562,25000000.000
14986,2076,13.671875,25000000.000
14987,2074,12.695312,25000000.000
14988,2051,1.464844,25000000.000
14989,2041,-3.417969,25000000.000
14990,2029,-9.277344,25000000.000
14991,2027,-10.253906,25000000.000
14992,2006,-20.507812,25000000.000
14993,1998,-24.414062,25000000.000
14994,1988,-29.296875,25000000.000
14995,1986,-30.273438,25000000.000
14996,1978,-34.179688,25000000.000
14997,1973,-36.621094,25000000.000
14998,1972,-37.109375,25000000.000
14999,1974,-36.132812,25000000.000
15000,1976,-35.156250,25000000.000
15001,1978,-34.179688,25000000.000
15002,1984,-31.250000,25000000.000
15003,1982,-32.226562,25000000.000
15004,1997,-24.902344,25000000.000
15005,2004,-21.484375,25000000.000
15006,2012,-17.578125,25000000.000
15007,2014,-16.601562,25000000.000
15008,2035,-6.347656,25000000.000
15009,2048,0.000000,25000000.000
15010,2058,4.882812,25000000.000
15011,2059,5.371094,25000000.000
15012,2082,16.601562,25000000.000
15013,2091,20.996094,25000000.000
15014,2101,25.878906,25000000.000
15015,2103,26.855469,25000000.000
15016,2114,32.226562,25000000.000
15017,2118,34.179688,25000000.000
15018,2123,36.621094,25000000.000
15019,2122,36.132812,25000000.000
15020,2118,34.179688,25000000.000
15021,2115,32.714844,25000000.000
15022,2111,30.761719,25000000.000
15023,2109,29.785156,25000000.000
15024,2097,23.925781,25000000.000
15025,2089,20.019531,25000000.000
15026,2082,16.601562,25000000.000
15027,2079,15.136719,25000000.000
15028,2061,6.347656,25000000.000
15029,2051,1.464844,25000000.000
15030,2039,-4.394531,25000000.000
15031,2039,-4.394531,25000000.000
15032,2016,-15.625000,25000000.000
15033,2004,-21.484375,25000000.000
15034,1998,-24.414062,25000000.000
15035,1996,-25.390625,25000000.000
15036,1984,-31.250000,25000000.000
15037,1973,-36.621094,25000000.000
15038,1978,-34.179688,25000000.000
15039,1979,-33.691406,25000000.000
15040,1981,-32.714844,25000000.000
15041,1962,-41.992188,25000000.000
15042,1975,-35.644531,25000000.000
15043,1986,-30.273438,25000000.000
15044,1993,-26.855469,25000000.000
15045,1998,-24.414062,25000000.000
15046,2007,-20.019531,25000000.000
15047,2008,-19.531250,25000000.000
15048,2027,-10.253906,25000000.000
15049,2037,-5.371094,25000000.000
15050,2050,0.976562,25000000.000
15051,2051,1.464844,25000000.000
15052,2074,12.695312,25000000.000
15053,2083,17.089844,25000000.000
15054,2094,22.460938,25000000.000
15055,2095,22.949219,25000000.000
15056,2111,30.761719,25000000.000
15057,2116,33.203125,25000000.000
15058,2118,34.179688,25000000.000
15059,2119,34.667969,25000000.000
15060,2120,35.156250,25000000.000
15061,2121,35.644531,25000000.000
15062,2115,32.714844,25000000.000
15063,2115,32.714844,25000000.000
15064,2104,27.343750,25000000.000
15065,2100,25.390625,25000000.000
15066,2089,20.019531,25000000.000
15067,2088,19.531250,25000000.000
15068,2071,11.230469,25000000.000
15069,2058,4.882812,25000000.000
15070,2048,0.000000,25000000.000
15071,2047,-0.488281,25000000.000
15072,2026,-10.742188,25000000.000
15073,2016,-15.625000,25000000.000
15074,2003,-21.972656,25000000.000
15075,2002,-22.460938,25000000.000
15076,1987,-29.785156,25000000.000
15077,1983,-31.738281,25000000.000
15078,1976,-35.156250,25000000.000
15079,1977,-34.667969,25000000.000
15080,1975,-35.644531,25000000.000
15081,1975,-35.644531,25000000.000
15082,1977,-34.667969,25000000.000
15083,1979,-33.691406,25000000.000
15084,1986,-30.273438,25000000.000
15085,1990,-28.320312,25000000.000
15086,2000,-23.437500,25000000.000
15087,2000,-23.437500,25000000.000
15088,2017,-15.136719,25000000.000
15089,2029,-9.277344,25000000.000
15090,2038,-4.882812,25000000.000
15091,2039,-4.394531,25000000.000
15092,2063,7.324219,25000000.000
15093,2076,13.671875,25000000.000
15094,2085,18.066406,25000000.000
15095,2087,19.042969,25000000.000
15096,2104,27.343750,25000000.000
15097,2111,30.761719,25000000.000
15098,2117,33.691406,25000000.000
15099,2116,33.203125,25000000.000
15100,2122,36.132812,25000000.000
15101,2119,34.667969,25000000.000
15102,2121,35.644531,25000000.000
15103,2118,34.179688,25000000.000
15104,2111,30.761719,25000000.000
15105,2104,27.343750,25000000.000
15106,2098,24.414062,25000000.000
15107,2094,22.460938,25000000.000
15108,2079,15.136719,25000000.000
15109,2070,10.742188,25000000.000
15110,2057,4.394531,25000000.000
15111,2058,4.882812,25000000.000
15112,2035,-6.347656,25000000.000
15113,2023,-12.207031,25000000.000
15114,2016,-15.625000,25000000.000
15115,2014,-16.601562,25000000.000
15116,1988,-29.296875,25000000.000
15117,1989,-28.808594,25000000.000
15118,1983,-31.738281,25000000.000
15119,1983,-31.738281,25000000.000
15120,1977,-34.667969,25000000.000
15121,1973,-36.621094,25000000.000
15122,1974,-36.132812,25000000.000
15123,1975,-35.644531,25000000.000
15124,1980,-33.203125,25000000.000
15125,1988,-29.296875,25000000.000
15126,1990,-28.320312,25000000.000
15127,1994,-26.367188,25000000.000
15128,2009,-19.042969,25000000.000
15129,2018,-14.648438,25000000.000
15130,2029,-9.277344,25000000.000
15131,2032,-7.812500,25000000.000
15132,2052,1.953125,25000000.000
15133,2065,8.300781,25000000.000
15134,2077,14.160156,25000000.000
15135,2076,13.671875,25000000.000
15136,2100,25.390625,25000000.000
15137,2108,29.296875,25000000.000
15138,2109,29.785156,25000000.000
15139,2112,31.250000,25000000.000
15140,2120,35.156250,25000000.000
15141,2121,35.644531,25000000.000
15142,2118,34.179688,25000000.000
15143,2118,34.179688,25000000.000
15144,2111,30.761719,25000000.000
15145,2109,29.785156,25000000.000
15146,2101,25.878906,25000000.000
15147,2102,26.367188,25000000.000
15148,2086,18.554688,25000000.000
15149,2076,13.671875,25000000.000
15150,2067,9.277344,25000000.000
15151,2066,8.789062,25000000.000
15152,2045,-1.464844,25000000.000
15153,2033,-7.324219,25000000.000
15154,2022,-12.695312,25000000.000
15155,2018,-14.648438,25000000.000
15156,2001,-22.949219,25000000.000
15157,1994,-26.367188,25000000.000
15158,1984,-31.250000,25000000.000
15159,1983,-31.738281,25000000.000
15160,1975,-35.644531,25000000.000
15161,1975,-35.644531,25000000.000
15162,1973,-36.621094,25000000.000
15163,1975,-35.644531,25000000.000
15164,1978,-34.179688,25000000.000
15165,1981,-32.714844,25000000.000
15166,1988,-29.296875,25000000.000
15167,1988,-29.296875,25000000.000
15168,2002,-22.460938,25000000.000
15169,2009,-19.042969,25000000.000
15170,2022,-12.695312,25000000.000
15171,2021,-13.183594,25000000.000
15172,2039,-4.394531,25000000.000
15173,2054,2.929688,25000000.000
15174,2070,10.742188,25000000.000
15175,2070,10.742188,25000000.000
15176,2087,19.042969,25000000.000
15177,2097,23.925781,25000000.000
15178,2108,29.296875,25000000.000
15179,2110,30.273438,25000000.000
15180,2118,34.179688,25000000.000
15181,2120,35.156250,25000000.000
15182,2120,35.156250,25000000.000
15183,2122,36.132812,25000000.000
15184,2119,34.667969,25000000.000
15185,2112,31.250000,25000000.000
15186,2111,30.761719,25000000.000
15187,2108,29.296875,25000000.000
15188,2092,21.484375,25000000.000
15189,2086,18.554688,25000000.000
15190,2076,13.671875,25000000.000
15191,2074,12.695312,25000000.000
15192,2055,3.417969,25000000.000
15193,2044,-1.953125,25000000.000
15194,2031,-8.300781,25000000.000
15195,2031,-8.300781,25000000.000
15196,2008,-19.531250,25000000.000
15197,2000,-23.437500,25000000.000
15198,1992,-27.343750,25000000.000
15199,1991,-27.832031,25000000.000
15200,1979,-33.691406,25000000.000
15201,1974,-36.132812,25000000.000
15202,1975,-35.644531,25000000.000
15203,1971,-37.597656,25000000.000
15204,1976,-35.156250,25000000.000
15205,1978,-34.179688,25000000.000
15206,1982,-32.226562,25000000.000
15207,1982,-32.226562,25000000.000
15208,1994,-26.367188,25000000.000
15209,2004,-21.484375,25000000.000
15210,2009,-19.042969,25000000.000
15211,2013,-17.089844,25000000.000
15212,2031,-8.300781,25000000.000
15213,2044,-1.953125,25000000.000
15214,2056,3.906250,25000000.000
15215,2059,5.371094,25000000.000
15216,2079,15.136719,25000000.000
15217,2088,19.531250,25000000.000
15218,2099,24.902344,25000000.000
15219,2100,25.390625,25000000.000
15220,2113,31.738281,25000000.000
15221,2117,33.691406,25000000.000
15222,2120,35.156250,25000000.000
15223,2119,34.667969,25000000.000
15224,2120,35.156250,25000000.000
15225,2116,33.203125,25000000.000
15226,2112,31.250000,25000000.000
15227,2112,31.250000,25000000.000
15228,2101,25.878906,25000000.000
15229,2094,22.460938,25000000.000
15230,2086,18.554688,25000000.000
15231,2084,17.578125,25000000.000
15232,2065,8.300781,25000000.000
15233,2054,2.929688,25000000.000
15234,2044,-1.953125,25000000.000
15235,2041,-3.417969,25000000.000
15236,2021,-13.183594,25000000.000
15237,2009,-19.042969,25000000.000
15238,1998,-24.414062,25000000.000
15239,1997,-24.902344,25000000.000
15240,1982,-32.226562,25000000.000
15241,1977,-34.667969,25000000.000
15242,1975,-35.644531,25000000.000
15243,1975,-35.644531,25000000.000
15244,1972,-37.109375,25000000.000
15245,1976,-35.156250,25000000.000
15246,1980,-33.203125,25000000.000
15247,1977,-34.667969,25000000.000
15248,1989,-28.808594,25000000.000
15249,1995,-25.878906,25000000.000
15250,2006,-20.507812,25000000.000
15251,2005,-20.996094,25000000.000
15252,2025,-11.230469,25000000.000
15253,2035,-6.347656,25000000.000
15254,2046,-0.976562,25000000.000
15255,2046,-0.976562,25000000.000
15256,2070,10.742188,25000000.000
15257,2081,16.113281,25000000.000
15258,2091,20.996094,25000000.000
15259,2091,20.996094,25000000.000
15260,2106,28.320312,25000000.000
15261,2115,32.714844,25000000.000
15262,2118,34.179688,25000000.000
15263,2119,34.667969,25000000.000
15264,2121,35.644531,25000000.000
15265,2117,33.691406,25000000.000
15266,2117,33.691406,25000000.000
15267,2116,33.203125,25000000.000
15268,2109,29.785156,25000000.000
15269,2099,24.902344,25000000.000
15270,2093,21.972656,25000000.000
15271,2091,20.996094,25000000.000
15272,2072,11.718750,25000000.000
15273,2070,10.742188,25000000.000
15274,2047,-0.488281,25000000.000
15275,2043,-2.441406,25000000.000
15276,2027,-10.253906,25000000.000
15277,2024,-11.718750,25000000.000
15278,2006,-20.507812,25000000.000
15279,2008,-19.531250,25000000.000
15280,1988,-29.296875,25000000.000
15281,1981,-32.714844,25000000.000
15282,1979,-33.691406,25000000.000
15283,1978,-34.179688,25000000.000
15284,1975,-35.644531,25000000.000
15285,1972,-37.109375,25000000.000
15286,1977,-34.667969,25000000.000
15287,1976,-35.156250,25000000.000
15288,1984,-31.250000,25000000.000
15289,1990,-28.320312,25000000.000
15290,1995,-25.878906,25000000.000
15291,1998,-24.414062,25000000.000
15292,2013,-17.089844,25000000.000
15293,2027,-10.253906,25000000.000
15294,2036,-5.859375,25000000.000
15295,2038,-4.882812,25000000.000
15296,2061,6.347656,25000000.000
15297,2073,12.207031,25000000.000
15298,2084,17.578125,25000000.000
15299,2085,18.066406,25000000.000
15300,2103,26.855469,25000000.000
15301,2109,29.785156,25000000.000
15302,2116,33.203125,25000000.000
15303,2115,32.714844,25000000.000
15304,2120,35.156250,25000000.000
15305,2121,35.644531,25000000.000
15306,2119,34.667969,25000000.000
15307,2118,34.179688,25000000.000
15308,2110,30.273438,25000000.000
15309,2107,28.808594,25000000.000
15310,2097,23.925781,25000000.000
15311,2097,23.925781,25000000.000
15312,2081,16.113281,25000000.000
15313,2072,11.718750,25000000.000
15314,2060,5.859375,25000000.000
15315,2061,6.347656,25000000.000
15316,2038,-4.882812,25000000.000
15317,2024,-11.718750,25000000.000
15318,2017,-15.136719,25000000.000
15319,2014,-16.601562,25000000.000
15320,1997,-24.902344,25000000.000
15321,1987,-29.785156,25000000.000
15322,1982,-32.226562,25000000.000
15323,1977,-34.667969,25000000.000
15324,1973,-36.621094,25000000.000
15325,1977,-34.667969,25000000.000
15326,1968,-39.062500,25000000.000
15327,1974,-36.132812,25000000.000
15328,1980,-33.203125,25000000.000
15329,1982,-32.226562,25000000.000
15330,1994,-26.367188,25000000.000
15331,1995,-25.878906,25000000.000
15332,2006,-20.507812,25000000.000
15333,2016,-15.625000,25000000.000
15334,2027,-10.253906,25000000.000
15335,2028,-9.765625,25000000.000
15336,2052,1.953125,25000000.000
15337,2061,6.347656,25000000.000
15338,2072,11.718750,25000000.000
15339,2074,12.695312,25000000.000
15340,2094,22.460938,25000000.000
15341,2102,26.367188,25000000.000
15342,2110,30.273438,25000000.000
15343,2110,30.273438,25000000.000
15344,2116,33.203125,25000000.000
15345,2120,35.156250,25000000.000
15346,2120,35.156250,25000000.000
15347,2120,35.156250,25000000.000
15348,2115,32.714844,25000000.000
15349,2107,28.808594,25000000.000
15350,2104,27.343750,25000000.000
15351,2102,26.367188,25000000.000
15352,2089,20.019531,25000000.000
15353,2079,15.136719,25000000.000
15354,2071,11.230469,25000000.000
15355,2068,9.765625,25000000.000
15356,2048,0.000000,25000000.000
15357,2036,-5.859375,25000000.000
15358,2024,-11.718750,25000000.000
15359,2023,-12.207031,25000000.000
15360,2003,-21.972656,25000000.000
15361,1995,-25.878906,25000000.000
15362,1986,-30.273438,25000000.000
15363,1987,-29.785156,25000000.000
15364,1977,-34.667969,25000000.000
15365,1972,-37.109375,25000000.000
15366,1973,-36.621094,25000000.000
15367,1973,-36.621094,25000000.000
15368,1979,-33.691406,25000000.000
15369,1978,-34.179688,25000000.000
15370,1984,-31.250000,25000000.000
15371,1985,-30.761719,25000000.000
15372,1998,-24.414062,25000000.000
15373,2007,-20.019531,25000000.000
15374,2016,-15.625000,25000000.000
15375,2017,-15.136719,25000000.000
15376,2039,-4.394531,25000000.000
15377,2052,1.953125,25000000.000
15378,2062,6.835938,25000000.000
15379,2064,7.812500,25000000.000
15380,2085,18.066406,25000000.000
15381,2094,22.460938,25000000.000
15382,2103,26.855469,25000000.000
15383,2105,27.832031,25000000.000
15384,2116,33.203125,25000000.000
15385,2118,34.179688,25000000.000
15386,2122,36.132812,25000000.000
15387,2120,35.156250,25000000.000
15388,2117,33.691406,25000000.000
15389,2115,32.714844,25000000.000
15390,2109,29.785156,25000000.000
15391,2107,28.808594,25000000.000
15392,2096,23.437500,25000000.000
15393,2090,20.507812,25000000.000
15394,2079,15.136719,25000000.000
15395,2077,14.160156,25000000.000
15396,2058,4.882812,25000000.000
15397,2045,-1.464844,25000000.000
15398,2034,-6.835938,25000000.000
15399,2034,-6.835938,25000000.000
15400,2014,-16.601562,25000000.000
15401,2000,-23.437500,25000000.000
15402,1993,-26.855469,25000000.000
15403,1991,-27.832031,25000000.000
15404,1979,-33.691406,25000000.000
15405,1975,-35.644531,25000000.000
15406,1974,-36.132812,25000000.000
15407,1971,-37.597656,25000000.000
15408,1974,-36.132812,25000000.000
15409,1978,-34.179688,25000000.000
15410,1980,-33.203125,25000000.000
15411,1981,-32.714844,25000000.000
15412,1993,-26.855469,25000000.000
15413,2000,-23.437500,25000000.000
15414,2010,-18.554688,25000000.000
15415,2013,-17.089844,25000000.000
15416,2030,-8.789062,25000000.000
15417,2039,-4.394531,25000000.000
15418,2053,2.441406,25000000.000
15419,2056,3.906250,25000000.000
15420,2074,12.695312,25000000.000
15421,2088,19.531250,25000000.000
15422,2097,23.925781,25000000.000
15423,2097,23.925781,25000000.000
15424,2112,31.250000,25000000.000
15425,2116,33.203125,25000000.000
15426,2119,34.667969,25000000.000
15427,2119,34.667969,25000000.000
15428,2120,35.156250,25000000.000
15429,2117,33.691406,25000000.000
15430,2115,32.714844,25000000.000
15431,2115,32.714844,25000000.000
15432,2102,26.367188,25000000.000
15433,2093,21.972656,25000000.000
15434,2089,20.019531,25000000.000
15435,2085,18.066406,25000000.000
15436,2068,9.765625,25000000.000
15437,2056,3.906250,25000000.000
15438,2045,-1.464844,25000000.000
15439,2044,-1.953125,25000000.000
15440,2021,-13.183594,25000000.000
15441,2012,-17.578125,25000000.000
15442,2002,-22.460938,25000000.000
15443,2001,-22.949219,25000000.000
15444,1984,-31.250000,25000000.000
15445,1982,-32.226562,25000000.000
15446,1978,-34.179688,25000000.000
15447,1978,-34.179688,25000000.000
15448,1974,-36.132812,25000000.000
15449,1975,-35.644531,25000000.000
15450,1980,-33.203125,25000000.000
15451,1979,-33.691406,25000000.000
15452,1989,-28.808594,25000000.000
15453,1994,-26.367188,25000000.000
15454,2003,-21.972656,25000000.000
15455,2002,-22.460938,25000000.000
15456,2021,-13.183594,25000000.000
15457,2033,-7.324219,25000000.000
15458,2043,-2.441406,25000000.000
15459,2045,-1.464844,25000000.000
15460,2064,7.812500,25000000.000
15461,2077,14.160156,25000000.000
15462,2089,20.019531,25000000.000
15463,2090,20.507812,25000000.000
15464,2107,28.808594,25000000.000
15465,2112,31.250000,25000000.000
15466,2119,34.667969,25000000.000
15467,2113,31.738281,25000000.000
15468,2122,36.132812,25000000.000
15469,2118,34.179688,25000000.000
15470,2117,33.691406,25000000.000
15471,2117,33.691406,25000000.000
15472,2110,30.273438,25000000.000
15473,2102,26.367188,25000000.000
15474,2094,22.460938,25000000.000
15475,2090,20.507812,25000000.000
15476,2076,13.671875,25000000.000
15477,2067,9.277344,25000000.000
15478,2054,2.929688,25000000.000
15479,2054,2.929688,25000000.000
15480,2032,-7.812500,25000000.000
15481,2022,-12.695312,25000000.000
15482,1990,-28.320312,25000000.000
15483,2016,-15.625000,25000000.000
15484,1991,-27.832031,25000000.000
15485,1992,-27.343750,25000000.000
15486,1978,-34.179688,25000000.000
15487,1976,-35.156250,25000000.000
15488,1970,-38.085938,25000000.000
15489,1972,-37.109375,25000000.000
15490,1977,-34.667969,25000000.000
15491,1976,-35.156250,25000000.000
15492,1984,-31.250000,25000000.000
15493,1990,-28.320312,25000000.000
15494,1986,-30.273438,25000000.000
15495,1991,-27.832031,25000000.000
15496,2016,-15.625000,25000000.000
15497,2015,-16.113281,25000000.000
15498,2036,-5.859375,25000000.000
15499,2036,-5.859375,25000000.000
15500,2057,4.394531,25000000.000
15501,2068,9.765625,25000000.000
15502,2078,14.648438,25000000.000
15503,2080,15.625000,25000000.000
15504,2099,24.902344,25000000.000
15505,2108,29.296875,25000000.000
15506,2114,32.226562,25000000.000
15507,2114,32.226562,25000000.000
15508,2121,35.644531,25000000.000
15509,2122,36.132812,25000000.000
15510,2119,34.667969,25000000.000
15511,2120,35.156250,25000000.000
15512,2113,31.738281,25000000.000
15513,2106,28.320312,25000000.000
15514,2102,26.367188,25000000.000
15515,2100,25.390625,25000000.000
15516,2084,17.578125,25000000.000
15517,2073,12.207031,25000000.000
15518,2063,7.324219,25000000.000
15519,2065,8.300781,25000000.000
15520,2036,-5.859375,25000000.000
15521,2031,-8.300781,25000000.000
15522,2013,-17.089844,25000000.000
15523,2005,-20.996094,25000000.000
15524,1997,-24.902344,25000000.000
15525,1991,-27.832031,25000000.000
15526,1981,-32.714844,25000000.000
15527,1981,-32.714844,25000000.000
15528,1974,-36.132812,25000000.000
15529,1972,-37.109375,25000000.000
15530,1974,-36.132812,25000000.000
15531,1976,-35.156250,25000000.000
15532,1980,-33.203125,25000000.000
15533,1982,-32.226562,25000000.000
15534,1990,-28.320312,25000000.000
15535,1989,-28.808594,25000000.000
15536,2005,-20.996094,25000000.000
15537,2013,-17.089844,25000000.000
15538,2023,-12.207031,25000000.000
15539,2025,-11.230469,25000000.000
15540,2045,-1.464844,25000000.000
15541,2058,4.882812,25000000.000
15542,2068,9.765625,25000000.000
15543,2071,11.230469,25000000.000
15544,2091,20.996094,25000000.000
15545,2100,25.390625,25000000.000
15546,2107,28.808594,25000000.000
15547,2109,29.785156,25000000.000
15548,2116,33.203125,25000000.000
15549,2117,33.691406,25000000.000
15550,2125,37.597656,25000000.000
15551,2121,35.644531,25000000.000
15552,2115,32.714844,25000000.000
15553,2114,32.226562,25000000.000
15554,2104,27.343750,25000000.000
15555,2103,26.855469,25000000.000
15556,2091,20.996094,25000000.000
15557,2081,16.113281,25000000.000
15558,2072,11.718750,25000000.000
15559,2068,9.765625,25000000.000
15560,2047,-0.488281,25000000.000
15561,2038,-4.882812,25000000.000
15562,2028,-9.765625,25000000.000
15563,2026,-10.742188,25000000.000
15564,2007,-20.019531,25000000.000
15565,1996,-25.390625,25000000.000
15566,1990,-28.320312,25000000.000
15567,1987,-29.785156,25000000.000
15568,1979,-33.691406,25000000.000
15569,1974,-36.132812,25000000.000
15570,1973,-36.621094,25000000.000
15571,1972,-37.109375,25000000.000
15572,1977,-34.667969,25000000.000
15573,1978,-34.179688,25000000.000
15574,1984,-31.250000,25000000.000
15575,1985,-30.761719,25000000.000
15576,1996,-25.390625,25000000.000
15577,2005,-20.996094,25000000.000
15578,2015,-16.113281,25000000.000
15579,2017,-15.136719,25000000.000
15580,2037,-5.371094,25000000.000
15581,2048,0.000000,25000000.000
15582,2060,5.859375,25000000.000
15583,2062,6.835938,25000000.000
15584,2083,17.089844,25000000.000
15585,2092,21.484375,25000000.000
15586,2101,25.878906,25000000.000
15587,2102,26.367188,25000000.000
15588,2114,32.226562,25000000.000
15589,2119,34.667969,25000000.000
15590,2118,34.179688,25000000.000
15591,2119,34.667969,25000000.000
15592,2117,33.691406,25000000.000
15593,2116,33.203125,25000000.000
15594,2111,30.761719,25000000.000
15595,2109,29.785156,25000000.000
15596,2098,24.414062,25000000.000
15597,2086,18.554688,25000000.000
15598,2081,16.113281,25000000.000
15599,2078,14.648438,25000000.000
15600,2061,6.347656,25000000.000
15601,2049,0.488281,25000000.000
15602,2039,-4.394531,25000000.000
15603,2037,-5.371094,25000000.000
15604,2015,-16.113281,25000000.000
15605,2004,-21.484375,25000000.000
15606,1997,-24.902344,25000000.000
15607,1993,-26.855469,25000000.000
15608,1982,-32.226562,25000000.000
15609,1979,-33.691406,25000000.000
15610,1973,-36.621094,25000000.000
15611,1975,-35.644531,25000000.000
15612,1974,-36.132812,25000000.000
15613,1977,-34.667969,25000000.000
15614,1981,-32.714844,25000000.000
15615,1983,-31.738281,25000000.000
15616,1993,-26.855469,25000000.000
15617,1997,-24.902344,25000000.000
15618,2008,-19.531250,25000000.000
15619,2008,-19.531250,25000000.000
15620,2027,-10.253906,25000000.000
15621,2040,-3.906250,25000000.000
15622,2051,1.464844,25000000.000
15623,2051,1.464844,25000000.000
15624,2073,12.207031,25000000.000
15625,2087,19.042969,25000000.000
15626,2094,22.460938,25000000.000
15627,2096,23.437500,25000000.000
15628,2111,30.761719,25000000.000
15629,2115,32.714844,25000000.000
15630,2120,35.156250,25000000.000
15631,2120,35.156250,25000000.000
15632,2122,36.132812,25000000.000
15633,2118,34.179688,25000000.000
15634,2118,34.179688,25000000.000
15635,2114,32.226562,25000000.000
15636,2105,27.832031,25000000.000
15637,2098,24.414062,25000000.000
15638,2089,20.019531,25000000.000
15639,2088,19.531250,25000000.000
15640,2068,9.765625,25000000.000
15641,2060,5.859375,25000000.000
15642,2048,0.000000,25000000.000
15643,2047,-0.488281,25000000.000
15644,2026,-10.742188,25000000.000
15645,2016,-15.625000,25000000.000
15646,2003,-21.972656,25000000.000
15647,2003,-21.972656,25000000.000
15648,1987,-29.785156,25000000.000
15649,1979,-33.691406,25000000.000
15650,1977,-34.667969,25000000.000
15651,1977,-34.667969,25000000.000
15652,1974,-36.132812,25000000.000
15653,1974,-36.132812,25000000.000
15654,1977,-34.667969,25000000.000
15655,1977,-34.667969,25000000.000
15656,1986,-30.273438,25000000.000
15657,1993,-26.855469,25000000.000
15658,1999,-23.925781,25000000.000
15659,2000,-23.437500,25000000.000
15660,2017,-15.136719,25000000.000
15661,2030,-8.789062,25000000.000
15662,2042,-2.929688,25000000.000
15663,2044,-1.953125,25000000.000
15664,2064,7.812500,25000000.000
15665,2076,13.671875,25000000.000
15666,2088,19.531250,25000000.000
15667,2087,19.042969,25000000.000
15668,2103,26.855469,25000000.000
15669,2110,30.273438,25000000.000
15670,2116,33.203125,25000000.000
15671,2116,33.203125,25000000.000
15672,2119,34.667969,25000000.000
15673,2120,35.156250,25000000.000
15674,2118,34.179688,25000000.000
15675,2118,34.179688,25000000.000
15676,2109,29.785156,25000000.000
15677,2104,27.343750,25000000.000
15678,2094,22.460938,25000000.000
15679,2095,22.949219,25000000.000
15680,2081,16.113281,25000000.000
15681,2071,11.230469,25000000.000
15682,2064,7.812500,25000000.000
15683,2069,10.253906,25000000.000
15684,2029,-9.277344,25000000.000
15685,2030,-8.789062,25000000.000
15686,2012,-17.578125,25000000.000
15687,2013,-17.089844,25000000.000
15688,1990,-28.320312,25000000.000
15689,1987,-29.785156,25000000.000
15690,1979,-33.691406,25000000.000
15691,1982,-32.226562,25000000.000
15692,1973,-36.621094,25000000.000
15693,1973,-36.621094,25000000.000
15694,1975,-35.644531,25000000.000
15695,1974,-36.132812,25000000.000
15696,1983,-31.738281,25000000.000
15697,1989,-28.808594,25000000.000
15698,1993,-26.855469,25000000.000
15699,1995,-25.878906,25000000.000
15700,2011,-18.066406,25000000.000
15701,2019,-14.160156,25000000.000
15702,2031,-8.300781,25000000.000
15703,2030,-8.789062,25000000.000
15704,2054,2.929688,25000000.000
15705,2066,8.789062,25000000.000
15706,2076,13.671875,25000000.000
15707,2078,14.648438,25000000.000
15708,2097,23.925781,25000000.000
15709,2106,28.320312,25000000.000
15710,2111,30.761719,25000000.000
15711,2114,32.226562,25000000.000
15712,2121,35.644531,25000000.000
15713,2118,34.179688,25000000.000
15714,2119,34.667969,25000000.000
15715,2120,35.156250,25000000.000
15716,2113,31.738281,25000000.000
15717,2107,28.808594,25000000.000
15718,2103,26.855469,25000000.000
15719,2102,26.367188,25000000.000
15720,2084,17.578125,25000000.000
15721,2076,13.671875,25000000.000
15722,2065,8.300781,25000000.000
15723,2065,8.300781,25000000.000
15724,2044,-1.953125,25000000.000
15725,2033,-7.324219,25000000.000
15726,2020,-13.671875,25000000.000
15727,2019,-14.160156,25000000.000
15728,1998,-24.414062,25000000.000
15729,1991,-27.832031,25000000.000
15730,1985,-30.761719,25000000.000
15731,1983,-31.738281,25000000.000
15732,1977,-34.667969,25000000.000
15733,1972,-37.109375,25000000.000
15734,1975,-35.644531,25000000.000
15735,1973,-36.621094,25000000.000
15736,1978,-34.179688,25000000.000
15737,1983,-31.738281,25000000.000
15738,1986,-30.273438,25000000.000
15739,1987,-29.785156,25000000.000
15740,2001,-22.949219,25000000.000
15741,2011,-18.066406,25000000.000
15742,2020,-13.671875,25000000.000
15743,2022,-12.695312,25000000.000
15744,2042,-2.929688,25000000.000
15745,2054,2.929688,25000000.000
15746,2068,9.765625,25000000.000
15747,2068,9.765625,25000000.000
15748,2088,19.531250,25000000.000
15749,2097,23.925781,25000000.000
15750,2107,28.808594,25000000.000
15751,2107,28.808594,25000000.000
15752,2117,33.691406,25000000.000
15753,2121,35.644531,25000000.000
15754,2120,35.156250,25000000.000
15755,2121,35.644531,25000000.000
15756,2116,33.203125,25000000.000
15757,2113,31.738281,25000000.000
15758,2106,28.320312,25000000.000
15759,2106,28.320312,25000000.000
15760,2092,21.484375,25000000.000
15761,2084,17.578125,25000000.000
15762,2075,13.183594,25000000.000
15763,2075,13.183594,25000000.000
15764,2055,3.417969,25000000.000
15765,2040,-3.906250,25000000.000
15766,2031,-8.300781,25000000.000
15767,2029,-9.277344,25000000.000
15768,2009,-19.042969,25000000.000
15769,1997,-24.902344,25000000.000
15770,1987,-29.785156,25000000.000
15771,1986,-30.273438,25000000.000
15772,1978,-34.179688,25000000.000
15773,1974,-36.132812,25000000.000
15774,1972,-37.109375,25000000.000
15775,1973,-36.621094,25000000.000
15776,1973,-36.621094,25000000.000
15777,1979,-33.691406,25000000.000
15778,1988,-29.296875,25000000.000
15779,1990,-28.320312,25000000.000
15780,1995,-25.878906,25000000.000
15781,2005,-20.996094,25000000.000
15782,2011,-18.066406,25000000.000
15783,2012,-17.578125,25000000.000
15784,2034,-6.835938,25000000.000
15785,2045,-1.464844,25000000.000
15786,2058,4.882812,25000000.000
15787,2058,4.882812,25000000.000
15788,2080,15.625000,25000000.000
15789,2091,20.996094,25000000.000
15790,2098,24.414062,25000000.000
15791,2101,25.878906,25000000.000
15792,2113,31.738281,25000000.000
15793,2118,34.179688,25000000.000
15794,2120,35.156250,25000000.000
15795,2120,35.156250,25000000.000
15796,2119,34.667969,25000000.000
15797,2115,32.714844,25000000.000
15798,2111,30.761719,25000000.000
15799,2110,30.273438,25000000.000
15800,2100,25.390625,25000000.000
15801,2092,21.484375,25000000.000
15802,2082,16.601562,25000000.000
15803,2081,16.113281,25000000.000
15804,2063,7.324219,25000000.000
15805,2052,1.953125,25000000.000
15806,2039,-4.394531,25000000.000
15807,2038,-4.882812,25000000.000
15808,2017,-15.136719,25000000.000
15809,2007,-20.019531,25000000.000
15810,1995,-25.878906,25000000.000
15811,1997,-24.902344,25000000.000
15812,1985,-30.761719,25000000.000
15813,1979,-33.691406,25000000.000
15814,1975,-35.644531,25000000.000
15815,1975,-35.644531,25000000.000
15816,1974,-36.132812,25000000.000
15817,1976,-35.156250,25000000.000
15818,1979,-33.691406,25000000.000
15819,1980,-33.203125,25000000.000
15820,1989,-28.808594,25000000.000
15821,1997,-24.902344,25000000.000
15822,2006,-20.507812,25000000.000
15823,2006,-20.507812,25000000.000
15824,2025,-11.230469,25000000.000
15825,2035,-6.347656,25000000.000
15826,2047,-0.488281,25000000.000
15827,2051,1.464844,25000000.000
15828,2095,22.949219,25000000.000
15829,2078,14.648438,25000000.000
15830,2087,19.042969,25000000.000
15831,2093,21.972656,25000000.000
15832,2109,29.785156,25000000.000
15833,2112,31.250000,25000000.000
15834,2119,34.667969,25000000.000
15835,2119,34.667969,25000000.000
15836,2119,34.667969,25000000.000
15837,2120,35.156250,25000000.000
15838,2115,32.714844,25000000.000
15839,2115,32.714844,25000000.000
15840,2105,27.832031,25000000.000
15841,2100,25.390625,25000000.000
15842,2090,20.507812,25000000.000
15843,2091,20.996094,25000000.000
15844,2071,11.230469,25000000.000
15845,2060,5.859375,25000000.000
15846,2051,1.464844,25000000.000
15847,2050,0.976562,25000000.000
15848,2028,-9.765625,25000000.000
15849,2015,-16.113281,25000000.000
15850,2007,-20.019531,25000000.000
15851,2004,-21.484375,25000000.000
15852,1989,-28.808594,25000000.000
15853,1982,-32.226562,25000000.000
15854,1977,-34.667969,25000000.000
15855,1975,-35.644531,25000000.000
15856,1973,-36.621094,25000000.000
15857,1975,-35.644531,25000000.000
15858,1976,-35.156250,25000000.000
15859,1978,-34.179688,25000000.000
15860,1984,-31.250000,25000000.000
15861,1992,-27.343750,25000000.000
15862,1999,-23.925781,25000000.000
15863,2000,-23.437500,25000000.000
15864,2016,-15.625000,25000000.000
15865,2027,-10.253906,25000000.000
15866,2042,-2.929688,25000000.000
15867,2035,-6.347656,25000000.000
15868,2072,11.718750,25000000.000
15869,2072,11.718750,25000000.000
15870,2090,20.507812,25000000.000
15871,2087,19.042969,25000000.000
15872,2104,27.343750,25000000.000
15873,2109,29.785156,25000000.000
15874,2116,33.203125,25000000.000
15875,2117,33.691406,25000000.000
15876,2120,35.156250,25000000.000
15877,2122,36.132812,25000000.000
15878,2118,34.179688,25000000.000
15879,2122,36.132812,25000000.000
15880,2110,30.273438,25000000.000
15881,2103,26.855469,25000000.000
15882,2100,25.390625,25000000.000
15883,2096,23.437500,25000000.000
15884,2082,16.601562,25000000.000
15885,2071,11.230469,25000000.000
15886,2062,6.835938,25000000.000
15887,2058,4.882812,25000000.000
15888,2037,-5.371094,25000000.000
15889,2028,-9.765625,25000000.000
15890,2014,-16.601562,25000000.000
15891,2013,-17.089844,25000000.000
15892,1994,-26.367188,25000000.000
15893,1989,-28.808594,25000000.000
15894,1981,-32.714844,25000000.000
15895,1982,-32.226562,25000000.000
15896,1974,-36.132812,25000000.000
15897,1974,-36.132812,25000000.000
15898,1977,-34.667969,25000000.000
15899,1974,-36.132812,25000000.000
15900,1981,-32.714844,25000000.000
15901,1986,-30.273438,25000000.000
15902,1992,-27.343750,25000000.000
15903,1992,-27.343750,25000000.000
15904,2007,-20.019531,25000000.000
15905,2017,-15.136719,25000000.000
15906,2029,-9.277344,25000000.000
15907,2030,-8.789062,25000000.000
15908,2050,0.976562,25000000.000
15909,2065,8.300781,25000000.000
15910,2074,12.695312,25000000.000
15911,2075,13.183594,25000000.000
15912,2095,22.949219,25000000.000
15913,2102,26.367188,25000000.000
15914,2111,30.761719,25000000.000
15915,2112,31.250000,25000000.000
15916,2120,35.156250,25000000.000
15917,2120,35.156250,25000000.000
15918,2120,35.156250,25000000.000
15919,2120,35.156250,25000000.000
15920,2113,31.738281,25000000.000
15921,2109,29.785156,25000000.000
15922,2103,26.855469,25000000.000
15923,2103,26.855469,25000000.000
15924,2088,19.531250,25000000.000
15925,2079,15.136719,25000000.000
15926,2067,9.277344,25000000.000
15927,2067,9.277344,25000000.000
15928,2047,-0.488281,25000000.000
15929,2035,-6.347656,25000000.000
15930,2024,-11.718750,25000000.000
15931,2023,-12.207031,25000000.000
15932,2003,-21.972656,25000000.000
15933,1993,-26.855469,25000000.000
15934,1984,-31.250000,25000000.000
15935,1985,-30.761719,25000000.000
15936,1974,-36.132812,25000000.000
15937,1996,-25.390625,25000000.000
15938,1958,-43.945312,25000000.000
15939,1973,-36.621094,25000000.000
15940,1972,-37.109375,25000000.000
15941,1983,-31.738281,25000000.000
15942,1987,-29.785156,25000000.000
15943,1988,-29.296875,25000000.000
15944,1998,-24.414062,25000000.000
15945,2009,-19.042969,25000000.000
15946,2019,-14.160156,25000000.000
15947,2021,-13.183594,25000000.000
15948,2042,-2.929688,25000000.000
15949,2050,0.976562,25000000.000
15950,2066,8.789062,25000000.000
15951,2066,8.789062,25000000.000
15952,2087,19.042969,25000000.000
15953,2097,23.925781,25000000.000
15954,2103,26.855469,25000000.000
15955,2104,27.343750,25000000.000
15956,2116,33.203125,25000000.000
15957,2120,35.156250,25000000.000
15958,2119,34.667969,25000000.000
15959,2121,35.644531,25000000.000
15960,2117,33.691406,25000000.000
15961,2113,31.738281,25000000.000
15962,2110,30.273438,25000000.000
15963,2109,29.785156,25000000.000
15964,2095,22.949219,25000000.000
15965,2086,18.554688,25000000.000
15966,2077,14.160156,25000000.000
15967,2076,13.671875,25000000.000
15968,2056,3.906250,25000000.000
15969,2046,-0.976562,25000000.000
15970,2032,-7.812500,25000000.000
15971,2031,-8.300781,25000000.000
15972,2011,-18.066406,25000000.000
15973,2002,-22.460938,25000000.000
15974,1991,-27.832031,25000000.000
15975,1991,-27.832031,25000000.000
15976,1979,-33.691406,25000000.000
15977,1977,-34.667969,25000000.000
15978,1973,-36.621094,25000000.000
15979,1973,-36.621094,25000000.000
15980,1977,-34.667969,25000000.000
15981,1979,-33.691406,25000000.000
15982,1981,-32.714844,25000000.000
15983,1980,-33.203125,25000000.000
15984,1995,-25.878906,25000000.000
15985,1999,-23.925781,25000000.000
15986,2012,-17.578125,25000000.000
15987,2009,-19.042969,25000000.000
15988,2030,-8.789062,25000000.000
15989,2043,-2.441406,25000000.000
15990,2053,2.441406,25000000.000
15991,2056,3.906250,25000000.000
15992,2076,13.671875,25000000.000
15993,2088,19.531250,25000000.000
15994,2097,23.925781,25000000.000
15995,2098,24.414062,25000000.000
15996,2113,31.738281,25000000.000
15997,2116,33.203125,25000000.000
15998,2119,34.667969,25000000.000
15999,2118,34.179688,25000000.000
16000,2120,35.156250,25000000.000
16001,2117,33.691406,25000000.000
16002,2112,31.250000,25000000.000
16003,2112,31.250000,25000000.000
16004,2099,24.902344,25000000.000
16005,2093,21.972656,25000000.000
16006,2085,18.066406,25000000.000
16007,2085,18.066406,25000000.000
16008,2064,7.812500,25000000.000
16009,2055,3.417969,25000000.000
16010,2044,-1.953125,25000000.000
16011,2042,-2.929688,25000000.000
16012,2023,-12.207031,25000000.000
16013,2010,-18.554688,25000000.000
16014,2002,-22.460938,25000000.000
16015,1999,-23.925781,25000000.000
16016,1986,-30.273438,25000000.000
16017,1979,-33.691406,25000000.000
16018,1976,-35.156250,25000000.000
16019,1974,-36.132812,25000000.000
16020,1973,-36.621094,25000000.000
16021,1977,-34.667969,25000000.000
16022,1979,-33.691406,25000000.000
16023,1979,-33.691406,25000000.000
16024,1987,-29.785156,25000000.000
16025,1998,-24.414062,25000000.000
16026,2001,-22.949219,25000000.000
16027,2003,-21.972656,25000000.000
16028,2022,-12.695312,25000000.000
16029,2034,-6.835938,25000000.000
16030,2044,-1.953125,25000000.000
16031,2046,-0.976562,25000000.000
16032,2069,10.253906,25000000.000
16033,2080,15.625000,25000000.000
16034,2090,20.507812,25000000.000
16035,2091,20.996094,25000000.000
16036,2107,28.808594,25000000.000
16037,2114,32.226562,25000000.000
16038,2118,34.179688,25000000.000
16039,2116,33.203125,25000000.000
16040,2121,35.644531,25000000.000
16041,2120,35.156250,25000000.000
16042,2117,33.691406,25000000.000
16043,2118,34.179688,25000000.000
16044,2107,28.808594,25000000.000
16045,2099,24.902344,25000000.000
16046,2094,22.460938,25000000.000
16047,2093,21.972656,25000000.000
16048,2075,13.183594,25000000.000
16049,2063,7.324219,25000000.000
16050,2055,3.417969,25000000.000
16051,2052,1.953125,25000000.000
16052,2030,-8.789062,25000000.000
16053,2019,-14.160156,25000000.000
16054,2009,-19.042969,25000000.000
16055,2006,-20.507812,25000000.000
16056,1990,-28.320312,25000000.000
16057,1984,-31.250000,25000000.000
16058,1974,-36.132812,25000000.000
16059,1976,-35.156250,25000000.000
16060,1974,-36.132812,25000000.000
16061,1970,-38.085938,25000000.000
16062,1981,-32.714844,25000000.000
16063,1979,-33.691406,25000000.000
16064,1983,-31.738281,25000000.000
16065,1990,-28.320312,25000000.000
16066,1998,-24.414062,25000000.000
16067,1998,-24.414062,25000000.000
16068,2013,-17.089844,25000000.000
16069,2024,-11.718750,25000000.000
16070,2036,-5.859375,25000000.000
16071,2036,-5.859375,25000000.000
16072,2059,5.371094,25000000.000
16073,2072,11.718750,25000000.000
16074,2079,15.136719,25000000.000
16075,2083,17.089844,25000000.000
16076,2101,25.878906,25000000.000
16077,2107,28.808594,25000000.000
16078,2116,33.203125,25000000.000
16079,2117,33.691406,25000000.000
16080,2122,36.132812,25000000.000
16081,2120,35.156250,25000000.000
16082,2121,35.644531,25000000.000
16083,2119,34.667969,25000000.000
16084,2113,31.738281,25000000.000
16085,2107,28.808594,25000000.000
16086,2100,25.390625,25000000.000
16087,2098,24.414062,25000000.000
16088,2083,17.089844,25000000.000
16089,2072,11.718750,25000000.000
16090,2061,6.347656,25000000.000
16091,2060,5.859375,25000000.000
16092,2040,-3.906250,25000000.000
16093,2027,-10.253906,25000000.000
16094,2016,-15.625000,25000000.000
16095,2017,-15.136719,25000000.000
16096,1998,-24.414062,25000000.000
16097,1988,-29.296875,25000000.000
16098,1984,-31.250000,25000000.000
16099,1982,-32.226562,25000000.000
16100,1976,-35.156250,25000000.000
16101,1974,-36.132812,25000000.000
16102,1974,-36.132812,25000000.000
16103,1973,-36.621094,25000000.000
16104,1980,-33.203125,25000000.000
16105,1995,-25.878906,25000000.000
16106,1994,-26.367188,25000000.000
16107,1996,-25.390625,25000000.000
16108,2002,-22.460938,25000000.000
16109,2006,-20.507812,25000000.000
16110,2021,-13.183594,25000000.000
16111,2027,-10.253906,25000000.000
16112,2051,1.464844,25000000.000
16113,2060,5.859375,25000000.000
16114,2073,12.207031,25000000.000
16115,2072,11.718750,25000000.000
16116,2093,21.972656,25000000.000
16117,2100,25.390625,25000000.000
16118,2111,30.761719,25000000.000
16119,2111,30.761719,25000000.000
16120,2116,33.203125,25000000.000
16121,2123,36.621094,25000000.000
16122,2121,35.644531,25000000.000
16123,2121,35.644531,25000000.000
16124,2114,32.226562,25000000.000
16125,2111,30.761719,25000000.000
16126,2104,27.343750,25000000.000
16127,2106,28.320312,25000000.000
16128,2091,20.996094,25000000.000
16129,2079,15.136719,25000000.000
16130,2070,10.742188,25000000.000
16131,2070,10.742188,25000000.000
16132,2050,0.976562,25000000.000
16133,2035,-6.347656,25000000.000
16134,2028,-9.765625,25000000.000
16135,2023,-12.207031,25000000.000
16136,2004,-21.484375,25000000.000
16137,1997,-24.902344,25000000.000
16138,1987,-29.785156,25000000.000
16139,1987,-29.785156,25000000.000
16140,1971,-37.597656,25000000.000
16141,1974,-36.132812,25000000.000
16142,1972,-37.109375,25000000.000
16143,1972,-37.109375,25000000.000
16144,1972,-37.109375,25000000.000
16145,1980,-33.203125,25000000.000
16146,1986,-30.273438,25000000.000
16147,1987,-29.785156,25000000.000
16148,1998,-24.414062,25000000.000
16149,2003,-21.972656,25000000.000
16150,2003,-21.972656,25000000.000
16151,2006,-20.507812,25000000.000
16152,2032,-7.812500,25000000.000
16153,2051,1.464844,25000000.000
16154,2059,5.371094,25000000.000
16155,2062,6.835938,25000000.000
16156,2085,18.066406,25000000.000
16157,2095,22.949219,25000000.000
16158,2102,26.367188,25000000.000
16159,2107,28.808594,25000000.000
16160,2116,33.203125,25000000.000
16161,2119,34.667969,25000000.000
16162,2121,35.644531,25000000.000
16163,2121,35.644531,25000000.000
16164,2119,34.667969,25000000.000
16165,2114,32.226562,25000000.000
16166,2111,30.761719,25000000.000
16167,2109,29.785156,25000000.000
16168,2097,23.925781,25000000.000
16169,2088,19.531250,25000000.000
16170,2078,14.648438,25000000.000
16171,2077,14.160156,25000000.000
16172,2058,4.882812,25000000.000
16173,2048,0.000000,25000000.000
16174,2025,-11.230469,25000000.000
16175,2046,-0.976562,25000000.000
16176,2023,-12.207031,25000000.000
16177,2004,-21.484375,25000000.000
16178,1992,-27.343750,25000000.000
16179,1993,-26.855469,25000000.000
16180,1980,-33.203125,25000000.000
16181,1976,-35.156250,25000000.000
16182,1974,-36.132812,25000000.000
16183,1971,-37.597656,25000000.000
16184,1975,-35.644531,25000000.000
16185,1976,-35.156250,25000000.000
16186,1984,-31.250000,25000000.000
16187,1981,-32.714844,25000000.000
16188,1991,-27.832031,25000000.000
16189,2000,-23.437500,25000000.000
16190,2007,-20.019531,25000000.000
16191,2009,-19.042969,25000000.000
16192,2029,-9.277344,25000000.000
16193,2040,-3.906250,25000000.000
16194,2053,2.441406,25000000.000
16195,2053,2.441406,25000000.000
16196,2076,13.671875,25000000.000
16197,2086,18.554688,25000000.000
16198,2096,23.437500,25000000.000
16199,2096,23.437500,25000000.000
16200,2113,31.738281,25000000.000
16201,2116,33.203125,25000000.000
16202,2117,33.691406,25000000.000
16203,2118,34.179688,25000000.000
16204,2120,35.156250,25000000.000
16205,2118,34.179688,25000000.000
16206,2112,31.250000,25000000.000
16207,2114,32.226562,25000000.000
16208,2102,26.367188,25000000.000
16209,2096,23.437500,25000000.000
16210,2087,19.042969,25000000.000
16211,2087,19.042969,25000000.000
16212,2068,9.765625,25000000.000
16213,2056,3.906250,25000000.000
16214,2048,0.000000,25000000.000
16215,2046,-0.976562,25000000.000
16216,2026,-10.742188,25000000.000
16217,2008,-19.531250,25000000.000
16218,2005,-20.996094,25000000.000
16219,2002,-22.460938,25000000.000
16220,1986,-30.273438,25000000.000
16221,1981,-32.714844,25000000.000
16222,1976,-35.156250,25000000.000
16223,1976,-35.156250,25000000.000
16224,1972,-37.109375,25000000.000
16225,1976,-35.156250,25000000.000
16226,1979,-33.691406,25000000.000
16227,1978,-34.179688,25000000.000
16228,1988,-29.296875,25000000.000
16229,1992,-27.343750,25000000.000
16230,2003,-21.972656,25000000.000
16231,2003,-21.972656,25000000.000
16232,2021,-13.183594,25000000.000
16233,2030,-8.789062,25000000.000
16234,2041,-3.417969,25000000.000
16235,2042,-2.929688,25000000.000
16236,2065,8.300781,25000000.000
16237,2077,14.160156,25000000.000
16238,2086,18.554688,25000000.000
16239,2087,19.042969,25000000.000
16240,2105,27.832031,25000000.000
16241,2111,30.761719,25000000.000
16242,2115,32.714844,25000000.000
16243,2118,34.179688,25000000.000
16244,2120,35.156250,25000000.000
16245,2118,34.179688,25000000.000
16246,2117,33.691406,25000000.000
16247,2117,33.691406,25000000.000
16248,2108,29.296875,25000000.000
16249,2101,25.878906,25000000.000
16250,2091,20.996094,25000000.000
16251,2083,17.089844,25000000.000
16252,2062,6.835938,25000000.000
16253,2078,14.648438,25000000.000
16254,2054,2.929688,25000000.000
16255,2058,4.882812,25000000.000
16256,2032,-7.812500,25000000.000
16257,2028,-9.765625,25000000.000
16258,2011,-18.066406,25000000.000
16259,2011,-18.066406,25000000.000
16260,1993,-26.855469,25000000.000
16261,1985,-30.761719,25000000.000
16262,1981,-32.714844,25000000.000
16263,1980,-33.203125,25000000.000
16264,1976,-35.156250,25000000.000
16265,1972,-37.109375,25000000.000
16266,1977,-34.667969,25000000.000
16267,1977,-34.667969,25000000.000
16268,1983,-31.738281,25000000.000
16269,1990,-28.320312,25000000.000
16270,1994,-26.367188,25000000.000
16271,1995,-25.878906,25000000.000
16272,2013,-17.089844,25000000.000
16273,2024,-11.718750,25000000.000
16274,2032,-7.812500,25000000.000
16275,2034,-6.835938,25000000.000
16276,2056,3.906250,25000000.000
16277,2067,9.277344,25000000.000
16278,2079,15.136719,25000000.000
16279,2080,15.625000,25000000.000
16280,2100,25.390625,25000000.000
16281,2106,28.320312,25000000.000
16282,2115,32.714844,25000000.000
16283,2113,31.738281,25000000.000
16284,2119,34.667969,25000000.000
16285,2120,35.156250,25000000.000
16286,2121,35.644531,25000000.000
16287,2119,34.667969,25000000.000
16288,2113,31.738281,25000000.000
16289,2108,29.296875,25000000.000
16290,2100,25.390625,25000000.000
16291,2102,26.367188,25000000.000
16292,2085,18.066406,25000000.000
16293,2076,13.671875,25000000.000
16294,2065,8.300781,25000000.000
16295,2065,8.300781,25000000.000
16296,2044,-1.953125,25000000.000
16297,2031,-8.300781,25000000.000
16298,2022,-12.695312,25000000.000
16299,2019,-14.160156,25000000.000
16300,2002,-22.460938,25000000.000
16301,1991,-27.832031,25000000.000
16302,1984,-31.250000,25000000.000
16303,1982,-32.226562,25000000.000
16304,1976,-35.156250,25000000.000
16305,1974,-36.132812,25000000.000
16306,1974,-36.132812,25000000.000
16307,1974,-36.132812,25000000.000
16308,1979,-33.691406,25000000.000
16309,1984,-31.250000,25000000.000
16310,1989,-28.808594,25000000.000
16311,1991,-27.832031,25000000.000
16312,2005,-20.996094,25000000.000
16313,2014,-16.601562,25000000.000
16314,2025,-11.230469,25000000.000
16315,2022,-12.695312,25000000.000
16316,2048,0.000000,25000000.000
16317,2056,3.906250,25000000.000
16318,2070,10.742188,25000000.000
16319,2070,10.742188,25000000.000
16320,2090,20.507812,25000000.000
16321,2100,25.390625,25000000.000
16322,2106,28.320312,25000000.000
16323,2107,28.808594,25000000.000
16324,2116,33.203125,25000000.000
16325,2120,35.156250,25000000.000
16326,2121,35.644531,25000000.000
16327,2122,36.132812,25000000.000
16328,2117,33.691406,25000000.000
16329,2112,31.250000,25000000.000
16330,2105,27.832031,25000000.000
16331,2104,27.343750,25000000.000
16332,2092,21.484375,25000000.000
16333,2082,16.601562,25000000.000
16334,2072,11.718750,25000000.000
16335,2072,11.718750,25000000.000
16336,2052,1.953125,25000000.000
16337,2041,-3.417969,25000000.000
16338,2033,-7.324219,25000000.000
16339,2032,-7.812500,25000000.000
16340,2005,-20.996094,25000000.000
16341,2003,-21.972656,25000000.000
16342,1986,-30.273438,25000000.000
16343,1988,-29.296875,25000000.000
16344,1979,-33.691406,25000000.000
16345,1973,-36.621094,25000000.000
16346,1975,-35.644531,25000000.000
16347,1973,-36.621094,25000000.000
16348,1978,-34.179688,25000000.000
16349,1977,-34.667969,25000000.000
16350,1985,-30.761719,25000000.000
16351,1981,-32.714844,25000000.000
16352,1995,-25.878906,25000000.000
16353,2006,-20.507812,25000000.000
16354,2013,-17.089844,25000000.000
16355,2014,-16.601562,25000000.000
16356,2036,-5.859375,25000000.000
16357,2047,-0.488281,25000000.000
16358,2058,4.882812,25000000.000
16359,2060,5.859375,25000000.000
16360,2082,16.601562,25000000.000
16361,2090,20.507812,25000000.000
16362,2101,25.878906,25000000.000
16363,2102,26.367188,25000000.000
16364,2116,33.203125,25000000.000
16365,2115,32.714844,25000000.000
16366,2121,35.644531,25000000.000
16367,2120,35.156250,25000000.000
16368,2118,34.179688,25000000.000
16369,2116,33.203125,25000000.000
16370,2110,30.273438,25000000.000
16371,2110,30.273438,25000000.000
16372,2096,23.437500,25000000.000
16373,2092,21.484375,25000000.000
16374,2080,15.625000,25000000.000
16375,2081,16.113281,25000000.000
16376,2062,6.835938,25000000.000
16377,2049,0.488281,25000000.000
16378,2038,-4.882812,25000000.000
16379,2039,-4.394531,25000000.000
16380,2017,-15.136719,25000000.000
16381,2004,-21.484375,25000000.000
16382,1998,-24.414062,25000000.000
16383,1995,-25.878906,25000000.000
16384,1983,-31.738281,25000000.000
16385,1977,-34.667969,25000000.000
16386,1975,-35.644531,25000000.000
16387,1973,-36.621094,25000000.000
16388,1973,-36.621094,25000000.000
16389,1976,-35.156250,25000000.000
16390,1978,-34.179688,25000000.000
16391,1981,-32.714844,25000000.000
16392,1990,-28.320312,25000000.000
16393,1998,-24.414062,25000000.000
16394,2008,-19.531250,25000000.000
16395,2010,-18.554688,25000000.000
16396,2028,-9.765625,25000000.000
16397,2039,-4.394531,25000000.000
16398,2048,0.000000,25000000.000
16399,2047,-0.488281,25000000.000
16400,2073,12.207031,25000000.000
16401,2082,16.601562,25000000.000
16402,2093,21.972656,25000000.000
16403,2092,21.484375,25000000.000
16404,2110,30.273438,25000000.000
16405,2116,33.203125,25000000.000
16406,2117,33.691406,25000000.000
16407,2119,34.667969,25000000.000
16408,2119,34.667969,25000000.000
16409,2119,34.667969,25000000.000
16410,2115,32.714844,25000000.000
16411,2117,33.691406,25000000.000
16412,2106,28.320312,25000000.000
16413,2097,23.925781,25000000.000
16414,2090,20.507812,25000000.000
16415,2088,19.531250,25000000.000
16416,2072,11.718750,25000000.000
16417,2061,6.347656,25000000.000
16418,2048,0.000000,25000000.000
16419,2048,0.000000,25000000.000
16420,2025,-11.230469,25000000.000
16421,2016,-15.625000,25000000.000
16422,2003,-21.972656,25000000.000
16423,2004,-21.484375,25000000.000
16424,1986,-30.273438,25000000.000
16425,1984,-31.250000,25000000.000
16426,1976,-35.156250,25000000.000
16427,1978,-34.179688,25000000.000
16428,1974,-36.132812,25000000.000
16429,1975,-35.644531,25000000.000
16430,1979,-33.691406,25000000.000
16431,1977,-34.667969,25000000.000
16432,1986,-30.273438,25000000.000
16433,1992,-27.343750,25000000.000
16434,2003,-21.972656,25000000.000
16435,1999,-23.925781,25000000.000
16436,2018,-14.648438,25000000.000
16437,2027,-10.253906,25000000.000
16438,2038,-4.882812,25000000.000
16439,2041,-3.417969,25000000.000
16440,2060,5.859375,25000000.000
16441,2076,13.671875,25000000.000
16442,2085,18.066406,25000000.000
16443,2087,19.042969,25000000.000
16444,2105,27.832031,25000000.000
16445,2109,29.785156,25000000.000
16446,2115,32.714844,25000000.000
16447,2116,33.203125,25000000.000
16448,2120,35.156250,25000000.000
16449,2121,35.644531,25000000.000
16450,2119,34.667969,25000000.000
16451,2117,33.691406,25000000.000
16452,2109,29.785156,25000000.000
16453,2105,27.832031,25000000.000
16454,2096,23.437500,25000000.000
16455,2095,22.949219,25000000.000
16456,2077,14.160156,25000000.000
16457,2070,10.742188,25000000.000
16458,2058,4.882812,25000000.000
16459,2059,5.371094,25000000.000
16460,2035,-6.347656,25000000.000
16461,2024,-11.718750,25000000.000
16462,2015,-16.113281,25000000.000
16463,2012,-17.578125,25000000.000
16464,1996,-25.390625,25000000.000
16465,1987,-29.785156,25000000.000
16466,1980,-33.203125,25000000.000
16467,1982,-32.226562,25000000.000
16468,1974,-36.132812,25000000.000
16469,1975,-35.644531,25000000.000
16470,1975,-35.644531,25000000.000
16471,1975,-35.644531,25000000.000
16472,1980,-33.203125,25000000.000
16473,1987,-29.785156,25000000.000
16474,1991,-27.832031,25000000.000
16475,1994,-26.367188,25000000.000
16476,2009,-19.042969,25000000.000
16477,2017,-15.136719,25000000.000
16478,2031,-8.300781,25000000.000
16479,2031,-8.300781,25000000.000
16480,2054,2.929688,25000000.000
16481,2064,7.812500,25000000.000
16482,2077,14.160156,25000000.000
16483,2076,13.671875,25000000.000
16484,2095,22.949219,25000000.000
16485,2105,27.832031,25000000.000
16486,2111,30.761719,25000000.000
16487,2111,30.761719,25000000.000
16488,2120,35.156250,25000000.000
16489,2122,36.132812,25000000.000
16490,2119,34.667969,25000000.000
16491,2121,35.644531,25000000.000
16492,2114,32.226562,25000000.000
16493,2108,29.296875,25000000.000
16494,2102,26.367188,25000000.000
16495,2103,26.855469,25000000.000
16496,2089,20.019531,25000000.000
16497,2077,14.160156,25000000.000
16498,2068,9.765625,25000000.000
16499,2067,9.277344,25000000.000
16500,2046,-0.976562,25000000.000
16501,2035,-6.347656,25000000.000
16502,2022,-12.695312,25000000.000
16503,2020,-13.671875,25000000.000
16504,2002,-22.460938,25000000.000
16505,1994,-26.367188,25000000.000
16506,1984,-31.250000,25000000.000
16507,1985,-30.761719,25000000.000
16508,1976,-35.156250,25000000.000
16509,1973,-36.621094,25000000.000
16510,1975,-35.644531,25000000.000
16511,1976,-35.156250,25000000.000
16512,1978,-34.179688,25000000.000
16513,1981,-32.714844,25000000.000
16514,1988,-29.296875,25000000.000
16515,1988,-29.296875,25000000.000
16516,2002,-22.460938,25000000.000
16517,2010,-18.554688,25000000.000
16518,2019,-14.160156,25000000.000
16519,2022,-12.695312,25000000.000
16520,2047,-0.488281,25000000.000
16521,2061,6.347656,25000000.000
16522,2068,9.765625,25000000.000
16523,2074,12.695312,25000000.000
16524,2087,19.042969,25000000.000
16525,2096,23.437500,25000000.000
16526,2105,27.832031,25000000.000
16527,2108,29.296875,25000000.000
16528,2116,33.203125,25000000.000
16529,2119,34.667969,25000000.000
16530,2121,35.644531,25000000.000
16531,2121,35.644531,25000000.000
16532,2119,34.667969,25000000.000
16533,2112,31.250000,25000000.000
16534,2107,28.808594,25000000.000
16535,2107,28.808594,25000000.000
16536,2094,22.460938,25000000.000
16537,2085,18.066406,25000000.000
16538,2075,13.183594,25000000.000
16539,2075,13.183594,25000000.000
16540,2053,2.441406,25000000.000
16541,2044,-1.953125,25000000.000
16542,2032,-7.812500,25000000.000
16543,2031,-8.300781,25000000.000
16544,2010,-18.554688,25000000.000
16545,1999,-23.925781,25000000.000
16546,1992,-27.343750,25000000.000
16547,1990,-28.320312,25000000.000
16548,1979,-33.691406,25000000.000
16549,1975,-35.644531,25000000.000
16550,1974,-36.132812,25000000.000
16551,1973,-36.621094,25000000.000
16552,1975,-35.644531,25000000.000
16553,1980,-33.203125,25000000.000
16554,1982,-32.226562,25000000.000
16555,1981,-32.714844,25000000.000
16556,1994,-26.367188,25000000.000
16557,2003,-21.972656,25000000.000
16558,2010,-18.554688,25000000.000
16559,2013,-17.089844,25000000.000
16560,2035,-6.347656,25000000.000
16561,2046,-0.976562,25000000.000
16562,2057,4.394531,25000000.000
16563,2063,7.324219,25000000.000
16564,2084,17.578125,25000000.000
16565,2088,19.531250,25000000.000
16566,2099,24.902344,25000000.000
16567,2100,25.390625,25000000.000
16568,2112,31.250000,25000000.000
16569,2117,33.691406,25000000.000
16570,2120,35.156250,25000000.000
16571,2120,35.156250,25000000.000
16572,2119,34.667969,25000000.000
16573,2117,33.691406,25000000.000
16574,2111,30.761719,25000000.000
16575,2112,31.250000,25000000.000
16576,2100,25.390625,25000000.000
16577,2094,22.460938,25000000.000
16578,2084,17.578125,25000000.000
16579,2085,18.066406,25000000.000
16580,2064,7.812500,25000000.000
16581,2053,2.441406,25000000.000
16582,2041,-3.417969,25000000.000
16583,2041,-3.417969,25000000.000
16584,2019,-14.160156,25000000.000
16585,2009,-19.042969,25000000.000
16586,1998,-24.414062,25000000.000
16587,1996,-25.390625,25000000.000
16588,1983,-31.738281,25000000.000
16589,1980,-33.203125,25000000.000
16590,1973,-36.621094,25000000.000
16591,1975,-35.644531,25000000.000
16592,1973,-36.621094,25000000.000
16593,1976,-35.156250,25000000.000
16594,1978,-34.179688,25000000.000
16595,1979,-33.691406,25000000.000
16596,1989,-28.808594,25000000.000
16597,1995,-25.878906,25000000.000
16598,2005,-20.996094,25000000.000
16599,2004,-21.484375,25000000.000
16600,2023,-12.207031,25000000.000
16601,2035,-6.347656,25000000.000
16602,2046,-0.976562,25000000.000
16603,2046,-0.976562,25000000.000
16604,2068,9.765625,25000000.000
16605,2079,15.136719,25000000.000
16606,2090,20.507812,25000000.000
16607,2092,21.484375,25000000.000
16608,2109,29.785156,25000000.000
16609,2115,32.714844,25000000.000
16610,2117,33.691406,25000000.000
16611,2119,34.667969,25000000.000
16612,2122,36.132812,25000000.000
16613,2118,34.179688,25000000.000
16614,2118,34.179688,25000000.000
16615,2116,33.203125,25000000.000
16616,2106,28.320312,25000000.000
16617,2099,24.902344,25000000.000
16618,2091,20.996094,25000000.000
16619,2090,20.507812,25000000.000
16620,2072,11.718750,25000000.000
16621,2064,7.812500,25000000.000
16622,2051,1.464844,25000000.000
16623,2051,1.464844,25000000.000
16624,2028,-9.765625,25000000.000
16625,2019,-14.160156,25000000.000
16626,2008,-19.531250,25000000.000
16627,2007,-20.019531,25000000.000
16628,1991,-27.832031,25000000.000
16629,1983,-31.738281,25000000.000
16630,1979,-33.691406,25000000.000
16631,1977,-34.667969,25000000.000
16632,1975,-35.644531,25000000.000
16633,1975,-35.644531,25000000.000
16634,1978,-34.179688,25000000.000
16635,1978,-34.179688,25000000.000
16636,1984,-31.250000,25000000.000
16637,1991,-27.832031,25000000.000
16638,1997,-24.902344,25000000.000
16639,1999,-23.925781,25000000.000
16640,2014,-16.601562,25000000.000
16641,2027,-10.253906,25000000.000
16642,2036,-5.859375,25000000.000
16643,2037,-5.371094,25000000.000
16644,2061,6.347656,25000000.000
16645,2071,11.230469,25000000.000
16646,2082,16.601562,25000000.000
16647,2081,16.113281,25000000.000
16648,2103,26.855469,25000000.000
16649,2109,29.785156,25000000.000
16650,2115,32.714844,25000000.000
16651,2114,32.226562,25000000.000
16652,2120,35.156250,25000000.000
16653,2120,35.156250,25000000.000
16654,2119,34.667969,25000000.000
16655,2119,34.667969,25000000.000
16656,2111,30.761719,25000000.000
16657,2106,28.320312,25000000.000
16658,2097,23.925781,25000000.000
16659,2099,24.902344,25000000.000
16660,2082,16.601562,25000000.000
16661,2071,11.230469,25000000.000
16662,2062,6.835938,25000000.000
16663,2061,6.347656,25000000.000
16664,2037,-5.371094,25000000.000
16665,2031,-8.300781,25000000.000
16666,2015,-16.113281,25000000.000
16667,2018,-14.648438,25000000.000
16668,2001,-22.949219,25000000.000
16669,1988,-29.296875,25000000.000
16670,1979,-33.691406,25000000.000
16671,1979,-33.691406,25000000.000
16672,1973,-36.621094,25000000.000
16673,1975,-35.644531,25000000.000
16674,1974,-36.132812,25000000.000
16675,1974,-36.132812,25000000.000
16676,1982,-32.226562,25000000.000
16677,1984,-31.250000,25000000.000
16678,1992,-27.343750,25000000.000
16679,1992,-27.343750,25000000.000
16680,2009,-19.042969,25000000.000
16681,2019,-14.160156,25000000.000
16682,2038,-4.882812,25000000.000
16683,2032,-7.812500,25000000.000
16684,2049,0.488281,25000000.000
16685,2065,8.300781,25000000.000
16686,2069,10.253906,25000000.000
16687,2071,11.230469,25000000.000
16688,2092,21.484375,25000000.000
16689,2105,27.832031,25000000.000
16690,2107,28.808594,25000000.000
16691,2109,29.785156,25000000.000
16692,2120,35.156250,25000000.000
16693,2120,35.156250,25000000.000
16694,2119,34.667969,25000000.000
16695,2121,35.644531,25000000.000
16696,2116,33.203125,25000000.000
16697,2108,29.296875,25000000.000
16698,2104,27.343750,25000000.000
16699,2103,26.855469,25000000.000
16700,2089,20.019531,25000000.000
16701,2079,15.136719,25000000.000
16702,2070,10.742188,25000000.000
16703,2068,9.765625,25000000.000
16704,2046,-0.976562,25000000.000
16705,2038,-4.882812,25000000.000
16706,2024,-11.718750,25000000.000
16707,2024,-11.718750,25000000.000
16708,2003,-21.972656,25000000.000
16709,1994,-26.367188,25000000.000
16710,1986,-30.273438,25000000.000
16711,1988,-29.296875,25000000.000
16712,1976,-35.156250,25000000.000
16713,1973,-36.621094,25000000.000
16714,1974,-36.132812,25000000.000
16715,1973,-36.621094,25000000.000
16716,1977,-34.667969,25000000.000
16717,1980,-33.203125,25000000.000
16718,1984,-31.250000,25000000.000
16719,1982,-32.226562,25000000.000
16720,1998,-24.414062,25000000.000
16721,2008,-19.531250,25000000.000
16722,2017,-15.136719,25000000.000
16723,2019,-14.160156,25000000.000
16724,2039,-4.394531,25000000.000
16725,2051,1.464844,25000000.000
16726,2063,7.324219,25000000.000
16727,2066,8.789062,25000000.000
16728,2085,18.066406,25000000.000
16729,2095,22.949219,25000000.000
16730,2104,27.343750,25000000.000
16731,2103,26.855469,25000000.000
16732,2118,34.179688,25000000.000
16733,2119,34.667969,25000000.000
16734,2118,34.179688,25000000.000
16735,2119,34.667969,25000000.000
16736,2117,33.691406,25000000.000
16737,2115,32.714844,25000000.000
16738,2108,29.296875,25000000.000
16739,2108,29.296875,25000000.000
16740,2095,22.949219,25000000.000
16741,2087,19.042969,25000000.000
16742,2077,14.160156,25000000.000
16743,2077,14.160156,25000000.000
16744,2057,4.394531,25000000.000
16745,2044,-1.953125,25000000.000
16746,2035,-6.347656,25000000.000
16747,2033,-7.324219,25000000.000
16748,2015,-16.113281,25000000.000
16749,2000,-23.437500,25000000.000
16750,1994,-26.367188,25000000.000
16751,1991,-27.832031,25000000.000
16752,1979,-33.691406,25000000.000
16753,1976,-35.156250,25000000.000
16754,1973,-36.621094,25000000.000
16755,1973,-36.621094,25000000.000
16756,1973,-36.621094,25000000.000
16757,1978,-34.179688,25000000.000
16758,1979,-33.691406,25000000.000
16759,1981,-32.714844,25000000.000
16760,1996,-25.390625,25000000.000
16761,1999,-23.925781,25000000.000
16762,2010,-18.554688,25000000.000
16763,2011,-18.066406,25000000.000
16764,2031,-8.300781,25000000.000
16765,2040,-3.906250,25000000.000
16766,2052,1.953125,25000000.000
16767,2053,2.441406,25000000.000
16768,2076,13.671875,25000000.000
16769,2086,18.554688,25000000.000
16770,2096,23.437500,25000000.000
16771,2098,24.414062,25000000.000
16772,2109,29.785156,25000000.000
16773,2115,32.714844,25000000.000
16774,2117,33.691406,25000000.000
16775,2119,34.667969,25000000.000
16776,2119,34.667969,25000000.000
16777,2117,33.691406,25000000.000
16778,2115,32.714844,25000000.000
16779,2115,32.714844,25000000.000
16780,2101,25.878906,25000000.000
16781,2093,21.972656,25000000.000
16782,2086,18.554688,25000000.000
16783,2086,18.554688,25000000.000
16784,2066,8.789062,25000000.000
16785,2057,4.394531,25000000.000
16786,2045,-1.464844,25000000.000
16787,2043,-2.441406,25000000.000
16788,2021,-13.183594,25000000.000
16789,2016,-15.625000,25000000.000
16790,1999,-23.925781,25000000.000
16791,2002,-22.460938,25000000.000
16792,1985,-30.761719,25000000.000
16793,1979,-33.691406,25000000.000
16794,1978,-34.179688,25000000.000
16795,1972,-37.109375,25000000.000
16796,1974,-36.132812,25000000.000
16797,1977,-34.667969,25000000.000
16798,1976,-35.156250,25000000.000
16799,1978,-34.179688,25000000.000
16800,1987,-29.785156,25000000.000
16801,1996,-25.390625,25000000.000
16802,2001,-22.949219,25000000.000
16803,2001,-22.949219,25000000.000
16804,2020,-13.671875,25000000.000
16805,2033,-7.324219,25000000.000
16806,2042,-2.929688,25000000.000
16807,2045,-1.464844,25000000.000
16808,2068,9.765625,25000000.000
16809,2079,15.136719,25000000.000
16810,2089,20.019531,25000000.000
16811,2091,20.996094,25000000.000
16812,2108,29.296875,25000000.000
16813,2113,31.738281,25000000.000
16814,2116,33.203125,25000000.000
16815,2116,33.203125,25000000.000
16816,2122,36.132812,25000000.000
16817,2121,35.644531,25000000.000
16818,2118,34.179688,25000000.000
16819,2117,33.691406,25000000.000
16820,2108,29.296875,25000000.000
16821,2102,26.367188,25000000.000
16822,2093,21.972656,25000000.000
16823,2093,21.972656,25000000.000
16824,2075,13.183594,25000000.000
16825,2066,8.789062,25000000.000
16826,2056,3.906250,25000000.000
16827,2054,2.929688,25000000.000
16828,2034,-6.835938,25000000.000
16829,2019,-14.160156,25000000.000
16830,2011,-18.066406,25000000.000
16831,2010,-18.554688,25000000.000
16832,1992,-27.343750,25000000.000
16833,1984,-31.250000,25000000.000
16834,1980,-33.203125,25000000.000
16835,1979,-33.691406,25000000.000
16836,1973,-36.621094,25000000.000
16837,1974,-36.132812,25000000.000
16838,1976,-35.156250,25000000.000
16839,1977,-34.667969,25000000.000
16840,1982,-32.226562,25000000.000
16841,1989,-28.808594,25000000.000
16842,1994,-26.367188,25000000.000
16843,1998,-24.414062,25000000.000
16844,2013,-17.089844,25000000.000
16845,2022,-12.695312,25000000.000
16846,2034,-6.835938,25000000.000
16847,2034,-6.835938,25000000.000
16848,2058,4.882812,25000000.000
16849,2069,10.253906,25000000.000
16850,2080,15.625000,25000000.000
16851,2080,15.625000,25000000.000
16852,2100,25.390625,25000000.000
16853,2108,29.296875,25000000.000
16854,2113,31.738281,25000000.000
16855,2113,31.738281,25000000.000
16856,2120,35.156250,25000000.000
16857,2123,36.621094,25000000.000
16858,2119,34.667969,25000000.000
16859,2120,35.156250,25000000.000
16860,2114,32.226562,25000000.000
16861,2107,28.808594,25000000.000
16862,2101,25.878906,25000000.000
16863,2097,23.925781,25000000.000
16864,2086,18.554688,25000000.000
16865,2072,11.718750,25000000.000
16866,2062,6.835938,25000000.000
16867,2062,6.835938,25000000.000
16868,2033,-7.324219,25000000.000
16869,2030,-8.789062,25000000.000
16870,2021,-13.183594,25000000.000
16871,2021,-13.183594,25000000.000
16872,1997,-24.902344,25000000.000
16873,1991,-27.832031,25000000.000
16874,1984,-31.250000,25000000.000
16875,1985,-30.761719,25000000.000
16876,1975,-35.644531,25000000.000
16877,1974,-36.132812,25000000.000
16878,1975,-35.644531,25000000.000
16879,1976,-35.156250,25000000.000
16880,1981,-32.714844,25000000.000
16881,1984,-31.250000,25000000.000
16882,1991,-27.832031,25000000.000
16883,1991,-27.832031,25000000.000
16884,2004,-21.484375,25000000.000
16885,2017,-15.136719,25000000.000
16886,2023,-12.207031,25000000.000
16887,2025,-11.230469,25000000.000
16888,2045,-1.464844,25000000.000
16889,2060,5.859375,25000000.000
16890,2070,10.742188,25000000.000
16891,2073,12.207031,25000000.000
16892,2091,20.996094,25000000.000
16893,2101,25.878906,25000000.000
16894,2106,28.320312,25000000.000
16895,2111,30.761719,25000000.000
16896,2120,35.156250,25000000.000
16897,2120,35.156250,25000000.000
16898,2122,36.132812,25000000.000
16899,2118,34.179688,25000000.000
16900,2116,33.203125,25000000.000
16901,2112,31.250000,25000000.000
16902,2106,28.320312,25000000.000
16903,2102,26.367188,25000000.000
16904,2090,20.507812,25000000.000
16905,2082,16.601562,25000000.000
16906,2071,11.230469,25000000.000
16907,2073,12.207031,25000000.000
16908,2053,2.441406,25000000.000
16909,2037,-5.371094,25000000.000
16910,2023,-12.207031,25000000.000
16911,2023,-12.207031,25000000.000
16912,2005,-20.996094,25000000.000
16913,1996,-25.390625,25000000.000
16914,1989,-28.808594,25000000.000
16915,1988,-29.296875,25000000.000
16916,1977,-34.667969,25000000.000
16917,1974,-36.132812,25000000.000
16918,1962,-41.992188,25000000.000
16919,1972,-37.109375,25000000.000
16920,1974,-36.132812,25000000.000
16921,1984,-31.250000,25000000.000
16922,1986,-30.273438,25000000.000
16923,1986,-30.273438,25000000.000
16924,1991,-27.832031,25000000.000
16925,2007,-20.019531,25000000.000
16926,2016,-15.625000,25000000.000
16927,2016,-15.625000,25000000.000
16928,2032,-7.812500,25000000.000
16929,2049,0.488281,25000000.000
16930,2060,5.859375,25000000.000
16931,2059,5.371094,25000000.000
16932,2083,17.089844,25000000.000
16933,2094,22.460938,25000000.000
16934,2101,25.878906,25000000.000
16935,2102,26.367188,25000000.000
16936,2116,33.203125,25000000.000
16937,2120,35.156250,25000000.000
16938,2115,32.714844,25000000.000
16939,2117,33.691406,25000000.000
16940,2118,34.179688,25000000.000
16941,2110,30.273438,25000000.000
16942,2116,33.203125,25000000.000
16943,2113,31.738281,25000000.000
16944,2096,23.437500,25000000.000
16945,2091,20.996094,25000000.000
16946,2080,15.625000,25000000.000
16947,2080,15.625000,25000000.000
16948,2060,5.859375,25000000.000
16949,2048,0.000000,25000000.000
16950,2039,-4.394531,25000000.000
16951,2037,-5.371094,25000000.000
16952,2015,-16.113281,25000000.000
16953,2007,-20.019531,25000000.000
16954,1994,-26.367188,25000000.000
16955,1995,-25.878906,25000000.000
16956,1979,-33.691406,25000000.000
16957,1978,-34.179688,25000000.000
16958,1973,-36.621094,25000000.000
16959,1976,-35.156250,25000000.000
16960,1972,-37.109375,25000000.000
16961,1977,-34.667969,25000000.000
16962,1980,-33.203125,25000000.000
16963,1980,-33.203125,25000000.000
16964,1993,-26.855469,25000000.000
16965,1998,-24.414062,25000000.000
16966,2007,-20.019531,25000000.000
16967,2007,-20.019531,25000000.000
16968,2028,-9.765625,25000000.000
16969,2038,-4.882812,25000000.000
16970,2048,0.000000,25000000.000
16971,2051,1.464844,25000000.000
16972,2072,11.718750,25000000.000
16973,2085,18.066406,25000000.000
16974,2095,22.949219,25000000.000
16975,2097,23.925781,25000000.000
16976,2111,30.761719,25000000.000
16977,2116,33.203125,25000000.000
16978,2120,35.156250,25000000.000
16979,2120,35.156250,25000000.000
16980,2121,35.644531,25000000.000
16981,2114,32.226562,25000000.000
16982,2115,32.714844,25000000.000
16983,2113,31.738281,25000000.000
16984,2103,26.855469,25000000.000
16985,2098,24.414062,25000000.000
16986,2088,19.531250,25000000.000
16987,2088,19.531250,25000000.000
16988,2069,10.253906,25000000.000
16989,2060,5.859375,25000000.000
16990,2046,-0.976562,25000000.000
16991,2047,-0.488281,25000000.000
16992,2028,-9.765625,25000000.000
16993,2015,-16.113281,25000000.000
16994,2001,-22.949219,25000000.000
16995,2002,-22.460938,25000000.000
16996,1989,-28.808594,25000000.000
16997,1978,-34.179688,25000000.000
16998,1978,-34.179688,25000000.000
16999,1977,-34.667969,25000000.000
17000,1974,-36.132812,25000000.000
17001,1976,-35.156250,25000000.000
17002,1978,-34.179688,25000000.000
17003,1978,-34.179688,25000000.000
17004,1985,-30.761719,25000000.000
17005,1994,-26.367188,25000000.000
17006,1999,-23.925781,25000000.000
17007,2002,-22.460938,25000000.000
17008,2022,-12.695312,25000000.000
17009,2028,-9.765625,25000000.000
17010,2041,-3.417969,25000000.000
17011,2042,-2.929688,25000000.000
17012,2065,8.300781,25000000.000
17013,2075,13.183594,25000000.000
17014,2087,19.042969,25000000.000
17015,2087,19.042969,25000000.000
17016,2111,30.761719,25000000.000
17017,2116,33.203125,25000000.000
17018,2118,34.179688,25000000.000
17019,2124,37.109375,25000000.000
17020,2121,35.644531,25000000.000
17021,2123,36.621094,25000000.000
17022,2114,32.226562,25000000.000
17023,2121,35.644531,25000000.000
17024,2109,29.785156,25000000.000
17025,2105,27.832031,25000000.000
17026,2094,22.460938,25000000.000
17027,2095,22.949219,25000000.000
17028,2078,14.648438,25000000.000
17029,2068,9.765625,25000000.000
17030,2057,4.394531,25000000.000
17031,2055,3.417969,25000000.000
17032,2036,-5.859375,25000000.000
17033,2024,-11.718750,25000000.000
17034,2011,-18.066406,25000000.000
17035,2011,-18.066406,25000000.000
17036,1993,-26.855469,25000000.000
17037,1986,-30.273438,25000000.000
17038,1978,-34.179688,25000000.000
17039,1980,-33.203125,25000000.000
17040,1973,-36.621094,25000000.000
17041,1973,-36.621094,25000000.000
17042,1975,-35.644531,25000000.000
17043,1976,-35.156250,25000000.000
17044,1983,-31.738281,25000000.000
17045,1986,-30.273438,25000000.000
17046,1995,-25.878906,25000000.000
17047,1995,-25.878906,25000000.000
17048,2011,-18.066406,25000000.000
17049,2020,-13.671875,25000000.000
17050,2030,-8.789062,25000000.000
17051,2031,-8.300781,25000000.000
17052,2055,3.417969,25000000.000
17053,2067,9.277344,25000000.000
17054,2078,14.648438,25000000.000
17055,2079,15.136719,25000000.000
17056,2098,24.414062,25000000.000
17057,2106,28.320312,25000000.000
17058,2113,31.738281,25000000.000
17059,2114,32.226562,25000000.000
17060,2121,35.644531,25000000.000
17061,2122,36.132812,25000000.000
17062,2121,35.644531,25000000.000
17063,2119,34.667969,25000000.000
17064,2116,33.203125,25000000.000
17065,2109,29.785156,25000000.000
17066,2102,26.367188,25000000.000
17067,2099,24.902344,25000000.000
17068,2086,18.554688,25000000.000
17069,2077,14.160156,25000000.000
17070,2066,8.789062,25000000.000
17071,2066,8.789062,25000000.000
17072,2044,-1.953125,25000000.000
17073,2033,-7.324219,25000000.000
17074,2022,-12.695312,25000000.000
17075,2020,-13.671875,25000000.000
17076,2002,-22.460938,25000000.000
17077,1991,-27.832031,25000000.000
17078,1985,-30.761719,25000000.000
17079,1985,-30.761719,25000000.000
17080,1977,-34.667969,25000000.000
17081,1974,-36.132812,25000000.000
17082,1973,-36.621094,25000000.000
17083,1973,-36.621094,25000000.000
17084,1978,-34.179688,25000000.000
17085,1983,-31.738281,25000000.000
17086,1987,-29.785156,25000000.000
17087,1988,-29.296875,25000000.000
17088,2002,-22.460938,25000000.000
17089,2013,-17.089844,25000000.000
17090,2020,-13.671875,25000000.000
17091,2023,-12.207031,25000000.000
17092,2046,-0.976562,25000000.000
17093,2056,3.906250,25000000.000
17094,2069,10.253906,25000000.000
17095,2069,10.253906,25000000.000
17096,2091,20.996094,25000000.000
17097,2098,24.414062,25000000.000
17098,2107,28.808594,25000000.000
17099,2107,28.808594,25000000.000
17100,2116,33.203125,25000000.000
17101,2121,35.644531,25000000.000
17102,2118,34.179688,25000000.000
17103,2118,34.179688,25000000.000
17104,2117,33.691406,25000000.000
17105,2112,31.250000,25000000.000
17106,2107,28.808594,25000000.000
17107,2105,27.832031,25000000.000
17108,2093,21.972656,25000000.000
17109,2084,17.578125,25000000.000
17110,2075,13.183594,25000000.000
17111,2074,12.695312,25000000.000
17112,2053,2.441406,25000000.000
17113,2041,-3.417969,25000000.000
17114,2031,-8.300781,25000000.000
17115,2030,-8.789062,25000000.000
17116,2009,-19.042969,25000000.000
17117,1999,-23.925781,25000000.000
17118,1990,-28.320312,25000000.000
17119,1989,-28.808594,25000000.000
17120,1977,-34.667969,25000000.000
17121,1977,-34.667969,25000000.000
17122,1972,-37.109375,25000000.000
17123,1973,-36.621094,25000000.000
17124,1974,-36.132812,25000000.000
17125,1981,-32.714844,25000000.000
17126,1981,-32.714844,25000000.000
17127,1986,-30.273438,25000000.000
17128,1995,-25.878906,25000000.000
17129,2003,-21.972656,25000000.000
17130,2012,-17.578125,25000000.000
17131,2012,-17.578125,25000000.000
17132,2034,-6.835938,25000000.000
17133,2045,-1.464844,25000000.000
17134,2058,4.882812,25000000.000
17135,2056,3.906250,25000000.000
17136,2079,15.136719,25000000.000
17137,2093,21.972656,25000000.000
17138,2101,25.878906,25000000.000
17139,2101,25.878906,25000000.000
17140,2113,31.738281,25000000.000
17141,2117,33.691406,25000000.000
17142,2120,35.156250,25000000.000
17143,2123,36.621094,25000000.000
17144,2119,34.667969,25000000.000
17145,2117,33.691406,25000000.000
17146,2111,30.761719,25000000.000
17147,2111,30.761719,25000000.000
17148,2099,24.902344,25000000.000
17149,2093,21.972656,25000000.000
17150,2082,16.601562,25000000.000
17151,2080,15.625000,25000000.000
17152,2063,7.324219,25000000.000
17153,2055,3.417969,25000000.000
17154,2038,-4.882812,25000000.000
17155,2039,-4.394531,25000000.000
17156,2017,-15.136719,25000000.000
17157,2007,-20.019531,25000000.000
17158,1997,-24.902344,25000000.000
17159,1997,-24.902344,25000000.000
17160,1982,-32.226562,25000000.000
17161,1977,-34.667969,25000000.000
17162,1974,-36.132812,25000000.000
17163,1974,-36.132812,25000000.000
17164,1975,-35.644531,25000000.000
17165,1975,-35.644531,25000000.000
17166,1979,-33.691406,25000000.000
17167,1978,-34.179688,25000000.000
17168,1991,-27.832031,25000000.000
17169,1999,-23.925781,25000000.000
17170,1999,-23.925781,25000000.000
17171,2000,-23.437500,25000000.000
17172,2016,-15.625000,25000000.000
17173,2038,-4.882812,25000000.000
17174,2046,-0.976562,25000000.000
17175,2046,-0.976562,25000000.000
17176,2070,10.742188,25000000.000
17177,2082,16.601562,25000000.000
17178,2095,22.949219,25000000.000
17179,2093,21.972656,25000000.000
17180,2110,30.273438,25000000.000
17181,2114,32.226562,25000000.000
17182,2120,35.156250,25000000.000
17183,2117,33.691406,25000000.000
17184,2120,35.156250,25000000.000
17185,2119,34.667969,25000000.000
17186,2115,32.714844,25000000.000
17187,2116,33.203125,25000000.000
17188,2104,27.343750,25000000.000
17189,2100,25.390625,25000000.000
17190,2091,20.996094,25000000.000
17191,2089,20.019531,25000000.000
17192,2070,10.742188,25000000.000
17193,2060,5.859375,25000000.000
17194,2052,1.953125,25000000.000
17195,2050,0.976562,25000000.000
17196,2028,-9.765625,25000000.000
17197,2017,-15.136719,25000000.000
17198,2007,-20.019531,25000000.000
17199,2005,-20.996094,25000000.000
17200,1989,-28.808594,25000000.000
17201,1983,-31.738281,25000000.000
17202,1977,-34.667969,25000000.000
17203,1977,-34.667969,25000000.000
17204,1974,-36.132812,25000000.000
17205,1976,-35.156250,25000000.000
17206,1975,-35.644531,25000000.000
17207,1977,-34.667969,25000000.000
17208,1985,-30.761719,25000000.000
17209,1990,-28.320312,25000000.000
17210,2000,-23.437500,25000000.000
17211,2001,-22.949219,25000000.000
17212,2016,-15.625000,25000000.000
17213,2012,-17.578125,25000000.000
17214,2033,-7.324219,25000000.000
17215,2034,-6.835938,25000000.000
17216,2058,4.882812,25000000.000
17217,2073,12.207031,25000000.000
17218,2083,17.089844,25000000.000
17219,2083,17.089844,25000000.000
17220,2102,26.367188,25000000.000
17221,2112,31.250000,25000000.000
17222,2114,32.226562,25000000.000
17223,2116,33.203125,25000000.000
17224,2121,35.644531,25000000.000
17225,2120,35.156250,25000000.000
17226,2119,34.667969,25000000.000
17227,2119,34.667969,25000000.000
17228,2112,31.250000,25000000.000
17229,2104,27.343750,25000000.000
17230,2099,24.902344,25000000.000
17231,2096,23.437500,25000000.000
17232,2081,16.113281,25000000.000
17233,2072,11.718750,25000000.000
17234,2060,5.859375,25000000.000
17235,2057,4.394531,25000000.000
17236,2042,-2.929688,25000000.000
17237,2017,-15.136719,25000000.000
17238,2019,-14.160156,25000000.000
17239,2024,-11.718750,25000000.000
17240,1995,-25.878906,25000000.000
17241,1983,-31.738281,25000000.000
17242,1984,-31.250000,25000000.000
17243,1978,-34.179688,25000000.000
17244,1977,-34.667969,25000000.000
17245,1974,-36.132812,25000000.000
17246,1975,-35.644531,25000000.000
17247,1974,-36.132812,25000000.000
17248,1980,-33.203125,25000000.000
17249,1984,-31.250000,25000000.000
17250,1992,-27.343750,25000000.000
17251,1991,-27.832031,25000000.000
17252,2007,-20.019531,25000000.000
17253,2018,-14.648438,25000000.000
17254,2028,-9.765625,25000000.000
17255,2031,-8.300781,25000000.000
17256,2053,2.441406,25000000.000
17257,2056,3.906250,25000000.000
17258,2078,14.648438,25000000.000
17259,2077,14.160156,25000000.000
17260,2097,23.925781,25000000.000
17261,2102,26.367188,25000000.000
17262,2112,31.250000,25000000.000
17263,2110,30.273438,25000000.000
17264,2122,36.132812,25000000.000
17265,2114,32.226562,25000000.000
17266,2123,36.621094,25000000.000
17267,2119,34.667969,25000000.000
17268,2112,31.250000,25000000.000
17269,2112,31.250000,25000000.000
17270,2104,27.343750,25000000.000
17271,2104,27.343750,25000000.000
17272,2088,19.531250,25000000.000
17273,2079,15.136719,25000000.000
17274,2069,10.253906,25000000.000
17275,2070,10.742188,25000000.000
17276,2047,-0.488281,25000000.000
17277,2036,-5.859375,25000000.000
17278,2023,-12.207031,25000000.000
17279,2023,-12.207031,25000000.000
17280,2004,-21.484375,25000000.000
17281,1993,-26.855469,25000000.000
17282,1986,-30.273438,25000000.000
17283,1986,-30.273438,25000000.000
17284,1977,-34.667969,25000000.000
17285,1974,-36.132812,25000000.000
17286,1972,-37.109375,25000000.000
17287,1974,-36.132812,25000000.000
17288,1976,-35.156250,25000000.000
17289,1979,-33.691406,25000000.000
17290,1986,-30.273438,25000000.000
17291,1988,-29.296875,25000000.000
17292,2000,-23.437500,25000000.000
17293,2010,-18.554688,25000000.000
17294,2020,-13.671875,25000000.000
17295,2020,-13.671875,25000000.000
17296,2042,-2.929688,25000000.000
17297,2052,1.953125,25000000.000
17298,2065,8.300781,25000000.000
17299,2065,8.300781,25000000.000
17300,2086,18.554688,25000000.000
17301,2097,23.925781,25000000.000
17302,2105,27.832031,25000000.000
17303,2105,27.832031,25000000.000
17304,2114,32.226562,25000000.000
17305,2120,35.156250,25000000.000
17306,2120,35.156250,25000000.000
17307,2120,35.156250,25000000.000
17308,2117,33.691406,25000000.000
17309,2112,31.250000,25000000.000
17310,2109,29.785156,25000000.000
17311,2107,28.808594,25000000.000
17312,2094,22.460938,25000000.000
17313,2086,18.554688,25000000.000
17314,2078,14.648438,25000000.000
17315,2075,13.183594,25000000.000
17316,2055,3.417969,25000000.000
17317,2050,0.976562,25000000.000
17318,2036,-5.859375,25000000.000
17319,2033,-7.324219,25000000.000
17320,2011,-18.066406,25000000.000
17321,2004,-21.484375,25000000.000
17322,1991,-27.832031,25000000.000
17323,1991,-27.832031,25000000.000
17324,1980,-33.203125,25000000.000
17325,1975,-35.644531,25000000.000
17326,1974,-36.132812,25000000.000
17327,1974,-36.132812,25000000.000
17328,1975,-35.644531,25000000.000
17329,1977,-34.667969,25000000.000
17330,1982,-32.226562,25000000.000
17331,1982,-32.226562,25000000.000
17332,1993,-26.855469,25000000.000
17333,2001,-22.949219,25000000.000
17334,2009,-19.042969,25000000.000
17335,2010,-18.554688,25000000.000
17336,2030,-8.789062,25000000.000
17337,2043,-2.441406,25000000.000
17338,2052,1.953125,25000000.000
17339,2056,3.906250,25000000.000
17340,2077,14.160156,25000000.000
17341,2087,19.042969,25000000.000
17342,2098,24.414062,25000000.000
17343,2098,24.414062,25000000.000
17344,2112,31.250000,25000000.000
17345,2117,33.691406,25000000.000
17346,2121,35.644531,25000000.000
17347,2118,34.179688,25000000.000
17348,2119,34.667969,25000000.000
17349,2118,34.179688,25000000.000
17350,2113,31.738281,25000000.000
17351,2112,31.250000,25000000.000
17352,2102,26.367188,25000000.000
17353,2096,23.437500,25000000.000
17354,2084,17.578125,25000000.000
17355,2085,18.066406,25000000.000
17356,2065,8.300781,25000000.000
17357,2055,3.417969,25000000.000
17358,2044,-1.953125,25000000.000
17359,2044,-1.953125,25000000.000
17360,2021,-13.183594,25000000.000
17361,2010,-18.554688,25000000.000
17362,2000,-23.437500,25000000.000
17363,2000,-23.437500,25000000.000
17364,1984,-31.250000,25000000.000
17365,1979,-33.691406,25000000.000
17366,1974,-36.132812,25000000.000
17367,1974,-36.132812,25000000.000
17368,1974,-36.132812,25000000.000
17369,1978,-34.179688,25000000.000
17370,1976,-35.156250,25000000.000
17371,1979,-33.691406,25000000.000
17372,1988,-29.296875,25000000.000
17373,1996,-25.390625,25000000.000
17374,2001,-22.949219,25000000.000
17375,2004,-21.484375,25000000.000
17376,2021,-13.183594,25000000.000
17377,2036,-5.859375,25000000.000
17378,2042,-2.929688,25000000.000
17379,2044,-1.953125,25000000.000
17380,2068,9.765625,25000000.000
17381,2079,15.136719,25000000.000
17382,2089,20.019531,25000000.000
17383,2089,20.019531,25000000.000
17384,2107,28.808594,25000000.000
17385,2114,32.226562,25000000.000
17386,2116,33.203125,25000000.000
17387,2117,33.691406,25000000.000
17388,2119,34.667969,25000000.000
17389,2120,35.156250,25000000.000
17390,2118,34.179688,25000000.000
17391,2118,34.179688,25000000.000
17392,2108,29.296875,25000000.000
17393,2101,25.878906,25000000.000
17394,2093,21.972656,25000000.000
17395,2093,21.972656,25000000.000
17396,2076,13.671875,25000000.000
17397,2064,7.812500,25000000.000
17398,2054,2.929688,25000000.000
17399,2052,1.953125,25000000.000
17400,2031,-8.300781,25000000.000
17401,2023,-12.207031,25000000.000
17402,2008,-19.531250,25000000.000
17403,2007,-20.019531,25000000.000
17404,1989,-28.808594,25000000.000
17405,1985,-30.761719,25000000.000
17406,1977,-34.667969,25000000.000
17407,1979,-33.691406,25000000.000
17408,1975,-35.644531,25000000.000
17409,1974,-36.132812,25000000.000
17410,1976,-35.156250,25000000.000
17411,1977,-34.667969,25000000.000
17412,1985,-30.761719,25000000.000
17413,1988,-29.296875,25000000.000
17414,1997,-24.902344,25000000.000
17415,1997,-24.902344,25000000.000
17416,2013,-17.089844,25000000.000
17417,2024,-11.718750,25000000.000
17418,2033,-7.324219,25000000.000
17419,2035,-6.347656,25000000.000
17420,2055,3.417969,25000000.000
17421,2071,11.230469,25000000.000
17422,2079,15.136719,25000000.000
17423,2083,17.089844,25000000.000
17424,2100,25.390625,25000000.000
17425,2108,29.296875,25000000.000
17426,2115,32.714844,25000000.000
17427,2116,33.203125,25000000.000
17428,2122,36.132812,25000000.000
17429,2120,35.156250,25000000.000
17430,2120,35.156250,25000000.000
17431,2118,34.179688,25000000.000
17432,2116,33.203125,25000000.000
17433,2109,29.785156,25000000.000
17434,2102,26.367188,25000000.000
17435,2100,25.390625,25000000.000
17436,2084,17.578125,25000000.000
17437,2073,12.207031,25000000.000
17438,2063,7.324219,25000000.000
17439,2064,7.812500,25000000.000
17440,2041,-3.417969,25000000.000
17441,2029,-9.277344,25000000.000
17442,2019,-14.160156,25000000.000
17443,2019,-14.160156,25000000.000
17444,2001,-22.949219,25000000.000
17445,1986,-30.273438,25000000.000
17446,1986,-30.273438,25000000.000
17447,1982,-32.226562,25000000.000
17448,1972,-37.109375,25000000.000
17449,1974,-36.132812,25000000.000
17450,1975,-35.644531,25000000.000
17451,1973,-36.621094,25000000.000
17452,1981,-32.714844,25000000.000
17453,1982,-32.226562,25000000.000
17454,1991,-27.832031,25000000.000
17455,1993,-26.855469,25000000.000
17456,2006,-20.507812,25000000.000
17457,2016,-15.625000,25000000.000
17458,2027,-10.253906,25000000.000
17459,2028,-9.765625,25000000.000
17460,2051,1.464844,25000000.000
17461,2060,5.859375,25000000.000
17462,2072,11.718750,25000000.000
17463,2074,12.695312,25000000.000
17464,2094,22.460938,25000000.000
17465,2103,26.855469,25000000.000
17466,2109,29.785156,25000000.000
17467,2108,29.296875,25000000.000
17468,2118,34.179688,25000000.000
17469,2122,36.132812,25000000.000
17470,2120,35.156250,25000000.000
17471,2121,35.644531,25000000.000
17472,2115,32.714844,25000000.000
17473,2112,31.250000,25000000.000
17474,2106,28.320312,25000000.000
17475,2105,27.832031,25000000.000
17476,2090,20.507812,25000000.000
17477,2080,15.625000,25000000.000
17478,2073,12.207031,25000000.000
17479,2070,10.742188,25000000.000
17480,2050,0.976562,25000000.000
17481,2039,-4.394531,25000000.000
17482,2026,-10.742188,25000000.000
17483,2025,-11.230469,25000000.000
17484,2006,-20.507812,25000000.000
17485,1996,-25.390625,25000000.000
17486,1987,-29.785156,25000000.000
17487,1987,-29.785156,25000000.000
17488,1975,-35.644531,25000000.000
17489,1974,-36.132812,25000000.000
17490,1974,-36.132812,25000000.000
17491,1973,-36.621094,25000000.000
17492,1977,-34.667969,25000000.000
17493,1978,-34.179688,25000000.000
17494,1986,-30.273438,25000000.000
17495,1985,-30.761719,25000000.000
17496,1998,-24.414062,25000000.000
17497,2005,-20.996094,25000000.000
17498,2016,-15.625000,25000000.000
17499,2016,-15.625000,25000000.000
17500,2038,-4.882812,25000000.000
17501,2049,0.488281,25000000.000
17502,2060,5.859375,25000000.000
17503,2062,6.835938,25000000.000
17504,2083,17.089844,25000000.000
17505,2094,22.460938,25000000.000
17506,2103,26.855469,25000000.000
17507,2104,27.343750,25000000.000
17508,2116,33.203125,25000000.000
17509,2117,33.691406,25000000.000
17510,2120,35.156250,25000000.000
17511,2120,35.156250,25000000.000
17512,2119,34.667969,25000000.000
17513,2114,32.226562,25000000.000
17514,2110,30.273438,25000000.000
17515,2109,29.785156,25000000.000
17516,2097,23.925781,25000000.000
17517,2089,20.019531,25000000.000
17518,2078,14.648438,25000000.000
17519,2077,14.160156,25000000.000
17520,2057,4.394531,25000000.000
17521,2048,0.000000,25000000.000
17522,2036,-5.859375,25000000.000
17523,2035,-6.347656,25000000.000
17524,2014,-16.601562,25000000.000
17525,2002,-22.460938,25000000.000
17526,1996,-25.390625,25000000.000
17527,1994,-26.367188,25000000.000
17528,1982,-32.226562,25000000.000
17529,1976,-35.156250,25000000.000
17530,1973,-36.621094,25000000.000
17531,1973,-36.621094,25000000.000
17532,1973,-36.621094,25000000.000
17533,1977,-34.667969,25000000.000
17534,1977,-34.667969,25000000.000
17535,1978,-34.179688,25000000.000
17536,1990,-28.320312,25000000.000
17537,2000,-23.437500,25000000.000
17538,2006,-20.507812,25000000.000
17539,2010,-18.554688,25000000.000
17540,2030,-8.789062,25000000.000
17541,2039,-4.394531,25000000.000
17542,2051,1.464844,25000000.000
17543,2053,2.441406,25000000.000
17544,2075,13.183594,25000000.000
17545,2085,18.066406,25000000.000
17546,2096,23.437500,25000000.000
17547,2095,22.949219,25000000.000
17548,2111,30.761719,25000000.000
17549,2117,33.691406,25000000.000
17550,2120,35.156250,25000000.000
17551,2119,34.667969,25000000.000
17552,2120,35.156250,25000000.000
17553,2119,34.667969,25000000.000
17554,2114,32.226562,25000000.000
17555,2114,32.226562,25000000.000
17556,2104,27.343750,25000000.000
17557,2095,22.949219,25000000.000
17558,2088,19.531250,25000000.000
17559,2087,19.042969,25000000.000
17560,2062,6.835938,25000000.000
17561,2056,3.906250,25000000.000
17562,2050,0.976562,25000000.000
17563,2041,-3.417969,25000000.000
17564,2025,-11.230469,25000000.000
17565,2013,-17.089844,25000000.000
17566,2002,-22.460938,25000000.000
17567,1999,-23.925781,25000000.000
17568,1990,-28.320312,25000000.000
17569,1983,-31.738281,25000000.000
17570,1974,-36.132812,25000000.000
17571,1977,-34.667969,25000000.000
17572,1975,-35.644531,25000000.000
17573,1974,-36.132812,25000000.000
17574,1977,-34.667969,25000000.000
17575,1979,-33.691406,25000000.000
17576,1988,-29.296875,25000000.000
17577,1992,-27.343750,25000000.000
17578,2002,-22.460938,25000000.000
17579,2002,-22.460938,25000000.000
17580,2020,-13.671875,25000000.000
17581,2031,-8.300781,25000000.000
17582,2042,-2.929688,25000000.000
17583,2042,-2.929688,25000000.000
17584,2066,8.789062,25000000.000
17585,2078,14.648438,25000000.000
17586,2087,19.042969,25000000.000
17587,2090,20.507812,25000000.000
17588,2105,27.832031,25000000.000
17589,2112,31.250000,25000000.000
17590,2118,34.179688,25000000.000
17591,2118,34.179688,25000000.000
17592,2123,36.621094,25000000.000
17593,2120,35.156250,25000000.000
17594,2119,34.667969,25000000.000
17595,2117,33.691406,25000000.000
17596,2109,29.785156,25000000.000
17597,2102,26.367188,25000000.000
17598,2095,22.949219,25000000.000
17599,2092,21.484375,25000000.000
17600,2079,15.136719,25000000.000
17601,2064,7.812500,25000000.000
17602,2057,4.394531,25000000.000
17603,2053,2.441406,25000000.000
17604,2030,-8.789062,25000000.000
17605,2019,-14.160156,25000000.000
17606,2012,-17.578125,25000000.000
17607,2009,-19.042969,25000000.000
17608,1993,-26.855469,25000000.000
17609,1983,-31.738281,25000000.000
17610,1981,-32.714844,25000000.000
17611,1980,-33.203125,25000000.000
17612,1973,-36.621094,25000000.000
17613,1971,-37.597656,25000000.000
17614,1976,-35.156250,25000000.000
17615,1975,-35.644531,25000000.000
17616,1982,-32.226562,25000000.000
17617,1989,-28.808594,25000000.000
17618,1993,-26.855469,25000000.000
17619,1996,-25.390625,25000000.000
17620,2008,-19.531250,25000000.000
17621,2023,-12.207031,25000000.000
17622,2033,-7.324219,25000000.000
17623,2033,-7.324219,25000000.000
17624,2056,3.906250,25000000.000
17625,2067,9.277344,25000000.000
17626,2080,15.625000,25000000.000
17627,2080,15.625000,25000000.000
17628,2099,24.902344,25000000.000
17629,2106,28.320312,25000000.000
17630,2113,31.738281,25000000.000
17631,2114,32.226562,25000000.000
17632,2119,34.667969,25000000.000
17633,2120,35.156250,25000000.000
17634,2121,35.644531,25000000.000
17635,2118,34.179688,25000000.000
17636,2112,31.250000,25000000.000
17637,2108,29.296875,25000000.000
17638,2100,25.390625,25000000.000
17639,2100,25.390625,25000000.000
17640,2082,16.601562,25000000.000
17641,2078,14.648438,25000000.000
17642,2066,8.789062,25000000.000
17643,2066,8.789062,25000000.000
17644,2049,0.488281,25000000.000
17645,2031,-8.300781,25000000.000
17646,2020,-13.671875,25000000.000
17647,2016,-15.625000,25000000.000
17648,2001,-22.949219,25000000.000
17649,1992,-27.343750,25000000.000
17650,1984,-31.250000,25000000.000
17651,1983,-31.738281,25000000.000
17652,1977,-34.667969,25000000.000
17653,1974,-36.132812,25000000.000
17654,1976,-35.156250,25000000.000
17655,1976,-35.156250,25000000.000
17656,1977,-34.667969,25000000.000
17657,1983,-31.738281,25000000.000
17658,1988,-29.296875,25000000.000
17659,1990,-28.320312,25000000.000
17660,2004,-21.484375,25000000.000
17661,2012,-17.578125,25000000.000
17662,2023,-12.207031,25000000.000
17663,2024,-11.718750,25000000.000
17664,2044,-1.953125,25000000.000
17665,2058,4.882812,25000000.000
17666,2068,9.765625,25000000.000
17667,2069,10.253906,25000000.000
17668,2090,20.507812,25000000.000
17669,2099,24.902344,25000000.000
17670,2105,27.832031,25000000.000
17671,2108,29.296875,25000000.000
17672,2118,34.179688,25000000.000
17673,2118,34.179688,25000000.000
17674,2119,34.667969,25000000.000
17675,2122,36.132812,25000000.000
17676,2122,36.132812,25000000.000
17677,2117,33.691406,25000000.000
17678,2103,26.855469,25000000.000
17679,2103,26.855469,25000000.000
17680,2119,34.667969,25000000.000
17681,2087,19.042969,25000000.000
17682,2071,11.230469,25000000.000
17683,2076,13.671875,25000000.000
17684,2048,0.000000,25000000.000
17685,2043,-2.441406,25000000.000
17686,2028,-9.765625,25000000.000
17687,2027,-10.253906,25000000.000
17688,2009,-19.042969,25000000.000
17689,1999,-23.925781,25000000.000
17690,1988,-29.296875,25000000.000
17691,1988,-29.296875,25000000.000
17692,1979,-33.691406,25000000.000
17693,1974,-36.132812,25000000.000
17694,1974,-36.132812,25000000.000
17695,1974,-36.132812,25000000.000
17696,1973,-36.621094,25000000.000
17697,1976,-35.156250,25000000.000
17698,1980,-33.203125,25000000.000
17699,1980,-33.203125,25000000.000
17700,1994,-26.367188,25000000.000
17701,2003,-21.972656,25000000.000
17702,2013,-17.089844,25000000.000
17703,2016,-15.625000,25000000.000
17704,2034,-6.835938,25000000.000
17705,2046,-0.976562,25000000.000
17706,2058,4.882812,25000000.000
17707,2061,6.347656,25000000.000
17708,2081,16.113281,25000000.000
17709,2089,20.019531,25000000.000
17710,2101,25.878906,25000000.000
17711,2101,25.878906,25000000.000
17712,2116,33.203125,25000000.000
17713,2117,33.691406,25000000.000
17714,2119,34.667969,25000000.000
17715,2119,34.667969,25000000.000
17716,2119,34.667969,25000000.000
17717,2116,33.203125,25000000.000
17718,2111,30.761719,25000000.000
17719,2111,30.761719,25000000.000
17720,2097,23.925781,25000000.000
17721,2092,21.484375,25000000.000
17722,2082,16.601562,25000000.000
17723,2082,16.601562,25000000.000
17724,2062,6.835938,25000000.000
17725,2048,0.000000,25000000.000
17726,2040,-3.906250,25000000.000
17727,2037,-5.371094,25000000.000
17728,2018,-14.648438,25000000.000
17729,2005,-20.996094,25000000.000
17730,1997,-24.902344,25000000.000
17731,1996,-25.390625,25000000.000
17732,1981,-32.714844,25000000.000
17733,1977,-34.667969,25000000.000
17734,1974,-36.132812,25000000.000
17735,1972,-37.109375,25000000.000
17736,1972,-37.109375,25000000.000
17737,1977,-34.667969,25000000.000
17738,1977,-34.667969,25000000.000
17739,1980,-33.203125,25000000.000
17740,1990,-28.320312,25000000.000
17741,1997,-24.902344,25000000.000
17742,2006,-20.507812,25000000.000
17743,2007,-20.019531,25000000.000
17744,2026,-10.742188,25000000.000
17745,2036,-5.859375,25000000.000
17746,2050,0.976562,25000000.000
17747,2051,1.464844,25000000.000
17748,2071,11.230469,25000000.000
17749,2085,18.066406,25000000.000
17750,2093,21.972656,25000000.000
17751,2093,21.972656,25000000.000
17752,2108,29.296875,25000000.000
17753,2117,33.691406,25000000.000
17754,2116,33.203125,25000000.000
17755,2119,34.667969,25000000.000
17756,2120,35.156250,25000000.000
17757,2118,34.179688,25000000.000
17758,2116,33.203125,25000000.000
17759,2116,33.203125,25000000.000
17760,2106,28.320312,25000000.000
17761,2096,23.437500,25000000.000
17762,2091,20.996094,25000000.000
17763,2089,20.019531,25000000.000
17764,2070,10.742188,25000000.000
17765,2062,6.835938,25000000.000
17766,2047,-0.488281,25000000.000
17767,2045,-1.464844,25000000.000
17768,2026,-10.742188,25000000.000
17769,2015,-16.113281,25000000.000
17770,2003,-21.972656,25000000.000
17771,2004,-21.484375,25000000.000
17772,1988,-29.296875,25000000.000
17773,1981,-32.714844,25000000.000
17774,1977,-34.667969,25000000.000
17775,1977,-34.667969,25000000.000
17776,1975,-35.644531,25000000.000
17777,1974,-36.132812,25000000.000
17778,1978,-34.179688,25000000.000
17779,1978,-34.179688,25000000.000
17780,1985,-30.761719,25000000.000
17781,1992,-27.343750,25000000.000
17782,2000,-23.437500,25000000.000
17783,1999,-23.925781,25000000.000
17784,2017,-15.136719,25000000.000
17785,2029,-9.277344,25000000.000
17786,2038,-4.882812,25000000.000
17787,2040,-3.906250,25000000.000
17788,2062,6.835938,25000000.000
17789,2073,12.207031,25000000.000
17790,2087,19.042969,25000000.000
17791,2087,19.042969,25000000.000
17792,2105,27.832031,25000000.000
17793,2110,30.273438,25000000.000
17794,2117,33.691406,25000000.000
17795,2116,33.203125,25000000.000
17796,2122,36.132812,25000000.000
17797,2121,35.644531,25000000.000
17798,2119,34.667969,25000000.000
17799,2119,34.667969,25000000.000
17800,2110,30.273438,25000000.000
17801,2105,27.832031,25000000.000
17802,2097,23.925781,25000000.000
17803,2097,23.925781,25000000.000
17804,2079,15.136719,25000000.000
17805,2070,10.742188,25000000.000
17806,2061,6.347656,25000000.000
17807,2057,4.394531,25000000.000
17808,2036,-5.859375,25000000.000
17809,2024,-11.718750,25000000.000
17810,2015,-16.113281,25000000.000
17811,2014,-16.601562,25000000.000
17812,1995,-25.878906,25000000.000
17813,1987,-29.785156,25000000.000
17814,1981,-32.714844,25000000.000
17815,1980,-33.203125,25000000.000
17816,1974,-36.132812,25000000.000
17817,1974,-36.132812,25000000.000
17818,1974,-36.132812,25000000.000
17819,1977,-34.667969,25000000.000
17820,1982,-32.226562,25000000.000
17821,1988,-29.296875,25000000.000
17822,1993,-26.855469,25000000.000
17823,1994,-26.367188,25000000.000
17824,2012,-17.578125,25000000.000
17825,2020,-13.671875,25000000.000
17826,2031,-8.300781,25000000.000
17827,2030,-8.789062,25000000.000
17828,2054,2.929688,25000000.000
17829,2064,7.812500,25000000.000
17830,2077,14.160156,25000000.000
17831,2077,14.160156,25000000.000
17832,2097,23.925781,25000000.000
17833,2102,26.367188,25000000.000
17834,2110,30.273438,25000000.000
17835,2112,31.250000,25000000.000
17836,2119,34.667969,25000000.000
17837,2122,36.132812,25000000.000
17838,2119,34.667969,25000000.000
17839,2121,35.644531,25000000.000
17840,2116,33.203125,25000000.000
17841,2109,29.785156,25000000.000
17842,2104,27.343750,25000000.000
17843,2102,26.367188,25000000.000
17844,2090,20.507812,25000000.000
17845,2078,14.648438,25000000.000
17846,2068,9.765625,25000000.000
17847,2063,7.324219,25000000.000
17848,2046,-0.976562,25000000.000
17849,2034,-6.835938,25000000.000
17850,2024,-11.718750,25000000.000
17851,2021,-13.183594,25000000.000
17852,2002,-22.460938,25000000.000
17853,1995,-25.878906,25000000.000
17854,1984,-31.250000,25000000.000
17855,1984,-31.250000,25000000.000
17856,1977,-34.667969,25000000.000
17857,1973,-36.621094,25000000.000
17858,1970,-38.085938,25000000.000
17859,1978,-34.179688,25000000.000
17860,1977,-34.667969,25000000.000
17861,1994,-26.367188,25000000.000
17862,1982,-32.226562,25000000.000
17863,1979,-33.691406,25000000.000
17864,2002,-22.460938,25000000.000
17865,2006,-20.507812,25000000.000
17866,2019,-14.160156,25000000.000
17867,2018,-14.648438,25000000.000
17868,2041,-3.417969,25000000.000
17869,2054,2.929688,25000000.000
17870,2064,7.812500,25000000.000
17871,2068,9.765625,25000000.000
17872,2087,19.042969,25000000.000
17873,2096,23.437500,25000000.000
17874,2106,28.320312,25000000.000
17875,2107,28.808594,25000000.000
17876,2117,33.691406,25000000.000
17877,2119,34.667969,25000000.000
17878,2103,26.855469,25000000.000
17879,2131,40.527344,25000000.000
17880,2122,36.132812,25000000.000
17881,2105,27.832031,25000000.000
17882,2105,27.832031,25000000.000
17883,2096,23.437500,25000000.000
17884,2100,25.390625,25000000.000
17885,2086,18.554688,25000000.000
17886,2075,13.183594,25000000.000
17887,2078,14.648438,25000000.000
17888,2058,4.882812,25000000.000
17889,2044,-1.953125,25000000.000
17890,2033,-7.324219,25000000.000
17891,2032,-7.812500,25000000.000
17892,2008,-19.531250,25000000.000
17893,2000,-23.437500,25000000.000
17894,1992,-27.343750,25000000.000
17895,1990,-28.320312,25000000.000
17896,1979,-33.691406,25000000.000
17897,1973,-36.621094,25000000.000
17898,1973,-36.621094,25000000.000
17899,1972,-37.109375,25000000.000
17900,1975,-35.644531,25000000.000
17901,1980,-33.203125,25000000.000
17902,1978,-34.179688,25000000.000
17903,1980,-33.203125,25000000.000
17904,1995,-25.878906,25000000.000
17905,2002,-22.460938,25000000.000
17906,2021,-13.183594,25000000.000
17907,2006,-20.507812,25000000.000
17908,2026,-10.742188,25000000.000
17909,2046,-0.976562,25000000.000
17910,2056,3.906250,25000000.000
17911,2058,4.882812,25000000.000
17912,2077,14.160156,25000000.000
17913,2089,20.019531,25000000.000
17914,2100,25.390625,25000000.000
17915,2100,25.390625,25000000.000
17916,2111,30.761719,25000000.000
17917,2118,34.179688,25000000.000
17918,2117,33.691406,25000000.000
17919,2118,34.179688,25000000.000
17920,2120,35.156250,25000000.000
17921,2110,30.273438,25000000.000
17922,2116,33.203125,25000000.000
17923,2114,32.226562,25000000.000
17924,2096,23.437500,25000000.000
17925,2094,22.460938,25000000.000
17926,2086,18.554688,25000000.000
17927,2083,17.089844,25000000.000
17928,2066,8.789062,25000000.000
17929,2052,1.953125,25000000.000
17930,2043,-2.441406,25000000.000
17931,2039,-4.394531,25000000.000
17932,2019,-14.160156,25000000.000
17933,2009,-19.042969,25000000.000
17934,1999,-23.925781,25000000.000
17935,1997,-24.902344,25000000.000
17936,1981,-32.714844,25000000.000
17937,1979,-33.691406,25000000.000
17938,1975,-35.644531,25000000.000
17939,1976,-35.156250,25000000.000
17940,1974,-36.132812,25000000.000
17941,1975,-35.644531,25000000.000
17942,1980,-33.203125,25000000.000
17943,1979,-33.691406,25000000.000
17944,1989,-28.808594,25000000.000
17945,1995,-25.878906,25000000.000
17946,2005,-20.996094,25000000.000
17947,2006,-20.507812,25000000.000
17948,2025,-11.230469,25000000.000
17949,2039,-4.394531,25000000.000
17950,2040,-3.906250,25000000.000
17951,2049,0.488281,25000000.000
17952,2070,10.742188,25000000.000
17953,2082,16.601562,25000000.000
17954,2090,20.507812,25000000.000
17955,2091,20.996094,25000000.000
17956,2108,29.296875,25000000.000
17957,2111,30.761719,25000000.000
17958,2118,34.179688,25000000.000
17959,2120,35.156250,25000000.000
17960,2121,35.644531,25000000.000
17961,2118,34.179688,25000000.000
17962,2116,33.203125,25000000.000
17963,2114,32.226562,25000000.000
17964,2108,29.296875,25000000.000
17965,2100,25.390625,25000000.000
17966,2090,20.507812,25000000.000
17967,2091,20.996094,25000000.000
17968,2074,12.695312,25000000.000
17969,2064,7.812500,25000000.000
17970,2052,1.953125,25000000.000
17971,2052,1.953125,25000000.000
17972,2030,-8.789062,25000000.000
17973,2017,-15.136719,25000000.000
17974,2009,-19.042969,25000000.000
17975,2006,-20.507812,25000000.000
17976,1991,-27.832031,25000000.000
17977,1984,-31.250000,25000000.000
17978,1977,-34.667969,25000000.000
17979,1977,-34.667969,25000000.000
17980,1974,-36.132812,25000000.000
17981,1975,-35.644531,25000000.000
17982,1975,-35.644531,25000000.000
17983,1974,-36.132812,25000000.000
17984,1984,-31.250000,25000000.000
17985,1992,-27.343750,25000000.000
17986,1996,-25.390625,25000000.000
17987,1998,-24.414062,25000000.000
17988,2015,-16.113281,25000000.000
17989,2024,-11.718750,25000000.000
17990,2036,-5.859375,25000000.000
17991,2039,-4.394531,25000000.000
17992,2060,5.859375,25000000.000
17993,2069,10.253906,25000000.000
17994,2082,16.601562,25000000.000
17995,2082,16.601562,25000000.000
17996,2103,26.855469,25000000.000
17997,2108,29.296875,25000000.000
17998,2114,32.226562,25000000.000
17999,2115,32.714844,25000000.000
18000,2120,35.156250,25000000.000
18001,2124,37.109375,25000000.000
18002,2119,34.667969,25000000.000
18003,2121,35.644531,25000000.000
18004,2112,31.250000,25000000.000
18005,2106,28.320312,25000000.000
18006,2100,25.390625,25000000.000
18007,2099,24.902344,25000000.000
18008,2082,16.601562,25000000.000
18009,2072,11.718750,25000000.000
18010,2063,7.324219,25000000.000
18011,2062,6.835938,25000000.000
18012,2040,-3.906250,25000000.000
18013,2027,-10.253906,25000000.000
18014,2018,-14.648438,25000000.000
18015,2015,-16.113281,25000000.000
18016,1995,-25.878906,25000000.000
18017,1989,-28.808594,25000000.000
18018,1981,-32.714844,25000000.000
18019,1982,-32.226562,25000000.000
18020,1975,-35.644531,25000000.000
18021,1976,-35.156250,25000000.000
18022,1974,-36.132812,25000000.000
18023,1975,-35.644531,25000000.000
18024,1979,-33.691406,25000000.000
18025,1984,-31.250000,25000000.000
18026,1991,-27.832031,25000000.000
18027,1990,-28.320312,25000000.000
18028,2007,-20.019531,25000000.000
18029,2017,-15.136719,25000000.000
18030,2025,-11.230469,25000000.000
18031,2027,-10.253906,25000000.000
18032,2050,0.976562,25000000.000
18033,2062,6.835938,25000000.000
18034,2070,10.742188,25000000.000
18035,2074,12.695312,25000000.000
18036,2093,21.972656,25000000.000
18037,2103,26.855469,25000000.000
18038,2109,29.785156,25000000.000
18039,2113,31.738281,25000000.000
18040,2119,34.667969,25000000.000
18041,2122,36.132812,25000000.000
18042,2121,35.644531,25000000.000
18043,2120,35.156250,25000000.000
18044,2118,34.179688,25000000.000
18045,2110,30.273438,25000000.000
18046,2105,27.832031,25000000.000
18047,2105,27.832031,25000000.000
18048,2089,20.019531,25000000.000
18049,2082,16.601562,25000000.000
18050,2070,10.742188,25000000.000
18051,2068,9.765625,25000000.000
18052,2048,0.000000,25000000.000
18053,2039,-4.394531,25000000.000
18054,2027,-10.253906,25000000.000
18055,2024,-11.718750,25000000.000
18056,2006,-20.507812,25000000.000
18057,1994,-26.367188,25000000.000
18058,1989,-28.808594,25000000.000
18059,1987,-29.785156,25000000.000
18060,1976,-35.156250,25000000.000
18061,1975,-35.644531,25000000.000
18062,1974,-36.132812,25000000.000
18063,1972,-37.109375,25000000.000
18064,1978,-34.179688,25000000.000
18065,1979,-33.691406,25000000.000
18066,1986,-30.273438,25000000.000
18067,1985,-30.761719,25000000.000
18068,1997,-24.902344,25000000.000
18069,2009,-19.042969,25000000.000
18070,2017,-15.136719,25000000.000
18071,2018,-14.648438,25000000.000
18072,2039,-4.394531,25000000.000
18073,2052,1.953125,25000000.000
18074,2064,7.812500,25000000.000
18075,2067,9.277344,25000000.000
18076,2088,19.531250,25000000.000
18077,2094,22.460938,25000000.000
18078,2102,26.367188,25000000.000
18079,2103,26.855469,25000000.000
18080,2115,32.714844,25000000.000
18081,2118,34.179688,25000000.000
18082,2119,34.667969,25000000.000
18083,2119,34.667969,25000000.000
18084,2115,32.714844,25000000.000
18085,2118,34.179688,25000000.000
18086,2108,29.296875,25000000.000
18087,2109,29.785156,25000000.000
18088,2094,22.460938,25000000.000
18089,2087,19.042969,25000000.000
18090,2080,15.625000,25000000.000
18091,2077,14.160156,25000000.000
18092,2059,5.371094,25000000.000
18093,2046,-0.976562,25000000.000
18094,2036,-5.859375,25000000.000
18095,2034,-6.835938,25000000.000
18096,2014,-16.601562,25000000.000
18097,2005,-20.996094,25000000.000
18098,1991,-27.832031,25000000.000
18099,1991,-27.832031,25000000.000
18100,1982,-32.226562,25000000.000
18101,1976,-35.156250,25000000.000
18102,1973,-36.621094,25000000.000
18103,1973,-36.621094,25000000.000
18104,1980,-33.203125,25000000.000
18105,1981,-32.714844,25000000.000
18106,1981,-32.714844,25000000.000
18107,1984,-31.250000,25000000.000
18108,1994,-26.367188,25000000.000
18109,1997,-24.902344,25000000.000
18110,2010,-18.554688,25000000.000
18111,2009,-19.042969,25000000.000
18112,2029,-9.277344,25000000.000
18113,2043,-2.441406,25000000.000
18114,2052,1.953125,25000000.000
18115,2054,2.929688,25000000.000
18116,2075,13.183594,25000000.000
18117,2087,19.042969,25000000.000
18118,2095,22.949219,25000000.000
18119,2098,24.414062,25000000.000
18120,2110,30.273438,25000000.000
18121,2116,33.203125,25000000.000
18122,2119,34.667969,25000000.000
18123,2121,35.644531,25000000.000
18124,2120,35.156250,25000000.000
18125,2116,33.203125,25000000.000
18126,2114,32.226562,25000000.000
18127,2113,31.738281,25000000.000
18128,2103,26.855469,25000000.000
18129,2094,22.460938,25000000.000
18130,2085,18.066406,25000000.000
18131,2085,18.066406,25000000.000
18132,2067,9.277344,25000000.000
18133,2056,3.906250,25000000.000
18134,2043,-2.441406,25000000.000
18135,2044,-1.953125,25000000.000
18136,2022,-12.695312,25000000.000
18137,2012,-17.578125,25000000.000
18138,2001,-22.949219,25000000.000
18139,2001,-22.949219,25000000.000
18140,1985,-30.761719,25000000.000
18141,1979,-33.691406,25000000.000
18142,1977,-34.667969,25000000.000
18143,1976,-35.156250,25000000.000
18144,1974,-36.132812,25000000.000
18145,1974,-36.132812,25000000.000
18146,1977,-34.667969,25000000.000
18147,1977,-34.667969,25000000.000
18148,1985,-30.761719,25000000.000
18149,1995,-25.878906,25000000.000
18150,2000,-23.437500,25000000.000
18151,2001,-22.949219,25000000.000
18152,2020,-13.671875,25000000.000
18153,2031,-8.300781,25000000.000
18154,2042,-2.929688,25000000.000
18155,2043,-2.441406,25000000.000
18156,2067,9.277344,25000000.000
18157,2078,14.648438,25000000.000
18158,2091,20.996094,25000000.000
18159,2092,21.484375,25000000.000
18160,2106,28.320312,25000000.000
18161,2112,31.250000,25000000.000
18162,2117,33.691406,25000000.000
18163,2116,33.203125,25000000.000
18164,2121,35.644531,25000000.000
18165,2121,35.644531,25000000.000
18166,2116,33.203125,25000000.000
18167,2118,34.179688,25000000.000
18168,2107,28.808594,25000000.000
18169,2103,26.855469,25000000.000
18170,2094,22.460938,25000000.000
18171,2093,21.972656,25000000.000
18172,2077,14.160156,25000000.000
18173,2066,8.789062,25000000.000
18174,2055,3.417969,25000000.000
18175,2054,2.929688,25000000.000
18176,2034,-6.835938,25000000.000
18177,2019,-14.160156,25000000.000
18178,2011,-18.066406,25000000.000
18179,2008,-19.531250,25000000.000
18180,1992,-27.343750,25000000.000
18181,1985,-30.761719,25000000.000
18182,1980,-33.203125,25000000.000
18183,1978,-34.179688,25000000.000
18184,1971,-37.597656,25000000.000
18185,1976,-35.156250,25000000.000
18186,1975,-35.644531,25000000.000
18187,1976,-35.156250,25000000.000
18188,1983,-31.738281,25000000.000
18189,1990,-28.320312,25000000.000
18190,1996,-25.390625,25000000.000
18191,1996,-25.390625,25000000.000
18192,2012,-17.578125,25000000.000
18193,2021,-13.183594,25000000.000
18194,2035,-6.347656,25000000.000
18195,2034,-6.835938,25000000.000
18196,2057,4.394531,25000000.000
18197,2069,10.253906,25000000.000
18198,2079,15.136719,25000000.000
18199,2080,15.625000,25000000.000
18200,2081,16.113281,25000000.000
18201,2111,30.761719,25000000.000
18202,2121,35.644531,25000000.000
18203,2108,29.296875,25000000.000
18204,2120,35.156250,25000000.000
18205,2121,35.644531,25000000.000
18206,2117,33.691406,25000000.000
18207,2124,37.109375,25000000.000
18208,2112,31.250000,25000000.000
18209,2109,29.785156,25000000.000
18210,2102,26.367188,25000000.000
18211,2101,25.878906,25000000.000
18212,2085,18.066406,25000000.000
18213,2075,13.183594,25000000.000
18214,2066,8.789062,25000000.000
18215,2064,7.812500,25000000.000
18216,2042,-2.929688,25000000.000
18217,2034,-6.835938,25000000.000
18218,2018,-14.648438,25000000.000
18219,2020,-13.671875,25000000.000
18220,1999,-23.925781,25000000.000
18221,1991,-27.832031,25000000.000
18222,1984,-31.250000,25000000.000
18223,1984,-31.250000,25000000.000
18224,1967,-39.550781,25000000.000
18225,1975,-35.644531,25000000.000
18226,1979,-33.691406,25000000.000
18227,1962,-41.992188,25000000.000
18228,1993,-26.855469,25000000.000
18229,1984,-31.250000,25000000.000
18230,1990,-28.320312,25000000.000
18231,1986,-30.273438,25000000.000
18232,2006,-20.507812,25000000.000
18233,2015,-16.113281,25000000.000
18234,2023,-12.207031,25000000.000
18235,2024,-11.718750,25000000.000
18236,2046,-0.976562,25000000.000
18237,2059,5.371094,25000000.000
18238,2072,11.718750,25000000.000
18239,2074,12.695312,25000000.000
18240,2092,21.484375,25000000.000
18241,2099,24.902344,25000000.000
18242,2110,30.273438,25000000.000
18243,2110,30.273438,25000000.000
18244,2120,35.156250,25000000.000
18245,2117,33.691406,25000000.000
18246,2120,35.156250,25000000.000
18247,2116,33.203125,25000000.000
18248,2110,30.273438,25000000.000
18249,2111,30.761719,25000000.000
18250,2108,29.296875,25000000.000
18251,2110,30.273438,25000000.000
18252,2081,16.113281,25000000.000
18253,2075,13.183594,25000000.000
18254,2076,13.671875,25000000.000
18255,2071,11.230469,25000000.000
18256,2049,0.488281,25000000.000
18257,2039,-4.394531,25000000.000
18258,2031,-8.300781,25000000.000
18259,2027,-10.253906,25000000.000
18260,2006,-20.507812,25000000.000
18261,1996,-25.390625,25000000.000
18262,1989,-28.808594,25000000.000
18263,1987,-29.785156,25000000.000
18264,1977,-34.667969,25000000.000
18265,1975,-35.644531,25000000.000
18266,1973,-36.621094,25000000.000
18267,1973,-36.621094,25000000.000
18268,1973,-36.621094,25000000.000
18269,1981,-32.714844,25000000.000
18270,1985,-30.761719,25000000.000
18271,1988,-29.296875,25000000.000
18272,1996,-25.390625,25000000.000
18273,2006,-20.507812,25000000.000
18274,2015,-16.113281,25000000.000
18275,2016,-15.625000,25000000.000
18276,2038,-4.882812,25000000.000
18277,2046,-0.976562,25000000.000
18278,2059,5.371094,25000000.000
18279,2060,5.859375,25000000.000
18280,2079,15.136719,25000000.000
18281,2092,21.484375,25000000.000
18282,2100,25.390625,25000000.000
18283,2102,26.367188,25000000.000
18284,2112,31.250000,25000000.000
18285,2119,34.667969,25000000.000
18286,2118,34.179688,25000000.000
18287,2121,35.644531,25000000.000
18288,2118,34.179688,25000000.000
18289,2115,32.714844,25000000.000
18290,2110,30.273438,25000000.000
18291,2111,30.761719,25000000.000
18292,2099,24.902344,25000000.000
18293,2090,20.507812,25000000.000
18294,2079,15.136719,25000000.000
18295,2082,16.601562,25000000.000
18296,2062,6.835938,25000000.000
18297,2054,2.929688,25000000.000
18298,2036,-5.859375,25000000.000
18299,2039,-4.394531,25000000.000
18300,2014,-16.601562,25000000.000
18301,2006,-20.507812,25000000.000
18302,1992,-27.343750,25000000.000
18303,1992,-27.343750,25000000.000
18304,1982,-32.226562,25000000.000
18305,1974,-36.132812,25000000.000
18306,1976,-35.156250,25000000.000
18307,1976,-35.156250,25000000.000
18308,1974,-36.132812,25000000.000
18309,1975,-35.644531,25000000.000
18310,1982,-32.226562,25000000.000
18311,1979,-33.691406,25000000.000
18312,1990,-28.320312,25000000.000
18313,1998,-24.414062,25000000.000
18314,2006,-20.507812,25000000.000
18315,2005,-20.996094,25000000.000
18316,2027,-10.253906,25000000.000
18317,2039,-4.394531,25000000.000
18318,2048,0.000000,25000000.000
18319,2052,1.953125,25000000.000
18320,2073,12.207031,25000000.000
18321,2085,18.066406,25000000.000
18322,2095,22.949219,25000000.000
18323,2097,23.925781,25000000.000
18324,2110,30.273438,25000000.000
18325,2115,32.714844,25000000.000
18326,2124,37.109375,25000000.000
18327,2119,34.667969,25000000.000
18328,2120,35.156250,25000000.000
18329,2119,34.667969,25000000.000
18330,2114,32.226562,25000000.000
18331,2115,32.714844,25000000.000
18332,2103,26.855469,25000000.000
18333,2098,24.414062,25000000.000
18334,2087,19.042969,25000000.000
18335,2088,19.531250,25000000.000
18336,2070,10.742188,25000000.000
18337,2059,5.371094,25000000.000
18338,2048,0.000000,25000000.000
18339,2046,-0.976562,25000000.000
18340,2026,-10.742188,25000000.000
18341,2014,-16.601562,25000000.000
18342,2005,-20.996094,25000000.000
18343,2002,-22.460938,25000000.000
18344,1986,-30.273438,25000000.000
18345,1980,-33.203125,25000000.000
18346,1977,-34.667969,25000000.000
18347,1976,-35.156250,25000000.000
18348,1974,-36.132812,25000000.000
18349,1975,-35.644531,25000000.000
18350,1977,-34.667969,25000000.000
18351,1978,-34.179688,25000000.000
18352,1985,-30.761719,25000000.000
18353,1995,-25.878906,25000000.000
18354,2001,-22.949219,25000000.000
18355,2002,-22.460938,25000000.000
18356,2020,-13.671875,25000000.000
18357,2029,-9.277344,25000000.000
18358,2042,-2.929688,25000000.000
18359,2041,-3.417969,25000000.000
18360,2063,7.324219,25000000.000
18361,2074,12.695312,25000000.000
18362,2086,18.554688,25000000.000
18363,2089,20.019531,25000000.000
18364,2104,27.343750,25000000.000
18365,2113,31.738281,25000000.000
18366,2114,32.226562,25000000.000
18367,2116,33.203125,25000000.000
18368,2118,34.179688,25000000.000
18369,2122,36.132812,25000000.000
18370,2117,33.691406,25000000.000
18371,2118,34.179688,25000000.000
18372,2110,30.273438,25000000.000
18373,2101,25.878906,25000000.000
18374,2096,23.437500,25000000.000
18375,2097,23.925781,25000000.000
18376,2080,15.625000,25000000.000
18377,2068,9.765625,25000000.000
18378,2058,4.882812,25000000.000
18379,2057,4.394531,25000000.000
18380,2034,-6.835938,25000000.000
18381,2024,-11.718750,25000000.000
18382,2012,-17.578125,25000000.000
18383,2012,-17.578125,25000000.000
18384,1993,-26.855469,25000000.000
18385,1988,-29.296875,25000000.000
18386,1980,-33.203125,25000000.000
18387,1980,-33.203125,25000000.000
18388,1976,-35.156250,25000000.000
18389,1974,-36.132812,25000000.000
18390,1976,-35.156250,25000000.000
18391,1976,-35.156250,25000000.000
18392,1984,-31.250000,25000000.000
18393,1985,-30.761719,25000000.000
18394,1993,-26.855469,25000000.000
18395,1993,-26.855469,25000000.000
18396,2006,-20.507812,25000000.000
18397,2027,-10.253906,25000000.000
18398,2028,-9.765625,25000000.000
18399,2033,-7.324219,25000000.000
18400,2053,2.441406,25000000.000
18401,2067,9.277344,25000000.000
18402,2076,13.671875,25000000.000
18403,2078,14.648438,25000000.000
18404,2098,24.414062,25000000.000
18405,2106,28.320312,25000000.000
18406,2113,31.738281,25000000.000
18407,2114,32.226562,25000000.000
18408,2120,35.156250,25000000.000
18409,2119,34.667969,25000000.000
18410,2119,34.667969,25000000.000
18411,2120,35.156250,25000000.000
18412,2113,31.738281,25000000.000
18413,2108,29.296875,25000000.000
18414,2102,26.367188,25000000.000
18415,2102,26.367188,25000000.000
18416,2085,18.066406,25000000.000
18417,2078,14.648438,25000000.000
18418,2066,8.789062,25000000.000
18419,2066,8.789062,25000000.000
18420,2045,-1.464844,25000000.000
18421,2034,-6.835938,25000000.000
18422,2022,-12.695312,25000000.000
18423,2022,-12.695312,25000000.000
18424,2002,-22.460938,25000000.000
18425,1992,-27.343750,25000000.000
18426,1986,-30.273438,25000000.000
18427,1985,-30.761719,25000000.000
18428,1977,-34.667969,25000000.000
18429,1973,-36.621094,25000000.000
18430,1973,-36.621094,25000000.000
18431,1972,-37.109375,25000000.000
18432,1977,-34.667969,25000000.000
18433,1982,-32.226562,25000000.000
18434,1985,-30.761719,25000000.000
18435,1989,-28.808594,25000000.000
18436,2002,-22.460938,25000000.000
18437,2011,-18.066406,25000000.000
18438,2020,-13.671875,25000000.000
18439,2022,-12.695312,25000000.000
18440,2042,-2.929688,25000000.000
18441,2054,2.929688,25000000.000
18442,2069,10.253906,25000000.000
18443,2070,10.742188,25000000.000
18444,2090,20.507812,25000000.000
18445,2098,24.414062,25000000.000
18446,2107,28.808594,25000000.000
18447,2106,28.320312,25000000.000
18448,2117,33.691406,25000000.000
18449,2121,35.644531,25000000.000
18450,2119,34.667969,25000000.000
18451,2120,35.156250,25000000.000
18452,2116,33.203125,25000000.000
18453,2113,31.738281,25000000.000
18454,2108,29.296875,25000000.000
18455,2108,29.296875,25000000.000
18456,2094,22.460938,25000000.000
18457,2083,17.089844,25000000.000
18458,2075,13.183594,25000000.000
18459,2075,13.183594,25000000.000
18460,2054,2.929688,25000000.000
18461,2041,-3.417969,25000000.000
18462,2030,-8.789062,25000000.000
18463,2029,-9.277344,25000000.000
18464,2007,-20.019531,25000000.000
18465,2000,-23.437500,25000000.000
18466,1990,-28.320312,25000000.000
18467,1989,-28.808594,25000000.000
18468,1976,-35.156250,25000000.000
18469,1976,-35.156250,25000000.000
18470,1973,-36.621094,25000000.000
18471,1973,-36.621094,25000000.000
18472,1975,-35.644531,25000000.000
18473,1979,-33.691406,25000000.000
18474,1985,-30.761719,25000000.000
18475,1982,-32.226562,25000000.000
18476,1996,-25.390625,25000000.000
18477,2001,-22.949219,25000000.000
18478,2012,-17.578125,25000000.000
18479,2012,-17.578125,25000000.000
18480,2034,-6.835938,25000000.000
18481,2045,-1.464844,25000000.000
18482,2057,4.394531,25000000.000
18483,2058,4.882812,25000000.000
18484,2078,14.648438,25000000.000
18485,2090,20.507812,25000000.000
18486,2099,24.902344,25000000.000
18487,2100,25.390625,25000000.000
18488,2112,31.250000,25000000.000
18489,2116,33.203125,25000000.000
18490,2120,35.156250,25000000.000
18491,2119,34.667969,25000000.000
18492,2120,35.156250,25000000.000
18493,2116,33.203125,25000000.000
18494,2113,31.738281,25000000.000
18495,2111,30.761719,25000000.000
18496,2099,24.902344,25000000.000
18497,2092,21.484375,25000000.000
18498,2083,17.089844,25000000.000
18499,2081,16.113281,25000000.000
18500,2061,6.347656,25000000.000
18501,2054,2.929688,25000000.000
18502,2040,-3.906250,25000000.000
18503,2041,-3.417969,25000000.000
18504,2018,-14.648438,25000000.000
18505,2007,-20.019531,25000000.000
18506,1998,-24.414062,25000000.000
18507,1998,-24.414062,25000000.000
18508,1984,-31.250000,25000000.000
18509,1977,-34.667969,25000000.000
18510,1975,-35.644531,25000000.000
18511,1974,-36.132812,25000000.000
18512,1973,-36.621094,25000000.000
18513,1976,-35.156250,25000000.000
18514,1979,-33.691406,25000000.000
18515,1979,-33.691406,25000000.000
18516,1988,-29.296875,25000000.000
18517,1999,-23.925781,25000000.000
18518,2003,-21.972656,25000000.000
18519,2006,-20.507812,25000000.000
18520,2024,-11.718750,25000000.000
18521,2036,-5.859375,25000000.000
18522,2047,-0.488281,25000000.000
18523,2048,0.000000,25000000.000
18524,2071,11.230469,25000000.000
18525,2081,16.113281,25000000.000
18526,2094,22.460938,25000000.000
18527,2094,22.460938,25000000.000
18528,2110,30.273438,25000000.000
18529,2117,33.691406,25000000.000
18530,2112,31.250000,25000000.000
18531,2112,31.250000,25000000.000
18532,2121,35.644531,25000000.000
18533,2119,34.667969,25000000.000
18534,2115,32.714844,25000000.000
18535,2117,33.691406,25000000.000
18536,2107,28.808594,25000000.000
18537,2100,25.390625,25000000.000
18538,2091,20.996094,25000000.000
18539,2092,21.484375,25000000.000
18540,2071,11.230469,25000000.000
18541,2062,6.835938,25000000.000
18542,2052,1.953125,25000000.000
18543,2049,0.488281,25000000.000
18544,2029,-9.277344,25000000.000
18545,2014,-16.601562,25000000.000
18546,2006,-20.507812,25000000.000
18547,2005,-20.996094,25000000.000
18548,1987,-29.785156,25000000.000
18549,1983,-31.738281,25000000.000
18550,1976,-35.156250,25000000.000
18551,1977,-34.667969,25000000.000
18552,1971,-37.597656,25000000.000
18553,1974,-36.132812,25000000.000
18554,1978,-34.179688,25000000.000
18555,1978,-34.179688,25000000.000
18556,1985,-30.761719,25000000.000
18557,1990,-28.320312,25000000.000
18558,1998,-24.414062,25000000.000
18559,1999,-23.925781,25000000.000
18560,2016,-15.625000,25000000.000
18561,2026,-10.742188,25000000.000
18562,2038,-4.882812,25000000.000
18563,2037,-5.371094,25000000.000
18564,2061,6.347656,25000000.000
18565,2074,12.695312,25000000.000
18566,2083,17.089844,25000000.000
18567,2084,17.578125,25000000.000
18568,2102,26.367188,25000000.000
18569,2110,30.273438,25000000.000
18570,2115,32.714844,25000000.000
18571,2117,33.691406,25000000.000
18572,2120,35.156250,25000000.000
18573,2124,37.109375,25000000.000
18574,2122,36.132812,25000000.000
18575,2119,34.667969,25000000.000
18576,2114,32.226562,25000000.000
18577,2104,27.343750,25000000.000
18578,2098,24.414062,25000000.000
18579,2098,24.414062,25000000.000
18580,2081,16.113281,25000000.000
18581,2071,11.230469,25000000.000
18582,2060,5.859375,25000000.000
18583,2060,5.859375,25000000.000
18584,2037,-5.371094,25000000.000
18585,2030,-8.789062,25000000.000
18586,2013,-17.089844,25000000.000
18587,2014,-16.601562,25000000.000
18588,1999,-23.925781,25000000.000
18589,1987,-29.785156,25000000.000
18590,1981,-32.714844,25000000.000
18591,1981,-32.714844,25000000.000
18592,1977,-34.667969,25000000.000
18593,1973,-36.621094,25000000.000
18594,1976,-35.156250,25000000.000
18595,1974,-36.132812,25000000.000
18596,1982,-32.226562,25000000.000
18597,1986,-30.273438,25000000.000
18598,1988,-29.296875,25000000.000
18599,1997,-24.902344,25000000.000
18600,2009,-19.042969,25000000.000
18601,2022,-12.695312,25000000.000
18602,2025,-11.230469,25000000.000
18603,2029,-9.277344,25000000.000
18604,2051,1.464844,25000000.000
18605,2062,6.835938,25000000.000
18606,2074,12.695312,25000000.000
18607,2076,13.671875,25000000.000
18608,2096,23.437500,25000000.000
18609,2103,26.855469,25000000.000
18610,2111,30.761719,25000000.000
18611,2111,30.761719,25000000.000
18612,2118,34.179688,25000000.000
18613,2121,35.644531,25000000.000
18614,2121,35.644531,25000000.000
18615,2119,34.667969,25000000.000
18616,2113,31.738281,25000000.000
18617,2112,31.250000,25000000.000
18618,2103,26.855469,25000000.000
18619,2106,28.320312,25000000.000
18620,2087,19.042969,25000000.000
18621,2079,15.136719,25000000.000
18622,2069,10.253906,25000000.000
18623,2070,10.742188,25000000.000
18624,2048,0.000000,25000000.000
18625,2035,-6.347656,25000000.000
18626,2024,-11.718750,25000000.000
18627,2023,-12.207031,25000000.000
18628,2004,-21.484375,25000000.000
18629,1993,-26.855469,25000000.000
18630,1985,-30.761719,25000000.000
18631,1984,-31.250000,25000000.000
18632,1975,-35.644531,25000000.000
18633,1975,-35.644531,25000000.000
18634,1972,-37.109375,25000000.000
18635,1973,-36.621094,25000000.000
18636,1976,-35.156250,25000000.000
18637,1981,-32.714844,25000000.000
18638,1986,-30.273438,25000000.000
18639,1987,-29.785156,25000000.000
18640,1997,-24.902344,25000000.000
18641,2007,-20.019531,25000000.000
18642,2019,-14.160156,25000000.000
18643,2023,-12.207031,25000000.000
18644,2041,-3.417969,25000000.000
18645,2055,3.417969,25000000.000
18646,2065,8.300781,25000000.000
18647,2065,8.300781,25000000.000
18648,2086,18.554688,25000000.000
18649,2096,23.437500,25000000.000
18650,2103,26.855469,25000000.000
18651,2105,27.832031,25000000.000
18652,2115,32.714844,25000000.000
18653,2119,34.667969,25000000.000
18654,2121,35.644531,25000000.000
18655,2123,36.621094,25000000.000
18656,2118,34.179688,25000000.000
18657,2116,33.203125,25000000.000
18658,2109,29.785156,25000000.000
18659,2108,29.296875,25000000.000
18660,2097,23.925781,25000000.000
18661,2086,18.554688,25000000.000
18662,2077,14.160156,25000000.000
18663,2075,13.183594,25000000.000
18664,2056,3.906250,25000000.000
18665,2045,-1.464844,25000000.000
18666,2031,-8.300781,25000000.000
18667,2033,-7.324219,25000000.000
18668,2010,-18.554688,25000000.000
18669,2002,-22.460938,25000000.000
18670,1990,-28.320312,25000000.000
18671,1992,-27.343750,25000000.000
18672,1980,-33.203125,25000000.000
18673,1975,-35.644531,25000000.000
18674,1974,-36.132812,25000000.000
18675,1974,-36.132812,25000000.000
18676,1976,-35.156250,25000000.000
18677,1977,-34.667969,25000000.000
18678,1983,-31.738281,25000000.000
18679,1981,-32.714844,25000000.000
18680,1993,-26.855469,25000000.000
18681,2002,-22.460938,25000000.000
18682,2009,-19.042969,25000000.000
18683,2010,-18.554688,25000000.000
18684,2031,-8.300781,25000000.000
18685,2041,-3.417969,25000000.000
18686,2054,2.929688,25000000.000
18687,2056,3.906250,25000000.000
18688,2078,14.648438,25000000.000
18689,2086,18.554688,25000000.000
18690,2096,23.437500,25000000.000
18691,2096,23.437500,25000000.000
18692,2101,25.878906,25000000.000
18693,2120,35.156250,25000000.000
18694,2121,35.644531,25000000.000
18695,2119,34.667969,25000000.000
18696,2121,35.644531,25000000.000
18697,2107,28.808594,25000000.000
18698,2113,31.738281,25000000.000
18699,2110,30.273438,25000000.000
18700,2099,24.902344,25000000.000
18701,2094,22.460938,25000000.000
18702,2084,17.578125,25000000.000
18703,2084,17.578125,25000000.000
18704,2067,9.277344,25000000.000
18705,2052,1.953125,25000000.000
18706,2043,-2.441406,25000000.000
18707,2043,-2.441406,25000000.000
18708,2021,-13.183594,25000000.000
18709,2009,-19.042969,25000000.000
18710,2001,-22.949219,25000000.000
18711,2000,-23.437500,25000000.000
18712,1983,-31.738281,25000000.000
18713,1978,-34.179688,25000000.000
18714,1974,-36.132812,25000000.000
18715,1974,-36.132812,25000000.000
18716,1972,-37.109375,25000000.000
18717,1976,-35.156250,25000000.000
18718,1978,-34.179688,25000000.000
18719,1980,-33.203125,25000000.000
18720,1989,-28.808594,25000000.000
18721,1995,-25.878906,25000000.000
18722,2002,-22.460938,25000000.000
18723,2004,-21.484375,25000000.000
18724,2022,-12.695312,25000000.000
18725,2032,-7.812500,25000000.000
18726,2046,-0.976562,25000000.000
18727,2043,-2.441406,25000000.000
18728,2069,10.253906,25000000.000
18729,2080,15.625000,25000000.000
18730,2089,20.019531,25000000.000
18731,2090,20.507812,25000000.000
18732,2105,27.832031,25000000.000
18733,2113,31.738281,25000000.000
18734,2113,31.738281,25000000.000
18735,2114,32.226562,25000000.000
18736,2122,36.132812,25000000.000
18737,2112,31.250000,25000000.000
18738,2113,31.738281,25000000.000
18739,2114,32.226562,25000000.000
18740,2106,28.320312,25000000.000
18741,2103,26.855469,25000000.000
18742,2092,21.484375,25000000.000
18743,2091,20.996094,25000000.000
18744,2074,12.695312,25000000.000
18745,2064,7.812500,25000000.000
18746,2055,3.417969,25000000.000
18747,2051,1.464844,25000000.000
18748,2031,-8.300781,25000000.000
18749,2020,-13.671875,25000000.000
18750,2007,-20.019531,25000000.000
18751,2008,-19.531250,25000000.000
18752,1989,-28.808594,25000000.000
18753,1987,-29.785156,25000000.000
18754,1977,-34.667969,25000000.000
18755,1978,-34.179688,25000000.000
18756,1974,-36.132812,25000000.000
18757,1972,-37.109375,25000000.000
18758,1981,-32.714844,25000000.000
18759,1973,-36.621094,25000000.000
18760,1980,-33.203125,25000000.000
18761,1989,-28.808594,25000000.000
18762,1991,-27.832031,25000000.000
18763,1994,-26.367188,25000000.000
18764,2013,-17.089844,25000000.000
18765,2026,-10.742188,25000000.000
18766,2034,-6.835938,25000000.000
18767,2034,-6.835938,25000000.000
18768,2058,4.882812,25000000.000
18769,2070,10.742188,25000000.000
18770,2081,16.113281,25000000.000
18771,2082,16.601562,25000000.000
18772,2100,25.390625,25000000.000
18773,2108,29.296875,25000000.000
18774,2115,32.714844,25000000.000
18775,2113,31.738281,25000000.000
18776,2121,35.644531,25000000.000
18777,2120,35.156250,25000000.000
18778,2121,35.644531,25000000.000
18779,2119,34.667969,25000000.000
18780,2111,30.761719,25000000.000
18781,2106,28.320312,25000000.000
18782,2095,22.949219,25000000.000
18783,2095,22.949219,25000000.000
18784,2081,16.113281,25000000.000
18785,2073,12.207031,25000000.000
18786,2062,6.835938,25000000.000
18787,2062,6.835938,25000000.000
18788,2041,-3.417969,25000000.000
18789,2029,-9.277344,25000000.000
18790,2018,-14.648438,25000000.000
18791,2016,-15.625000,25000000.000
18792,1999,-23.925781,25000000.000
18793,1988,-29.296875,25000000.000
18794,1983,-31.738281,25000000.000
18795,1983,-31.738281,25000000.000
18796,1975,-35.644531,25000000.000
18797,1975,-35.644531,25000000.000
18798,1974,-36.132812,25000000.000
18799,1974,-36.132812,25000000.000
18800,1980,-33.203125,25000000.000
18801,1984,-31.250000,25000000.000
18802,1989,-28.808594,25000000.000
18803,1990,-28.320312,25000000.000
18804,2006,-20.507812,25000000.000
18805,2014,-16.601562,25000000.000
18806,2027,-10.253906,25000000.000
18807,2029,-9.277344,25000000.000
18808,2044,-1.953125,25000000.000
18809,2066,8.789062,25000000.000
18810,2073,12.207031,25000000.000
18811,2073,12.207031,25000000.000
18812,2094,22.460938,25000000.000
18813,2103,26.855469,25000000.000
18814,2108,29.296875,25000000.000
18815,2108,29.296875,25000000.000
18816,2119,34.667969,25000000.000
18817,2123,36.621094,25000000.000
18818,2119,34.667969,25000000.000
18819,2120,35.156250,25000000.000
18820,2118,34.179688,25000000.000
18821,2112,31.250000,25000000.000
18822,2106,28.320312,25000000.000
18823,2106,28.320312,25000000.000
18824,2094,22.460938,25000000.000
18825,2080,15.625000,25000000.000
18826,2072,11.718750,25000000.000
18827,2070,10.742188,25000000.000
18828,2050,0.976562,25000000.000
18829,2039,-4.394531,25000000.000
18830,2027,-10.253906,25000000.000
18831,2026,-10.742188,25000000.000
18832,2005,-20.996094,25000000.000
18833,1997,-24.902344,25000000.000
18834,1986,-30.273438,25000000.000
18835,1988,-29.296875,25000000.000
18836,1977,-34.667969,25000000.000
18837,1974,-36.132812,25000000.000
18838,1974,-36.132812,25000000.000
18839,1974,-36.132812,25000000.000
18840,1970,-38.085938,25000000.000
18841,1972,-37.109375,25000000.000
18842,1993,-26.855469,25000000.000
18843,1984,-31.250000,25000000.000
18844,1990,-28.320312,25000000.000
18845,2007,-20.019531,25000000.000
18846,2014,-16.601562,25000000.000
18847,2014,-16.601562,25000000.000
18848,2036,-5.859375,25000000.000
18849,2049,0.488281,25000000.000
18850,2061,6.347656,25000000.000
18851,2063,7.324219,25000000.000
18852,2082,16.601562,25000000.000
18853,2094,22.460938,25000000.000
18854,2103,26.855469,25000000.000
18855,2104,27.343750,25000000.000
18856,2114,32.226562,25000000.000
18857,2119,34.667969,25000000.000
18858,2122,36.132812,25000000.000
18859,2120,35.156250,25000000.000
18860,2119,34.667969,25000000.000
18861,2114,32.226562,25000000.000
18862,2108,29.296875,25000000.000
18863,2106,28.320312,25000000.000
18864,2094,22.460938,25000000.000
18865,2088,19.531250,25000000.000
18866,2079,15.136719,25000000.000
18867,2080,15.625000,25000000.000
18868,2058,4.882812,25000000.000
18869,2049,0.488281,25000000.000
18870,2036,-5.859375,25000000.000
18871,2036,-5.859375,25000000.000
18872,2014,-16.601562,25000000.000
18873,2003,-21.972656,25000000.000
18874,1995,-25.878906,25000000.000
18875,1994,-26.367188,25000000.000
18876,1981,-32.714844,25000000.000
18877,1976,-35.156250,25000000.000
18878,1974,-36.132812,25000000.000
18879,1973,-36.621094,25000000.000
18880,1974,-36.132812,25000000.000
18881,1979,-33.691406,25000000.000
18882,1979,-33.691406,25000000.000
18883,1980,-33.203125,25000000.000
18884,1990,-28.320312,25000000.000
18885,2000,-23.437500,25000000.000
18886,2008,-19.531250,25000000.000
18887,2009,-19.042969,25000000.000
18888,2027,-10.253906,25000000.000
18889,2037,-5.371094,25000000.000
18890,2053,2.441406,25000000.000
18891,2049,0.488281,25000000.000
18892,2075,13.183594,25000000.000
18893,2083,17.089844,25000000.000
18894,2095,22.949219,25000000.000
18895,2096,23.437500,25000000.000
18896,2110,30.273438,25000000.000
18897,2118,34.179688,25000000.000
18898,2120,35.156250,25000000.000
18899,2120,35.156250,25000000.000
18900,2121,35.644531,25000000.000
18901,2119,34.667969,25000000.000
18902,2115,32.714844,25000000.000
18903,2114,32.226562,25000000.000
18904,2104,27.343750,25000000.000
18905,2096,23.437500,25000000.000
18906,2088,19.531250,25000000.000
18907,2084,17.578125,25000000.000
18908,2072,11.718750,25000000.000
18909,2056,3.906250,25000000.000
18910,2046,-0.976562,25000000.000
18911,2045,-1.464844,25000000.000
18912,2023,-12.207031,25000000.000
18913,2012,-17.578125,25000000.000
18914,2002,-22.460938,25000000.000
18915,2002,-22.460938,25000000.000
18916,1985,-30.761719,25000000.000
18917,1982,-32.226562,25000000.000
18918,1976,-35.156250,25000000.000
18919,1977,-34.667969,25000000.000
18920,1973,-36.621094,25000000.000
18921,1974,-36.132812,25000000.000
18922,1977,-34.667969,25000000.000
18923,1976,-35.156250,25000000.000
18924,1988,-29.296875,25000000.000
18925,1991,-27.832031,25000000.000
18926,2002,-22.460938,25000000.000
18927,2000,-23.437500,25000000.000
18928,2019,-14.160156,25000000.000
18929,2031,-8.300781,25000000.000
18930,2041,-3.417969,25000000.000
18931,2043,-2.441406,25000000.000
18932,2065,8.300781,25000000.000
18933,2079,15.136719,25000000.000
18934,2087,19.042969,25000000.000
18935,2088,19.531250,25000000.000
18936,2106,28.320312,25000000.000
18937,2113,31.738281,25000000.000
18938,2117,33.691406,25000000.000
18939,2118,34.179688,25000000.000
18940,2121,35.644531,25000000.000
18941,2119,34.667969,25000000.000
18942,2119,34.667969,25000000.000
18943,2117,33.691406,25000000.000
18944,2106,28.320312,25000000.000
18945,2097,23.925781,25000000.000
18946,2103,26.855469,25000000.000
18947,2092,21.484375,25000000.000
18948,2079,15.136719,25000000.000
18949,2069,10.253906,25000000.000
18950,2055,3.417969,25000000.000
18951,2057,4.394531,25000000.000
18952,2034,-6.835938,25000000.000
18953,2023,-12.207031,25000000.000
18954,2011,-18.066406,25000000.000
18955,2013,-17.089844,25000000.000
18956,1994,-26.367188,25000000.000
18957,1984,-31.250000,25000000.000
18958,1982,-32.226562,25000000.000
18959,1980,-33.203125,25000000.000
18960,1973,-36.621094,25000000.000
18961,1974,-36.132812,25000000.000
18962,1976,-35.156250,25000000.000
18963,1975,-35.644531,25000000.000
18964,1984,-31.250000,25000000.000
18965,1990,-28.320312,25000000.000
18966,1993,-26.855469,25000000.000
18967,1994,-26.367188,25000000.000
18968,2011,-18.066406,25000000.000
18969,2022,-12.695312,25000000.000
18970,2032,-7.812500,25000000.000
18971,2034,-6.835938,25000000.000
18972,2057,4.394531,25000000.000
18973,2066,8.789062,25000000.000
18974,2080,15.625000,25000000.000
18975,2079,15.136719,25000000.000
18976,2100,25.390625,25000000.000
18977,2108,29.296875,25000000.000
18978,2113,31.738281,25000000.000
18979,2113,31.738281,25000000.000
18980,2120,35.156250,25000000.000
18981,2122,36.132812,25000000.000
18982,2120,35.156250,25000000.000
18983,2119,34.667969,25000000.000
18984,2113,31.738281,25000000.000
18985,2108,29.296875,25000000.000
18986,2103,26.855469,25000000.000
18987,2101,25.878906,25000000.000
18988,2085,18.066406,25000000.000
18989,2073,12.207031,25000000.000
18990,2063,7.324219,25000000.000
18991,2063,7.324219,25000000.000
18992,2043,-2.441406,25000000.000
18993,2031,-8.300781,25000000.000
18994,2021,-13.183594,25000000.000
18995,2020,-13.671875,25000000.000
18996,2001,-22.949219,25000000.000
18997,1993,-26.855469,25000000.000
18998,1983,-31.738281,25000000.000
18999,1986,-30.273438,25000000.000
19000,1974,-36.132812,25000000.000
19001,1974,-36.132812,25000000.000
19002,1974,-36.132812,25000000.000
19003,1975,-35.644531,25000000.000
19004,1979,-33.691406,25000000.000
19005,1984,-31.250000,25000000.000
19006,1989,-28.808594,25000000.000
19007,1989,-28.808594,25000000.000
19008,2004,-21.484375,25000000.000
19009,2010,-18.554688,25000000.000
19010,2023,-12.207031,25000000.000
19011,2024,-11.718750,25000000.000
19012,2044,-1.953125,25000000.000
19013,2057,4.394531,25000000.000
19014,2068,9.765625,25000000.000
19015,2069,10.253906,25000000.000
19016,2089,20.019531,25000000.000
19017,2100,25.390625,25000000.000
19018,2106,28.320312,25000000.000
19019,2109,29.785156,25000000.000
19020,2118,34.179688,25000000.000
19021,2119,34.667969,25000000.000
19022,2122,36.132812,25000000.000
19023,2120,35.156250,25000000.000
19024,2118,34.179688,25000000.000
19025,2112,31.250000,25000000.000
19026,2107,28.808594,25000000.000
19027,2106,28.320312,25000000.000
19028,2091,20.996094,25000000.000
19029,2083,17.089844,25000000.000
19030,2074,12.695312,25000000.000
19031,2073,12.207031,25000000.000
19032,2052,1.953125,25000000.000
19033,2040,-3.906250,25000000.000
19034,2029,-9.277344,25000000.000
19035,2028,-9.765625,25000000.000
19036,2006,-20.507812,25000000.000
19037,1996,-25.390625,25000000.000
19038,1991,-27.832031,25000000.000
19039,1988,-29.296875,25000000.000
19040,1978,-34.179688,25000000.000
19041,1972,-37.109375,25000000.000
19042,1973,-36.621094,25000000.000
19043,1971,-37.597656,25000000.000
19044,1975,-35.644531,25000000.000
19045,1975,-35.644531,25000000.000
19046,1985,-30.761719,25000000.000
19047,1979,-33.691406,25000000.000
19048,1996,-25.390625,25000000.000
19049,2004,-21.484375,25000000.000
19050,2012,-17.578125,25000000.000
19051,2017,-15.136719,25000000.000
19052,2035,-6.347656,25000000.000
19053,2047,-0.488281,25000000.000
19054,2059,5.371094,25000000.000
19055,2061,6.347656,25000000.000
19056,2082,16.601562,25000000.000
19057,2091,20.996094,25000000.000
19058,2101,25.878906,25000000.000
19059,2100,25.390625,25000000.000
19060,2113,31.738281,25000000.000
19061,2118,34.179688,25000000.000
19062,2120,35.156250,25000000.000
19063,2119,34.667969,25000000.000
19064,2120,35.156250,25000000.000
19065,2116,33.203125,25000000.000
19066,2111,30.761719,25000000.000
19067,2111,30.761719,25000000.000
19068,2097,23.925781,25000000.000
19069,2091,20.996094,25000000.000
19070,2081,16.113281,25000000.000
19071,2081,16.113281,25000000.000
19072,2062,6.835938,25000000.000
19073,2050,0.976562,25000000.000
19074,2040,-3.906250,25000000.000
19075,2038,-4.882812,25000000.000
19076,2018,-14.648438,25000000.000
19077,2006,-20.507812,25000000.000
19078,1998,-24.414062,25000000.000
19079,1996,-25.390625,25000000.000
19080,1981,-32.714844,25000000.000
19081,1978,-34.179688,25000000.000
19082,1974,-36.132812,25000000.000
19083,1976,-35.156250,25000000.000
19084,1973,-36.621094,25000000.000
19085,1976,-35.156250,25000000.000
19086,1979,-33.691406,25000000.000
19087,1982,-32.226562,25000000.000
19088,1989,-28.808594,25000000.000
19089,1996,-25.390625,25000000.000
19090,2005,-20.996094,25000000.000
19091,2004,-21.484375,25000000.000
19092,2028,-9.765625,25000000.000
19093,2037,-5.371094,25000000.000
19094,2048,0.000000,25000000.000
19095,2048,0.000000,25000000.000
19096,2072,11.718750,25000000.000
19097,2084,17.578125,25000000.000
19098,2092,21.484375,25000000.000
19099,2094,22.460938,25000000.000
19100,2108,29.296875,25000000.000
19101,2115,32.714844,25000000.000
19102,2119,34.667969,25000000.000
19103,2119,34.667969,25000000.000
19104,2121,35.644531,25000000.000
19105,2119,34.667969,25000000.000
19106,2117,33.691406,25000000.000
19107,2116,33.203125,25000000.000
19108,2106,28.320312,25000000.000
19109,2099,24.902344,25000000.000
19110,2090,20.507812,25000000.000
19111,2088,19.531250,25000000.000
19112,2071,11.230469,25000000.000
19113,2060,5.859375,25000000.000
19114,2049,0.488281,25000000.000
19115,2048,0.000000,25000000.000
19116,2025,-11.230469,25000000.000
19117,2017,-15.136719,25000000.000
19118,2005,-20.996094,25000000.000
19119,2005,-20.996094,25000000.000
19120,1988,-29.296875,25000000.000
19121,1982,-32.226562,25000000.000
19122,1979,-33.691406,25000000.000
19123,1979,-33.691406,25000000.000
19124,1975,-35.644531,25000000.000
19125,1974,-36.132812,25000000.000
19126,1977,-34.667969,25000000.000
19127,1978,-34.179688,25000000.000
19128,1985,-30.761719,25000000.000
19129,1992,-27.343750,25000000.000
19130,1998,-24.414062,25000000.000
19131,1999,-23.925781,25000000.000
19132,2016,-15.625000,25000000.000
19133,2028,-9.765625,25000000.000
19134,2039,-4.394531,25000000.000
19135,2041,-3.417969,25000000.000
19136,2062,6.835938,25000000.000
19137,2073,12.207031,25000000.000
19138,2086,18.554688,25000000.000
19139,2087,19.042969,25000000.000
19140,2103,26.855469,25000000.000
19141,2110,30.273438,25000000.000
19142,2118,34.179688,25000000.000
19143,2116,33.203125,25000000.000
19144,2121,35.644531,25000000.000
19145,2121,35.644531,25000000.000
19146,2119,34.667969,25000000.000
19147,2118,34.179688,25000000.000
19148,2110,30.273438,25000000.000
19149,2105,27.832031,25000000.000
19150,2097,23.925781,25000000.000
19151,2098,24.414062,25000000.000
19152,2082,16.601562,25000000.000
19153,2069,10.253906,25000000.000
19154,2059,5.371094,25000000.000
19155,2059,5.371094,25000000.000
19156,2038,-4.882812,25000000.000
19157,2025,-11.230469,25000000.000
19158,2014,-16.601562,25000000.000
19159,2013,-17.089844,25000000.000
19160,1993,-26.855469,25000000.000
19161,1987,-29.785156,25000000.000
19162,1981,-32.714844,25000000.000
19163,1981,-32.714844,25000000.000
19164,1973,-36.621094,25000000.000
19165,1975,-35.644531,25000000.000
19166,1973,-36.621094,25000000.000
19167,1974,-36.132812,25000000.000
19168,1980,-33.203125,25000000.000
19169,1986,-30.273438,25000000.000
19170,1992,-27.343750,25000000.000
19171,1993,-26.855469,25000000.000
19172,2010,-18.554688,25000000.000
19173,2018,-14.648438,25000000.000
19174,2022,-12.695312,25000000.000
19175,2034,-6.835938,25000000.000
19176,2047,-0.488281,25000000.000
19177,2084,17.578125,25000000.000
19178,2072,11.718750,25000000.000
19179,2062,6.835938,25000000.000
19180,2098,24.414062,25000000.000
19181,2109,29.785156,25000000.000
19182,2108,29.296875,25000000.000
19183,2109,29.785156,25000000.000
19184,2124,37.109375,25000000.000
19185,2117,33.691406,25000000.000
19186,2119,34.667969,25000000.000
19187,2117,33.691406,25000000.000
19188,2112,31.250000,25000000.000
19189,2108,29.296875,25000000.000
19190,2106,28.320312,25000000.000
19191,2102,26.367188,25000000.000
19192,2087,19.042969,25000000.000
19193,2077,14.160156,25000000.000
19194,2068,9.765625,25000000.000
19195,2066,8.789062,25000000.000
19196,2044,-1.953125,25000000.000
19197,2036,-5.859375,25000000.000
19198,2021,-13.183594,25000000.000
19199,2022,-12.695312,25000000.000
19200,2000,-23.437500,25000000.000
19201,1993,-26.855469,25000000.000
19202,1986,-30.273438,25000000.000
19203,1987,-29.785156,25000000.000
19204,1976,-35.156250,25000000.000
19205,1972,-37.109375,25000000.000
19206,1975,-35.644531,25000000.000
19207,1973,-36.621094,25000000.000
19208,1977,-34.667969,25000000.000
19209,1981,-32.714844,25000000.000
19210,1987,-29.785156,25000000.000
19211,1987,-29.785156,25000000.000
19212,2000,-23.437500,25000000.000
19213,2009,-19.042969,25000000.000
19214,2020,-13.671875,25000000.000
19215,2021,-13.183594,25000000.000
19216,2041,-3.417969,25000000.000
19217,2053,2.441406,25000000.000
19218,2066,8.789062,25000000.000
19219,2067,9.277344,25000000.000
19220,2088,19.531250,25000000.000
19221,2097,23.925781,25000000.000
19222,2106,28.320312,25000000.000
19223,2105,27.832031,25000000.000
19224,2117,33.691406,25000000.000
19225,2119,34.667969,25000000.000
19226,2120,35.156250,25000000.000
19227,2119,34.667969,25000000.000
19228,2116,33.203125,25000000.000
19229,2112,31.250000,25000000.000
19230,2108,29.296875,25000000.000
19231,2106,28.320312,25000000.000
19232,2092,21.484375,25000000.000
19233,2086,18.554688,25000000.000
19234,2076,13.671875,25000000.000
19235,2077,14.160156,25000000.000
19236,2057,4.394531,25000000.000
19237,2043,-2.441406,25000000.000
19238,2034,-6.835938,25000000.000
19239,2033,-7.324219,25000000.000
19240,2009,-19.042969,25000000.000
19241,2002,-22.460938,25000000.000
19242,1993,-26.855469,25000000.000
19243,1990,-28.320312,25000000.000
19244,1979,-33.691406,25000000.000
19245,1974,-36.132812,25000000.000
19246,1972,-37.109375,25000000.000
19247,1972,-37.109375,25000000.000
19248,1974,-36.132812,25000000.000
19249,1979,-33.691406,25000000.000
19250,1981,-32.714844,25000000.000
19251,1983,-31.738281,25000000.000
19252,1995,-25.878906,25000000.000
19253,2001,-22.949219,25000000.000
19254,2011,-18.066406,25000000.000
19255,2013,-17.089844,25000000.000
19256,2032,-7.812500,25000000.000
19257,2043,-2.441406,25000000.000
19258,2056,3.906250,25000000.000
19259,2056,3.906250,25000000.000
19260,2079,15.136719,25000000.000
19261,2089,20.019531,25000000.000
19262,2098,24.414062,25000000.000
19263,2099,24.902344,25000000.000
19264,2112,31.250000,25000000.000
19265,2118,34.179688,25000000.000
19266,2120,35.156250,25000000.000
19267,2120,35.156250,25000000.000
19268,2119,34.667969,25000000.000
19269,2116,33.203125,25000000.000
19270,2112,31.250000,25000000.000
19271,2112,31.250000,25000000.000
19272,2101,25.878906,25000000.000
19273,2093,21.972656,25000000.000
19274,2086,18.554688,25000000.000
19275,2082,16.601562,25000000.000
19276,2064,7.812500,25000000.000
19277,2053,2.441406,25000000.000
19278,2043,-2.441406,25000000.000
19279,2039,-4.394531,25000000.000
19280,2020,-13.671875,25000000.000
19281,2009,-19.042969,25000000.000
19282,1999,-23.925781,25000000.000
19283,1999,-23.925781,25000000.000
19284,1984,-31.250000,25000000.000
19285,1977,-34.667969,25000000.000
19286,1974,-36.132812,25000000.000
19287,1975,-35.644531,25000000.000
19288,1972,-37.109375,25000000.000
19289,1974,-36.132812,25000000.000
19290,1978,-34.179688,25000000.000
19291,1980,-33.203125,25000000.000
19292,1996,-25.390625,25000000.000
19293,2000,-23.437500,25000000.000
19294,2001,-22.949219,25000000.000
19295,1999,-23.925781,25000000.000
19296,2010,-18.554688,25000000.000
19297,2035,-6.347656,25000000.000
19298,2043,-2.441406,25000000.000
19299,2049,0.488281,25000000.000
19300,2069,10.253906,25000000.000
19301,2079,15.136719,25000000.000
19302,2091,20.996094,25000000.000
19303,2091,20.996094,25000000.000
19304,2108,29.296875,25000000.000
19305,2114,32.226562,25000000.000
19306,2118,34.179688,25000000.000
19307,2118,34.179688,25000000.000
19308,2121,35.644531,25000000.000
19309,2118,34.179688,25000000.000
19310,2116,33.203125,25000000.000
19311,2115,32.714844,25000000.000
19312,2107,28.808594,25000000.000
19313,2099,24.902344,25000000.000
19314,2091,20.996094,25000000.000
19315,2091,20.996094,25000000.000
19316,2072,11.718750,25000000.000
19317,2065,8.300781,25000000.000
19318,2052,1.953125,25000000.000
19319,2053,2.441406,25000000.000
19320,2029,-9.277344,25000000.000
19321,2019,-14.160156,25000000.000
19322,2010,-18.554688,25000000.000
19323,2007,-20.019531,25000000.000
19324,1990,-28.320312,25000000.000
19325,1984,-31.250000,25000000.000
19326,1980,-33.203125,25000000.000
19327,1978,-34.179688,25000000.000
19328,1975,-35.644531,25000000.000
19329,1975,-35.644531,25000000.000
19330,1978,-34.179688,25000000.000
19331,1978,-34.179688,25000000.000
19332,1983,-31.738281,25000000.000
19333,1993,-26.855469,25000000.000
19334,1997,-24.902344,25000000.000
19335,1997,-24.902344,25000000.000
19336,2017,-15.136719,25000000.000
19337,2026,-10.742188,25000000.000
19338,2035,-6.347656,25000000.000
19339,2037,-5.371094,25000000.000
19340,2060,5.859375,25000000.000
19341,2071,11.230469,25000000.000
19342,2082,16.601562,25000000.000
19343,2081,16.113281,25000000.000
19344,2102,26.367188,25000000.000
19345,2111,30.761719,25000000.000
19346,2115,32.714844,25000000.000
19347,2115,32.714844,25000000.000
19348,2120,35.156250,25000000.000
19349,2123,36.621094,25000000.000
19350,2118,34.179688,25000000.000
19351,2119,34.667969,25000000.000
19352,2113,31.738281,25000000.000
19353,2107,28.808594,25000000.000
19354,2100,25.390625,25000000.000
19355,2097,23.925781,25000000.000
19356,2085,18.066406,25000000.000
19357,2070,10.742188,25000000.000
19358,2063,7.324219,25000000.000
19359,2061,6.347656,25000000.000
19360,2040,-3.906250,25000000.000
19361,2029,-9.277344,25000000.000
19362,2018,-14.648438,25000000.000
19363,2014,-16.601562,25000000.000
19364,1995,-25.878906,25000000.000
19365,1989,-28.808594,25000000.000
19366,1983,-31.738281,25000000.000
19367,1983,-31.738281,25000000.000
19368,1974,-36.132812,25000000.000
19369,1973,-36.621094,25000000.000
19370,1975,-35.644531,25000000.000
19371,1977,-34.667969,25000000.000
19372,1981,-32.714844,25000000.000
19373,1984,-31.250000,25000000.000
19374,1993,-26.855469,25000000.000
19375,1992,-27.343750,25000000.000
19376,2008,-19.531250,25000000.000
19377,2016,-15.625000,25000000.000
19378,2026,-10.742188,25000000.000
19379,2027,-10.253906,25000000.000
19380,2049,0.488281,25000000.000
19381,2063,7.324219,25000000.000
19382,2072,11.718750,25000000.000
19383,2074,12.695312,25000000.000
19384,2094,22.460938,25000000.000
19385,2103,26.855469,25000000.000
19386,2110,30.273438,25000000.000
19387,2112,31.250000,25000000.000
19388,2121,35.644531,25000000.000
19389,2122,36.132812,25000000.000
19390,2122,36.132812,25000000.000
19391,2119,34.667969,25000000.000
19392,2116,33.203125,25000000.000
19393,2110,30.273438,25000000.000
19394,2103,26.855469,25000000.000
19395,2103,26.855469,25000000.000
19396,2089,20.019531,25000000.000
19397,2081,16.113281,25000000.000
19398,2071,11.230469,25000000.000
19399,2070,10.742188,25000000.000
19400,2047,-0.488281,25000000.000
19401,2037,-5.371094,25000000.000
19402,2026,-10.742188,25000000.000
19403,2024,-11.718750,25000000.000
19404,2004,-21.484375,25000000.000
19405,1994,-26.367188,25000000.000
19406,1987,-29.785156,25000000.000
19407,1986,-30.273438,25000000.000
19408,1977,-34.667969,25000000.000
19409,1976,-35.156250,25000000.000
19410,1973,-36.621094,25000000.000
19411,1972,-37.109375,25000000.000
19412,1975,-35.644531,25000000.000
19413,1983,-31.738281,25000000.000
19414,1980,-33.203125,25000000.000
19415,1985,-30.761719,25000000.000
19416,1995,-25.878906,25000000.000
19417,2007,-20.019531,25000000.000
19418,2017,-15.136719,25000000.000
19419,2019,-14.160156,25000000.000
19420,2041,-3.417969,25000000.000
19421,2049,0.488281,25000000.000
19422,2064,7.812500,25000000.000
19423,2064,7.812500,25000000.000
19424,2084,17.578125,25000000.000
19425,2093,21.972656,25000000.000
19426,2104,27.343750,25000000.000
19427,2104,27.343750,25000000.000
19428,2116,33.203125,25000000.000
19429,2119,34.667969,25000000.000
19430,2120,35.156250,25000000.000
19431,2120,35.156250,25000000.000
19432,2116,33.203125,25000000.000
19433,2116,33.203125,25000000.000
19434,2109,29.785156,25000000.000
19435,2108,29.296875,25000000.000
19436,2097,23.925781,25000000.000
19437,2087,19.042969,25000000.000
19438,2079,15.136719,25000000.000
19439,2078,14.648438,25000000.000
19440,2060,5.859375,25000000.000
19441,2048,0.000000,25000000.000
19442,2033,-7.324219,25000000.000
19443,2031,-8.300781,25000000.000
19444,2015,-16.113281,25000000.000
19445,2002,-22.460938,25000000.000
19446,1992,-27.343750,25000000.000
19447,1992,-27.343750,25000000.000
19448,1978,-34.179688,25000000.000
19449,1977,-34.667969,25000000.000
19450,1973,-36.621094,25000000.000
19451,1974,-36.132812,25000000.000
19452,1975,-35.644531,25000000.000
19453,1975,-35.644531,25000000.000
19454,1981,-32.714844,25000000.000
19455,1981,-32.714844,25000000.000
19456,1994,-26.367188,25000000.000
19457,2000,-23.437500,25000000.000
19458,2009,-19.042969,25000000.000
19459,2009,-19.042969,25000000.000
19460,2029,-9.277344,25000000.000
19461,2039,-4.394531,25000000.000
19462,2057,4.394531,25000000.000
19463,2056,3.906250,25000000.000
19464,2070,10.742188,25000000.000
19465,2094,22.460938,25000000.000
19466,2094,22.460938,25000000.000
19467,2097,23.925781,25000000.000
19468,2114,32.226562,25000000.000
19469,2115,32.714844,25000000.000
19470,2117,33.691406,25000000.000
19471,2118,34.179688,25000000.000
19472,2121,35.644531,25000000.000
19473,2117,33.691406,25000000.000
19474,2113,31.738281,25000000.000
19475,2111,30.761719,25000000.000
19476,2102,26.367188,25000000.000
19477,2094,22.460938,25000000.000
19478,2087,19.042969,25000000.000
19479,2085,18.066406,25000000.000
19480,2065,8.300781,25000000.000
19481,2059,5.371094,25000000.000
19482,2047,-0.488281,25000000.000
19483,2044,-1.953125,25000000.000
19484,2023,-12.207031,25000000.000
19485,2011,-18.066406,25000000.000
19486,2002,-22.460938,25000000.000
19487,2001,-22.949219,25000000.000
19488,1985,-30.761719,25000000.000
19489,1979,-33.691406,25000000.000
19490,1976,-35.156250,25000000.000
19491,1975,-35.644531,25000000.000
19492,1973,-36.621094,25000000.000
19493,1976,-35.156250,25000000.000
19494,1976,-35.156250,25000000.000
19495,1975,-35.644531,25000000.000
19496,1986,-30.273438,25000000.000
19497,1997,-24.902344,25000000.000
19498,2001,-22.949219,25000000.000
19499,2004,-21.484375,25000000.000
19500,2019,-14.160156,25000000.000
19501,2029,-9.277344,25000000.000
19502,2039,-4.394531,25000000.000
19503,2045,-1.464844,25000000.000
19504,2067,9.277344,25000000.000
19505,2077,14.160156,25000000.000
19506,2089,20.019531,25000000.000
19507,2089,20.019531,25000000.000
19508,2106,28.320312,25000000.000
19509,2114,32.226562,25000000.000
19510,2118,34.179688,25000000.000
19511,2117,33.691406,25000000.000
19512,2121,35.644531,25000000.000
19513,2123,36.621094,25000000.000
19514,2116,33.203125,25000000.000
19515,2117,33.691406,25000000.000
19516,2108,29.296875,25000000.000
19517,2103,26.855469,25000000.000
19518,2094,22.460938,25000000.000
19519,2096,23.437500,25000000.000
19520,2075,13.183594,25000000.000
19521,2066,8.789062,25000000.000
19522,2059,5.371094,25000000.000
19523,2055,3.417969,25000000.000
19524,2034,-6.835938,25000000.000
19525,2021,-13.183594,25000000.000
19526,2010,-18.554688,25000000.000
19527,2009,-19.042969,25000000.000
19528,1991,-27.832031,25000000.000
19529,1984,-31.250000,25000000.000
19530,1979,-33.691406,25000000.000
19531,1980,-33.203125,25000000.000
19532,1972,-37.109375,25000000.000
19533,1974,-36.132812,25000000.000
19534,1976,-35.156250,25000000.000
19535,1977,-34.667969,25000000.000
19536,1987,-29.785156,25000000.000
19537,1988,-29.296875,25000000.000
19538,1994,-26.367188,25000000.000
19539,1994,-26.367188,25000000.000
19540,2013,-17.089844,25000000.000
19541,2021,-13.183594,25000000.000
19542,2035,-6.347656,25000000.000
19543,2033,-7.324219,25000000.000
19544,2055,3.417969,25000000.000
19545,2069,10.253906,25000000.000
19546,2079,15.136719,25000000.000
19547,2081,16.113281,25000000.000
19548,2098,24.414062,25000000.000
19549,2110,30.273438,25000000.000
19550,2114,32.226562,25000000.000
19551,2115,32.714844,25000000.000
19552,2122,36.132812,25000000.000
19553,2123,36.621094,25000000.000
19554,2122,36.132812,25000000.000
19555,2120,35.156250,25000000.000
19556,2116,33.203125,25000000.000
19557,2108,29.296875,25000000.000
19558,2102,26.367188,25000000.000
19559,2100,25.390625,25000000.000
19560,2084,17.578125,25000000.000
19561,2075,13.183594,25000000.000
19562,2064,7.812500,25000000.000
19563,2063,7.324219,25000000.000
19564,2042,-2.929688,25000000.000
19565,2031,-8.300781,25000000.000
19566,2018,-14.648438,25000000.000
19567,2019,-14.160156,25000000.000
19568,1998,-24.414062,25000000.000
19569,1989,-28.808594,25000000.000
19570,1983,-31.738281,25000000.000
19571,1982,-32.226562,25000000.000
19572,1976,-35.156250,25000000.000
19573,1974,-36.132812,25000000.000
19574,1974,-36.132812,25000000.000
19575,1974,-36.132812,25000000.000
19576,1979,-33.691406,25000000.000
19577,1984,-31.250000,25000000.000
19578,1986,-30.273438,25000000.000
19579,1990,-28.320312,25000000.000
19580,2003,-21.972656,25000000.000
19581,2016,-15.625000,25000000.000
19582,2023,-12.207031,25000000.000
19583,2026,-10.742188,25000000.000
19584,2048,0.000000,25000000.000
19585,2058,4.882812,25000000.000
19586,2072,11.718750,25000000.000
19587,2073,12.207031,25000000.000
19588,2092,21.484375,25000000.000
19589,2099,24.902344,25000000.000
19590,2111,30.761719,25000000.000
19591,2108,29.296875,25000000.000
19592,2116,33.203125,25000000.000
19593,2120,35.156250,25000000.000
19594,2121,35.644531,25000000.000
19595,2118,34.179688,25000000.000
19596,2114,32.226562,25000000.000
19597,2113,31.738281,25000000.000
19598,2105,27.832031,25000000.000
19599,2105,27.832031,25000000.000
19600,2090,20.507812,25000000.000
19601,2083,17.089844,25000000.000
19602,2074,12.695312,25000000.000
19603,2073,12.207031,25000000.000
19604,2048,0.000000,25000000.000
19605,2038,-4.882812,25000000.000
19606,2026,-10.742188,25000000.000
19607,2017,-15.136719,25000000.000
19608,2005,-20.996094,25000000.000
19609,1996,-25.390625,25000000.000
19610,1990,-28.320312,25000000.000
19611,1982,-32.226562,25000000.000
19612,1975,-35.644531,25000000.000
19613,1975,-35.644531,25000000.000
19614,1973,-36.621094,25000000.000
19615,1974,-36.132812,25000000.000
19616,1975,-35.644531,25000000.000
19617,1980,-33.203125,25000000.000
19618,1984,-31.250000,25000000.000
19619,1986,-30.273438,25000000.000
19620,1996,-25.390625,25000000.000
19621,2002,-22.460938,25000000.000
19622,2016,-15.625000,25000000.000
19623,2015,-16.113281,25000000.000
19624,2036,-5.859375,25000000.000
19625,2047,-0.488281,25000000.000
19626,2059,5.371094,25000000.000
19627,2059,5.371094,25000000.000
19628,2081,16.113281,25000000.000
19629,2092,21.484375,25000000.000
19630,2101,25.878906,25000000.000
19631,2101,25.878906,25000000.000
19632,2111,30.761719,25000000.000
19633,2119,34.667969,25000000.000
19634,2123,36.621094,25000000.000
19635,2122,36.132812,25000000.000
19636,2120,35.156250,25000000.000
19637,2110,30.273438,25000000.000
19638,2106,28.320312,25000000.000
19639,2100,25.390625,25000000.000
19640,2099,24.902344,25000000.000
19641,2087,19.042969,25000000.000
19642,2082,16.601562,25000000.000
19643,2078,14.648438,25000000.000
19644,2061,6.347656,25000000.000
19645,2048,0.000000,25000000.000
19646,2039,-4.394531,25000000.000
19647,2037,-5.371094,25000000.000
19648,2013,-17.089844,25000000.000
19649,2006,-20.507812,25000000.000
19650,1995,-25.878906,25000000.000
19651,1996,-25.390625,25000000.000
19652,1984,-31.250000,25000000.000
19653,1976,-35.156250,25000000.000
19654,1973,-36.621094,25000000.000
19655,1974,-36.132812,25000000.000
19656,1974,-36.132812,25000000.000
19657,1975,-35.644531,25000000.000
19658,1980,-33.203125,25000000.000
19659,1980,-33.203125,25000000.000
19660,1989,-28.808594,25000000.000
19661,1997,-24.902344,25000000.000
19662,2005,-20.996094,25000000.000
19663,2005,-20.996094,25000000.000
19664,2026,-10.742188,25000000.000
19665,2040,-3.906250,25000000.000
19666,2049,0.488281,25000000.000
19667,2052,1.953125,25000000.000
19668,2072,11.718750,25000000.000
19669,2084,17.578125,25000000.000
19670,2093,21.972656,25000000.000
19671,2095,22.949219,25000000.000
19672,2097,23.925781,25000000.000
19673,2113,31.738281,25000000.000
19674,2124,37.109375,25000000.000
19675,2123,36.621094,25000000.000
19676,2092,21.484375,25000000.000
19677,2122,36.132812,25000000.000
19678,2117,33.691406,25000000.000
19679,2117,33.691406,25000000.000
19680,2102,26.367188,25000000.000
19681,2096,23.437500,25000000.000
19682,2099,24.902344,25000000.000
19683,2092,21.484375,25000000.000
19684,2069,10.253906,25000000.000
19685,2058,4.882812,25000000.000
19686,2047,-0.488281,25000000.000
19687,2046,-0.976562,25000000.000
19688,2027,-10.253906,25000000.000
19689,2014,-16.601562,25000000.000
19690,2006,-20.507812,25000000.000
19691,2003,-21.972656,25000000.000
19692,1988,-29.296875,25000000.000
19693,1982,-32.226562,25000000.000
19694,1976,-35.156250,25000000.000
19695,1974,-36.132812,25000000.000
19696,1974,-36.132812,25000000.000
19697,1976,-35.156250,25000000.000
19698,1977,-34.667969,25000000.000
19699,1978,-34.179688,25000000.000
19700,1988,-29.296875,25000000.000
19701,1991,-27.832031,25000000.000
19702,2000,-23.437500,25000000.000
19703,2002,-22.460938,25000000.000
19704,2020,-13.671875,25000000.000
19705,2028,-9.765625,25000000.000
19706,2041,-3.417969,25000000.000
19707,2040,-3.906250,25000000.000
19708,2064,7.812500,25000000.000
19709,2075,13.183594,25000000.000
19710,2086,18.554688,25000000.000
19711,2087,19.042969,25000000.000
19712,2104,27.343750,25000000.000
19713,2113,31.738281,25000000.000
19714,2116,33.203125,25000000.000
19715,2117,33.691406,25000000.000
19716,2121,35.644531,25000000.000
19717,2121,35.644531,25000000.000
19718,2120,35.156250,25000000.000
19719,2121,35.644531,25000000.000
19720,2111,30.761719,25000000.000
19721,2104,27.343750,25000000.000
19722,2096,23.437500,25000000.000
19723,2095,22.949219,25000000.000
19724,2079,15.136719,25000000.000
19725,2069,10.253906,25000000.000
19726,2057,4.394531,25000000.000
19727,2056,3.906250,25000000.000
19728,2034,-6.835938,25000000.000
19729,2023,-12.207031,25000000.000
19730,2011,-18.066406,25000000.000
19731,2012,-17.578125,25000000.000
19732,1993,-26.855469,25000000.000
19733,1986,-30.273438,25000000.000
19734,1982,-32.226562,25000000.000
19735,1981,-32.714844,25000000.000
19736,1974,-36.132812,25000000.000
19737,1972,-37.109375,25000000.000
19738,1976,-35.156250,25000000.000
19739,1976,-35.156250,25000000.000
19740,1982,-32.226562,25000000.000
19741,1987,-29.785156,25000000.000
19742,1993,-26.855469,25000000.000
19743,1992,-27.343750,25000000.000
19744,2009,-19.042969,25000000.000
19745,2021,-13.183594,25000000.000
19746,2028,-9.765625,25000000.000
19747,2030,-8.789062,25000000.000
19748,2050,0.976562,25000000.000
19749,2067,9.277344,25000000.000
19750,2077,14.160156,25000000.000
19751,2080,15.625000,25000000.000
19752,2097,23.925781,25000000.000
19753,2105,27.832031,25000000.000
19754,2113,31.738281,25000000.000
19755,2113,31.738281,25000000.000
19756,2122,36.132812,25000000.000
19757,2121,35.644531,25000000.000
19758,2122,36.132812,25000000.000
19759,2120,35.156250,25000000.000
19760,2115,32.714844,25000000.000
19761,2110,30.273438,25000000.000
19762,2104,27.343750,25000000.000
19763,2104,27.343750,25000000.000
19764,2086,18.554688,25000000.000
19765,2078,14.648438,25000000.000
19766,2068,9.765625,25000000.000
19767,2065,8.300781,25000000.000
19768,2045,-1.464844,25000000.000
19769,2034,-6.835938,25000000.000
19770,2023,-12.207031,25000000.000
19771,2021,-13.183594,25000000.000
19772,2004,-21.484375,25000000.000
19773,1992,-27.343750,25000000.000
19774,1986,-30.273438,25000000.000
19775,1983,-31.738281,25000000.000
19776,1975,-35.644531,25000000.000
19777,1974,-36.132812,25000000.000
19778,1973,-36.621094,25000000.000
19779,1974,-36.132812,25000000.000
19780,1978,-34.179688,25000000.000
19781,1985,-30.761719,25000000.000
19782,1987,-29.785156,25000000.000
19783,1989,-28.808594,25000000.000
19784,2002,-22.460938,25000000.000
19785,2011,-18.066406,25000000.000
19786,2023,-12.207031,25000000.000
19787,2022,-12.695312,25000000.000
19788,2044,-1.953125,25000000.000
19789,2054,2.929688,25000000.000
19790,2069,10.253906,25000000.000
19791,2070,10.742188,25000000.000
19792,2089,20.019531,25000000.000
19793,2098,24.414062,25000000.000
19794,2116,33.203125,25000000.000
19795,2087,19.042969,25000000.000
19796,2109,29.785156,25000000.000
19797,2109,29.785156,25000000.000
19798,2107,28.808594,25000000.000
19799,2121,35.644531,25000000.000
19800,2121,35.644531,25000000.000
19801,2113,31.738281,25000000.000
19802,2108,29.296875,25000000.000
19803,2104,27.343750,25000000.000
19804,2096,23.437500,25000000.000
19805,2083,17.089844,25000000.000
19806,2077,14.160156,25000000.000
19807,2073,12.207031,25000000.000
19808,2053,2.441406,25000000.000
19809,2042,-2.929688,25000000.000
19810,2030,-8.789062,25000000.000
19811,2029,-9.277344,25000000.000
19812,2008,-19.531250,25000000.000
19813,1999,-23.925781,25000000.000
19814,1991,-27.832031,25000000.000
19815,1989,-28.808594,25000000.000
19816,1978,-34.179688,25000000.000
19817,1975,-35.644531,25000000.000
19818,1972,-37.109375,25000000.000
19819,1974,-36.132812,25000000.000
19820,1977,-34.667969,25000000.000
19821,1978,-34.179688,25000000.000
19822,1984,-31.250000,25000000.000
19823,1983,-31.738281,25000000.000
19824,1995,-25.878906,25000000.000
19825,2003,-21.972656,25000000.000
19826,2011,-18.066406,25000000.000
19827,2012,-17.578125,25000000.000
19828,2032,-7.812500,25000000.000
19829,2045,-1.464844,25000000.000
19830,2052,1.953125,25000000.000
19831,2055,3.417969,25000000.000
19832,2080,15.625000,25000000.000
19833,2088,19.531250,25000000.000
19834,2099,24.902344,25000000.000
19835,2100,25.390625,25000000.000
19836,2113,31.738281,25000000.000
19837,2116,33.203125,25000000.000
19838,2120,35.156250,25000000.000
19839,2119,34.667969,25000000.000
19840,2125,37.597656,25000000.000
19841,2110,30.273438,25000000.000
19842,2114,32.226562,25000000.000
19843,2107,28.808594,25000000.000
19844,2096,23.437500,25000000.000
19845,2092,21.484375,25000000.000
19846,2085,18.066406,25000000.000
19847,2084,17.578125,25000000.000
19848,2062,6.835938,25000000.000
19849,2052,1.953125,25000000.000
19850,2041,-3.417969,25000000.000
19851,2041,-3.417969,25000000.000
19852,2018,-14.648438,25000000.000
19853,2007,-20.019531,25000000.000
19854,1998,-24.414062,25000000.000
19855,1996,-25.390625,25000000.000
19856,1984,-31.250000,25000000.000
19857,1976,-35.156250,25000000.000
19858,1975,-35.644531,25000000.000
19859,1974,-36.132812,25000000.000
19860,1973,-36.621094,25000000.000
19861,1976,-35.156250,25000000.000
19862,1978,-34.179688,25000000.000
19863,1979,-33.691406,25000000.000
19864,1988,-29.296875,25000000.000
19865,1996,-25.390625,25000000.000
19866,2005,-20.996094,25000000.000
19867,2006,-20.507812,25000000.000
19868,2024,-11.718750,25000000.000
19869,2034,-6.835938,25000000.000
19870,2048,0.000000,25000000.000
19871,2048,0.000000,25000000.000
19872,2075,13.183594,25000000.000
19873,2081,16.113281,25000000.000
19874,2094,22.460938,25000000.000
19875,2094,22.460938,25000000.000
19876,2108,29.296875,25000000.000
19877,2114,32.226562,25000000.000
19878,2116,33.203125,25000000.000
19879,2118,34.179688,25000000.000
19880,2120,35.156250,25000000.000
19881,2120,35.156250,25000000.000
19882,2112,31.250000,25000000.000
19883,2118,34.179688,25000000.000
19884,2109,29.785156,25000000.000
19885,2098,24.414062,25000000.000
19886,2092,21.484375,25000000.000
19887,2088,19.531250,25000000.000
19888,2072,11.718750,25000000.000
19889,2062,6.835938,25000000.000
19890,2051,1.464844,25000000.000
19891,2049,0.488281,25000000.000
19892,2029,-9.277344,25000000.000
19893,2018,-14.648438,25000000.000
19894,2005,-20.996094,25000000.000
19895,2005,-20.996094,25000000.000
19896,1988,-29.296875,25000000.000
19897,1986,-30.273438,25000000.000
19898,1978,-34.179688,25000000.000
19899,1979,-33.691406,25000000.000
19900,1975,-35.644531,25000000.000
19901,1974,-36.132812,25000000.000
19902,1977,-34.667969,25000000.000
19903,1977,-34.667969,25000000.000
19904,1986,-30.273438,25000000.000
19905,1990,-28.320312,25000000.000
19906,2000,-23.437500,25000000.000
19907,1999,-23.925781,25000000.000
19908,2015,-16.113281,25000000.000
19909,2025,-11.230469,25000000.000
19910,2038,-4.882812,25000000.000
19911,2038,-4.882812,25000000.000
19912,2058,4.882812,25000000.000
19913,2072,11.718750,25000000.000
19914,2078,14.648438,25000000.000
19915,2082,16.601562,25000000.000
19916,2103,26.855469,25000000.000
19917,2110,30.273438,25000000.000
19918,2115,32.714844,25000000.000
19919,2117,33.691406,25000000.000
19920,2122,36.132812,25000000.000
19921,2121,35.644531,25000000.000
19922,2119,34.667969,25000000.000
19923,2118,34.179688,25000000.000
19924,2111,30.761719,25000000.000
19925,2106,28.320312,25000000.000
19926,2098,24.414062,25000000.000
19927,2096,23.437500,25000000.000
19928,2081,16.113281,25000000.000
19929,2072,11.718750,25000000.000
19930,2059,5.371094,25000000.000
19931,2059,5.371094,25000000.000
19932,2038,-4.882812,25000000.000
19933,2026,-10.742188,25000000.000
19934,2017,-15.136719,25000000.000
19935,2015,-16.113281,25000000.000
19936,1995,-25.878906,25000000.000
19937,1986,-30.273438,25000000.000
19938,1983,-31.738281,25000000.000
19939,1981,-32.714844,25000000.000
19940,1976,-35.156250,25000000.000
19941,1972,-37.109375,25000000.000
19942,1974,-36.132812,25000000.000
19943,1974,-36.132812,25000000.000
19944,1980,-33.203125,25000000.000
19945,1985,-30.761719,25000000.000
19946,1991,-27.832031,25000000.000
19947,1992,-27.343750,25000000.000
19948,2007,-20.019531,25000000.000
19949,2017,-15.136719,25000000.000
19950,2029,-9.277344,25000000.000
19951,2030,-8.789062,25000000.000
19952,2050,0.976562,25000000.000
19953,2062,6.835938,25000000.000
19954,2075,13.183594,25000000.000
19955,2075,13.183594,25000000.000
19956,2096,23.437500,25000000.000
19957,2103,26.855469,25000000.000
19958,2109,29.785156,25000000.000
19959,2111,30.761719,25000000.000
19960,2120,35.156250,25000000.000
19961,2121,35.644531,25000000.000
19962,2120,35.156250,25000000.000
19963,2120,35.156250,25000000.000
19964,2114,32.226562,25000000.000
19965,2111,30.761719,25000000.000
19966,2104,27.343750,25000000.000
19967,2103,26.855469,25000000.000
19968,2088,19.531250,25000000.000
19969,2078,14.648438,25000000.000
19970,2069,10.253906,25000000.000
19971,2067,9.277344,25000000.000
19972,2049,0.488281,25000000.000
19973,2034,-6.835938,25000000.000
19974,2024,-11.718750,25000000.000
19975,2023,-12.207031,25000000.000
19976,2003,-21.972656,25000000.000
19977,1995,-25.878906,25000000.000
19978,1986,-30.273438,25000000.000
19979,1987,-29.785156,25000000.000
19980,1975,-35.644531,25000000.000
19981,1975,-35.644531,25000000.000
19982,1975,-35.644531,25000000.000
19983,1974,-36.132812,25000000.000
19984,1981,-32.714844,25000000.000
19985,1984,-31.250000,25000000.000
19986,1979,-33.691406,25000000.000
19987,1987,-29.785156,25000000.000
19988,2001,-22.949219,25000000.000
19989,2007,-20.019531,25000000.000
19990,2019,-14.160156,25000000.000
19991,2019,-14.160156,25000000.000
19992,2041,-3.417969,25000000.000
19993,2050,0.976562,25000000.000
19994,2063,7.324219,25000000.000
19995,2063,7.324219,25000000.000
19996,2085,18.066406,25000000.000
19997,2094,22.460938,25000000.000
19998,2102,26.367188,25000000.000
19999,2105,27.832031,25000000.000
20000,2117,33.691406,25000000.000
20001,2120,35.156250,25000000.000
20002,2121,35.644531,25000000.000
20003,2122,36.132812,25000000.000
20004,2120,35.156250,25000000.000
20005,2113,31.738281,25000000.000
20006,2111,30.761719,25000000.000
20007,2109,29.785156,25000000.000
20008,2095,22.949219,25000000.000
20009,2088,19.531250,25000000.000
20010,2076,13.671875,25000000.000
20011,2074,12.695312,25000000.000
20012,2056,3.906250,25000000.000
20013,2046,-0.976562,25000000.000
20014,2033,-7.324219,25000000.000
20015,2032,-7.812500,25000000.000
20016,2012,-17.578125,25000000.000
20017,2002,-22.460938,25000000.000
20018,1992,-27.343750,25000000.000
20019,1993,-26.855469,25000000.000
20020,1981,-32.714844,25000000.000
20021,1975,-35.644531,25000000.000
20022,1974,-36.132812,25000000.000
20023,1973,-36.621094,25000000.000
20024,1975,-35.644531,25000000.000
20025,1977,-34.667969,25000000.000
20026,1984,-31.250000,25000000.000
20027,1981,-32.714844,25000000.000
20028,1989,-28.808594,25000000.000
20029,2001,-22.949219,25000000.000
20030,2009,-19.042969,25000000.000
20031,2009,-19.042969,25000000.000
20032,2029,-9.277344,25000000.000
20033,2041,-3.417969,25000000.000
20034,2055,3.417969,25000000.000
20035,2057,4.394531,25000000.000
20036,2077,14.160156,25000000.000
20037,2087,19.042969,25000000.000
20038,2097,23.925781,25000000.000
20039,2098,24.414062,25000000.000
20040,2111,30.761719,25000000.000
20041,2117,33.691406,25000000.000
20042,2120,35.156250,25000000.000
20043,2119,34.667969,25000000.000
20044,2117,33.691406,25000000.000
20045,2117,33.691406,25000000.000
20046,2113,31.738281,25000000.000
20047,2115,32.714844,25000000.000
20048,2101,25.878906,25000000.000
20049,2094,22.460938,25000000.000
20050,2087,19.042969,25000000.000
20051,2087,19.042969,25000000.000
20052,2065,8.300781,25000000.000
20053,2055,3.417969,25000000.000
20054,2045,-1.464844,25000000.000
20055,2042,-2.929688,25000000.000
20056,2023,-12.207031,25000000.000
20057,2010,-18.554688,25000000.000
20058,2000,-23.437500,25000000.000
20059,1999,-23.925781,25000000.000
20060,1984,-31.250000,25000000.000
20061,1980,-33.203125,25000000.000
20062,1975,-35.644531,25000000.000
20063,1974,-36.132812,25000000.000
20064,1975,-35.644531,25000000.000
20065,1974,-36.132812,25000000.000
20066,1978,-34.179688,25000000.000
20067,1979,-33.691406,25000000.000
20068,1985,-30.761719,25000000.000
20069,1997,-24.902344,25000000.000
20070,2000,-23.437500,25000000.000
20071,2002,-22.460938,25000000.000
20072,2022,-12.695312,25000000.000
20073,2033,-7.324219,25000000.000
20074,2042,-2.929688,25000000.000
20075,2043,-2.441406,25000000.000
20076,2066,8.789062,25000000.000
20077,2079,15.136719,25000000.000
20078,2088,19.531250,25000000.000
20079,2091,20.996094,25000000.000
20080,2104,27.343750,25000000.000
20081,2113,31.738281,25000000.000
20082,2118,34.179688,25000000.000
20083,2118,34.179688,25000000.000
20084,2122,36.132812,25000000.000
20085,2118,34.179688,25000000.000
20086,2118,34.179688,25000000.000
20087,2117,33.691406,25000000.000
20088,2108,29.296875,25000000.000
20089,2100,25.390625,25000000.000
20090,2094,22.460938,25000000.000
20091,2091,20.996094,25000000.000
20092,2076,13.671875,25000000.000
20093,2065,8.300781,25000000.000
20094,2054,2.929688,25000000.000
20095,2052,1.953125,25000000.000
20096,2030,-8.789062,25000000.000
20097,2021,-13.183594,25000000.000
20098,2009,-19.042969,25000000.000
20099,2007,-20.019531,25000000.000
20100,1990,-28.320312,25000000.000
20101,1984,-31.250000,25000000.000
20102,1979,-33.691406,25000000.000
20103,1978,-34.179688,25000000.000
20104,1973,-36.621094,25000000.000
20105,1973,-36.621094,25000000.000
20106,1977,-34.667969,25000000.000
20107,1976,-35.156250,25000000.000
20108,1984,-31.250000,25000000.000
20109,1989,-28.808594,25000000.000
20110,1997,-24.902344,25000000.000
20111,1997,-24.902344,25000000.000
20112,2012,-17.578125,25000000.000
20113,2024,-11.718750,25000000.000
20114,2034,-6.835938,25000000.000
20115,2037,-5.371094,25000000.000
20116,2059,5.371094,25000000.000
20117,2070,10.742188,25000000.000
20118,2081,16.113281,25000000.000
20119,2083,17.089844,25000000.000
20120,2100,25.390625,25000000.000
20121,2107,28.808594,25000000.000
20122,2119,34.667969,25000000.000
20123,2116,33.203125,25000000.000
20124,2118,34.179688,25000000.000
20125,2126,38.085938,25000000.000
20126,2116,33.203125,25000000.000
20127,2120,35.156250,25000000.000
20128,2116,33.203125,25000000.000
20129,2107,28.808594,25000000.000
20130,2099,24.902344,25000000.000
20131,2099,24.902344,25000000.000
20132,2084,17.578125,25000000.000
20133,2075,13.183594,25000000.000
20134,2063,7.324219,25000000.000
20135,2064,7.812500,25000000.000
20136,2043,-2.441406,25000000.000
20137,2030,-8.789062,25000000.000
20138,2020,-13.671875,25000000.000
20139,2018,-14.648438,25000000.000
20140,2000,-23.437500,25000000.000
20141,1990,-28.320312,25000000.000
20142,1983,-31.738281,25000000.000
20143,1981,-32.714844,25000000.000
20144,1974,-36.132812,25000000.000
20145,1975,-35.644531,25000000.000
20146,1966,-40.039062,25000000.000
20147,1979,-33.691406,25000000.000
20148,1973,-36.621094,25000000.000
20149,1978,-34.179688,25000000.000
20150,1978,-34.179688,25000000.000
20151,1977,-34.667969,25000000.000
20152,1998,-24.414062,25000000.000
20153,2014,-16.601562,25000000.000
20154,2025,-11.230469,25000000.000
20155,2025,-11.230469,25000000.000
20156,2050,0.976562,25000000.000
20157,2061,6.347656,25000000.000
20158,2070,10.742188,25000000.000
20159,2072,11.718750,25000000.000
20160,2093,21.972656,25000000.000
20161,2101,25.878906,25000000.000
20162,2107,28.808594,25000000.000
20163,2109,29.785156,25000000.000
20164,2117,33.691406,25000000.000
20165,2123,36.621094,25000000.000
20166,2121,35.644531,25000000.000
20167,2122,36.132812,25000000.000
20168,2117,33.691406,25000000.000
20169,2111,30.761719,25000000.000
20170,2107,28.808594,25000000.000
20171,2104,27.343750,25000000.000
20172,2092,21.484375,25000000.000
20173,2082,16.601562,25000000.000
20174,2072,11.718750,25000000.000
20175,2069,10.253906,25000000.000
20176,2051,1.464844,25000000.000
20177,2039,-4.394531,25000000.000
20178,2029,-9.277344,25000000.000
20179,2026,-10.742188,25000000.000
20180,2004,-21.484375,25000000.000
20181,1996,-25.390625,25000000.000
20182,1992,-27.343750,25000000.000
20183,1991,-27.832031,25000000.000
20184,1975,-35.644531,25000000.000
20185,1976,-35.156250,25000000.000
20186,1973,-36.621094,25000000.000
20187,1971,-37.597656,25000000.000
20188,1975,-35.644531,25000000.000
20189,1979,-33.691406,25000000.000
20190,1986,-30.273438,25000000.000
20191,1985,-30.761719,25000000.000
20192,1997,-24.902344,25000000.000
20193,2007,-20.019531,25000000.000
20194,2014,-16.601562,25000000.000
20195,2016,-15.625000,25000000.000
20196,2036,-5.859375,25000000.000
20197,2050,0.976562,25000000.000
20198,2059,5.371094,25000000.000
20199,2063,7.324219,25000000.000
20200,2085,18.066406,25000000.000
20201,2092,21.484375,25000000.000
20202,2101,25.878906,25000000.000
20203,2104,27.343750,25000000.000
20204,2116,33.203125,25000000.000
20205,2117,33.691406,25000000.000
20206,2121,35.644531,25000000.000
20207,2120,35.156250,25000000.000
20208,2118,34.179688,25000000.000
20209,2112,31.250000,25000000.000
20210,2109,29.785156,25000000.000
20211,2108,29.296875,25000000.000
20212,2097,23.925781,25000000.000
20213,2089,20.019531,25000000.000
20214,2080,15.625000,25000000.000
20215,2079,15.136719,25000000.000
20216,2060,5.859375,25000000.000
20217,2048,0.000000,25000000.000
20218,2037,-5.371094,25000000.000
20219,2036,-5.859375,25000000.000
20220,2014,-16.601562,25000000.000
20221,2003,-21.972656,25000000.000
20222,1996,-25.390625,25000000.000
20223,1993,-26.855469,25000000.000
20224,1980,-33.203125,25000000.000
20225,1976,-35.156250,25000000.000
20226,1974,-36.132812,25000000.000
20227,1973,-36.621094,25000000.000
20228,1972,-37.109375,25000000.000
20229,1978,-34.179688,25000000.000
20230,1978,-34.179688,25000000.000
20231,1980,-33.203125,25000000.000
20232,1990,-28.320312,25000000.000
20233,1998,-24.414062,25000000.000
20234,2010,-18.554688,25000000.000
20235,2011,-18.066406,25000000.000
20236,2029,-9.277344,25000000.000
20237,2036,-5.859375,25000000.000
20238,2052,1.953125,25000000.000
20239,2052,1.953125,25000000.000
20240,2074,12.695312,25000000.000
20241,2085,18.066406,25000000.000
20242,2094,22.460938,25000000.000
20243,2094,22.460938,25000000.000
20244,2109,29.785156,25000000.000
20245,2116,33.203125,25000000.000
20246,2119,34.667969,25000000.000
20247,2120,35.156250,25000000.000
20248,2118,34.179688,25000000.000
20249,2115,32.714844,25000000.000
20250,2116,33.203125,25000000.000
20251,2115,32.714844,25000000.000
20252,2103,26.855469,25000000.000
20253,2094,22.460938,25000000.000
20254,2088,19.531250,25000000.000
20255,2087,19.042969,25000000.000
20256,2070,10.742188,25000000.000
20257,2059,5.371094,25000000.000
20258,2046,-0.976562,25000000.000
20259,2044,-1.953125,25000000.000
20260,2023,-12.207031,25000000.000
20261,2014,-16.601562,25000000.000
20262,2002,-22.460938,25000000.000
20263,2002,-22.460938,25000000.000
20264,1985,-30.761719,25000000.000
20265,1981,-32.714844,25000000.000
20266,1976,-35.156250,25000000.000
20267,1977,-34.667969,25000000.000
20268,1974,-36.132812,25000000.000
20269,1974,-36.132812,25000000.000
20270,1978,-34.179688,25000000.000
20271,1977,-34.667969,25000000.000
20272,1986,-30.273438,25000000.000
20273,1993,-26.855469,25000000.000
20274,2000,-23.437500,25000000.000
20275,2000,-23.437500,25000000.000
20276,2017,-15.136719,25000000.000
20277,2030,-8.789062,25000000.000
20278,2041,-3.417969,25000000.000
20279,2042,-2.929688,25000000.000
20280,2062,6.835938,25000000.000
20281,2077,14.160156,25000000.000
20282,2087,19.042969,25000000.000
20283,2089,20.019531,25000000.000
20284,2105,27.832031,25000000.000
20285,2111,30.761719,25000000.000
20286,2117,33.691406,25000000.000
20287,2116,33.203125,25000000.000
20288,2121,35.644531,25000000.000
20289,2120,35.156250,25000000.000
20290,2118,34.179688,25000000.000
20291,2119,34.667969,25000000.000
20292,2109,29.785156,25000000.000
20293,2104,27.343750,25000000.000
20294,2094,22.460938,25000000.000
20295,2094,22.460938,25000000.000
20296,2077,14.160156,25000000.000
20297,2069,10.253906,25000000.000
20298,2057,4.394531,25000000.000
20299,2058,4.882812,25000000.000
20300,2035,-6.347656,25000000.000
20301,2022,-12.695312,25000000.000
20302,2013,-17.089844,25000000.000
20303,2011,-18.066406,25000000.000
20304,1993,-26.855469,25000000.000
20305,1984,-31.250000,25000000.000
20306,1979,-33.691406,25000000.000
20307,1979,-33.691406,25000000.000
20308,1973,-36.621094,25000000.000
20309,1974,-36.132812,25000000.000
20310,1975,-35.644531,25000000.000
20311,1975,-35.644531,25000000.000
20312,1981,-32.714844,25000000.000
20313,1989,-28.808594,25000000.000
20314,1994,-26.367188,25000000.000
20315,1995,-25.878906,25000000.000
20316,2012,-17.578125,25000000.000
20317,2021,-13.183594,25000000.000
20318,2032,-7.812500,25000000.000
20319,2033,-7.324219,25000000.000
20320,2056,3.906250,25000000.000
20321,2066,8.789062,25000000.000
20322,2080,15.625000,25000000.000
20323,2078,14.648438,25000000.000
20324,2098,24.414062,25000000.000
20325,2106,28.320312,25000000.000
20326,2113,31.738281,25000000.000
20327,2113,31.738281,25000000.000
20328,2120,35.156250,25000000.000
20329,2123,36.621094,25000000.000
20330,2125,37.597656,25000000.000
20331,2116,33.203125,25000000.000
20332,2112,31.250000,25000000.000
20333,2110,30.273438,25000000.000
20334,2102,26.367188,25000000.000
20335,2104,27.343750,25000000.000
20336,2088,19.531250,25000000.000
20337,2074,12.695312,25000000.000
20338,2065,8.300781,25000000.000
20339,2063,7.324219,25000000.000
20340,2045,-1.464844,25000000.000
20341,2031,-8.300781,25000000.000
20342,2019,-14.160156,25000000.000
20343,2018,-14.648438,25000000.000
20344,1998,-24.414062,25000000.000
20345,1991,-27.832031,25000000.000
20346,1982,-32.226562,25000000.000
20347,1985,-30.761719,25000000.000
20348,1974,-36.132812,25000000.000
20349,1974,-36.132812,25000000.000
20350,1974,-36.132812,25000000.000
20351,1975,-35.644531,25000000.000
20352,1979,-33.691406,25000000.000
20353,1982,-32.226562,25000000.000
20354,1989,-28.808594,25000000.000
20355,1989,-28.808594,25000000.000
20356,2004,-21.484375,25000000.000
20357,2012,-17.578125,25000000.000
20358,2022,-12.695312,25000000.000
20359,2023,-12.207031,25000000.000
20360,2041,-3.417969,25000000.000
20361,2058,4.882812,25000000.000
20362,2059,5.371094,25000000.000
20363,2074,12.695312,25000000.000
20364,2081,16.113281,25000000.000
20365,2105,27.832031,25000000.000
20366,2108,29.296875,25000000.000
20367,2108,29.296875,25000000.000
20368,2118,34.179688,25000000.000
20369,2120,35.156250,25000000.000
20370,2121,35.644531,25000000.000
20371,2122,36.132812,25000000.000
20372,2117,33.691406,25000000.000
20373,2113,31.738281,25000000.000
20374,2108,29.296875,25000000.000
20375,2106,28.320312,25000000.000
20376,2096,23.437500,25000000.000
20377,2084,17.578125,25000000.000
20378,2075,13.183594,25000000.000
20379,2075,13.183594,25000000.000
20380,2053,2.441406,25000000.000
20381,2043,-2.441406,25000000.000
20382,2031,-8.300781,25000000.000
20383,2030,-8.789062,25000000.000
20384,2010,-18.554688,25000000.000
20385,1999,-23.925781,25000000.000
20386,1991,-27.832031,25000000.000
20387,1988,-29.296875,25000000.000
20388,1978,-34.179688,25000000.000
20389,1973,-36.621094,25000000.000
20390,1974,-36.132812,25000000.000
20391,1971,-37.597656,25000000.000
20392,1975,-35.644531,25000000.000
20393,1979,-33.691406,25000000.000
20394,1982,-32.226562,25000000.000
20395,1983,-31.738281,25000000.000
20396,1994,-26.367188,25000000.000
20397,2005,-20.996094,25000000.000
20398,2012,-17.578125,25000000.000
20399,2015,-16.113281,25000000.000
20400,2035,-6.347656,25000000.000
20401,2046,-0.976562,25000000.000
20402,2057,4.394531,25000000.000
20403,2059,5.371094,25000000.000
20404,2085,18.066406,25000000.000
20405,2086,18.554688,25000000.000
20406,2102,26.367188,25000000.000
20407,2099,24.902344,25000000.000
20408,2107,28.808594,25000000.000
20409,2119,34.667969,25000000.000
20410,2122,36.132812,25000000.000
20411,2124,37.109375,25000000.000
20412,2118,34.179688,25000000.000
20413,2117,33.691406,25000000.000
20414,2112,31.250000,25000000.000
20415,2113,31.738281,25000000.000
20416,2099,24.902344,25000000.000
20417,2090,20.507812,25000000.000
20418,2084,17.578125,25000000.000
20419,2084,17.578125,25000000.000
20420,2063,7.324219,25000000.000
20421,2051,1.464844,25000000.000
20422,2040,-3.906250,25000000.000
20423,2037,-5.371094,25000000.000
20424,2016,-15.625000,25000000.000
20425,2006,-20.507812,25000000.000
20426,1997,-24.902344,25000000.000
20427,1996,-25.390625,25000000.000
20428,1981,-32.714844,25000000.000
20429,1978,-34.179688,25000000.000
20430,1971,-37.597656,25000000.000
20431,1973,-36.621094,25000000.000
20432,1973,-36.621094,25000000.000
20433,1975,-35.644531,25000000.000
20434,1979,-33.691406,25000000.000
20435,1980,-33.203125,25000000.000
20436,1991,-27.832031,25000000.000
20437,1996,-25.390625,25000000.000
20438,2007,-20.019531,25000000.000
20439,2003,-21.972656,25000000.000
20440,2026,-10.742188,25000000.000
20441,2037,-5.371094,25000000.000
20442,2048,0.000000,25000000.000
20443,2047,-0.488281,25000000.000
20444,2071,11.230469,25000000.000
20445,2083,17.089844,25000000.000
20446,2091,20.996094,25000000.000
20447,2094,22.460938,25000000.000
20448,2110,30.273438,25000000.000
20449,2114,32.226562,25000000.000
20450,2119,34.667969,25000000.000
20451,2120,35.156250,25000000.000
20452,2121,35.644531,25000000.000
20453,2118,34.179688,25000000.000
20454,2116,33.203125,25000000.000
20455,2115,32.714844,25000000.000
20456,2105,27.832031,25000000.000
20457,2097,23.925781,25000000.000
20458,2089,20.019531,25000000.000
20459,2087,19.042969,25000000.000
20460,2071,11.230469,25000000.000
20461,2062,6.835938,25000000.000
20462,2047,-0.488281,25000000.000
20463,2046,-0.976562,25000000.000
20464,2027,-10.253906,25000000.000
20465,2014,-16.601562,25000000.000
20466,2006,-20.507812,25000000.000
20467,2004,-21.484375,25000000.000
20468,1987,-29.785156,25000000.000
20469,1981,-32.714844,25000000.000
20470,1978,-34.179688,25000000.000
20471,1975,-35.644531,25000000.000
20472,1973,-36.621094,25000000.000
20473,1975,-35.644531,25000000.000
20474,1978,-34.179688,25000000.000
20475,1977,-34.667969,25000000.000
20476,1990,-28.320312,25000000.000
20477,1996,-25.390625,25000000.000
20478,2000,-23.437500,25000000.000
20479,2008,-19.531250,25000000.000
20480,2015,-16.113281,25000000.000
20481,2030,-8.789062,25000000.000
20482,2038,-4.882812,25000000.000
20483,2046,-0.976562,25000000.000
20484,2062,6.835938,25000000.000
20485,2076,13.671875,25000000.000
20486,2084,17.578125,25000000.000
20487,2085,18.066406,25000000.000
20488,2102,26.367188,25000000.000
20489,2110,30.273438,25000000.000
20490,2116,33.203125,25000000.000
20491,2115,32.714844,25000000.000
20492,2119,34.667969,25000000.000
20493,2122,36.132812,25000000.000
20494,2117,33.691406,25000000.000
20495,2116,33.203125,25000000.000
20496,2109,29.785156,25000000.000
20497,2105,27.832031,25000000.000
20498,2097,23.925781,25000000.000
20499,2099,24.902344,25000000.000
20500,2080,15.625000,25000000.000
20501,2071,11.230469,25000000.000
20502,2059,5.371094,25000000.000
20503,2059,5.371094,25000000.000
20504,2039,-4.394531,25000000.000
20505,2026,-10.742188,25000000.000
20506,2014,-16.601562,25000000.000
20507,2014,-16.601562,25000000.000
20508,1995,-25.878906,25000000.000
20509,1987,-29.785156,25000000.000
20510,1980,-33.203125,25000000.000
20511,1979,-33.691406,25000000.000
20512,1973,-36.621094,25000000.000
20513,1973,-36.621094,25000000.000
20514,1972,-37.109375,25000000.000
20515,1975,-35.644531,25000000.000
20516,1980,-33.203125,25000000.000
20517,1985,-30.761719,25000000.000
20518,1991,-27.832031,25000000.000
20519,1993,-26.855469,25000000.000
20520,2009,-19.042969,25000000.000
20521,2017,-15.136719,25000000.000
20522,2029,-9.277344,25000000.000
20523,2028,-9.765625,25000000.000
20524,2053,2.441406,25000000.000
20525,2064,7.812500,25000000.000
20526,2075,13.183594,25000000.000
20527,2075,13.183594,25000000.000
20528,2095,22.949219,25000000.000
20529,2106,28.320312,25000000.000
20530,2111,30.761719,25000000.000
20531,2113,31.738281,25000000.000
20532,2121,35.644531,25000000.000
20533,2120,35.156250,25000000.000
20534,2122,36.132812,25000000.000
20535,2122,36.132812,25000000.000
20536,2117,33.691406,25000000.000
20537,2109,29.785156,25000000.000
20538,2104,27.343750,25000000.000
20539,2103,26.855469,25000000.000
20540,2088,19.531250,25000000.000
20541,2079,15.136719,25000000.000
20542,2066,8.789062,25000000.000
20543,2064,7.812500,25000000.000
20544,2048,0.000000,25000000.000
20545,2035,-6.347656,25000000.000
20546,2024,-11.718750,25000000.000
20547,2024,-11.718750,25000000.000
20548,2003,-21.972656,25000000.000
20549,1994,-26.367188,25000000.000
20550,1986,-30.273438,25000000.000
20551,1986,-30.273438,25000000.000
20552,1978,-34.179688,25000000.000
20553,1973,-36.621094,25000000.000
20554,1975,-35.644531,25000000.000
20555,1974,-36.132812,25000000.000
20556,1979,-33.691406,25000000.000
20557,1982,-32.226562,25000000.000
20558,1987,-29.785156,25000000.000
20559,1987,-29.785156,25000000.000
20560,2002,-22.460938,25000000.000
20561,2010,-18.554688,25000000.000
20562,2018,-14.648438,25000000.000
20563,2021,-13.183594,25000000.000
20564,2042,-2.929688,25000000.000
20565,2054,2.929688,25000000.000
20566,2065,8.300781,25000000.000
20567,2067,9.277344,25000000.000
20568,2091,20.996094,25000000.000
20569,2096,23.437500,25000000.000
20570,2106,28.320312,25000000.000
20571,2106,28.320312,25000000.000
20572,2117,33.691406,25000000.000
20573,2119,34.667969,25000000.000
20574,2120,35.156250,25000000.000
20575,2120,35.156250,25000000.000
20576,2118,34.179688,25000000.000
20577,2116,33.203125,25000000.000
20578,2109,29.785156,25000000.000
20579,2110,30.273438,25000000.000
20580,2095,22.949219,25000000.000
20581,2087,19.042969,25000000.000
20582,2076,13.671875,25000000.000
20583,2076,13.671875,25000000.000
20584,2058,4.882812,25000000.000
20585,2044,-1.953125,25000000.000
20586,2034,-6.835938,25000000.000
20587,2032,-7.812500,25000000.000
20588,2013,-17.089844,25000000.000
20589,2001,-22.949219,25000000.000
20590,1991,-27.832031,25000000.000
20591,1989,-28.808594,25000000.000
20592,1978,-34.179688,25000000.000
20593,1975,-35.644531,25000000.000
20594,1972,-37.109375,25000000.000
20595,1973,-36.621094,25000000.000
20596,1974,-36.132812,25000000.000
20597,1980,-33.203125,25000000.000
20598,1981,-32.714844,25000000.000
20599,1981,-32.714844,25000000.000
20600,1994,-26.367188,25000000.000
20601,2001,-22.949219,25000000.000
20602,2011,-18.066406,25000000.000
20603,2012,-17.578125,25000000.000
20604,2032,-7.812500,25000000.000
20605,2042,-2.929688,25000000.000
20606,2054,2.929688,25000000.000
20607,2055,3.417969,25000000.000
20608,2077,14.160156,25000000.000
20609,2088,19.531250,25000000.000
20610,2096,23.437500,25000000.000
20611,2096,23.437500,25000000.000
20612,2111,30.761719,25000000.000
20613,2115,32.714844,25000000.000
20614,2118,34.179688,25000000.000
20615,2123,36.621094,25000000.000
20616,2118,34.179688,25000000.000
20617,2116,33.203125,25000000.000
20618,2114,32.226562,25000000.000
20619,2114,32.226562,25000000.000
20620,2101,25.878906,25000000.000
20621,2093,21.972656,25000000.000
20622,2084,17.578125,25000000.000
20623,2082,16.601562,25000000.000
20624,2066,8.789062,25000000.000
20625,2052,1.953125,25000000.000
20626,2040,-3.906250,25000000.000
20627,2040,-3.906250,25000000.000
20628,2019,-14.160156,25000000.000
20629,2011,-18.066406,25000000.000
20630,1998,-24.414062,25000000.000
20631,1999,-23.925781,25000000.000
20632,1984,-31.250000,25000000.000
20633,1978,-34.179688,25000000.000
20634,1976,-35.156250,25000000.000
20635,1975,-35.644531,25000000.000
20636,1974,-36.132812,25000000.000
20637,1975,-35.644531,25000000.000
20638,1978,-34.179688,25000000.000
20639,1978,-34.179688,25000000.000
20640,1988,-29.296875,25000000.000
20641,1995,-25.878906,25000000.000
20642,2003,-21.972656,25000000.000
20643,2004,-21.484375,25000000.000
20644,2021,-13.183594,25000000.000
20645,2035,-6.347656,25000000.000
20646,2044,-1.953125,25000000.000
20647,2046,-0.976562,25000000.000
20648,2069,10.253906,25000000.000
20649,2079,15.136719,25000000.000
20650,2090,20.507812,25000000.000
20651,2092,21.484375,25000000.000
20652,2106,28.320312,25000000.000
20653,2113,31.738281,25000000.000
20654,2117,33.691406,25000000.000
20655,2117,33.691406,25000000.000
20656,2121,35.644531,25000000.000
20657,2119,34.667969,25000000.000
20658,2117,33.691406,25000000.000
20659,2117,33.691406,25000000.000
20660,2112,31.250000,25000000.000
20661,2095,22.949219,25000000.000
20662,2067,9.277344,25000000.000
20663,2082,16.601562,25000000.000
20664,2074,12.695312,25000000.000
20665,2071,11.230469,25000000.000
20666,2047,-0.488281,25000000.000
20667,2051,1.464844,25000000.000
20668,2034,-6.835938,25000000.000
20669,2019,-14.160156,25000000.000
20670,2007,-20.019531,25000000.000
20671,2006,-20.507812,25000000.000
20672,1991,-27.832031,25000000.000
20673,1981,-32.714844,25000000.000
20674,1979,-33.691406,25000000.000
20675,1976,-35.156250,25000000.000
20676,1978,-34.179688,25000000.000
20677,1964,-41.015625,25000000.000
20678,1975,-35.644531,25000000.000
20679,1976,-35.156250,25000000.000
20680,1982,-32.226562,25000000.000
20681,1991,-27.832031,25000000.000
20682,1997,-24.902344,25000000.000
20683,1997,-24.902344,25000000.000
20684,2013,-17.089844,25000000.000
20685,2029,-9.277344,25000000.000
20686,2031,-8.300781,25000000.000
20687,2034,-6.835938,25000000.000
20688,2065,8.300781,25000000.000
20689,2068,9.765625,25000000.000
20690,2082,16.601562,25000000.000
20691,2082,16.601562,25000000.000
20692,2100,25.390625,25000000.000
20693,2108,29.296875,25000000.000
20694,2112,31.250000,25000000.000
20695,2115,32.714844,25000000.000
20696,2119,34.667969,25000000.000
20697,2121,35.644531,25000000.000
20698,2121,35.644531,25000000.000
20699,2121,35.644531,25000000.000
20700,2112,31.250000,25000000.000
20701,2106,28.320312,25000000.000
20702,2101,25.878906,25000000.000
20703,2098,24.414062,25000000.000
20704,2083,17.089844,25000000.000
20705,2071,11.230469,25000000.000
20706,2061,6.347656,25000000.000
20707,2060,5.859375,25000000.000
20708,2039,-4.394531,25000000.000
20709,2027,-10.253906,25000000.000
20710,2016,-15.625000,25000000.000
20711,2015,-16.113281,25000000.000
20712,1996,-25.390625,25000000.000
20713,1990,-28.320312,25000000.000
20714,1983,-31.738281,25000000.000
20715,1982,-32.226562,25000000.000
20716,1976,-35.156250,25000000.000
20717,1973,-36.621094,25000000.000
20718,1976,-35.156250,25000000.000
20719,1973,-36.621094,25000000.000
20720,1981,-32.714844,25000000.000
20721,1984,-31.250000,25000000.000
20722,1989,-28.808594,25000000.000
20723,1990,-28.320312,25000000.000
20724,2009,-19.042969,25000000.000
20725,2017,-15.136719,25000000.000
20726,2025,-11.230469,25000000.000
20727,2029,-9.277344,25000000.000
20728,2051,1.464844,25000000.000
20729,2060,5.859375,25000000.000
20730,2073,12.207031,25000000.000
20731,2076,13.671875,25000000.000
20732,2094,22.460938,25000000.000
20733,2102,26.367188,25000000.000
20734,2110,30.273438,25000000.000
20735,2111,30.761719,25000000.000
20736,2121,35.644531,25000000.000
20737,2118,34.179688,25000000.000
20738,2121,35.644531,25000000.000
20739,2120,35.156250,25000000.000
20740,2112,31.250000,25000000.000
20741,2110,30.273438,25000000.000
20742,2107,28.808594,25000000.000
20743,2105,27.832031,25000000.000
20744,2087,19.042969,25000000.000
20745,2081,16.113281,25000000.000
20746,2069,10.253906,25000000.000
20747,2069,10.253906,25000000.000
20748,2047,-0.488281,25000000.000
20749,2037,-5.371094,25000000.000
20750,2025,-11.230469,25000000.000
20751,2025,-11.230469,25000000.000
20752,2008,-19.531250,25000000.000
20753,1993,-26.855469,25000000.000
20754,1988,-29.296875,25000000.000
20755,1986,-30.273438,25000000.000
20756,1977,-34.667969,25000000.000
20757,1975,-35.644531,25000000.000
20758,1974,-36.132812,25000000.000
20759,1973,-36.621094,25000000.000
20760,1977,-34.667969,25000000.000
20761,1995,-25.878906,25000000.000
20762,1980,-33.203125,25000000.000
20763,2003,-21.972656,25000000.000
20764,1991,-27.832031,25000000.000
20765,2001,-22.949219,25000000.000
20766,2026,-10.742188,25000000.000
20767,2005,-20.996094,25000000.000
20768,2038,-4.882812,25000000.000
20769,2049,0.488281,25000000.000
20770,2063,7.324219,25000000.000
20771,2061,6.347656,25000000.000
20772,2086,18.554688,25000000.000
20773,2095,22.949219,25000000.000
20774,2104,27.343750,25000000.000
20775,2105,27.832031,25000000.000
20776,2115,32.714844,25000000.000
20777,2119,34.667969,25000000.000
20778,2120,35.156250,25000000.000
20779,2120,35.156250,25000000.000
20780,2117,33.691406,25000000.000
20781,2114,32.226562,25000000.000
20782,2110,30.273438,25000000.000
20783,2110,30.273438,25000000.000
20784,2096,23.437500,25000000.000
20785,2087,19.042969,25000000.000
20786,2080,15.625000,25000000.000
20787,2078,14.648438,25000000.000
20788,2058,4.882812,25000000.000
20789,2047,-0.488281,25000000.000
20790,2035,-6.347656,25000000.000
20791,2033,-7.324219,25000000.000
20792,2013,-17.089844,25000000.000
20793,2001,-22.949219,25000000.000
20794,1992,-27.343750,25000000.000
20795,1992,-27.343750,25000000.000
20796,1979,-33.691406,25000000.000
20797,1977,-34.667969,25000000.000
20798,1973,-36.621094,25000000.000
20799,1974,-36.132812,25000000.000
20800,1974,-36.132812,25000000.000
20801,1977,-34.667969,25000000.000
20802,1981,-32.714844,25000000.000
20803,1980,-33.203125,25000000.000
20804,1993,-26.855469,25000000.000
20805,1998,-24.414062,25000000.000
20806,2007,-20.019531,25000000.000
20807,2009,-19.042969,25000000.000
20808,2029,-9.277344,25000000.000
20809,2040,-3.906250,25000000.000
20810,2051,1.464844,25000000.000
20811,2051,1.464844,25000000.000
20812,2075,13.183594,25000000.000
20813,2085,18.066406,25000000.000
20814,2095,22.949219,25000000.000
20815,2096,23.437500,25000000.000
20816,2111,30.761719,25000000.000
20817,2116,33.203125,25000000.000
20818,2118,34.179688,25000000.000
20819,2120,35.156250,25000000.000
20820,2121,35.644531,25000000.000
20821,2117,33.691406,25000000.000
20822,2114,32.226562,25000000.000
20823,2113,31.738281,25000000.000
20824,2102,26.367188,25000000.000
20825,2094,22.460938,25000000.000
20826,2085,18.066406,25000000.000
20827,2087,19.042969,25000000.000
20828,2067,9.277344,25000000.000
20829,2056,3.906250,25000000.000
20830,2044,-1.953125,25000000.000
20831,2045,-1.464844,25000000.000
20832,2024,-11.718750,25000000.000
20833,2011,-18.066406,25000000.000
20834,2002,-22.460938,25000000.000
20835,2000,-23.437500,25000000.000
20836,1987,-29.785156,25000000.000
20837,1979,-33.691406,25000000.000
20838,1977,-34.667969,25000000.000
20839,1975,-35.644531,25000000.000
20840,1973,-36.621094,25000000.000
20841,1974,-36.132812,25000000.000
20842,1978,-34.179688,25000000.000
20843,1976,-35.156250,25000000.000
20844,1986,-30.273438,25000000.000
20845,1994,-26.367188,25000000.000
20846,2001,-22.949219,25000000.000
20847,2002,-22.460938,25000000.000
20848,2020,-13.671875,25000000.000
20849,2030,-8.789062,25000000.000
20850,2042,-2.929688,25000000.000
20851,2043,-2.441406,25000000.000
20852,2067,9.277344,25000000.000
20853,2075,13.183594,25000000.000
20854,2088,19.531250,25000000.000
20855,2088,19.531250,25000000.000
20856,2106,28.320312,25000000.000
20857,2113,31.738281,25000000.000
20858,2117,33.691406,25000000.000
20859,2116,33.203125,25000000.000
20860,2121,35.644531,25000000.000
20861,2123,36.621094,25000000.000
20862,2117,33.691406,25000000.000
20863,2118,34.179688,25000000.000
20864,2109,29.785156,25000000.000
20865,2103,26.855469,25000000.000
20866,2093,21.972656,25000000.000
20867,2094,22.460938,25000000.000
20868,2078,14.648438,25000000.000
20869,2065,8.300781,25000000.000
20870,2056,3.906250,25000000.000
20871,2054,2.929688,25000000.000
20872,2035,-6.347656,25000000.000
20873,2021,-13.183594,25000000.000
20874,2010,-18.554688,25000000.000
20875,2007,-20.019531,25000000.000
20876,1991,-27.832031,25000000.000
20877,1985,-30.761719,25000000.000
20878,1978,-34.179688,25000000.000
20879,1978,-34.179688,25000000.000
20880,1976,-35.156250,25000000.000
20881,1974,-36.132812,25000000.000
20882,1976,-35.156250,25000000.000
20883,1976,-35.156250,25000000.000
20884,1984,-31.250000,25000000.000
20885,1988,-29.296875,25000000.000
20886,1995,-25.878906,25000000.000
20887,1994,-26.367188,25000000.000
20888,2012,-17.578125,25000000.000
20889,2021,-13.183594,25000000.000
20890,2032,-7.812500,25000000.000
20891,2032,-7.812500,25000000.000
20892,2055,3.417969,25000000.000
20893,2069,10.253906,25000000.000
20894,2077,14.160156,25000000.000
20895,2080,15.625000,25000000.000
20896,2098,24.414062,25000000.000
20897,2108,29.296875,25000000.000
20898,2113,31.738281,25000000.000
20899,2115,32.714844,25000000.000
20900,2120,35.156250,25000000.000
20901,2120,35.156250,25000000.000
20902,2121,35.644531,25000000.000
20903,2120,35.156250,25000000.000
20904,2112,31.250000,25000000.000
20905,2108,29.296875,25000000.000
20906,2101,25.878906,25000000.000
20907,2100,25.390625,25000000.000
20908,2083,17.089844,25000000.000
20909,2075,13.183594,25000000.000
20910,2064,7.812500,25000000.000
20911,2065,8.300781,25000000.000
20912,2041,-3.417969,25000000.000
20913,2032,-7.812500,25000000.000
20914,2018,-14.648438,25000000.000
20915,2019,-14.160156,25000000.000
20916,2000,-23.437500,25000000.000
20917,1991,-27.832031,25000000.000
20918,1985,-30.761719,25000000.000
20919,1986,-30.273438,25000000.000
20920,1978,-34.179688,25000000.000
20921,1974,-36.132812,25000000.000
20922,1975,-35.644531,25000000.000
20923,1973,-36.621094,25000000.000
20924,1979,-33.691406,25000000.000
20925,1985,-30.761719,25000000.000
20926,1990,-28.320312,25000000.000
20927,1991,-27.832031,25000000.000
20928,2004,-21.484375,25000000.000
20929,2015,-16.113281,25000000.000
20930,2025,-11.230469,25000000.000
20931,2026,-10.742188,25000000.000
20932,2047,-0.488281,25000000.000
20933,2060,5.859375,25000000.000
20934,2073,12.207031,25000000.000
20935,2071,11.230469,25000000.000
20936,2093,21.972656,25000000.000
20937,2099,24.902344,25000000.000
20938,2107,28.808594,25000000.000
20939,2108,29.296875,25000000.000
20940,2117,33.691406,25000000.000
20941,2122,36.132812,25000000.000
20942,2120,35.156250,25000000.000
20943,2119,34.667969,25000000.000
20944,2115,32.714844,25000000.000
20945,2113,31.738281,25000000.000
20946,2105,27.832031,25000000.000
20947,2106,28.320312,25000000.000
20948,2091,20.996094,25000000.000
20949,2081,16.113281,25000000.000
20950,2073,12.207031,25000000.000
20951,2073,12.207031,25000000.000
20952,2052,1.953125,25000000.000
20953,2040,-3.906250,25000000.000
20954,2029,-9.277344,25000000.000
20955,2027,-10.253906,25000000.000
20956,2007,-20.019531,25000000.000
20957,1998,-24.414062,25000000.000
20958,1989,-28.808594,25000000.000
20959,1988,-29.296875,25000000.000
20960,1974,-36.132812,25000000.000
20961,1978,-34.179688,25000000.000
20962,1977,-34.667969,25000000.000
20963,1979,-33.691406,25000000.000
20964,1979,-33.691406,25000000.000
20965,1980,-33.203125,25000000.000
20966,1985,-30.761719,25000000.000
20967,1985,-30.761719,25000000.000
20968,1997,-24.902344,25000000.000
20969,2005,-20.996094,25000000.000
20970,2016,-15.625000,25000000.000
20971,2011,-18.066406,25000000.000
20972,2038,-4.882812,25000000.000
20973,2048,0.000000,25000000.000
20974,2059,5.371094,25000000.000
20975,2060,5.859375,25000000.000
20976,2080,15.625000,25000000.000
20977,2094,22.460938,25000000.000
20978,2099,24.902344,25000000.000
20979,2101,25.878906,25000000.000
20980,2115,32.714844,25000000.000
20981,2118,34.179688,25000000.000
20982,2120,35.156250,25000000.000
20983,2121,35.644531,25000000.000
20984,2119,34.667969,25000000.000
20985,2114,32.226562,25000000.000
20986,2111,30.761719,25000000.000
20987,2110,30.273438,25000000.000
20988,2098,24.414062,25000000.000
20989,2090,20.507812,25000000.000
20990,2080,15.625000,25000000.000
20991,2079,15.136719,25000000.000
20992,2060,5.859375,25000000.000
20993,2050,0.976562,25000000.000
20994,2036,-5.859375,25000000.000
20995,2038,-4.882812,25000000.000
20996,2015,-16.113281,25000000.000
20997,2003,-21.972656,25000000.000
20998,1995,-25.878906,25000000.000
20999,1996,-25.390625,25000000.000
21000,1981,-32.714844,25000000.000
21001,1976,-35.156250,25000000.000
21002,1975,-35.644531,25000000.000
21003,1974,-36.132812,25000000.000
21004,1975,-35.644531,25000000.000
21005,1975,-35.644531,25000000.000
21006,1979,-33.691406,25000000.000
21007,1980,-33.203125,25000000.000
21008,1990,-28.320312,25000000.000
21009,2001,-22.949219,25000000.000
21010,2005,-20.996094,25000000.000
21011,2007,-20.019531,25000000.000
21012,2025,-11.230469,25000000.000
21013,2038,-4.882812,25000000.000
21014,2048,0.000000,25000000.000
21015,2049,0.488281,25000000.000
21016,2073,12.207031,25000000.000
21017,2081,16.113281,25000000.000
21018,2095,22.949219,25000000.000
21019,2094,22.460938,25000000.000
21020,2110,30.273438,25000000.000
21021,2115,32.714844,25000000.000
21022,2117,33.691406,25000000.000
21023,2122,36.132812,25000000.000
21024,2117,33.691406,25000000.000
21025,2120,35.156250,25000000.000
21026,2112,31.250000,25000000.000
21027,2113,31.738281,25000000.000
21028,2103,26.855469,25000000.000
21029,2095,22.949219,25000000.000
21030,2088,19.531250,25000000.000
21031,2088,19.531250,25000000.000
21032,2069,10.253906,25000000.000
21033,2058,4.882812,25000000.000
21034,2049,0.488281,25000000.000
21035,2046,-0.976562,25000000.000
21036,2027,-10.253906,25000000.000
21037,2013,-17.089844,25000000.000
21038,2004,-21.484375,25000000.000
21039,2002,-22.460938,25000000.000
21040,1986,-30.273438,25000000.000
21041,1981,-32.714844,25000000.000
21042,1978,-34.179688,25000000.000
21043,1977,-34.667969,25000000.000
21044,1972,-37.109375,25000000.000
21045,1976,-35.156250,25000000.000
21046,1977,-34.667969,25000000.000
21047,1977,-34.667969,25000000.000
21048,1985,-30.761719,25000000.000
21049,1991,-27.832031,25000000.000
21050,1999,-23.925781,25000000.000
21051,2001,-22.949219,25000000.000
21052,2018,-14.648438,25000000.000
21053,2027,-10.253906,25000000.000
21054,2040,-3.906250,25000000.000
21055,2040,-3.906250,25000000.000
21056,2063,7.324219,25000000.000
21057,2076,13.671875,25000000.000
21058,2085,18.066406,25000000.000
21059,2084,17.578125,25000000.000
21060,2103,26.855469,25000000.000
21061,2111,30.761719,25000000.000
21062,2115,32.714844,25000000.000
21063,2116,33.203125,25000000.000
21064,2123,36.621094,25000000.000
21065,2119,34.667969,25000000.000
21066,2110,30.273438,25000000.000
21067,2119,34.667969,25000000.000
21068,2113,31.738281,25000000.000
21069,2102,26.367188,25000000.000
21070,2095,22.949219,25000000.000
21071,2094,22.460938,25000000.000
21072,2079,15.136719,25000000.000
21073,2069,10.253906,25000000.000
21074,2057,4.394531,25000000.000
21075,2056,3.906250,25000000.000
21076,2035,-6.347656,25000000.000
21077,2025,-11.230469,25000000.000
21078,2012,-17.578125,25000000.000
21079,2014,-16.601562,25000000.000
21080,1993,-26.855469,25000000.000
21081,1987,-29.785156,25000000.000
21082,1982,-32.226562,25000000.000
21083,1981,-32.714844,25000000.000
21084,1975,-35.644531,25000000.000
21085,1973,-36.621094,25000000.000
21086,1977,-34.667969,25000000.000
21087,1976,-35.156250,25000000.000
21088,1980,-33.203125,25000000.000
21089,1987,-29.785156,25000000.000
21090,1993,-26.855469,25000000.000
21091,1993,-26.855469,25000000.000
21092,2010,-18.554688,25000000.000
21093,2021,-13.183594,25000000.000
21094,2029,-9.277344,25000000.000
21095,2031,-8.300781,25000000.000
21096,2054,2.929688,25000000.000
21097,2065,8.300781,25000000.000
21098,2078,14.648438,25000000.000
21099,2079,15.136719,25000000.000
21100,2096,23.437500,25000000.000
21101,2103,26.855469,25000000.000
21102,2114,32.226562,25000000.000
21103,2113,31.738281,25000000.000
21104,2120,35.156250,25000000.000
21105,2121,35.644531,25000000.000
21106,2122,36.132812,25000000.000
21107,2120,35.156250,25000000.000
21108,2113,31.738281,25000000.000
21109,2110,30.273438,25000000.000
21110,2102,26.367188,25000000.000
21111,2102,26.367188,25000000.000
21112,2086,18.554688,25000000.000
21113,2078,14.648438,25000000.000
21114,2067,9.277344,25000000.000
21115,2067,9.277344,25000000.000
21116,2045,-1.464844,25000000.000
21117,2033,-7.324219,25000000.000
21118,2023,-12.207031,25000000.000
21119,2021,-13.183594,25000000.000
21120,2002,-22.460938,25000000.000
21121,1993,-26.855469,25000000.000
21122,1985,-30.761719,25000000.000
21123,1984,-31.250000,25000000.000
21124,1976,-35.156250,25000000.000
21125,1975,-35.644531,25000000.000
21126,1973,-36.621094,25000000.000
21127,1974,-36.132812,25000000.000
21128,1978,-34.179688,25000000.000
21129,1982,-32.226562,25000000.000
21130,1987,-29.785156,25000000.000
21131,1988,-29.296875,25000000.000
21132,2004,-21.484375,25000000.000
21133,2011,-18.066406,25000000.000
21134,2022,-12.695312,25000000.000
21135,2024,-11.718750,25000000.000
21136,2048,0.000000,25000000.000
21137,2059,5.371094,25000000.000
21138,2059,5.371094,25000000.000
21139,2071,11.230469,25000000.000
21140,2080,15.625000,25000000.000
21141,2096,23.437500,25000000.000
21142,2103,26.855469,25000000.000
21143,2107,28.808594,25000000.000
21144,2117,33.691406,25000000.000
21145,2120,35.156250,25000000.000
21146,2121,35.644531,25000000.000
21147,2120,35.156250,25000000.000
21148,2117,33.691406,25000000.000
21149,2112,31.250000,25000000.000
21150,2107,28.808594,25000000.000
21151,2106,28.320312,25000000.000
21152,2094,22.460938,25000000.000
21153,2084,17.578125,25000000.000
21154,2075,13.183594,25000000.000
21155,2074,12.695312,25000000.000
21156,2054,2.929688,25000000.000
21157,2044,-1.953125,25000000.000
21158,2032,-7.812500,25000000.000
21159,2031,-8.300781,25000000.000
21160,2009,-19.042969,25000000.000
21161,2001,-22.949219,25000000.000
21162,1990,-28.320312,25000000.000
21163,1991,-27.832031,25000000.000
21164,1980,-33.203125,25000000.000
21165,1974,-36.132812,25000000.000
21166,1974,-36.132812,25000000.000
21167,1974,-36.132812,25000000.000
21168,1976,-35.156250,25000000.000
21169,1977,-34.667969,25000000.000
21170,1981,-32.714844,25000000.000
21171,1982,-32.226562,25000000.000
21172,1994,-26.367188,25000000.000
21173,2003,-21.972656,25000000.000
21174,2011,-18.066406,25000000.000
21175,2012,-17.578125,25000000.000
21176,2032,-7.812500,25000000.000
21177,2046,-0.976562,25000000.000
21178,2056,3.906250,25000000.000
21179,2057,4.394531,25000000.000
21180,2079,15.136719,25000000.000
21181,2090,20.507812,25000000.000
21182,2099,24.902344,25000000.000
21183,2099,24.902344,25000000.000
21184,2113,31.738281,25000000.000
21185,2115,32.714844,25000000.000
21186,2120,35.156250,25000000.000
21187,2119,34.667969,25000000.000
21188,2118,34.179688,25000000.000
21189,2116,33.203125,25000000.000
21190,2111,30.761719,25000000.000
21191,2110,30.273438,25000000.000
21192,2100,25.390625,25000000.000
21193,2093,21.972656,25000000.000
21194,2081,16.113281,25000000.000
21195,2082,16.601562,25000000.000
21196,2064,7.812500,25000000.000
21197,2052,1.953125,25000000.000
21198,2041,-3.417969,25000000.000
21199,2041,-3.417969,25000000.000
21200,2019,-14.160156,25000000.000
21201,2007,-20.019531,25000000.000
21202,1999,-23.925781,25000000.000
21203,1996,-25.390625,25000000.000
21204,1983,-31.738281,25000000.000
21205,1978,-34.179688,25000000.000
21206,1975,-35.644531,25000000.000
21207,1974,-36.132812,25000000.000
21208,1974,-36.132812,25000000.000
21209,1977,-34.667969,25000000.000
21210,1978,-34.179688,25000000.000
21211,1980,-33.203125,25000000.000
21212,1991,-27.832031,25000000.000
21213,1997,-24.902344,25000000.000
21214,2002,-22.460938,25000000.000
21215,2005,-20.996094,25000000.000
21216,2025,-11.230469,25000000.000
21217,2035,-6.347656,25000000.000
21218,2047,-0.488281,25000000.000
21219,2046,-0.976562,25000000.000
21220,2070,10.742188,25000000.000
21221,2082,16.601562,25000000.000
21222,2090,20.507812,25000000.000
21223,2090,20.507812,25000000.000
21224,2107,28.808594,25000000.000
21225,2114,32.226562,25000000.000
21226,2118,34.179688,25000000.000
21227,2118,34.179688,25000000.000
21228,2119,34.667969,25000000.000
21229,2118,34.179688,25000000.000
21230,2116,33.203125,25000000.000
21231,2116,33.203125,25000000.000
21232,2105,27.832031,25000000.000
21233,2099,24.902344,25000000.000
21234,2092,21.484375,25000000.000
21235,2089,20.019531,25000000.000
21236,2072,11.718750,25000000.000
21237,2061,6.347656,25000000.000
21238,2051,1.464844,25000000.000
21239,2048,0.000000,25000000.000
21240,2027,-10.253906,25000000.000
21241,2017,-15.136719,25000000.000
21242,2006,-20.507812,25000000.000
21243,2004,-21.484375,25000000.000
21244,1987,-29.785156,25000000.000
21245,1983,-31.738281,25000000.000
21246,1979,-33.691406,25000000.000
21247,1977,-34.667969,25000000.000
21248,1974,-36.132812,25000000.000
21249,1975,-35.644531,25000000.000
21250,1977,-34.667969,25000000.000
21251,1975,-35.644531,25000000.000
21252,1985,-30.761719,25000000.000
21253,1990,-28.320312,25000000.000
21254,1995,-25.878906,25000000.000
21255,1994,-26.367188,25000000.000
21256,2018,-14.648438,25000000.000
21257,2027,-10.253906,25000000.000
21258,2037,-5.371094,25000000.000
21259,2037,-5.371094,25000000.000
21260,2058,4.882812,25000000.000
21261,2072,11.718750,25000000.000
21262,2083,17.089844,25000000.000
21263,2084,17.578125,25000000.000
21264,2102,26.367188,25000000.000
21265,2109,29.785156,25000000.000
21266,2116,33.203125,25000000.000
21267,2115,32.714844,25000000.000
21268,2122,36.132812,25000000.000
21269,2120,35.156250,25000000.000
21270,2118,34.179688,25000000.000
21271,2118,34.179688,25000000.000
21272,2109,29.785156,25000000.000
21273,2105,27.832031,25000000.000
21274,2096,23.437500,25000000.000
21275,2096,23.437500,25000000.000
21276,2081,16.113281,25000000.000
21277,2071,11.230469,25000000.000
21278,2060,5.859375,25000000.000
21279,2061,6.347656,25000000.000
21280,2038,-4.882812,25000000.000
21281,2025,-11.230469,25000000.000
21282,2016,-15.625000,25000000.000
21283,2014,-16.601562,25000000.000
21284,1996,-25.390625,25000000.000
21285,1987,-29.785156,25000000.000
21286,1982,-32.226562,25000000.000
21287,1982,-32.226562,25000000.000
21288,1975,-35.644531,25000000.000
21289,1975,-35.644531,25000000.000
21290,1974,-36.132812,25000000.000
21291,1975,-35.644531,25000000.000
21292,1979,-33.691406,25000000.000
21293,1987,-29.785156,25000000.000
21294,1990,-28.320312,25000000.000
21295,1994,-26.367188,25000000.000
21296,2010,-18.554688,25000000.000
21297,2017,-15.136719,25000000.000
21298,2026,-10.742188,25000000.000
21299,2027,-10.253906,25000000.000
21300,2051,1.464844,25000000.000
21301,2062,6.835938,25000000.000
21302,2076,13.671875,25000000.000
21303,2075,13.183594,25000000.000
21304,2095,22.949219,25000000.000
21305,2104,27.343750,25000000.000
21306,2110,30.273438,25000000.000
21307,2109,29.785156,25000000.000
21308,2119,34.667969,25000000.000
21309,2121,35.644531,25000000.000
21310,2119,34.667969,25000000.000
21311,2121,35.644531,25000000.000
21312,2114,32.226562,25000000.000
21313,2109,29.785156,25000000.000
21314,2106,28.320312,25000000.000
21315,2105,27.832031,25000000.000
21316,2090,20.507812,25000000.000
21317,2080,15.625000,25000000.000
21318,2071,11.230469,25000000.000
21319,2069,10.253906,25000000.000
21320,2048,0.000000,25000000.000
21321,2037,-5.371094,25000000.000
21322,2023,-12.207031,25000000.000
21323,2021,-13.183594,25000000.000
21324,2005,-20.996094,25000000.000
21325,1996,-25.390625,25000000.000
21326,1986,-30.273438,25000000.000
21327,1987,-29.785156,25000000.000
21328,1976,-35.156250,25000000.000
21329,1974,-36.132812,25000000.000
21330,1972,-37.109375,25000000.000
21331,1974,-36.132812,25000000.000
21332,1975,-35.644531,25000000.000
21333,1982,-32.226562,25000000.000
21334,1991,-27.832031,25000000.000
21335,1990,-28.320312,25000000.000
21336,2004,-21.484375,25000000.000
21337,2012,-17.578125,25000000.000
21338,2015,-16.113281,25000000.000
21339,2017,-15.136719,25000000.000
21340,2041,-3.417969,25000000.000
21341,2053,2.441406,25000000.000
21342,2065,8.300781,25000000.000
21343,2066,8.789062,25000000.000
21344,2086,18.554688,25000000.000
21345,2096,23.437500,25000000.000
21346,2105,27.832031,25000000.000
21347,2106,28.320312,25000000.000
21348,2117,33.691406,25000000.000
21349,2120,35.156250,25000000.000
21350,2121,35.644531,25000000.000
21351,2121,35.644531,25000000.000
21352,2120,35.156250,25000000.000
21353,2113,31.738281,25000000.000
21354,2111,30.761719,25000000.000
21355,2108,29.296875,25000000.000
21356,2095,22.949219,25000000.000
21357,2088,19.531250,25000000.000
21358,2076,13.671875,25000000.000
21359,2076,13.671875,25000000.000
21360,2055,3.417969,25000000.000
21361,2045,-1.464844,25000000.000
21362,2035,-6.347656,25000000.000
21363,2028,-9.765625,25000000.000
21364,2016,-15.625000,25000000.000
21365,1999,-23.925781,25000000.000
21366,1993,-26.855469,25000000.000
21367,1988,-29.296875,25000000.000
21368,1980,-33.203125,25000000.000
21369,1963,-41.503906,25000000.000
21370,1971,-37.597656,25000000.000
21371,1965,-40.527344,25000000.000
21372,1973,-36.621094,25000000.000
21373,1976,-35.156250,25000000.000
21374,1981,-32.714844,25000000.000
21375,1981,-32.714844,25000000.000
21376,1991,-27.832031,25000000.000
21377,2001,-22.949219,25000000.000
21378,2009,-19.042969,25000000.000
21379,2011,-18.066406,25000000.000
21380,2029,-9.277344,25000000.000
21381,2041,-3.417969,25000000.000
21382,2053,2.441406,25000000.000
21383,2054,2.929688,25000000.000
21384,2078,14.648438,25000000.000
21385,2086,18.554688,25000000.000
21386,2099,24.902344,25000000.000
21387,2099,24.902344,25000000.000
21388,2111,30.761719,25000000.000
21389,2117,33.691406,25000000.000
21390,2116,33.203125,25000000.000
21391,2115,32.714844,25000000.000
21392,2116,33.203125,25000000.000
21393,2117,33.691406,25000000.000
21394,2114,32.226562,25000000.000
21395,2115,32.714844,25000000.000
21396,2101,25.878906,25000000.000
21397,2092,21.484375,25000000.000
21398,2085,18.066406,25000000.000
21399,2085,18.066406,25000000.000
21400,2066,8.789062,25000000.000
21401,2055,3.417969,25000000.000
21402,2044,-1.953125,25000000.000
21403,2043,-2.441406,25000000.000
21404,2020,-13.671875,25000000.000
21405,2010,-18.554688,25000000.000
21406,1999,-23.925781,25000000.000
21407,2000,-23.437500,25000000.000
21408,1987,-29.785156,25000000.000
21409,1980,-33.203125,25000000.000
21410,1975,-35.644531,25000000.000
21411,1975,-35.644531,25000000.000
21412,1970,-38.085938,25000000.000
21413,1977,-34.667969,25000000.000
21414,1980,-33.203125,25000000.000
21415,1977,-34.667969,25000000.000
21416,1988,-29.296875,25000000.000
21417,1994,-26.367188,25000000.000
21418,2004,-21.484375,25000000.000
21419,2003,-21.972656,25000000.000
21420,2021,-13.183594,25000000.000
21421,2032,-7.812500,25000000.000
21422,2044,-1.953125,25000000.000
21423,2045,-1.464844,25000000.000
21424,2079,15.136719,25000000.000
21425,2077,14.160156,25000000.000
21426,2086,18.554688,25000000.000
21427,2087,19.042969,25000000.000
21428,2098,24.414062,25000000.000
21429,2114,32.226562,25000000.000
21430,2118,34.179688,25000000.000
21431,2119,34.667969,25000000.000
21432,2122,36.132812,25000000.000
21433,2120,35.156250,25000000.000
21434,2117,33.691406,25000000.000
21435,2115,32.714844,25000000.000
21436,2107,28.808594,25000000.000
21437,2100,25.390625,25000000.000
21438,2092,21.484375,25000000.000
21439,2092,21.484375,25000000.000
21440,2075,13.183594,25000000.000
21441,2065,8.300781,25000000.000
21442,2052,1.953125,25000000.000
21443,2053,2.441406,25000000.000
21444,2030,-8.789062,25000000.000
21445,2020,-13.671875,25000000.000
21446,2009,-19.042969,25000000.000
21447,2011,-18.066406,25000000.000
21448,1991,-27.832031,25000000.000
21449,1985,-30.761719,25000000.000
21450,1978,-34.179688,25000000.000
21451,1978,-34.179688,25000000.000
21452,1974,-36.132812,25000000.000
21453,1974,-36.132812,25000000.000
21454,1975,-35.644531,25000000.000
21455,1976,-35.156250,25000000.000
21456,1983,-31.738281,25000000.000
21457,1990,-28.320312,25000000.000
21458,1993,-26.855469,25000000.000
21459,1996,-25.390625,25000000.000
21460,2012,-17.578125,25000000.000
21461,2025,-11.230469,25000000.000
21462,2034,-6.835938,25000000.000
21463,2036,-5.859375,25000000.000
21464,2057,4.394531,25000000.000
21465,2069,10.253906,25000000.000
21466,2081,16.113281,25000000.000
21467,2081,16.113281,25000000.000
21468,2101,25.878906,25000000.000
21469,2107,28.808594,25000000.000
21470,2114,32.226562,25000000.000
21471,2113,31.738281,25000000.000
21472,2122,36.132812,25000000.000
21473,2122,36.132812,25000000.000
21474,2120,35.156250,25000000.000
21475,2119,34.667969,25000000.000
21476,2112,31.250000,25000000.000
21477,2108,29.296875,25000000.000
21478,2100,25.390625,25000000.000
21479,2099,24.902344,25000000.000
21480,2085,18.066406,25000000.000
21481,2074,12.695312,25000000.000
21482,2062,6.835938,25000000.000
21483,2062,6.835938,25000000.000
21484,2044,-1.953125,25000000.000
21485,2028,-9.765625,25000000.000
21486,2019,-14.160156,25000000.000
21487,2017,-15.136719,25000000.000
21488,1999,-23.925781,25000000.000
21489,1990,-28.320312,25000000.000
21490,1982,-32.226562,25000000.000
21491,1982,-32.226562,25000000.000
21492,1972,-37.109375,25000000.000
21493,1976,-35.156250,25000000.000
21494,1971,-37.597656,25000000.000
21495,1976,-35.156250,25000000.000
21496,1980,-33.203125,25000000.000
21497,1983,-31.738281,25000000.000
21498,1991,-27.832031,25000000.000
21499,1991,-27.832031,25000000.000
21500,2005,-20.996094,25000000.000
21501,2015,-16.113281,25000000.000
21502,2025,-11.230469,25000000.000
21503,2026,-10.742188,25000000.000
21504,2046,-0.976562,25000000.000
21505,2061,6.347656,25000000.000
21506,2073,12.207031,25000000.000
21507,2072,11.718750,25000000.000
21508,2092,21.484375,25000000.000
21509,2101,25.878906,25000000.000
21510,2107,28.808594,25000000.000
21511,2107,28.808594,25000000.000
21512,2118,34.179688,25000000.000
21513,2120,35.156250,25000000.000
21514,2121,35.644531,25000000.000
21515,2120,35.156250,25000000.000
21516,2117,33.691406,25000000.000
21517,2111,30.761719,25000000.000
21518,2107,28.808594,25000000.000
21519,2106,28.320312,25000000.000
21520,2090,20.507812,25000000.000
21521,2084,17.578125,25000000.000
21522,2071,11.230469,25000000.000
21523,2069,10.253906,25000000.000
21524,2050,0.976562,25000000.000
21525,2040,-3.906250,25000000.000
21526,2028,-9.765625,25000000.000
21527,2027,-10.253906,25000000.000
21528,2006,-20.507812,25000000.000
21529,1997,-24.902344,25000000.000
21530,1988,-29.296875,25000000.000
21531,1990,-28.320312,25000000.000
21532,1979,-33.691406,25000000.000
21533,1974,-36.132812,25000000.000
21534,1975,-35.644531,25000000.000
21535,1973,-36.621094,25000000.000
21536,1976,-35.156250,25000000.000
21537,1982,-32.226562,25000000.000
21538,1985,-30.761719,25000000.000
21539,1984,-31.250000,25000000.000
21540,1998,-24.414062,25000000.000
21541,2008,-19.531250,25000000.000
21542,2016,-15.625000,25000000.000
21543,2018,-14.648438,25000000.000
21544,2038,-4.882812,25000000.000
21545,2049,0.488281,25000000.000
21546,2063,7.324219,25000000.000
21547,2061,6.347656,25000000.000
21548,2085,18.066406,25000000.000
21549,2094,22.460938,25000000.000
21550,2104,27.343750,25000000.000
21551,2102,26.367188,25000000.000
21552,2116,33.203125,25000000.000
21553,2117,33.691406,25000000.000
21554,2121,35.644531,25000000.000
21555,2120,35.156250,25000000.000
21556,2118,34.179688,25000000.000
21557,2115,32.714844,25000000.000
21558,2110,30.273438,25000000.000
21559,2108,29.296875,25000000.000
21560,2096,23.437500,25000000.000
21561,2089,20.019531,25000000.000
21562,2079,15.136719,25000000.000
21563,2080,15.625000,25000000.000
21564,2060,5.859375,25000000.000
21565,2048,0.000000,25000000.000
21566,2037,-5.371094,25000000.000
21567,2035,-6.347656,25000000.000
21568,2015,-16.113281,25000000.000
21569,2005,-20.996094,25000000.000
21570,1994,-26.367188,25000000.000
21571,1992,-27.343750,25000000.000
21572,1979,-33.691406,25000000.000
21573,1977,-34.667969,25000000.000
21574,1973,-36.621094,25000000.000
21575,1974,-36.132812,25000000.000
21576,1973,-36.621094,25000000.000
21577,1976,-35.156250,25000000.000
21578,1980,-33.203125,25000000.000
21579,1982,-32.226562,25000000.000
21580,1992,-27.343750,25000000.000
21581,1999,-23.925781,25000000.000
21582,2008,-19.531250,25000000.000
21583,2007,-20.019531,25000000.000
21584,2030,-8.789062,25000000.000
21585,2038,-4.882812,25000000.000
21586,2050,0.976562,25000000.000
21587,2052,1.953125,25000000.000
21588,2075,13.183594,25000000.000
21589,2086,18.554688,25000000.000
21590,2093,21.972656,25000000.000
21591,2095,22.949219,25000000.000
21592,2109,29.785156,25000000.000
21593,2116,33.203125,25000000.000
21594,2118,34.179688,25000000.000
21595,2119,34.667969,25000000.000
21596,2121,35.644531,25000000.000
21597,2117,33.691406,25000000.000
21598,2115,32.714844,25000000.000
21599,2114,32.226562,25000000.000
21600,2103,26.855469,25000000.000
21601,2095,22.949219,25000000.000
21602,2090,20.507812,25000000.000
21603,2087,19.042969,25000000.000
21604,2068,9.765625,25000000.000
21605,2057,4.394531,25000000.000
21606,2047,-0.488281,25000000.000
21607,2046,-0.976562,25000000.000
21608,2022,-12.695312,25000000.000
21609,2015,-16.113281,25000000.000
21610,2002,-22.460938,25000000.000
21611,2002,-22.460938,25000000.000
21612,1986,-30.273438,25000000.000
21613,1980,-33.203125,25000000.000
21614,1975,-35.644531,25000000.000
21615,1975,-35.644531,25000000.000
21616,1978,-34.179688,25000000.000
21617,1968,-39.062500,25000000.000
21618,1979,-33.691406,25000000.000
21619,1976,-35.156250,25000000.000
21620,1980,-33.203125,25000000.000
21621,1994,-26.367188,25000000.000
21622,2000,-23.437500,25000000.000
21623,2000,-23.437500,25000000.000
21624,2017,-15.136719,25000000.000
21625,2029,-9.277344,25000000.000
21626,2040,-3.906250,25000000.000
21627,2042,-2.929688,25000000.000
21628,2063,7.324219,25000000.000
21629,2073,12.207031,25000000.000
21630,2089,20.019531,25000000.000
21631,2090,20.507812,25000000.000
21632,2104,27.343750,25000000.000
21633,2111,30.761719,25000000.000
21634,2117,33.691406,25000000.000
21635,2121,35.644531,25000000.000
21636,2118,34.179688,25000000.000
21637,2121,35.644531,25000000.000
21638,2117,33.691406,25000000.000
21639,2115,32.714844,25000000.000
21640,2107,28.808594,25000000.000
21641,2104,27.343750,25000000.000
21642,2095,22.949219,25000000.000
21643,2094,22.460938,25000000.000
21644,2075,13.183594,25000000.000
21645,2068,9.765625,25000000.000
21646,2058,4.882812,25000000.000
21647,2056,3.906250,25000000.000
21648,2034,-6.835938,25000000.000
21649,2021,-13.183594,25000000.000
21650,2013,-17.089844,25000000.000
21651,2010,-18.554688,25000000.000
21652,1994,-26.367188,25000000.000
21653,1985,-30.761719,25000000.000
21654,1979,-33.691406,25000000.000
21655,1980,-33.203125,25000000.000
21656,1972,-37.109375,25000000.000
21657,1973,-36.621094,25000000.000
21658,1973,-36.621094,25000000.000
21659,1975,-35.644531,25000000.000
21660,1980,-33.203125,25000000.000
21661,1988,-29.296875,25000000.000
21662,1995,-25.878906,25000000.000
21663,1995,-25.878906,25000000.000
21664,2011,-18.066406,25000000.000
21665,2019,-14.160156,25000000.000
21666,2034,-6.835938,25000000.000
21667,2033,-7.324219,25000000.000
21668,2056,3.906250,25000000.000
21669,2067,9.277344,25000000.000
21670,2079,15.136719,25000000.000
21671,2078,14.648438,25000000.000
21672,2101,25.878906,25000000.000
21673,2110,30.273438,25000000.000
21674,2108,29.296875,25000000.000
21675,2111,30.761719,25000000.000
21676,2119,34.667969,25000000.000
21677,2121,35.644531,25000000.000
21678,2116,33.203125,25000000.000
21679,2135,42.480469,25000000.000
21680,2125,37.597656,25000000.000
21681,2132,41.015625,25000000.000
21682,2104,27.343750,25000000.000
21683,2115,32.714844,25000000.000
21684,2088,19.531250,25000000.000
21685,2077,14.160156,25000000.000
21686,2069,10.253906,25000000.000
21687,2069,10.253906,25000000.000
21688,2043,-2.441406,25000000.000
21689,2033,-7.324219,25000000.000
21690,2020,-13.671875,25000000.000
21691,2020,-13.671875,25000000.000
21692,2000,-23.437500,25000000.000
21693,1991,-27.832031,25000000.000
21694,1983,-31.738281,25000000.000
21695,1984,-31.250000,25000000.000
21696,1975,-35.644531,25000000.000
21697,1972,-37.109375,25000000.000
21698,1974,-36.132812,25000000.000
21699,1972,-37.109375,25000000.000
21700,1979,-33.691406,25000000.000
21701,1981,-32.714844,25000000.000
21702,1988,-29.296875,25000000.000
21703,1988,-29.296875,25000000.000
21704,2002,-22.460938,25000000.000
21705,2013,-17.089844,25000000.000
21706,2021,-13.183594,25000000.000
21707,2024,-11.718750,25000000.000
21708,2043,-2.441406,25000000.000
21709,2058,4.882812,25000000.000
21710,2069,10.253906,25000000.000
21711,2071,11.230469,25000000.000
21712,2091,20.996094,25000000.000
21713,2100,25.390625,25000000.000
21714,2108,29.296875,25000000.000
21715,2108,29.296875,25000000.000
21716,2127,38.574219,25000000.000
21717,2120,35.156250,25000000.000
21718,2119,34.667969,25000000.000
21719,2121,35.644531,25000000.000
21720,2118,34.179688,25000000.000
21721,2113,31.738281,25000000.000
21722,2107,28.808594,25000000.000
21723,2105,27.832031,25000000.000
21724,2092,21.484375,25000000.000
21725,2085,18.066406,25000000.000
21726,2074,12.695312,25000000.000
21727,2074,12.695312,25000000.000
21728,2055,3.417969,25000000.000
21729,2042,-2.929688,25000000.000
21730,2033,-7.324219,25000000.000
21731,2032,-7.812500,25000000.000
21732,2012,-17.578125,25000000.000
21733,1999,-23.925781,25000000.000
21734,1976,-35.156250,25000000.000
21735,1988,-29.296875,25000000.000
21736,1982,-32.226562,25000000.000
21737,1998,-24.414062,25000000.000
21738,1949,-48.339844,25000000.000
21739,1980,-33.203125,25000000.000
21740,1976,-35.156250,25000000.000
21741,1981,-32.714844,25000000.000
21742,1985,-30.761719,25000000.000
21743,1986,-30.273438,25000000.000
21744,1995,-25.878906,25000000.000
21745,2004,-21.484375,25000000.000
21746,2015,-16.113281,25000000.000
21747,2015,-16.113281,25000000.000
21748,2036,-5.859375,25000000.000
21749,2043,-2.441406,25000000.000
21750,2060,5.859375,25000000.000
21751,2059,5.371094,25000000.000
21752,2081,16.113281,25000000.000
21753,2091,20.996094,25000000.000
21754,2100,25.390625,25000000.000
21755,2099,24.902344,25000000.000
21756,2114,32.226562,25000000.000
21757,2118,34.179688,25000000.000
21758,2120,35.156250,25000000.000
21759,2117,33.691406,25000000.000
21760,2117,33.691406,25000000.000
21761,2113,31.738281,25000000.000
21762,2114,32.226562,25000000.000
21763,2110,30.273438,25000000.000
21764,2100,25.390625,25000000.000
21765,2090,20.507812,25000000.000
21766,2083,17.089844,25000000.000
21767,2082,16.601562,25000000.000
21768,2064,7.812500,25000000.000
21769,2052,1.953125,25000000.000
21770,2040,-3.906250,25000000.000
21771,2040,-3.906250,25000000.000
21772,2017,-15.136719,25000000.000
21773,2007,-20.019531,25000000.000
21774,1996,-25.390625,25000000.000
21775,1996,-25.390625,25000000.000
21776,1983,-31.738281,25000000.000
21777,1977,-34.667969,25000000.000
21778,1973,-36.621094,25000000.000
21779,1976,-35.156250,25000000.000
21780,1973,-36.621094,25000000.000
21781,1975,-35.644531,25000000.000
21782,1980,-33.203125,25000000.000
21783,1978,-34.179688,25000000.000
21784,1990,-28.320312,25000000.000
21785,1995,-25.878906,25000000.000
21786,2004,-21.484375,25000000.000
21787,2006,-20.507812,25000000.000
21788,2024,-11.718750,25000000.000
21789,2036,-5.859375,25000000.000
21790,2045,-1.464844,25000000.000
21791,2047,-0.488281,25000000.000
21792,2071,11.230469,25000000.000
21793,2083,17.089844,25000000.000
21794,2092,21.484375,25000000.000
21795,2094,22.460938,25000000.000
21796,2109,29.785156,25000000.000
21797,2114,32.226562,25000000.000
21798,2119,34.667969,25000000.000
21799,2117,33.691406,25000000.000
21800,2123,36.621094,25000000.000
21801,2117,33.691406,25000000.000
21802,2115,32.714844,25000000.000
21803,2112,31.250000,25000000.000
21804,2106,28.320312,25000000.000
21805,2097,23.925781,25000000.000
21806,2091,20.996094,25000000.000
21807,2090,20.507812,25000000.000
21808,2069,10.253906,25000000.000
21809,2062,6.835938,25000000.000
21810,2050,0.976562,25000000.000
21811,2050,0.976562,25000000.000
21812,2026,-10.742188,25000000.000
21813,2015,-16.113281,25000000.000
21814,2005,-20.996094,25000000.000
21815,2004,-21.484375,25000000.000
21816,1989,-28.808594,25000000.000
21817,1980,-33.203125,25000000.000
21818,1976,-35.156250,25000000.000
21819,1975,-35.644531,25000000.000
21820,1973,-36.621094,25000000.000
21821,1974,-36.132812,25000000.000
21822,1974,-36.132812,25000000.000
21823,1974,-36.132812,25000000.000
21824,1984,-31.250000,25000000.000
21825,1992,-27.343750,25000000.000
21826,1997,-24.902344,25000000.000
21827,2000,-23.437500,25000000.000
21828,2016,-15.625000,25000000.000
21829,2025,-11.230469,25000000.000
21830,2038,-4.882812,25000000.000
21831,2039,-4.394531,25000000.000
21832,2063,7.324219,25000000.000
21833,2071,11.230469,25000000.000
21834,2085,18.066406,25000000.000
21835,2085,18.066406,25000000.000
21836,2102,26.367188,25000000.000
21837,2109,29.785156,25000000.000
21838,2116,33.203125,25000000.000
21839,2115,32.714844,25000000.000
21840,2120,35.156250,25000000.000
21841,2122,36.132812,25000000.000
21842,2118,34.179688,25000000.000
21843,2119,34.667969,25000000.000
21844,2110,30.273438,25000000.000
21845,2104,27.343750,25000000.000
21846,2096,23.437500,25000000.000
21847,2097,23.925781,25000000.000
21848,2080,15.625000,25000000.000
21849,2068,9.765625,25000000.000
21850,2060,5.859375,25000000.000
21851,2056,3.906250,25000000.000
21852,2037,-5.371094,25000000.000
21853,2026,-10.742188,25000000.000
21854,2014,-16.601562,25000000.000
21855,2013,-17.089844,25000000.000
21856,1995,-25.878906,25000000.000
21857,1988,-29.296875,25000000.000
21858,1979,-33.691406,25000000.000
21859,1981,-32.714844,25000000.000
21860,1975,-35.644531,25000000.000
21861,1973,-36.621094,25000000.000
21862,1976,-35.156250,25000000.000
21863,1975,-35.644531,25000000.000
21864,1982,-32.226562,25000000.000
21865,1985,-30.761719,25000000.000
21866,1994,-26.367188,25000000.000
21867,1994,-26.367188,25000000.000
21868,2009,-19.042969,25000000.000
21869,2018,-14.648438,25000000.000
21870,2029,-9.277344,25000000.000
21871,2030,-8.789062,25000000.000
21872,2052,1.953125,25000000.000
21873,2066,8.789062,25000000.000
21874,2075,13.183594,25000000.000
21875,2078,14.648438,25000000.000
21876,2096,23.437500,25000000.000
21877,2104,27.343750,25000000.000
21878,2111,30.761719,25000000.000
21879,2112,31.250000,25000000.000
21880,2120,35.156250,25000000.000
21881,2120,35.156250,25000000.000
21882,2120,35.156250,25000000.000
21883,2118,34.179688,25000000.000
21884,2114,32.226562,25000000.000
21885,2110,30.273438,25000000.000
21886,2104,27.343750,25000000.000
21887,2101,25.878906,25000000.000
21888,2088,19.531250,25000000.000
21889,2079,15.136719,25000000.000
21890,2066,8.789062,25000000.000
21891,2068,9.765625,25000000.000
21892,2048,0.000000,25000000.000
21893,2036,-5.859375,25000000.000
21894,2023,-12.207031,25000000.000
21895,2026,-10.742188,25000000.000
21896,2002,-22.460938,25000000.000
21897,1999,-23.925781,25000000.000
21898,1981,-32.714844,25000000.000
21899,1982,-32.226562,25000000.000
21900,1982,-32.226562,25000000.000
21901,1972,-37.109375,25000000.000
21902,1973,-36.621094,25000000.000
21903,1972,-37.109375,25000000.000
21904,1977,-34.667969,25000000.000
21905,1982,-32.226562,25000000.000
21906,1985,-30.761719,25000000.000
21907,1986,-30.273438,25000000.000
21908,2000,-23.437500,25000000.000
21909,2012,-17.578125,25000000.000
21910,2019,-14.160156,25000000.000
21911,2020,-13.671875,25000000.000
21912,2042,-2.929688,25000000.000
21913,2052,1.953125,25000000.000
21914,2066,8.789062,25000000.000
21915,2066,8.789062,25000000.000
21916,2088,19.531250,25000000.000
21917,2096,23.437500,25000000.000
21918,2106,28.320312,25000000.000
21919,2105,27.832031,25000000.000
21920,2116,33.203125,25000000.000
21921,2121,35.644531,25000000.000
21922,2120,35.156250,25000000.000
21923,2119,34.667969,25000000.000
21924,2117,33.691406,25000000.000
21925,2116,33.203125,25000000.000
21926,2108,29.296875,25000000.000
21927,2109,29.785156,25000000.000
21928,2094,22.460938,25000000.000
21929,2086,18.554688,25000000.000
21930,2078,14.648438,25000000.000
21931,2077,14.160156,25000000.000
21932,2057,4.394531,25000000.000
21933,2044,-1.953125,25000000.000
21934,2034,-6.835938,25000000.000
21935,2031,-8.300781,25000000.000
21936,2011,-18.066406,25000000.000
21937,2002,-22.460938,25000000.000
21938,1993,-26.855469,25000000.000
21939,1991,-27.832031,25000000.000
21940,1978,-34.179688,25000000.000
21941,1976,-35.156250,25000000.000
21942,1976,-35.156250,25000000.000
21943,1976,-35.156250,25000000.000
21944,1976,-35.156250,25000000.000
21945,1977,-34.667969,25000000.000
21946,1983,-31.738281,25000000.000
21947,1984,-31.250000,25000000.000
21948,1995,-25.878906,25000000.000
21949,2000,-23.437500,25000000.000
21950,2012,-17.578125,25000000.000
21951,2010,-18.554688,25000000.000
21952,2031,-8.300781,25000000.000
21953,2042,-2.929688,25000000.000
21954,2057,4.394531,25000000.000
21955,2058,4.882812,25000000.000
21956,2077,14.160156,25000000.000
21957,2088,19.531250,25000000.000
21958,2098,24.414062,25000000.000
21959,2099,24.902344,25000000.000
21960,2111,30.761719,25000000.000
21961,2116,33.203125,25000000.000
21962,2120,35.156250,25000000.000
21963,2120,35.156250,25000000.000
21964,2120,35.156250,25000000.000
21965,2117,33.691406,25000000.000
21966,2113,31.738281,25000000.000
21967,2113,31.738281,25000000.000
21968,2100,25.390625,25000000.000
21969,2093,21.972656,25000000.000
21970,2084,17.578125,25000000.000
21971,2083,17.089844,25000000.000
21972,2065,8.300781,25000000.000
21973,2054,2.929688,25000000.000
21974,2043,-2.441406,25000000.000
21975,2043,-2.441406,25000000.000
21976,2020,-13.671875,25000000.000
21977,2010,-18.554688,25000000.000
21978,2000,-23.437500,25000000.000
21979,1998,-24.414062,25000000.000
21980,1984,-31.250000,25000000.000
21981,1978,-34.179688,25000000.000
21982,1975,-35.644531,25000000.000
21983,1974,-36.132812,25000000.000
21984,1973,-36.621094,25000000.000
21985,1974,-36.132812,25000000.000
21986,1978,-34.179688,25000000.000
21987,1978,-34.179688,25000000.000
21988,1987,-29.785156,25000000.000
21989,1995,-25.878906,25000000.000
21990,2002,-22.460938,25000000.000
21991,2004,-21.484375,25000000.000
21992,2020,-13.671875,25000000.000
21993,2034,-6.835938,25000000.000
21994,2045,-1.464844,25000000.000
21995,2046,-0.976562,25000000.000
21996,2069,10.253906,25000000.000
21997,2079,15.136719,25000000.000
21998,2090,20.507812,25000000.000
21999,2091,20.996094,25000000.000
22000,2108,29.296875,25000000.000
22001,2113,31.738281,25000000.000
22002,2117,33.691406,25000000.000
22003,2117,33.691406,25000000.000
22004,2119,34.667969,25000000.000
22005,2120,35.156250,25000000.000
22006,2115,32.714844,25000000.000
22007,2115,32.714844,25000000.000
22008,2105,27.832031,25000000.000
22009,2101,25.878906,25000000.000
22010,2092,21.484375,25000000.000
22011,2092,21.484375,25000000.000
22012,2074,12.695312,25000000.000
22013,2062,6.835938,25000000.000
22014,2053,2.441406,25000000.000
22015,2052,1.953125,25000000.000
22016,2030,-8.789062,25000000.000
22017,2017,-15.136719,25000000.000
22018,2007,-20.019531,25000000.000
22019,2006,-20.507812,25000000.000
22020,1990,-28.320312,25000000.000
22021,1984,-31.250000,25000000.000
22022,1977,-34.667969,25000000.000
22023,1978,-34.179688,25000000.000
22024,1971,-37.597656,25000000.000
22025,1974,-36.132812,25000000.000
22026,1974,-36.132812,25000000.000
22027,1977,-34.667969,25000000.000
22028,1983,-31.738281,25000000.000
22029,1987,-29.785156,25000000.000
22030,1999,-23.925781,25000000.000
22031,1998,-24.414062,25000000.000
22032,2014,-16.601562,25000000.000
22033,2022,-12.695312,25000000.000
22034,2035,-6.347656,25000000.000
22035,2042,-2.929688,25000000.000
22036,2053,2.441406,25000000.000
22037,2074,12.695312,25000000.000
22038,2079,15.136719,25000000.000
22039,2081,16.113281,25000000.000
22040,2099,24.902344,25000000.000
22041,2110,30.273438,25000000.000
22042,2112,31.250000,25000000.000
22043,2115,32.714844,25000000.000
22044,2121,35.644531,25000000.000
22045,2120,35.156250,25000000.000
22046,2120,35.156250,25000000.000
22047,2119,34.667969,25000000.000
22048,2112,31.250000,25000000.000
22049,2104,27.343750,25000000.000
22050,2101,25.878906,25000000.000
22051,2098,24.414062,25000000.000
22052,2083,17.089844,25000000.000
22053,2073,12.207031,25000000.000
22054,2063,7.324219,25000000.000
22055,2060,5.859375,25000000.000
22056,2040,-3.906250,25000000.000
22057,2029,-9.277344,25000000.000
22058,2016,-15.625000,25000000.000
22059,2016,-15.625000,25000000.000
22060,1997,-24.902344,25000000.000
22061,1986,-30.273438,25000000.000
22062,1975,-35.644531,25000000.000
22063,1986,-30.273438,25000000.000
22064,1972,-37.109375,25000000.000
22065,1971,-37.597656,25000000.000
22066,1977,-34.667969,25000000.000
22067,1974,-36.132812,25000000.000
22068,1979,-33.691406,25000000.000
22069,1984,-31.250000,25000000.000
22070,1992,-27.343750,25000000.000
22071,1990,-28.320312,25000000.000
22072,2004,-21.484375,25000000.000
22073,2016,-15.625000,25000000.000
22074,2023,-12.207031,25000000.000
22075,2027,-10.253906,25000000.000
22076,2047,-0.488281,25000000.000
22077,2059,5.371094,25000000.000
22078,2073,12.207031,25000000.000
22079,2074,12.695312,25000000.000
22080,2094,22.460938,25000000.000
22081,2101,25.878906,25000000.000
22082,2109,29.785156,25000000.000
22083,2109,29.785156,25000000.000
22084,2119,34.667969,25000000.000
22085,2122,36.132812,25000000.000
22086,2120,35.156250,25000000.000
22087,2119,34.667969,25000000.000
22088,2115,32.714844,25000000.000
22089,2113,31.738281,25000000.000
22090,2104,27.343750,25000000.000
22091,2104,27.343750,25000000.000
22092,2089,20.019531,25000000.000
22093,2082,16.601562,25000000.000
22094,2072,11.718750,25000000.000
22095,2072,11.718750,25000000.000
22096,2051,1.464844,25000000.000
22097,2038,-4.882812,25000000.000
22098,2028,-9.765625,25000000.000
22099,2024,-11.718750,25000000.000
22100,2009,-19.042969,25000000.000
22101,1996,-25.390625,25000000.000
22102,1986,-30.273438,25000000.000
22103,1976,-35.156250,25000000.000
22104,1979,-33.691406,25000000.000
22105,1998,-24.414062,25000000.000
22106,1971,-37.597656,25000000.000
22107,1971,-37.597656,25000000.000
22108,1976,-35.156250,25000000.000
22109,1981,-32.714844,25000000.000
22110,1991,-27.832031,25000000.000
22111,1990,-28.320312,25000000.000
22112,1997,-24.902344,25000000.000
22113,2009,-19.042969,25000000.000
22114,2017,-15.136719,25000000.000
22115,2018,-14.648438,25000000.000
22116,2040,-3.906250,25000000.000
22117,2050,0.976562,25000000.000
22118,2063,7.324219,25000000.000
22119,2064,7.812500,25000000.000
22120,2083,17.089844,25000000.000
22121,2096,23.437500,25000000.000
22122,2104,27.343750,25000000.000
22123,2103,26.855469,25000000.000
22124,2115,32.714844,25000000.000
22125,2120,35.156250,25000000.000
22126,2120,35.156250,25000000.000
22127,2122,36.132812,25000000.000
22128,2118,34.179688,25000000.000
22129,2115,32.714844,25000000.000
22130,2110,30.273438,25000000.000
22131,2110,30.273438,25000000.000
22132,2098,24.414062,25000000.000
22133,2085,18.066406,25000000.000
22134,2079,15.136719,25000000.000
22135,2078,14.648438,25000000.000
22136,2059,5.371094,25000000.000
22137,2049,0.488281,25000000.000
22138,2035,-6.347656,25000000.000
22139,2034,-6.835938,25000000.000
22140,2011,-18.066406,25000000.000
22141,2004,-21.484375,25000000.000
22142,1992,-27.343750,25000000.000
22143,1993,-26.855469,25000000.000
22144,1981,-32.714844,25000000.000
22145,1975,-35.644531,25000000.000
22146,1975,-35.644531,25000000.000
22147,1974,-36.132812,25000000.000
22148,1975,-35.644531,25000000.000
22149,1978,-34.179688,25000000.000
22150,1981,-32.714844,25000000.000
22151,1981,-32.714844,25000000.000
22152,1992,-27.343750,25000000.000
22153,2002,-22.460938,25000000.000
22154,2009,-19.042969,25000000.000
22155,2009,-19.042969,25000000.000
22156,2030,-8.789062,25000000.000
22157,2042,-2.929688,25000000.000
22158,2050,0.976562,25000000.000
22159,2055,3.417969,25000000.000
22160,2076,13.671875,25000000.000
22161,2086,18.554688,25000000.000
22162,2095,22.949219,25000000.000
22163,2098,24.414062,25000000.000
22164,2112,31.250000,25000000.000
22165,2115,32.714844,25000000.000
22166,2121,35.644531,25000000.000
22167,2118,34.179688,25000000.000
22168,2120,35.156250,25000000.000
22169,2117,33.691406,25000000.000
22170,2113,31.738281,25000000.000
22171,2112,31.250000,25000000.000
22172,2102,26.367188,25000000.000
22173,2095,22.949219,25000000.000
22174,2082,16.601562,25000000.000
22175,2084,17.578125,25000000.000
22176,2066,8.789062,25000000.000
22177,2056,3.906250,25000000.000
22178,2045,-1.464844,25000000.000
22179,2046,-0.976562,25000000.000
22180,2023,-12.207031,25000000.000
22181,2010,-18.554688,25000000.000
22182,2005,-20.996094,25000000.000
22183,2000,-23.437500,25000000.000
22184,1983,-31.738281,25000000.000
22185,1979,-33.691406,25000000.000
22186,1975,-35.644531,25000000.000
22187,1974,-36.132812,25000000.000
22188,1972,-37.109375,25000000.000
22189,1976,-35.156250,25000000.000
22190,1976,-35.156250,25000000.000
22191,1977,-34.667969,25000000.000
22192,1986,-30.273438,25000000.000
22193,1994,-26.367188,25000000.000
22194,2001,-22.949219,25000000.000
22195,2002,-22.460938,25000000.000
22196,2021,-13.183594,25000000.000
22197,2031,-8.300781,25000000.000
22198,2043,-2.441406,25000000.000
22199,2042,-2.929688,25000000.000
22200,2066,8.789062,25000000.000
22201,2077,14.160156,25000000.000
22202,2086,18.554688,25000000.000
22203,2087,19.042969,25000000.000
22204,2103,26.855469,25000000.000
22205,2113,31.738281,25000000.000
22206,2116,33.203125,25000000.000
22207,2116,33.203125,25000000.000
22208,2118,34.179688,25000000.000
22209,2120,35.156250,25000000.000
22210,2117,33.691406,25000000.000
22211,2118,34.179688,25000000.000
22212,2108,29.296875,25000000.000
22213,2101,25.878906,25000000.000
22214,2094,22.460938,25000000.000
22215,2093,21.972656,25000000.000
22216,2075,13.183594,25000000.000
22217,2063,7.324219,25000000.000
22218,2056,3.906250,25000000.000
22219,2054,2.929688,25000000.000
22220,2032,-7.812500,25000000.000
22221,2021,-13.183594,25000000.000
22222,2014,-16.601562,25000000.000
22223,2014,-16.601562,25000000.000
22224,1993,-26.855469,25000000.000
22225,1990,-28.320312,25000000.000
22226,1976,-35.156250,25000000.000
22227,1976,-35.156250,25000000.000
22228,1976,-35.156250,25000000.000
22229,1972,-37.109375,25000000.000
22230,1975,-35.644531,25000000.000
22231,1976,-35.156250,25000000.000
22232,1985,-30.761719,25000000.000
22233,1988,-29.296875,25000000.000
22234,1995,-25.878906,25000000.000
22235,1995,-25.878906,25000000.000
22236,2010,-18.554688,25000000.000
22237,2022,-12.695312,25000000.000
22238,2031,-8.300781,25000000.000
22239,2033,-7.324219,25000000.000
22240,2054,2.929688,25000000.000
22241,2070,10.742188,25000000.000
22242,2079,15.136719,25000000.000
22243,2080,15.625000,25000000.000
22244,2100,25.390625,25000000.000
22245,2105,27.832031,25000000.000
22246,2115,32.714844,25000000.000
22247,2116,33.203125,25000000.000
22248,2121,35.644531,25000000.000
22249,2119,34.667969,25000000.000
22250,2120,35.156250,25000000.000
22251,2120,35.156250,25000000.000
22252,2113,31.738281,25000000.000
22253,2109,29.785156,25000000.000
22254,2101,25.878906,25000000.000
22255,2099,24.902344,25000000.000
22256,2084,17.578125,25000000.000
22257,2077,14.160156,25000000.000
22258,2063,7.324219,25000000.000
22259,2064,7.812500,25000000.000
22260,2043,-2.441406,25000000.000
22261,2027,-10.253906,25000000.000
22262,2023,-12.207031,25000000.000
22263,2026,-10.742188,25000000.000
22264,1996,-25.390625,25000000.000
22265,1991,-27.832031,25000000.000
22266,1979,-33.691406,25000000.000
22267,1989,-28.808594,25000000.000
22268,1971,-37.597656,25000000.000
22269,1975,-35.644531,25000000.000
22270,1974,-36.132812,25000000.000
22271,1975,-35.644531,25000000.000
22272,1975,-35.644531,25000000.000
22273,1983,-31.738281,25000000.000
22274,1988,-29.296875,25000000.000
22275,1990,-28.320312,25000000.000
22276,2004,-21.484375,25000000.000
22277,2012,-17.578125,25000000.000
22278,2024,-11.718750,25000000.000
22279,2027,-10.253906,25000000.000
22280,2050,0.976562,25000000.000
22281,2056,3.906250,25000000.000
22282,2071,11.230469,25000000.000
22283,2068,9.765625,25000000.000
22284,2090,20.507812,25000000.000
22285,2101,25.878906,25000000.000
22286,2108,29.296875,25000000.000
22287,2107,28.808594,25000000.000
22288,2118,34.179688,25000000.000
22289,2120,35.156250,25000000.000
22290,2120,35.156250,25000000.000
22291,2121,35.644531,25000000.000
22292,2117,33.691406,25000000.000
22293,2113,31.738281,25000000.000
22294,2107,28.808594,25000000.000
22295,2107,28.808594,25000000.000
22296,2091,20.996094,25000000.000
22297,2084,17.578125,25000000.000
22298,2073,12.207031,25000000.000
22299,2071,11.230469,25000000.000
22300,2056,3.906250,25000000.000
22301,2040,-3.906250,25000000.000
22302,2029,-9.277344,25000000.000
22303,2024,-11.718750,25000000.000
22304,2009,-19.042969,25000000.000
22305,1999,-23.925781,25000000.000
22306,1988,-29.296875,25000000.000
22307,1989,-28.808594,25000000.000
22308,1978,-34.179688,25000000.000
22309,1975,-35.644531,25000000.000
22310,1974,-36.132812,25000000.000
22311,1974,-36.132812,25000000.000
22312,1976,-35.156250,25000000.000
22313,1978,-34.179688,25000000.000
22314,1986,-30.273438,25000000.000
22315,1983,-31.738281,25000000.000
22316,1999,-23.925781,25000000.000
22317,2004,-21.484375,25000000.000
22318,2014,-16.601562,25000000.000
22319,2015,-16.113281,25000000.000
22320,2036,-5.859375,25000000.000
22321,2048,0.000000,25000000.000
22322,2059,5.371094,25000000.000
22323,2061,6.347656,25000000.000
22324,2081,16.113281,25000000.000
22325,2093,21.972656,25000000.000
22326,2102,26.367188,25000000.000
22327,2102,26.367188,25000000.000
22328,2117,33.691406,25000000.000
22329,2117,33.691406,25000000.000
22330,2120,35.156250,25000000.000
22331,2121,35.644531,25000000.000
22332,2119,34.667969,25000000.000
22333,2114,32.226562,25000000.000
22334,2111,30.761719,25000000.000
22335,2110,30.273438,25000000.000
22336,2099,24.902344,25000000.000
22337,2090,20.507812,25000000.000
22338,2080,15.625000,25000000.000
22339,2081,16.113281,25000000.000
22340,2059,5.371094,25000000.000
22341,2050,0.976562,25000000.000
22342,2038,-4.882812,25000000.000
22343,2035,-6.347656,25000000.000
22344,2016,-15.625000,25000000.000
22345,2006,-20.507812,25000000.000
22346,1997,-24.902344,25000000.000
22347,1995,-25.878906,25000000.000
22348,1980,-33.203125,25000000.000
22349,1976,-35.156250,25000000.000
22350,1973,-36.621094,25000000.000
22351,1973,-36.621094,25000000.000
22352,1973,-36.621094,25000000.000
22353,1977,-34.667969,25000000.000
22354,1981,-32.714844,25000000.000
22355,1980,-33.203125,25000000.000
22356,1991,-27.832031,25000000.000
22357,1999,-23.925781,25000000.000
22358,2004,-21.484375,25000000.000
22359,2010,-18.554688,25000000.000
22360,2026,-10.742188,25000000.000
22361,2037,-5.371094,25000000.000
22362,2050,0.976562,25000000.000
22363,2052,1.953125,25000000.000
22364,2072,11.718750,25000000.000
22365,2082,16.601562,25000000.000
22366,2094,22.460938,25000000.000
22367,2094,22.460938,25000000.000
22368,2108,29.296875,25000000.000
22369,2114,32.226562,25000000.000
22370,2117,33.691406,25000000.000
22371,2117,33.691406,25000000.000
22372,2119,34.667969,25000000.000
22373,2121,35.644531,25000000.000
22374,2114,32.226562,25000000.000
22375,2114,32.226562,25000000.000
22376,2103,26.855469,25000000.000
22377,2095,22.949219,25000000.000
22378,2089,20.019531,25000000.000
22379,2089,20.019531,25000000.000
22380,2071,11.230469,25000000.000
22381,2059,5.371094,25000000.000
22382,2050,0.976562,25000000.000
22383,2046,-0.976562,25000000.000
22384,2027,-10.253906,25000000.000
22385,2013,-17.089844,25000000.000
22386,2004,-21.484375,25000000.000
22387,2001,-22.949219,25000000.000
22388,1986,-30.273438,25000000.000
22389,1981,-32.714844,25000000.000
22390,1976,-35.156250,25000000.000
22391,1975,-35.644531,25000000.000
22392,1973,-36.621094,25000000.000
22393,1973,-36.621094,25000000.000
22394,1977,-34.667969,25000000.000
22395,1977,-34.667969,25000000.000
22396,1986,-30.273438,25000000.000
22397,1992,-27.343750,25000000.000
22398,2002,-22.460938,25000000.000
22399,1999,-23.925781,25000000.000
22400,2017,-15.136719,25000000.000
22401,2027,-10.253906,25000000.000
22402,2039,-4.394531,25000000.000
22403,2039,-4.394531,25000000.000
22404,2062,6.835938,25000000.000
22405,2075,13.183594,25000000.000
22406,2083,17.089844,25000000.000
22407,2087,19.042969,25000000.000
22408,2103,26.855469,25000000.000
22409,2116,33.203125,25000000.000
22410,2112,31.250000,25000000.000
22411,2121,35.644531,25000000.000
22412,2119,34.667969,25000000.000
22413,2118,34.179688,25000000.000
22414,2118,34.179688,25000000.000
22415,2117,33.691406,25000000.000
22416,2110,30.273438,25000000.000
22417,2103,26.855469,25000000.000
22418,2097,23.925781,25000000.000
22419,2095,22.949219,25000000.000
22420,2078,14.648438,25000000.000
22421,2070,10.742188,25000000.000
22422,2058,4.882812,25000000.000
22423,2056,3.906250,25000000.000
22424,2035,-6.347656,25000000.000
22425,2026,-10.742188,25000000.000
22426,2012,-17.578125,25000000.000
22427,2011,-18.066406,25000000.000
22428,1996,-25.390625,25000000.000
22429,1987,-29.785156,25000000.000
22430,1982,-32.226562,25000000.000
22431,1979,-33.691406,25000000.000
22432,1976,-35.156250,25000000.000
22433,1974,-36.132812,25000000.000
22434,1974,-36.132812,25000000.000
22435,1974,-36.132812,25000000.000
22436,1980,-33.203125,25000000.000
22437,1988,-29.296875,25000000.000
22438,1993,-26.855469,25000000.000
22439,1994,-26.367188,25000000.000
22440,2007,-20.019531,25000000.000
22441,2019,-14.160156,25000000.000
22442,2028,-9.765625,25000000.000
22443,2030,-8.789062,25000000.000
22444,2053,2.441406,25000000.000
22445,2064,7.812500,25000000.000
22446,2076,13.671875,25000000.000
22447,2078,14.648438,25000000.000
22448,2098,24.414062,25000000.000
22449,2103,26.855469,25000000.000
22450,2114,32.226562,25000000.000
22451,2111,30.761719,25000000.000
22452,2120,35.156250,25000000.000
22453,2119,34.667969,25000000.000
22454,2123,36.621094,25000000.000
22455,2119,34.667969,25000000.000
22456,2115,32.714844,25000000.000
22457,2109,29.785156,25000000.000
22458,2104,27.343750,25000000.000
22459,2103,26.855469,25000000.000
22460,2089,20.019531,25000000.000
22461,2075,13.183594,25000000.000
22462,2067,9.277344,25000000.000
22463,2068,9.765625,25000000.000
22464,2047,-0.488281,25000000.000
22465,2034,-6.835938,25000000.000
22466,2023,-12.207031,25000000.000
22467,2020,-13.671875,25000000.000
22468,2002,-22.460938,25000000.000
22469,1993,-26.855469,25000000.000
22470,1984,-31.250000,25000000.000
22471,1984,-31.250000,25000000.000
22472,1975,-35.644531,25000000.000
22473,1974,-36.132812,25000000.000
22474,1973,-36.621094,25000000.000
22475,1974,-36.132812,25000000.000
22476,1977,-34.667969,25000000.000
22477,1982,-32.226562,25000000.000
22478,1987,-29.785156,25000000.000
22479,1990,-28.320312,25000000.000
22480,2004,-21.484375,25000000.000
22481,2010,-18.554688,25000000.000
22482,2023,-12.207031,25000000.000
22483,2023,-12.207031,25000000.000
22484,2043,-2.441406,25000000.000
22485,2056,3.906250,25000000.000
22486,2066,8.789062,25000000.000
22487,2067,9.277344,25000000.000
22488,2094,22.460938,25000000.000
22489,2104,27.343750,25000000.000
22490,2110,30.273438,25000000.000
22491,2131,40.527344,25000000.000
22492,2111,30.761719,25000000.000
22493,2119,34.667969,25000000.000
22494,2121,35.644531,25000000.000
22495,2124,37.109375,25000000.000
22496,2117,33.691406,25000000.000
22497,2113,31.738281,25000000.000
22498,2109,29.785156,25000000.000
22499,2107,28.808594,25000000.000
22500,2094,22.460938,25000000.000
22501,2086,18.554688,25000000.000
22502,2075,13.183594,25000000.000
22503,2073,12.207031,25000000.000
22504,2060,5.859375,25000000.000
22505,2039,-4.394531,25000000.000
22506,2031,-8.300781,25000000.000
22507,2030,-8.789062,25000000.000
22508,2007,-20.019531,25000000.000
22509,2000,-23.437500,25000000.000
22510,1991,-27.832031,25000000.000
22511,1990,-28.320312,25000000.000
22512,1979,-33.691406,25000000.000
22513,1973,-36.621094,25000000.000
22514,1975,-35.644531,25000000.000
22515,1972,-37.109375,25000000.000
22516,1977,-34.667969,25000000.000
22517,1979,-33.691406,25000000.000
22518,1983,-31.738281,25000000.000
22519,1982,-32.226562,25000000.000
22520,1994,-26.367188,25000000.000
22521,2003,-21.972656,25000000.000
22522,2012,-17.578125,25000000.000
22523,2013,-17.089844,25000000.000
22524,2031,-8.300781,25000000.000
22525,2044,-1.953125,25000000.000
22526,2056,3.906250,25000000.000
22527,2058,4.882812,25000000.000
22528,2079,15.136719,25000000.000
22529,2089,20.019531,25000000.000
22530,2099,24.902344,25000000.000
22531,2100,25.390625,25000000.000
22532,2114,32.226562,25000000.000
22533,2116,33.203125,25000000.000
22534,2120,35.156250,25000000.000
22535,2119,34.667969,25000000.000
22536,2118,34.179688,25000000.000
22537,2118,34.179688,25000000.000
22538,2111,30.761719,25000000.000
22539,2113,31.738281,25000000.000
22540,2098,24.414062,25000000.000
22541,2093,21.972656,25000000.000
22542,2084,17.578125,25000000.000
22543,2083,17.089844,25000000.000
22544,2064,7.812500,25000000.000
22545,2052,1.953125,25000000.000
22546,2042,-2.929688,25000000.000
22547,2041,-3.417969,25000000.000
22548,2019,-14.160156,25000000.000
22549,2007,-20.019531,25000000.000
22550,1998,-24.414062,25000000.000
22551,1997,-24.902344,25000000.000
22552,1980,-33.203125,25000000.000
22553,1975,-35.644531,25000000.000
22554,1974,-36.132812,25000000.000
22555,1971,-37.597656,25000000.000
22556,1972,-37.109375,25000000.000
22557,1976,-35.156250,25000000.000
22558,1978,-34.179688,25000000.000
22559,1979,-33.691406,25000000.000
22560,1991,-27.832031,25000000.000
22561,1997,-24.902344,25000000.000
22562,2001,-22.949219,25000000.000
22563,2005,-20.996094,25000000.000
22564,2024,-11.718750,25000000.000
22565,2033,-7.324219,25000000.000
22566,2047,-0.488281,25000000.000
22567,2048,0.000000,25000000.000
22568,2068,9.765625,25000000.000
22569,2081,16.113281,25000000.000
22570,2092,21.484375,25000000.000
22571,2092,21.484375,25000000.000
22572,2106,28.320312,25000000.000
22573,2115,32.714844,25000000.000
22574,2116,33.203125,25000000.000
22575,2118,34.179688,25000000.000
22576,2121,35.644531,25000000.000
22577,2118,34.179688,25000000.000
22578,2116,33.203125,25000000.000
22579,2117,33.691406,25000000.000
22580,2106,28.320312,25000000.000
22581,2098,24.414062,25000000.000
22582,2091,20.996094,25000000.000
22583,2089,20.019531,25000000.000
22584,2074,12.695312,25000000.000
22585,2062,6.835938,25000000.000
22586,2052,1.953125,25000000.000
22587,2048,0.000000,25000000.000
22588,2028,-9.765625,25000000.000
22589,2018,-14.648438,25000000.000
22590,2004,-21.484375,25000000.000
22591,2005,-20.996094,25000000.000
22592,1989,-28.808594,25000000.000
22593,1983,-31.738281,25000000.000
22594,1977,-34.667969,25000000.000
22595,1977,-34.667969,25000000.000
22596,1976,-35.156250,25000000.000
22597,1974,-36.132812,25000000.000
22598,1978,-34.179688,25000000.000
22599,1976,-35.156250,25000000.000
22600,1984,-31.250000,25000000.000
22601,1990,-28.320312,25000000.000
22602,1998,-24.414062,25000000.000
22603,1997,-24.902344,25000000.000
22604,2014,-16.601562,25000000.000
22605,2027,-10.253906,25000000.000
22606,2035,-6.347656,25000000.000
22607,2037,-5.371094,25000000.000
22608,2060,5.859375,25000000.000
22609,2072,11.718750,25000000.000
22610,2084,17.578125,25000000.000
22611,2083,17.089844,25000000.000
22612,2103,26.855469,25000000.000
22613,2108,29.296875,25000000.000
22614,2114,32.226562,25000000.000
22615,2113,31.738281,25000000.000
22616,2121,35.644531,25000000.000
22617,2120,35.156250,25000000.000
22618,2118,34.179688,25000000.000
22619,2117,33.691406,25000000.000
22620,2110,30.273438,25000000.000
22621,2106,28.320312,25000000.000
22622,2097,23.925781,25000000.000
22623,2098,24.414062,25000000.000
22624,2081,16.113281,25000000.000
22625,2072,11.718750,25000000.000
22626,2062,6.835938,25000000.000
22627,2061,6.347656,25000000.000
22628,2038,-4.882812,25000000.000
22629,2027,-10.253906,25000000.000
22630,2017,-15.136719,25000000.000
22631,2015,-16.113281,25000000.000
22632,1998,-24.414062,25000000.000
22633,1989,-28.808594,25000000.000
22634,1981,-32.714844,25000000.000
22635,1981,-32.714844,25000000.000
22636,1977,-34.667969,25000000.000
22637,1975,-35.644531,25000000.000
22638,1975,-35.644531,25000000.000
22639,1976,-35.156250,25000000.000
22640,1979,-33.691406,25000000.000
22641,1987,-29.785156,25000000.000
22642,1992,-27.343750,25000000.000
22643,1992,-27.343750,25000000.000
22644,2007,-20.019531,25000000.000
22645,2017,-15.136719,25000000.000
22646,2029,-9.277344,25000000.000
22647,2030,-8.789062,25000000.000
22648,2051,1.464844,25000000.000
22649,2061,6.347656,25000000.000
22650,2085,18.066406,25000000.000
22651,2079,15.136719,25000000.000
22652,2092,21.484375,25000000.000
22653,2081,16.113281,25000000.000
22654,2096,23.437500,25000000.000
22655,2114,32.226562,25000000.000
22656,2125,37.597656,25000000.000
22657,2118,34.179688,25000000.000
22658,2120,35.156250,25000000.000
22659,2115,32.714844,25000000.000
22660,2115,32.714844,25000000.000
22661,2109,29.785156,25000000.000
22662,2106,28.320312,25000000.000
22663,2102,26.367188,25000000.000
22664,2088,19.531250,25000000.000
22665,2079,15.136719,25000000.000
22666,2071,11.230469,25000000.000
22667,2068,9.765625,25000000.000
22668,2048,0.000000,25000000.000
22669,2036,-5.859375,25000000.000
22670,2025,-11.230469,25000000.000
22671,2025,-11.230469,25000000.000
22672,2002,-22.460938,25000000.000
22673,1996,-25.390625,25000000.000
22674,1987,-29.785156,25000000.000
22675,1987,-29.785156,25000000.000
22676,1976,-35.156250,25000000.000
22677,1976,-35.156250,25000000.000
22678,1972,-37.109375,25000000.000
22679,1974,-36.132812,25000000.000
22680,1978,-34.179688,25000000.000
22681,1980,-33.203125,25000000.000
22682,1989,-28.808594,25000000.000
22683,1987,-29.785156,25000000.000
22684,2001,-22.949219,25000000.000
22685,2011,-18.066406,25000000.000
22686,2016,-15.625000,25000000.000
22687,2020,-13.671875,25000000.000
22688,2038,-4.882812,25000000.000
22689,2052,1.953125,25000000.000
22690,2066,8.789062,25000000.000
22691,2062,6.835938,25000000.000
22692,2083,17.089844,25000000.000
22693,2096,23.437500,25000000.000
22694,2102,26.367188,25000000.000
22695,2106,28.320312,25000000.000
22696,2115,32.714844,25000000.000
22697,2119,34.667969,25000000.000
22698,2122,36.132812,25000000.000
22699,2123,36.621094,25000000.000
22700,2117,33.691406,25000000.000
22701,2115,32.714844,25000000.000
22702,2109,29.785156,25000000.000
22703,2108,29.296875,25000000.000
22704,2111,30.761719,25000000.000
22705,2089,20.019531,25000000.000
22706,2067,9.277344,25000000.000
22707,2080,15.625000,25000000.000
22708,2063,7.324219,25000000.000
22709,2045,-1.464844,25000000.000
22710,2035,-6.347656,25000000.000
22711,2031,-8.300781,25000000.000
22712,2014,-16.601562,25000000.000
22713,2004,-21.484375,25000000.000
22714,1998,-24.414062,25000000.000
22715,1993,-26.855469,25000000.000
22716,1983,-31.738281,25000000.000
22717,1976,-35.156250,25000000.000
22718,1975,-35.644531,25000000.000
22719,1973,-36.621094,25000000.000
22720,1974,-36.132812,25000000.000
22721,1979,-33.691406,25000000.000
22722,1981,-32.714844,25000000.000
22723,1981,-32.714844,25000000.000
22724,1994,-26.367188,25000000.000
22725,2000,-23.437500,25000000.000
22726,2011,-18.066406,25000000.000
22727,2012,-17.578125,25000000.000
22728,2032,-7.812500,25000000.000
22729,2041,-3.417969,25000000.000
22730,2054,2.929688,25000000.000
22731,2055,3.417969,25000000.000
22732,2077,14.160156,25000000.000
22733,2085,18.066406,25000000.000
22734,2095,22.949219,25000000.000
22735,2097,23.925781,25000000.000
22736,2111,30.761719,25000000.000
22737,2116,33.203125,25000000.000
22738,2118,34.179688,25000000.000
22739,2120,35.156250,25000000.000
22740,2118,34.179688,25000000.000
22741,2117,33.691406,25000000.000
22742,2112,31.250000,25000000.000
22743,2114,32.226562,25000000.000
22744,2102,26.367188,25000000.000
22745,2093,21.972656,25000000.000
22746,2085,18.066406,25000000.000
22747,2085,18.066406,25000000.000
22748,2067,9.277344,25000000.000
22749,2055,3.417969,25000000.000
22750,2044,-1.953125,25000000.000
22751,2042,-2.929688,25000000.000
22752,2022,-12.695312,25000000.000
22753,2010,-18.554688,25000000.000
22754,2005,-20.996094,25000000.000
22755,1999,-23.925781,25000000.000
22756,1984,-31.250000,25000000.000
22757,1983,-31.738281,25000000.000
22758,1974,-36.132812,25000000.000
22759,1976,-35.156250,25000000.000
22760,1971,-37.597656,25000000.000
22761,1974,-36.132812,25000000.000
22762,1977,-34.667969,25000000.000
22763,1977,-34.667969,25000000.000
22764,1990,-28.320312,25000000.000
22765,1993,-26.855469,25000000.000
22766,2003,-21.972656,25000000.000
22767,2003,-21.972656,25000000.000
22768,2019,-14.160156,25000000.000
22769,2034,-6.835938,25000000.000
22770,2042,-2.929688,25000000.000
22771,2044,-1.953125,25000000.000
22772,2066,8.789062,25000000.000
22773,2079,15.136719,25000000.000
22774,2088,19.531250,25000000.000
22775,2090,20.507812,25000000.000
22776,2106,28.320312,25000000.000
22777,2113,31.738281,25000000.000
22778,2117,33.691406,25000000.000
22779,2117,33.691406,25000000.000
22780,2121,35.644531,25000000.000
22781,2121,35.644531,25000000.000
22782,2120,35.156250,25000000.000
22783,2120,35.156250,25000000.000
22784,2112,31.250000,25000000.000
22785,2103,26.855469,25000000.000
22786,2088,19.531250,25000000.000
22787,2086,18.554688,25000000.000
22788,2074,12.695312,25000000.000
22789,2065,8.300781,25000000.000
22790,2053,2.441406,25000000.000
22791,2054,2.929688,25000000.000
22792,2032,-7.812500,25000000.000
22793,2019,-14.160156,25000000.000
22794,2008,-19.531250,25000000.000
22795,2007,-20.019531,25000000.000
22796,1992,-27.343750,25000000.000
22797,1982,-32.226562,25000000.000
22798,1981,-32.714844,25000000.000
22799,1980,-33.203125,25000000.000
22800,1975,-35.644531,25000000.000
22801,1973,-36.621094,25000000.000
22802,1975,-35.644531,25000000.000
22803,1974,-36.132812,25000000.000
22804,1983,-31.738281,25000000.000
22805,1991,-27.832031,25000000.000
22806,1992,-27.343750,25000000.000
22807,1994,-26.367188,25000000.000
22808,2012,-17.578125,25000000.000
22809,2022,-12.695312,25000000.000
22810,2035,-6.347656,25000000.000
22811,2036,-5.859375,25000000.000
22812,2058,4.882812,25000000.000
22813,2069,10.253906,25000000.000
22814,2080,15.625000,25000000.000
22815,2080,15.625000,25000000.000
22816,2101,25.878906,25000000.000
22817,2107,28.808594,25000000.000
22818,2112,31.250000,25000000.000
22819,2112,31.250000,25000000.000
22820,2119,34.667969,25000000.000
22821,2121,35.644531,25000000.000
22822,2119,34.667969,25000000.000
22823,2120,35.156250,25000000.000
22824,2112,31.250000,25000000.000
22825,2106,28.320312,25000000.000
22826,2100,25.390625,25000000.000
22827,2101,25.878906,25000000.000
22828,2085,18.066406,25000000.000
22829,2073,12.207031,25000000.000
22830,2065,8.300781,25000000.000
22831,2063,7.324219,25000000.000
22832,2044,-1.953125,25000000.000
22833,2029,-9.277344,25000000.000
22834,2019,-14.160156,25000000.000
22835,2017,-15.136719,25000000.000
22836,1998,-24.414062,25000000.000
22837,1991,-27.832031,25000000.000
22838,1980,-33.203125,25000000.000
22839,1980,-33.203125,25000000.000
22840,1973,-36.621094,25000000.000
22841,1974,-36.132812,25000000.000
22842,1975,-35.644531,25000000.000
22843,1974,-36.132812,25000000.000
22844,1980,-33.203125,25000000.000
22845,1984,-31.250000,25000000.000
22846,1991,-27.832031,25000000.000
22847,1989,-28.808594,25000000.000
22848,2006,-20.507812,25000000.000
22849,2014,-16.601562,25000000.000
22850,2024,-11.718750,25000000.000
22851,2025,-11.230469,25000000.000
22852,2047,-0.488281,25000000.000
22853,2058,4.882812,25000000.000
22854,2070,10.742188,25000000.000
22855,2071,11.230469,25000000.000
22856,2091,20.996094,25000000.000
22857,2100,25.390625,25000000.000
22858,2107,28.808594,25000000.000
22859,2110,30.273438,25000000.000
22860,2117,33.691406,25000000.000
22861,2120,35.156250,25000000.000
22862,2118,34.179688,25000000.000
22863,2123,36.621094,25000000.000
22864,2116,33.203125,25000000.000
22865,2111,30.761719,25000000.000
22866,2107,28.808594,25000000.000
22867,2105,27.832031,25000000.000
22868,2091,20.996094,25000000.000
22869,2083,17.089844,25000000.000
22870,2072,11.718750,25000000.000
22871,2072,11.718750,25000000.000
22872,2050,0.976562,25000000.000
22873,2041,-3.417969,25000000.000
22874,2028,-9.765625,25000000.000
22875,2029,-9.277344,25000000.000
22876,2007,-20.019531,25000000.000
22877,1998,-24.414062,25000000.000
22878,1990,-28.320312,25000000.000
22879,1988,-29.296875,25000000.000
22880,1980,-33.203125,25000000.000
22881,1974,-36.132812,25000000.000
22882,1974,-36.132812,25000000.000
22883,1973,-36.621094,25000000.000
22884,1977,-34.667969,25000000.000
22885,1981,-32.714844,25000000.000
22886,1985,-30.761719,25000000.000
22887,1985,-30.761719,25000000.000
22888,1998,-24.414062,25000000.000
22889,2008,-19.531250,25000000.000
22890,2015,-16.113281,25000000.000
22891,2017,-15.136719,25000000.000
22892,2037,-5.371094,25000000.000
22893,2049,0.488281,25000000.000
22894,2060,5.859375,25000000.000
22895,2063,7.324219,25000000.000
22896,2083,17.089844,25000000.000
22897,2093,21.972656,25000000.000
22898,2103,26.855469,25000000.000
22899,2105,27.832031,25000000.000
22900,2115,32.714844,25000000.000
22901,2118,34.179688,25000000.000
22902,2120,35.156250,25000000.000
22903,2120,35.156250,25000000.000
22904,2117,33.691406,25000000.000
22905,2118,34.179688,25000000.000
22906,2108,29.296875,25000000.000
22907,2111,30.761719,25000000.000
22908,2098,24.414062,25000000.000
22909,2088,19.531250,25000000.000
22910,2083,17.089844,25000000.000
22911,2084,17.578125,25000000.000
22912,2061,6.347656,25000000.000
22913,2048,0.000000,25000000.000
22914,2039,-4.394531,25000000.000
22915,2038,-4.882812,25000000.000
22916,2016,-15.625000,25000000.000
22917,2006,-20.507812,25000000.000
22918,1995,-25.878906,25000000.000
22919,1995,-25.878906,25000000.000
22920,1982,-32.226562,25000000.000
22921,1979,-33.691406,25000000.000
22922,1973,-36.621094,25000000.000
22923,1974,-36.132812,25000000.000
22924,1974,-36.132812,25000000.000
22925,1977,-34.667969,25000000.000
22926,1981,-32.714844,25000000.000
22927,1981,-32.714844,25000000.000
22928,1996,-25.390625,25000000.000
22929,1999,-23.925781,25000000.000
22930,2008,-19.531250,25000000.000
22931,2007,-20.019531,25000000.000
22932,2028,-9.765625,25000000.000
22933,2037,-5.371094,25000000.000
22934,2050,0.976562,25000000.000
22935,2051,1.464844,25000000.000
22936,2073,12.207031,25000000.000
22937,2086,18.554688,25000000.000
22938,2091,20.996094,25000000.000
22939,2096,23.437500,25000000.000
22940,2109,29.785156,25000000.000
22941,2114,32.226562,25000000.000
22942,2119,34.667969,25000000.000
22943,2119,34.667969,25000000.000
22944,2120,35.156250,25000000.000
22945,2118,34.179688,25000000.000
22946,2115,32.714844,25000000.000
22947,2113,31.738281,25000000.000
22948,2106,28.320312,25000000.000
22949,2096,23.437500,25000000.000
22950,2086,18.554688,25000000.000
22951,2087,19.042969,25000000.000
22952,2068,9.765625,25000000.000
22953,2058,4.882812,25000000.000
22954,2046,-0.976562,25000000.000
22955,2045,-1.464844,25000000.000
22956,2022,-12.695312,25000000.000
22957,2014,-16.601562,25000000.000
22958,2002,-22.460938,25000000.000
22959,2002,-22.460938,25000000.000
22960,1986,-30.273438,25000000.000
22961,1981,-32.714844,25000000.000
22962,1976,-35.156250,25000000.000
22963,1974,-36.132812,25000000.000
22964,1973,-36.621094,25000000.000
22965,1973,-36.621094,25000000.000
22966,1978,-34.179688,25000000.000
22967,1975,-35.644531,25000000.000
22968,1985,-30.761719,25000000.000
22969,1993,-26.855469,25000000.000
22970,2001,-22.949219,25000000.000
22971,2002,-22.460938,25000000.000
22972,2016,-15.625000,25000000.000
22973,2030,-8.789062,25000000.000
22974,2041,-3.417969,25000000.000
22975,2043,-2.441406,25000000.000
22976,2066,8.789062,25000000.000
22977,2076,13.671875,25000000.000
22978,2087,19.042969,25000000.000
22979,2088,19.531250,25000000.000
22980,2105,27.832031,25000000.000
22981,2109,29.785156,25000000.000
22982,2117,33.691406,25000000.000
22983,2117,33.691406,25000000.000
22984,2120,35.156250,25000000.000
22985,2121,35.644531,25000000.000
22986,2117,33.691406,25000000.000
22987,2116,33.203125,25000000.000
22988,2109,29.785156,25000000.000
22989,2102,26.367188,25000000.000
22990,2093,21.972656,25000000.000
22991,2093,21.972656,25000000.000
22992,2077,14.160156,25000000.000
22993,2066,8.789062,25000000.000
22994,2057,4.394531,25000000.000
22995,2056,3.906250,25000000.000
22996,2035,-6.347656,25000000.000
22997,2021,-13.183594,25000000.000
22998,2013,-17.089844,25000000.000
22999,2012,-17.578125,25000000.000
23000,1993,-26.855469,25000000.000
23001,1987,-29.785156,25000000.000
23002,1978,-34.179688,25000000.000
23003,1978,-34.179688,25000000.000
23004,1975,-35.644531,25000000.000
23005,1975,-35.644531,25000000.000
23006,1974,-36.132812,25000000.000
23007,1975,-35.644531,25000000.000
23008,1983,-31.738281,25000000.000
23009,1989,-28.808594,25000000.000
23010,1994,-26.367188,25000000.000
23011,1996,-25.390625,25000000.000
23012,2014,-16.601562,25000000.000
23013,2019,-14.160156,25000000.000
23014,2032,-7.812500,25000000.000
23015,2030,-8.789062,25000000.000
23016,2054,2.929688,25000000.000
23017,2065,8.300781,25000000.000
23018,2078,14.648438,25000000.000
23019,2078,14.648438,25000000.000
23020,2096,23.437500,25000000.000
23021,2107,28.808594,25000000.000
23022,2112,31.250000,25000000.000
23023,2112,31.250000,25000000.000
23024,2119,34.667969,25000000.000
23025,2120,35.156250,25000000.000
23026,2125,37.597656,25000000.000
23027,2124,37.109375,25000000.000
23028,2113,31.738281,25000000.000
23029,2108,29.296875,25000000.000
23030,2103,26.855469,25000000.000
23031,2103,26.855469,25000000.000
23032,2087,19.042969,25000000.000
23033,2076,13.671875,25000000.000
23034,2066,8.789062,25000000.000
23035,2066,8.789062,25000000.000
23036,2044,-1.953125,25000000.000
23037,2033,-7.324219,25000000.000
23038,2021,-13.183594,25000000.000
23039,2022,-12.695312,25000000.000
23040,2000,-23.437500,25000000.000
23041,1992,-27.343750,25000000.000
23042,1986,-30.273438,25000000.000
23043,1985,-30.761719,25000000.000
23044,1977,-34.667969,25000000.000
23045,1973,-36.621094,25000000.000
23046,1976,-35.156250,25000000.000
23047,1974,-36.132812,25000000.000
23048,1980,-33.203125,25000000.000
23049,1983,-31.738281,25000000.000
23050,1988,-29.296875,25000000.000
23051,1988,-29.296875,25000000.000
23052,2003,-21.972656,25000000.000
23053,2014,-16.601562,25000000.000
23054,2022,-12.695312,25000000.000
23055,2024,-11.718750,25000000.000
23056,2046,-0.976562,25000000.000
23057,2052,1.953125,25000000.000
23058,2073,12.207031,25000000.000
23059,2073,12.207031,25000000.000
23060,2087,19.042969,25000000.000
23061,2100,25.390625,25000000.000
23062,2110,30.273438,25000000.000
23063,2109,29.785156,25000000.000
23064,2118,34.179688,25000000.000
23065,2119,34.667969,25000000.000
23066,2120,35.156250,25000000.000
23067,2121,35.644531,25000000.000
23068,2120,35.156250,25000000.000
23069,2108,29.296875,25000000.000
23070,2102,26.367188,25000000.000
23071,2097,23.925781,25000000.000
23072,2087,19.042969,25000000.000
23073,2086,18.554688,25000000.000
23074,2072,11.718750,25000000.000
23075,2076,13.671875,25000000.000
23076,2057,4.394531,25000000.000
23077,2045,-1.464844,25000000.000
23078,2032,-7.812500,25000000.000
23079,2031,-8.300781,25000000.000
23080,2010,-18.554688,25000000.000
23081,2000,-23.437500,25000000.000
23082,1991,-27.832031,25000000.000
23083,1988,-29.296875,25000000.000
23084,1980,-33.203125,25000000.000
23085,1976,-35.156250,25000000.000
23086,1973,-36.621094,25000000.000
23087,1974,-36.132812,25000000.000
23088,1975,-35.644531,25000000.000
23089,1980,-33.203125,25000000.000
23090,1985,-30.761719,25000000.000
23091,1985,-30.761719,25000000.000
23092,1995,-25.878906,25000000.000
23093,2005,-20.996094,25000000.000
23094,2014,-16.601562,25000000.000
23095,2015,-16.113281,25000000.000
23096,2039,-4.394531,25000000.000
23097,2047,-0.488281,25000000.000
23098,2057,4.394531,25000000.000
23099,2057,4.394531,25000000.000
23100,2079,15.136719,25000000.000
23101,2100,25.390625,25000000.000
23102,2100,25.390625,25000000.000
23103,2106,28.320312,25000000.000
23104,2117,33.691406,25000000.000
23105,2118,34.179688,25000000.000
23106,2120,35.156250,25000000.000
23107,2122,36.132812,25000000.000
23108,2120,35.156250,25000000.000
23109,2118,34.179688,25000000.000
23110,2111,30.761719,25000000.000
23111,2113,31.738281,25000000.000
23112,2103,26.855469,25000000.000
23113,2091,20.996094,25000000.000
23114,2081,16.113281,25000000.000
23115,2082,16.601562,25000000.000
23116,2061,6.347656,25000000.000
23117,2052,1.953125,25000000.000
23118,2039,-4.394531,25000000.000
23119,2038,-4.882812,25000000.000
23120,2016,-15.625000,25000000.000
23121,2008,-19.531250,25000000.000
23122,1997,-24.902344,25000000.000
23123,1997,-24.902344,25000000.000
23124,1982,-32.226562,25000000.000
23125,1978,-34.179688,25000000.000
23126,1976,-35.156250,25000000.000
23127,1975,-35.644531,25000000.000
23128,1976,-35.156250,25000000.000
23129,1975,-35.644531,25000000.000
23130,1981,-32.714844,25000000.000
23131,1979,-33.691406,25000000.000
23132,1990,-28.320312,25000000.000
23133,1996,-25.390625,25000000.000
23134,2005,-20.996094,25000000.000
23135,2005,-20.996094,25000000.000
23136,2023,-12.207031,25000000.000
23137,2037,-5.371094,25000000.000
23138,2048,0.000000,25000000.000
23139,2050,0.976562,25000000.000
23140,2072,11.718750,25000000.000
23141,2080,15.625000,25000000.000
23142,2092,21.484375,25000000.000
23143,2094,22.460938,25000000.000
23144,2106,28.320312,25000000.000
23145,2116,33.203125,25000000.000
23146,2118,34.179688,25000000.000
23147,2116,33.203125,25000000.000
23148,2122,36.132812,25000000.000
23149,2118,34.179688,25000000.000
23150,2110,30.273438,25000000.000
23151,2111,30.761719,25000000.000
23152,2092,21.484375,25000000.000
23153,2101,25.878906,25000000.000
23154,2090,20.507812,25000000.000
23155,2090,20.507812,25000000.000
23156,2071,11.230469,25000000.000
23157,2058,4.882812,25000000.000
23158,2050,0.976562,25000000.000
23159,2050,0.976562,25000000.000
23160,2027,-10.253906,25000000.000
23161,2015,-16.113281,25000000.000
23162,2007,-20.019531,25000000.000
23163,2004,-21.484375,25000000.000
23164,1989,-28.808594,25000000.000
23165,1980,-33.203125,25000000.000
23166,1976,-35.156250,25000000.000
23167,1975,-35.644531,25000000.000
23168,1974,-36.132812,25000000.000
23169,1973,-36.621094,25000000.000
23170,1975,-35.644531,25000000.000
23171,1976,-35.156250,25000000.000
23172,1983,-31.738281,25000000.000
23173,1990,-28.320312,25000000.000
23174,1999,-23.925781,25000000.000
23175,2000,-23.437500,25000000.000
23176,2017,-15.136719,25000000.000
23177,2026,-10.742188,25000000.000
23178,2039,-4.394531,25000000.000
23179,2038,-4.882812,25000000.000
23180,2062,6.835938,25000000.000
23181,2072,11.718750,25000000.000
23182,2083,17.089844,25000000.000
23183,2083,17.089844,25000000.000
23184,2102,26.367188,25000000.000
23185,2109,29.785156,25000000.000
23186,2116,33.203125,25000000.000
23187,2115,32.714844,25000000.000
23188,2120,35.156250,25000000.000
23189,2120,35.156250,25000000.000
23190,2119,34.667969,25000000.000
23191,2118,34.179688,25000000.000
23192,2109,29.785156,25000000.000
23193,2104,27.343750,25000000.000
23194,2096,23.437500,25000000.000
23195,2096,23.437500,25000000.000
23196,2081,16.113281,25000000.000
23197,2068,9.765625,25000000.000
23198,2059,5.371094,25000000.000
23199,2058,4.882812,25000000.000
23200,2036,-5.859375,25000000.000
23201,2025,-11.230469,25000000.000
23202,2015,-16.113281,25000000.000
23203,2013,-17.089844,25000000.000
23204,1993,-26.855469,25000000.000
23205,1989,-28.808594,25000000.000
23206,1981,-32.714844,25000000.000
23207,1979,-33.691406,25000000.000
23208,1974,-36.132812,25000000.000
23209,1973,-36.621094,25000000.000
23210,1974,-36.132812,25000000.000
23211,1973,-36.621094,25000000.000
23212,1983,-31.738281,25000000.000
23213,1984,-31.250000,25000000.000
23214,1992,-27.343750,25000000.000
23215,1992,-27.343750,25000000.000
23216,2008,-19.531250,25000000.000
23217,2018,-14.648438,25000000.000
23218,2029,-9.277344,25000000.000
23219,2029,-9.277344,25000000.000
23220,2051,1.464844,25000000.000
23221,2063,7.324219,25000000.000
23222,2075,13.183594,25000000.000
23223,2078,14.648438,25000000.000
23224,2096,23.437500,25000000.000
23225,2104,27.343750,25000000.000
23226,2113,31.738281,25000000.000
23227,2113,31.738281,25000000.000
23228,2121,35.644531,25000000.000
23229,2121,35.644531,25000000.000
23230,2122,36.132812,25000000.000
23231,2122,36.132812,25000000.000
23232,2115,32.714844,25000000.000
23233,2111,30.761719,25000000.000
23234,2104,27.343750,25000000.000
23235,2103,26.855469,25000000.000
23236,2089,20.019531,25000000.000
23237,2079,15.136719,25000000.000
23238,2067,9.277344,25000000.000
23239,2069,10.253906,25000000.000
23240,2046,-0.976562,25000000.000
23241,2035,-6.347656,25000000.000
23242,2025,-11.230469,25000000.000
23243,2023,-12.207031,25000000.000
23244,2003,-21.972656,25000000.000
23245,1992,-27.343750,25000000.000
23246,1989,-28.808594,25000000.000
23247,1986,-30.273438,25000000.000
23248,1977,-34.667969,25000000.000
23249,1975,-35.644531,25000000.000
23250,1973,-36.621094,25000000.000
23251,1972,-37.109375,25000000.000
23252,1979,-33.691406,25000000.000
23253,1984,-31.250000,25000000.000
23254,1986,-30.273438,25000000.000
23255,1988,-29.296875,25000000.000
23256,2001,-22.949219,25000000.000
23257,2009,-19.042969,25000000.000
23258,2021,-13.183594,25000000.000
23259,2023,-12.207031,25000000.000
23260,2042,-2.929688,25000000.000
23261,2052,1.953125,25000000.000
23262,2067,9.277344,25000000.000
23263,2066,8.789062,25000000.000
23264,2090,20.507812,25000000.000
23265,2094,22.460938,25000000.000
23266,2105,27.832031,25000000.000
23267,2107,28.808594,25000000.000
23268,2117,33.691406,25000000.000
23269,2120,35.156250,25000000.000
23270,2121,35.644531,25000000.000
23271,2118,34.179688,25000000.000
23272,2118,34.179688,25000000.000
23273,2114,32.226562,25000000.000
23274,2109,29.785156,25000000.000
23275,2109,29.785156,25000000.000
23276,2095,22.949219,25000000.000
23277,2086,18.554688,25000000.000
23278,2078,14.648438,25000000.000
23279,2079,15.136719,25000000.000
23280,2057,4.394531,25000000.000
23281,2045,-1.464844,25000000.000
23282,2035,-6.347656,25000000.000
23283,2032,-7.812500,25000000.000
23284,2012,-17.578125,25000000.000
23285,2001,-22.949219,25000000.000
23286,1992,-27.343750,25000000.000
23287,1992,-27.343750,25000000.000
23288,1979,-33.691406,25000000.000
23289,1976,-35.156250,25000000.000
23290,1975,-35.644531,25000000.000
23291,1975,-35.644531,25000000.000
23292,1975,-35.644531,25000000.000
23293,1978,-34.179688,25000000.000
23294,1984,-31.250000,25000000.000
23295,1984,-31.250000,25000000.000
23296,1995,-25.878906,25000000.000
23297,2002,-22.460938,25000000.000
23298,2011,-18.066406,25000000.000
23299,2012,-17.578125,25000000.000
23300,2032,-7.812500,25000000.000
23301,2043,-2.441406,25000000.000
23302,2054,2.929688,25000000.000
23303,2055,3.417969,25000000.000
23304,2077,14.160156,25000000.000
23305,2090,20.507812,25000000.000
23306,2098,24.414062,25000000.000
23307,2100,25.390625,25000000.000
23308,2114,32.226562,25000000.000
23309,2115,32.714844,25000000.000
23310,2120,35.156250,25000000.000
23311,2120,35.156250,25000000.000
23312,2121,35.644531,25000000.000
23313,2117,33.691406,25000000.000
23314,2112,31.250000,25000000.000
23315,2112,31.250000,25000000.000
23316,2100,25.390625,25000000.000
23317,2089,20.019531,25000000.000
23318,2085,18.066406,25000000.000
23319,2085,18.066406,25000000.000
23320,2064,7.812500,25000000.000
23321,2055,3.417969,25000000.000
23322,2042,-2.929688,25000000.000
23323,2042,-2.929688,25000000.000
23324,2019,-14.160156,25000000.000
23325,2008,-19.531250,25000000.000
23326,2000,-23.437500,25000000.000
23327,2000,-23.437500,25000000.000
23328,1984,-31.250000,25000000.000
23329,1977,-34.667969,25000000.000
23330,1976,-35.156250,25000000.000
23331,1975,-35.644531,25000000.000
23332,1974,-36.132812,25000000.000
23333,1974,-36.132812,25000000.000
23334,1978,-34.179688,25000000.000
23335,1977,-34.667969,25000000.000
23336,1987,-29.785156,25000000.000
23337,1997,-24.902344,25000000.000
23338,2002,-22.460938,25000000.000
23339,2005,-20.996094,25000000.000
23340,2021,-13.183594,25000000.000
23341,2032,-7.812500,25000000.000
23342,2046,-0.976562,25000000.000
23343,2046,-0.976562,25000000.000
23344,2067,9.277344,25000000.000
23345,2078,14.648438,25000000.000
23346,2091,20.996094,25000000.000
23347,2099,24.902344,25000000.000
23348,2105,27.832031,25000000.000
23349,2111,30.761719,25000000.000
23350,2116,33.203125,25000000.000
23351,2115,32.714844,25000000.000
23352,2118,34.179688,25000000.000
23353,2121,35.644531,25000000.000
23354,2114,32.226562,25000000.000
23355,2115,32.714844,25000000.000
23356,2107,28.808594,25000000.000
23357,2099,24.902344,25000000.000
23358,2092,21.484375,25000000.000
23359,2091,20.996094,25000000.000
23360,2075,13.183594,25000000.000
23361,2062,6.835938,25000000.000
23362,2053,2.441406,25000000.000
23363,2051,1.464844,25000000.000
23364,2030,-8.789062,25000000.000
23365,2017,-15.136719,25000000.000
23366,2008,-19.531250,25000000.000
23367,2005,-20.996094,25000000.000
23368,1989,-28.808594,25000000.000
23369,1983,-31.738281,25000000.000
23370,1976,-35.156250,25000000.000
23371,1977,-34.667969,25000000.000
23372,1973,-36.621094,25000000.000
23373,1974,-36.132812,25000000.000
23374,1974,-36.132812,25000000.000
23375,1978,-34.179688,25000000.000
23376,1983,-31.738281,25000000.000
23377,1989,-28.808594,25000000.000
23378,1997,-24.902344,25000000.000
23379,1997,-24.902344,25000000.000
23380,2017,-15.136719,25000000.000
23381,2021,-13.183594,25000000.000
23382,2036,-5.859375,25000000.000
23383,2033,-7.324219,25000000.000
23384,2052,1.953125,25000000.000
23385,2071,11.230469,25000000.000
23386,2085,18.066406,25000000.000
23387,2086,18.554688,25000000.000
23388,2098,24.414062,25000000.000
23389,2106,28.320312,25000000.000
23390,2114,32.226562,25000000.000
23391,2114,32.226562,25000000.000
23392,2119,34.667969,25000000.000
23393,2121,35.644531,25000000.000
23394,2119,34.667969,25000000.000
23395,2118,34.179688,25000000.000
23396,2113,31.738281,25000000.000
23397,2105,27.832031,25000000.000
23398,2100,25.390625,25000000.000
23399,2098,24.414062,25000000.000
23400,2081,16.113281,25000000.000
23401,2074,12.695312,25000000.000
23402,2062,6.835938,25000000.000
23403,2061,6.347656,25000000.000
23404,2040,-3.906250,25000000.000
23405,2030,-8.789062,25000000.000
23406,2018,-14.648438,25000000.000
23407,2017,-15.136719,25000000.000
23408,1998,-24.414062,25000000.000
23409,1990,-28.320312,25000000.000
23410,1983,-31.738281,25000000.000
23411,1981,-32.714844,25000000.000
23412,1977,-34.667969,25000000.000
23413,1972,-37.109375,25000000.000
23414,1976,-35.156250,25000000.000
23415,1975,-35.644531,25000000.000
23416,1981,-32.714844,25000000.000
23417,1986,-30.273438,25000000.000
23418,1990,-28.320312,25000000.000
23419,1991,-27.832031,25000000.000
23420,2005,-20.996094,25000000.000
23421,2017,-15.136719,25000000.000
23422,2026,-10.742188,25000000.000
23423,2030,-8.789062,25000000.000
23424,2050,0.976562,25000000.000
23425,2060,5.859375,25000000.000
23426,2073,12.207031,25000000.000
23427,2075,13.183594,25000000.000
23428,2093,21.972656,25000000.000
23429,2103,26.855469,25000000.000
23430,2111,30.761719,25000000.000
23431,2111,30.761719,25000000.000
23432,2116,33.203125,25000000.000
23433,2122,36.132812,25000000.000
23434,2120,35.156250,25000000.000
23435,2120,35.156250,25000000.000
23436,2113,31.738281,25000000.000
23437,2112,31.250000,25000000.000
23438,2107,28.808594,25000000.000
23439,2107,28.808594,25000000.000
23440,2090,20.507812,25000000.000
23441,2080,15.625000,25000000.000
23442,2070,10.742188,25000000.000
23443,2072,11.718750,25000000.000
23444,2050,0.976562,25000000.000
23445,2037,-5.371094,25000000.000
23446,2028,-9.765625,25000000.000
23447,2027,-10.253906,25000000.000
23448,2008,-19.531250,25000000.000
23449,1997,-24.902344,25000000.000
23450,1986,-30.273438,25000000.000
23451,1989,-28.808594,25000000.000
23452,1975,-35.644531,25000000.000
23453,1977,-34.667969,25000000.000
23454,1973,-36.621094,25000000.000
23455,1975,-35.644531,25000000.000
23456,1977,-34.667969,25000000.000
23457,1980,-33.203125,25000000.000
23458,1986,-30.273438,25000000.000
23459,1986,-30.273438,25000000.000
23460,2000,-23.437500,25000000.000
23461,2007,-20.019531,25000000.000
23462,2018,-14.648438,25000000.000
23463,2017,-15.136719,25000000.000
23464,2040,-3.906250,25000000.000
23465,2051,1.464844,25000000.000
23466,2063,7.324219,25000000.000
23467,2063,7.324219,25000000.000
23468,2083,17.089844,25000000.000
23469,2095,22.949219,25000000.000
23470,2102,26.367188,25000000.000
23471,2105,27.832031,25000000.000
23472,2116,33.203125,25000000.000
23473,2120,35.156250,25000000.000
23474,2123,36.621094,25000000.000
23475,2122,36.132812,25000000.000
23476,2118,34.179688,25000000.000
23477,2115,32.714844,25000000.000
23478,2112,31.250000,25000000.000
23479,2111,30.761719,25000000.000
23480,2099,24.902344,25000000.000
23481,2090,20.507812,25000000.000
23482,2079,15.136719,25000000.000
23483,2076,13.671875,25000000.000
23484,2058,4.882812,25000000.000
23485,2048,0.000000,25000000.000
23486,2037,-5.371094,25000000.000
23487,2037,-5.371094,25000000.000
23488,2014,-16.601562,25000000.000
23489,1998,-24.414062,25000000.000
23490,1994,-26.367188,25000000.000
23491,1999,-23.925781,25000000.000
23492,1983,-31.738281,25000000.000
23493,1974,-36.132812,25000000.000
23494,1976,-35.156250,25000000.000
23495,1975,-35.644531,25000000.000
23496,1975,-35.644531,25000000.000
23497,1976,-35.156250,25000000.000
23498,1981,-32.714844,25000000.000
23499,1981,-32.714844,25000000.000
23500,1991,-27.832031,25000000.000
23501,2001,-22.949219,25000000.000
23502,2009,-19.042969,25000000.000
23503,2010,-18.554688,25000000.000
23504,2027,-10.253906,25000000.000
23505,2041,-3.417969,25000000.000
23506,2053,2.441406,25000000.000
23507,2053,2.441406,25000000.000
23508,2077,14.160156,25000000.000
23509,2086,18.554688,25000000.000
23510,2097,23.925781,25000000.000
23511,2098,24.414062,25000000.000
23512,2111,30.761719,25000000.000
23513,2115,32.714844,25000000.000
23514,2119,34.667969,25000000.000
23515,2118,34.179688,25000000.000
23516,2119,34.667969,25000000.000
23517,2120,35.156250,25000000.000
23518,2112,31.250000,25000000.000
23519,2113,31.738281,25000000.000
23520,2101,25.878906,25000000.000
23521,2096,23.437500,25000000.000
23522,2087,19.042969,25000000.000
23523,2086,18.554688,25000000.000
23524,2067,9.277344,25000000.000
23525,2056,3.906250,25000000.000
23526,2046,-0.976562,25000000.000
23527,2045,-1.464844,25000000.000
23528,2022,-12.695312,25000000.000
23529,2011,-18.066406,25000000.000
23530,2003,-21.972656,25000000.000
23531,2001,-22.949219,25000000.000
23532,1985,-30.761719,25000000.000
23533,1981,-32.714844,25000000.000
23534,1975,-35.644531,25000000.000
23535,1976,-35.156250,25000000.000
23536,1972,-37.109375,25000000.000
23537,1977,-34.667969,25000000.000
23538,1976,-35.156250,25000000.000
23539,1977,-34.667969,25000000.000
23540,1987,-29.785156,25000000.000
23541,1993,-26.855469,25000000.000
23542,2002,-22.460938,25000000.000
23543,2001,-22.949219,25000000.000
23544,2019,-14.160156,25000000.000
23545,2029,-9.277344,25000000.000
23546,2043,-2.441406,25000000.000
23547,2042,-2.929688,25000000.000
23548,2066,8.789062,25000000.000
23549,2077,14.160156,25000000.000
23550,2073,12.207031,25000000.000
23551,2085,18.066406,25000000.000
23552,2101,25.878906,25000000.000
23553,2112,31.250000,25000000.000
23554,2111,30.761719,25000000.000
23555,2118,34.179688,25000000.000
23556,2122,36.132812,25000000.000
23557,2119,34.667969,25000000.000
23558,2117,33.691406,25000000.000
23559,2120,35.156250,25000000.000
23560,2108,29.296875,25000000.000
23561,2101,25.878906,25000000.000
23562,2095,22.949219,25000000.000
23563,2092,21.484375,25000000.000
23564,2078,14.648438,25000000.000
23565,2066,8.789062,25000000.000
23566,2055,3.417969,25000000.000
23567,2053,2.441406,25000000.000
23568,2033,-7.324219,25000000.000
23569,2021,-13.183594,25000000.000
23570,2010,-18.554688,25000000.000
23571,2009,-19.042969,25000000.000
23572,1990,-28.320312,25000000.000
23573,1983,-31.738281,25000000.000
23574,1980,-33.203125,25000000.000
23575,1980,-33.203125,25000000.000
23576,1973,-36.621094,25000000.000
23577,1972,-37.109375,25000000.000
23578,1976,-35.156250,25000000.000
23579,1974,-36.132812,25000000.000
23580,1982,-32.226562,25000000.000
23581,1987,-29.785156,25000000.000
23582,1993,-26.855469,25000000.000
23583,1993,-26.855469,25000000.000
23584,2011,-18.066406,25000000.000
23585,2021,-13.183594,25000000.000
23586,2029,-9.277344,25000000.000
23587,2031,-8.300781,25000000.000
23588,2056,3.906250,25000000.000
23589,2067,9.277344,25000000.000
23590,2078,14.648438,25000000.000
23591,2080,15.625000,25000000.000
23592,2098,24.414062,25000000.000
23593,2105,27.832031,25000000.000
23594,2113,31.738281,25000000.000
23595,2112,31.250000,25000000.000
23596,2121,35.644531,25000000.000
23597,2121,35.644531,25000000.000
23598,2121,35.644531,25000000.000
23599,2120,35.156250,25000000.000
23600,2113,31.738281,25000000.000
23601,2109,29.785156,25000000.000
23602,2101,25.878906,25000000.000
23603,2101,25.878906,25000000.000
23604,2086,18.554688,25000000.000
23605,2076,13.671875,25000000.000
23606,2066,8.789062,25000000.000
23607,2066,8.789062,25000000.000
23608,2043,-2.441406,25000000.000
23609,2030,-8.789062,25000000.000
23610,2020,-13.671875,25000000.000
23611,2018,-14.648438,25000000.000
23612,2001,-22.949219,25000000.000
23613,1990,-28.320312,25000000.000
23614,1984,-31.250000,25000000.000
23615,1983,-31.738281,25000000.000
23616,1975,-35.644531,25000000.000
23617,1974,-36.132812,25000000.000
23618,1974,-36.132812,25000000.000
23619,1974,-36.132812,25000000.000
23620,1978,-34.179688,25000000.000
23621,1986,-30.273438,25000000.000
23622,1988,-29.296875,25000000.000
23623,1990,-28.320312,25000000.000
23624,2004,-21.484375,25000000.000
23625,2012,-17.578125,25000000.000
23626,2026,-10.742188,25000000.000
23627,2025,-11.230469,25000000.000
23628,2045,-1.464844,25000000.000
23629,2057,4.394531,25000000.000
23630,2070,10.742188,25000000.000
23631,2070,10.742188,25000000.000
23632,2091,20.996094,25000000.000
23633,2100,25.390625,25000000.000
23634,2107,28.808594,25000000.000
23635,2105,27.832031,25000000.000
23636,2120,35.156250,25000000.000
23637,2115,32.714844,25000000.000
23638,2121,35.644531,25000000.000
23639,2115,32.714844,25000000.000
23640,2117,33.691406,25000000.000
23641,2111,30.761719,25000000.000
23642,2104,27.343750,25000000.000
23643,2107,28.808594,25000000.000
23644,2094,22.460938,25000000.000
23645,2083,17.089844,25000000.000
23646,2075,13.183594,25000000.000
23647,2072,11.718750,25000000.000
23648,2051,1.464844,25000000.000
23649,2042,-2.929688,25000000.000
23650,2028,-9.765625,25000000.000
23651,2028,-9.765625,25000000.000
23652,2006,-20.507812,25000000.000
23653,1999,-23.925781,25000000.000
23654,1989,-28.808594,25000000.000
23655,1990,-28.320312,25000000.000
23656,1979,-33.691406,25000000.000
23657,1975,-35.644531,25000000.000
23658,1973,-36.621094,25000000.000
23659,1976,-35.156250,25000000.000
23660,1977,-34.667969,25000000.000
23661,1979,-33.691406,25000000.000
23662,1986,-30.273438,25000000.000
23663,1985,-30.761719,25000000.000
23664,1998,-24.414062,25000000.000
23665,2007,-20.019531,25000000.000
23666,2016,-15.625000,25000000.000
23667,2015,-16.113281,25000000.000
23668,2037,-5.371094,25000000.000
23669,2048,0.000000,25000000.000
23670,2060,5.859375,25000000.000
23671,2063,7.324219,25000000.000
23672,2082,16.601562,25000000.000
23673,2092,21.484375,25000000.000
23674,2102,26.367188,25000000.000
23675,2104,27.343750,25000000.000
23676,2116,33.203125,25000000.000
23677,2118,34.179688,25000000.000
23678,2121,35.644531,25000000.000
23679,2121,35.644531,25000000.000
23680,2119,34.667969,25000000.000
23681,2116,33.203125,25000000.000
23682,2112,31.250000,25000000.000
23683,2111,30.761719,25000000.000
23684,2098,24.414062,25000000.000
23685,2094,22.460938,25000000.000
23686,2081,16.113281,25000000.000
23687,2082,16.601562,25000000.000
23688,2061,6.347656,25000000.000
23689,2051,1.464844,25000000.000
23690,2040,-3.906250,25000000.000
23691,2039,-4.394531,25000000.000
23692,2017,-15.136719,25000000.000
23693,2005,-20.996094,25000000.000
23694,1998,-24.414062,25000000.000
23695,1995,-25.878906,25000000.000
23696,1983,-31.738281,25000000.000
23697,1977,-34.667969,25000000.000
23698,1976,-35.156250,25000000.000
23699,1974,-36.132812,25000000.000
23700,1972,-37.109375,25000000.000
23701,1978,-34.179688,25000000.000
23702,1979,-33.691406,25000000.000
23703,1981,-32.714844,25000000.000
23704,1991,-27.832031,25000000.000
23705,1998,-24.414062,25000000.000
23706,2007,-20.019531,25000000.000
23707,2008,-19.531250,25000000.000
23708,2026,-10.742188,25000000.000
23709,2037,-5.371094,25000000.000
23710,2049,0.488281,25000000.000
23711,2049,0.488281,25000000.000
23712,2074,12.695312,25000000.000
23713,2082,16.601562,25000000.000
23714,2093,21.972656,25000000.000
23715,2093,21.972656,25000000.000
23716,2109,29.785156,25000000.000
23717,2114,32.226562,25000000.000
23718,2118,34.179688,25000000.000
23719,2119,34.667969,25000000.000
23720,2120,35.156250,25000000.000
23721,2119,34.667969,25000000.000
23722,2114,32.226562,25000000.000
23723,2116,33.203125,25000000.000
23724,2102,26.367188,25000000.000
23725,2091,20.996094,25000000.000
23726,2093,21.972656,25000000.000
23727,2090,20.507812,25000000.000
23728,2069,10.253906,25000000.000
23729,2052,1.953125,25000000.000
23730,2048,0.000000,25000000.000
23731,2038,-4.882812,25000000.000
23732,2023,-12.207031,25000000.000
23733,2016,-15.625000,25000000.000
23734,2000,-23.437500,25000000.000
23735,2001,-22.949219,25000000.000
23736,1985,-30.761719,25000000.000
23737,1982,-32.226562,25000000.000
23738,1976,-35.156250,25000000.000
23739,1978,-34.179688,25000000.000
23740,1972,-37.109375,25000000.000
23741,1973,-36.621094,25000000.000
23742,1976,-35.156250,25000000.000
23743,1978,-34.179688,25000000.000
23744,1987,-29.785156,25000000.000
23745,1989,-28.808594,25000000.000
23746,2000,-23.437500,25000000.000
23747,1999,-23.925781,25000000.000
23748,2016,-15.625000,25000000.000
23749,2028,-9.765625,25000000.000
23750,2037,-5.371094,25000000.000
23751,2039,-4.394531,25000000.000
23752,2063,7.324219,25000000.000
23753,2074,12.695312,25000000.000
23754,2086,18.554688,25000000.000
23755,2086,18.554688,25000000.000
23756,2101,25.878906,25000000.000
23757,2115,32.714844,25000000.000
23758,2112,31.250000,25000000.000
23759,2117,33.691406,25000000.000
23760,2123,36.621094,25000000.000
23761,2116,33.203125,25000000.000
23762,2116,33.203125,25000000.000
23763,2114,32.226562,25000000.000
23764,2110,30.273438,25000000.000
23765,2103,26.855469,25000000.000
23766,2099,24.902344,25000000.000
23767,2094,22.460938,25000000.000
23768,2078,14.648438,25000000.000
23769,2069,10.253906,25000000.000
23770,2057,4.394531,25000000.000
23771,2056,3.906250,25000000.000
23772,2035,-6.347656,25000000.000
23773,2023,-12.207031,25000000.000
23774,2013,-17.089844,25000000.000
23775,2013,-17.089844,25000000.000
23776,1994,-26.367188,25000000.000
23777,1985,-30.761719,25000000.000
23778,1980,-33.203125,25000000.000
23779,1979,-33.691406,25000000.000
23780,1973,-36.621094,25000000.000
23781,1974,-36.132812,25000000.000
23782,1975,-35.644531,25000000.000
23783,1974,-36.132812,25000000.000
23784,1980,-33.203125,25000000.000
23785,1986,-30.273438,25000000.000
23786,1991,-27.832031,25000000.000
23787,1995,-25.878906,25000000.000
23788,2009,-19.042969,25000000.000
23789,2018,-14.648438,25000000.000
23790,2030,-8.789062,25000000.000
23791,2031,-8.300781,25000000.000
23792,2053,2.441406,25000000.000
23793,2060,5.859375,25000000.000
23794,2075,13.183594,25000000.000
23795,2069,10.253906,25000000.000
23796,2100,25.390625,25000000.000
23797,2102,26.367188,25000000.000
23798,2114,32.226562,25000000.000
23799,2111,30.761719,25000000.000
23800,2120,35.156250,25000000.000
23801,2121,35.644531,25000000.000
23802,2119,34.667969,25000000.000
23803,2121,35.644531,25000000.000
23804,2114,32.226562,25000000.000
23805,2110,30.273438,25000000.000
23806,2104,27.343750,25000000.000
23807,2103,26.855469,25000000.000
23808,2085,18.066406,25000000.000
23809,2077,14.160156,25000000.000
23810,2070,10.742188,25000000.000
23811,2068,9.765625,25000000.000
23812,2050,0.976562,25000000.000
23813,2035,-6.347656,25000000.000
23814,2020,-13.671875,25000000.000
23815,2018,-14.648438,25000000.000
23816,2002,-22.460938,25000000.000
23817,1991,-27.832031,25000000.000
23818,1985,-30.761719,25000000.000
23819,1985,-30.761719,25000000.000
23820,1976,-35.156250,25000000.000
23821,1975,-35.644531,25000000.000
23822,1973,-36.621094,25000000.000
23823,1975,-35.644531,25000000.000
23824,1979,-33.691406,25000000.000
23825,1981,-32.714844,25000000.000
23826,1988,-29.296875,25000000.000
23827,1988,-29.296875,25000000.000
23828,2004,-21.484375,25000000.000
23829,2009,-19.042969,25000000.000
23830,2020,-13.671875,25000000.000
23831,2020,-13.671875,25000000.000
23832,2043,-2.441406,25000000.000
23833,2055,3.417969,25000000.000
23834,2065,8.300781,25000000.000
23835,2068,9.765625,25000000.000
23836,2087,19.042969,25000000.000
23837,2095,22.949219,25000000.000
23838,2111,30.761719,25000000.000
23839,2107,28.808594,25000000.000
23840,2120,35.156250,25000000.000
23841,2120,35.156250,25000000.000
23842,2122,36.132812,25000000.000
23843,2122,36.132812,25000000.000
23844,2117,33.691406,25000000.000
23845,2114,32.226562,25000000.000
23846,2109,29.785156,25000000.000
23847,2106,28.320312,25000000.000
23848,2094,22.460938,25000000.000
23849,2086,18.554688,25000000.000
23850,2076,13.671875,25000000.000
23851,2073,12.207031,25000000.000
23852,2055,3.417969,25000000.000
23853,2046,-0.976562,25000000.000
23854,2030,-8.789062,25000000.000
23855,2031,-8.300781,25000000.000
23856,2011,-18.066406,25000000.000
23857,2000,-23.437500,25000000.000
23858,1992,-27.343750,25000000.000
23859,1993,-26.855469,25000000.000
23860,1980,-33.203125,25000000.000
23861,1974,-36.132812,25000000.000
23862,1976,-35.156250,25000000.000
23863,1973,-36.621094,25000000.000
23864,1976,-35.156250,25000000.000
23865,1980,-33.203125,25000000.000
23866,1983,-31.738281,25000000.000
23867,1983,-31.738281,25000000.000
23868,1994,-26.367188,25000000.000
23869,2006,-20.507812,25000000.000
23870,2010,-18.554688,25000000.000
23871,2013,-17.089844,25000000.000
23872,2033,-7.324219,25000000.000
23873,2045,-1.464844,25000000.000
23874,2056,3.906250,25000000.000
23875,2058,4.882812,25000000.000
23876,2080,15.625000,25000000.000
23877,2088,19.531250,25000000.000
23878,2101,25.878906,25000000.000
23879,2100,25.390625,25000000.000
23880,2114,32.226562,25000000.000
23881,2118,34.179688,25000000.000
23882,2120,35.156250,25000000.000
23883,2119,34.667969,25000000.000
23884,2120,35.156250,25000000.000
23885,2119,34.667969,25000000.000
23886,2111,30.761719,25000000.000
23887,2111,30.761719,25000000.000
23888,2102,26.367188,25000000.000
23889,2092,21.484375,25000000.000
23890,2084,17.578125,25000000.000
23891,2085,18.066406,25000000.000
23892,2063,7.324219,25000000.000
23893,2052,1.953125,25000000.000
23894,2042,-2.929688,25000000.000
23895,2039,-4.394531,25000000.000
23896,2019,-14.160156,25000000.000
23897,2009,-19.042969,25000000.000
23898,1999,-23.925781,25000000.000
23899,1998,-24.414062,25000000.000
23900,1983,-31.738281,25000000.000
23901,1979,-33.691406,25000000.000
23902,1974,-36.132812,25000000.000
23903,1975,-35.644531,25000000.000
23904,1973,-36.621094,25000000.000
23905,1974,-36.132812,25000000.000
23906,1979,-33.691406,25000000.000
23907,1979,-33.691406,25000000.000
23908,1988,-29.296875,25000000.000
23909,1995,-25.878906,25000000.000
23910,2004,-21.484375,25000000.000
23911,2005,-20.996094,25000000.000
23912,2024,-11.718750,25000000.000
23913,2034,-6.835938,25000000.000
23914,2046,-0.976562,25000000.000
23915,2046,-0.976562,25000000.000
23916,2069,10.253906,25000000.000
23917,2080,15.625000,25000000.000
23918,2089,20.019531,25000000.000
23919,2091,20.996094,25000000.000
23920,2106,28.320312,25000000.000
23921,2113,31.738281,25000000.000
23922,2118,34.179688,25000000.000
23923,2119,34.667969,25000000.000
23924,2123,36.621094,25000000.000
23925,2118,34.179688,25000000.000
23926,2117,33.691406,25000000.000
23927,2117,33.691406,25000000.000
23928,2106,28.320312,25000000.000
23929,2099,24.902344,25000000.000
23930,2091,20.996094,25000000.000
23931,2089,20.019531,25000000.000
23932,2071,11.230469,25000000.000
23933,2063,7.324219,25000000.000
23934,2050,0.976562,25000000.000
23935,2051,1.464844,25000000.000
23936,2028,-9.765625,25000000.000
23937,2017,-15.136719,25000000.000
23938,2007,-20.019531,25000000.000
23939,2008,-19.531250,25000000.000
23940,1987,-29.785156,25000000.000
23941,1981,-32.714844,25000000.000
23942,1977,-34.667969,25000000.000
23943,1978,-34.179688,25000000.000
23944,1973,-36.621094,25000000.000
23945,1973,-36.621094,25000000.000
23946,1975,-35.644531,25000000.000
23947,1975,-35.644531,25000000.000
23948,1983,-31.738281,25000000.000
23949,1990,-28.320312,25000000.000
23950,1996,-25.390625,25000000.000
23951,1998,-24.414062,25000000.000
23952,2015,-16.113281,25000000.000
23953,2027,-10.253906,25000000.000
23954,2036,-5.859375,25000000.000
23955,2039,-4.394531,25000000.000
23956,2061,6.347656,25000000.000
23957,2071,11.230469,25000000.000
23958,2082,16.601562,25000000.000
23959,2083,17.089844,25000000.000
23960,2101,25.878906,25000000.000
23961,2107,28.808594,25000000.000
23962,2115,32.714844,25000000.000
23963,2114,32.226562,25000000.000
23964,2121,35.644531,25000000.000
23965,2120,35.156250,25000000.000
23966,2118,34.179688,25000000.000
23967,2117,33.691406,25000000.000
23968,2110,30.273438,25000000.000
23969,2105,27.832031,25000000.000
23970,2096,23.437500,25000000.000
23971,2098,24.414062,25000000.000
23972,2080,15.625000,25000000.000
23973,2071,11.230469,25000000.000
23974,2061,6.347656,25000000.000
23975,2061,6.347656,25000000.000
23976,2038,-4.882812,25000000.000
23977,2027,-10.253906,25000000.000
23978,2014,-16.601562,25000000.000
23979,2011,-18.066406,25000000.000
23980,1996,-25.390625,25000000.000
23981,1988,-29.296875,25000000.000
23982,1981,-32.714844,25000000.000
23983,1981,-32.714844,25000000.000
23984,1974,-36.132812,25000000.000
23985,1975,-35.644531,25000000.000
23986,1973,-36.621094,25000000.000
23987,1975,-35.644531,25000000.000
23988,1980,-33.203125,25000000.000
23989,1986,-30.273438,25000000.000
23990,1992,-27.343750,25000000.000
23991,1995,-25.878906,25000000.000
23992,2007,-20.019531,25000000.000
23993,2016,-15.625000,25000000.000
23994,2028,-9.765625,25000000.000
23995,2028,-9.765625,25000000.000
23996,2053,2.441406,25000000.000
23997,2057,4.394531,25000000.000
23998,2069,10.253906,25000000.000
23999,2067,9.277344,25000000.000
24000,2099,24.902344,25000000.000
24001,2099,24.902344,25000000.000
24002,2103,26.855469,25000000.000
24003,2118,34.179688,25000000.000
24004,2120,35.156250,25000000.000
24005,2123,36.621094,25000000.000
24006,2120,35.156250,25000000.000
24007,2122,36.132812,25000000.000
24008,2116,33.203125,25000000.000
24009,2111,30.761719,25000000.000
24010,2106,28.320312,25000000.000
24011,2105,27.832031,25000000.000
24012,2090,20.507812,25000000.000
24013,2080,15.625000,25000000.000
24014,2069,10.253906,25000000.000
24015,2068,9.765625,25000000.000
24016,2048,0.000000,25000000.000
24017,2037,-5.371094,25000000.000
24018,2024,-11.718750,25000000.000
24019,2025,-11.230469,25000000.000
24020,2002,-22.460938,25000000.000
24021,1995,-25.878906,25000000.000
24022,1987,-29.785156,25000000.000
24023,1988,-29.296875,25000000.000
24024,1977,-34.667969,25000000.000
24025,1973,-36.621094,25000000.000
24026,1975,-35.644531,25000000.000
24027,1973,-36.621094,25000000.000
24028,1978,-34.179688,25000000.000
24029,1980,-33.203125,25000000.000
24030,1986,-30.273438,25000000.000
24031,1986,-30.273438,25000000.000
24032,1999,-23.925781,25000000.000
24033,2008,-19.531250,25000000.000
24034,2018,-14.648438,25000000.000
24035,2019,-14.160156,25000000.000
24036,2039,-4.394531,25000000.000
24037,2048,0.000000,25000000.000
24038,2068,9.765625,25000000.000
24039,2067,9.277344,25000000.000
24040,2082,16.601562,25000000.000
24041,2098,24.414062,25000000.000
24042,2106,28.320312,25000000.000
24043,2107,28.808594,25000000.000
24044,2117,33.691406,25000000.000
24045,2121,35.644531,25000000.000
24046,2123,36.621094,25000000.000
24047,2121,35.644531,25000000.000
24048,2119,34.667969,25000000.000
24049,2117,33.691406,25000000.000
24050,2108,29.296875,25000000.000
24051,2110,30.273438,25000000.000
24052,2096,23.437500,25000000.000
24053,2087,19.042969,25000000.000
24054,2087,19.042969,25000000.000
24055,2080,15.625000,25000000.000
24056,2059,5.371094,25000000.000
24057,2044,-1.953125,25000000.000
24058,2026,-10.742188,25000000.000
24059,2036,-5.859375,25000000.000
24060,2011,-18.066406,25000000.000
24061,2004,-21.484375,25000000.000
24062,1992,-27.343750,25000000.000
24063,1991,-27.832031,25000000.000
24064,1979,-33.691406,25000000.000
24065,1977,-34.667969,25000000.000
24066,1973,-36.621094,25000000.000
24067,1974,-36.132812,25000000.000
24068,1974,-36.132812,25000000.000
24069,1978,-34.179688,25000000.000
24070,1979,-33.691406,25000000.000
24071,1981,-32.714844,25000000.000
24072,1994,-26.367188,25000000.000
24073,2003,-21.972656,25000000.000
24074,2009,-19.042969,25000000.000
24075,2012,-17.578125,25000000.000
24076,2032,-7.812500,25000000.000
24077,2041,-3.417969,25000000.000
24078,2053,2.441406,25000000.000
24079,2054,2.929688,25000000.000
24080,2077,14.160156,25000000.000
24081,2088,19.531250,25000000.000
24082,2096,23.437500,25000000.000
24083,2097,23.925781,25000000.000
24084,2110,30.273438,25000000.000
24085,2117,33.691406,25000000.000
24086,2119,34.667969,25000000.000
24087,2120,35.156250,25000000.000
24088,2118,34.179688,25000000.000
24089,2116,33.203125,25000000.000
24090,2112,31.250000,25000000.000
24091,2111,30.761719,25000000.000
24092,2101,25.878906,25000000.000
24093,2091,20.996094,25000000.000
24094,2088,19.531250,25000000.000
24095,2086,18.554688,25000000.000
24096,2065,8.300781,25000000.000
24097,2056,3.906250,25000000.000
24098,2044,-1.953125,25000000.000
24099,2042,-2.929688,25000000.000
24100,2020,-13.671875,25000000.000
24101,2010,-18.554688,25000000.000
24102,2000,-23.437500,25000000.000
24103,1999,-23.925781,25000000.000
24104,1985,-30.761719,25000000.000
24105,1978,-34.179688,25000000.000
24106,1976,-35.156250,25000000.000
24107,1975,-35.644531,25000000.000
24108,1973,-36.621094,25000000.000
24109,1974,-36.132812,25000000.000
24110,1978,-34.179688,25000000.000
24111,1977,-34.667969,25000000.000
24112,1988,-29.296875,25000000.000
24113,1993,-26.855469,25000000.000
24114,2000,-23.437500,25000000.000
24115,2000,-23.437500,25000000.000
24116,2020,-13.671875,25000000.000
24117,2032,-7.812500,25000000.000
24118,2040,-3.906250,25000000.000
24119,2044,-1.953125,25000000.000
24120,2065,8.300781,25000000.000
24121,2077,14.160156,25000000.000
24122,2088,19.531250,25000000.000
24123,2089,20.019531,25000000.000
24124,2105,27.832031,25000000.000
24125,2112,31.250000,25000000.000
24126,2118,34.179688,25000000.000
24127,2117,33.691406,25000000.000
24128,2122,36.132812,25000000.000
24129,2119,34.667969,25000000.000
24130,2117,33.691406,25000000.000
24131,2116,33.203125,25000000.000
24132,2106,28.320312,25000000.000
24133,2102,26.367188,25000000.000
24134,2092,21.484375,25000000.000
24135,2093,21.972656,25000000.000
24136,2075,13.183594,25000000.000
24137,2066,8.789062,25000000.000
24138,2054,2.929688,25000000.000
24139,2054,2.929688,25000000.000
24140,2026,-10.742188,25000000.000
24141,2022,-12.695312,25000000.000
24142,2009,-19.042969,25000000.000
24143,2003,-21.972656,25000000.000
24144,1990,-28.320312,25000000.000
24145,1984,-31.250000,25000000.000
24146,1978,-34.179688,25000000.000
24147,1977,-34.667969,25000000.000
24148,1972,-37.109375,25000000.000
24149,1973,-36.621094,25000000.000
24150,1974,-36.132812,25000000.000
24151,1975,-35.644531,25000000.000
24152,1982,-32.226562,25000000.000
24153,1989,-28.808594,25000000.000
24154,1994,-26.367188,25000000.000
24155,1996,-25.390625,25000000.000
24156,2013,-17.089844,25000000.000
24157,2024,-11.718750,25000000.000
24158,2034,-6.835938,25000000.000
24159,2035,-6.347656,25000000.000
24160,2057,4.394531,25000000.000
24161,2068,9.765625,25000000.000
24162,2081,16.113281,25000000.000
24163,2081,16.113281,25000000.000
24164,2099,24.902344,25000000.000
24165,2107,28.808594,25000000.000
24166,2114,32.226562,25000000.000
24167,2113,31.738281,25000000.000
24168,2119,34.667969,25000000.000
24169,2122,36.132812,25000000.000
24170,2120,35.156250,25000000.000
24171,2119,34.667969,25000000.000
24172,2113,31.738281,25000000.000
24173,2105,27.832031,25000000.000
24174,2101,25.878906,25000000.000
24175,2099,24.902344,25000000.000
24176,2083,17.089844,25000000.000
24177,2072,11.718750,25000000.000
24178,2066,8.789062,25000000.000
24179,2063,7.324219,25000000.000
24180,2040,-3.906250,25000000.000
24181,2029,-9.277344,25000000.000
24182,2019,-14.160156,25000000.000
24183,2016,-15.625000,25000000.000
24184,1999,-23.925781,25000000.000
24185,1988,-29.296875,25000000.000
24186,1984,-31.250000,25000000.000
24187,1981,-32.714844,25000000.000
24188,1975,-35.644531,25000000.000
24189,1974,-36.132812,25000000.000
24190,1973,-36.621094,25000000.000
24191,1975,-35.644531,25000000.000
24192,1981,-32.714844,25000000.000
24193,1983,-31.738281,25000000.000
24194,1990,-28.320312,25000000.000
24195,1991,-27.832031,25000000.000
24196,2006,-20.507812,25000000.000
24197,2016,-15.625000,25000000.000
24198,2024,-11.718750,25000000.000
24199,2025,-11.230469,25000000.000
24200,2047,-0.488281,25000000.000
24201,2060,5.859375,25000000.000
24202,2071,11.230469,25000000.000
24203,2073,12.207031,25000000.000
24204,2092,21.484375,25000000.000
24205,2102,26.367188,25000000.000
24206,2110,30.273438,25000000.000
24207,2110,30.273438,25000000.000
24208,2119,34.667969,25000000.000
24209,2120,35.156250,25000000.000
24210,2121,35.644531,25000000.000
24211,2120,35.156250,25000000.000
24212,2117,33.691406,25000000.000
24213,2113,31.738281,25000000.000
24214,2105,27.832031,25000000.000
24215,2104,27.343750,25000000.000
24216,2094,22.460938,25000000.000
24217,2083,17.089844,25000000.000
24218,2070,10.742188,25000000.000
24219,2071,11.230469,25000000.000
24220,2050,0.976562,25000000.000
24221,2038,-4.882812,25000000.000
24222,2030,-8.789062,25000000.000
24223,2029,-9.277344,25000000.000
24224,2007,-20.019531,25000000.000
24225,1996,-25.390625,25000000.000
24226,1990,-28.320312,25000000.000
24227,1987,-29.785156,25000000.000
24228,1979,-33.691406,25000000.000
24229,1974,-36.132812,25000000.000
24230,1972,-37.109375,25000000.000
24231,1971,-37.597656,25000000.000
24232,1977,-34.667969,25000000.000
24233,1980,-33.203125,25000000.000
24234,1986,-30.273438,25000000.000
24235,1987,-29.785156,25000000.000
24236,1996,-25.390625,25000000.000
24237,2006,-20.507812,25000000.000
24238,2016,-15.625000,25000000.000
24239,2018,-14.648438,25000000.000
24240,2037,-5.371094,25000000.000
24241,2048,0.000000,25000000.000
24242,2061,6.347656,25000000.000
24243,2061,6.347656,25000000.000
24244,2083,17.089844,25000000.000
24245,2093,21.972656,25000000.000
24246,2102,26.367188,25000000.000
24247,2101,25.878906,25000000.000
24248,2114,32.226562,25000000.000
24249,2121,35.644531,25000000.000
24250,2118,34.179688,25000000.000
24251,2120,35.156250,25000000.000
24252,2116,33.203125,25000000.000
24253,2117,33.691406,25000000.000
24254,2111,30.761719,25000000.000
24255,2111,30.761719,25000000.000
24256,2098,24.414062,25000000.000
24257,2091,20.996094,25000000.000
24258,2082,16.601562,25000000.000
24259,2080,15.625000,25000000.000
24260,2061,6.347656,25000000.000
24261,2049,0.488281,25000000.000
24262,2038,-4.882812,25000000.000
24263,2035,-6.347656,25000000.000
24264,2015,-16.113281,25000000.000
24265,2005,-20.996094,25000000.000
24266,1995,-25.878906,25000000.000
24267,1993,-26.855469,25000000.000
24268,1980,-33.203125,25000000.000
24269,1979,-33.691406,25000000.000
24270,1974,-36.132812,25000000.000
24271,1974,-36.132812,25000000.000
24272,1974,-36.132812,25000000.000
24273,1976,-35.156250,25000000.000
24274,1981,-32.714844,25000000.000
24275,1981,-32.714844,25000000.000
24276,1993,-26.855469,25000000.000
24277,1997,-24.902344,25000000.000
24278,2008,-19.531250,25000000.000
24279,2009,-19.042969,25000000.000
24280,2027,-10.253906,25000000.000
24281,2038,-4.882812,25000000.000
24282,2051,1.464844,25000000.000
24283,2050,0.976562,25000000.000
24284,2072,11.718750,25000000.000
24285,2085,18.066406,25000000.000
24286,2093,21.972656,25000000.000
24287,2095,22.949219,25000000.000
24288,2111,30.761719,25000000.000
24289,2115,32.714844,25000000.000
24290,2119,34.667969,25000000.000
24291,2119,34.667969,25000000.000
24292,2120,35.156250,25000000.000
24293,2116,33.203125,25000000.000
24294,2115,32.714844,25000000.000
24295,2113,31.738281,25000000.000
24296,2104,27.343750,25000000.000
24297,2097,23.925781,25000000.000
24298,2088,19.531250,25000000.000
24299,2086,18.554688,25000000.000
24300,2068,9.765625,25000000.000
24301,2060,5.859375,25000000.000
24302,2046,-0.976562,25000000.000
24303,2045,-1.464844,25000000.000
24304,2026,-10.742188,25000000.000
24305,2012,-17.578125,25000000.000
24306,2004,-21.484375,25000000.000
24307,2004,-21.484375,25000000.000
24308,1986,-30.273438,25000000.000
24309,1979,-33.691406,25000000.000
24310,1976,-35.156250,25000000.000
24311,1976,-35.156250,25000000.000
24312,1972,-37.109375,25000000.000
24313,1976,-35.156250,25000000.000
24314,1977,-34.667969,25000000.000
24315,1976,-35.156250,25000000.000
24316,1986,-30.273438,25000000.000
24317,1993,-26.855469,25000000.000
24318,1997,-24.902344,25000000.000
24319,2001,-22.949219,25000000.000
24320,2016,-15.625000,25000000.000
24321,2028,-9.765625,25000000.000
24322,2040,-3.906250,25000000.000
24323,2043,-2.441406,25000000.000
24324,2065,8.300781,25000000.000
24325,2076,13.671875,25000000.000
24326,2086,18.554688,25000000.000
24327,2087,19.042969,25000000.000
24328,2105,27.832031,25000000.000
24329,2110,30.273438,25000000.000
24330,2116,33.203125,25000000.000
24331,2115,32.714844,25000000.000
24332,2120,35.156250,25000000.000
24333,2121,35.644531,25000000.000
24334,2116,33.203125,25000000.000
24335,2118,34.179688,25000000.000
24336,2108,29.296875,25000000.000
24337,2104,27.343750,25000000.000
24338,2095,22.949219,25000000.000
24339,2095,22.949219,25000000.000
24340,2077,14.160156,25000000.000
24341,2067,9.277344,25000000.000
24342,2057,4.394531,25000000.000
24343,2056,3.906250,25000000.000
24344,2033,-7.324219,25000000.000
24345,2022,-12.695312,25000000.000
24346,2010,-18.554688,25000000.000
24347,2009,-19.042969,25000000.000
24348,1995,-25.878906,25000000.000
24349,1985,-30.761719,25000000.000
24350,1979,-33.691406,25000000.000
24351,1979,-33.691406,25000000.000
24352,1972,-37.109375,25000000.000
24353,1975,-35.644531,25000000.000
24354,1975,-35.644531,25000000.000
24355,1976,-35.156250,25000000.000
24356,1981,-32.714844,25000000.000
24357,1987,-29.785156,25000000.000
24358,1995,-25.878906,25000000.000
24359,1996,-25.390625,25000000.000
24360,2011,-18.066406,25000000.000
24361,2019,-14.160156,25000000.000
24362,2028,-9.765625,25000000.000
24363,2028,-9.765625,25000000.000
24364,2053,2.441406,25000000.000
24365,2061,6.347656,25000000.000
24366,2081,16.113281,25000000.000
24367,2080,15.625000,25000000.000
24368,2094,22.460938,25000000.000
24369,2107,28.808594,25000000.000
24370,2111,30.761719,25000000.000
24371,2113,31.738281,25000000.000
24372,2118,34.179688,25000000.000
24373,2121,35.644531,25000000.000
24374,2121,35.644531,25000000.000
24375,2121,35.644531,25000000.000
24376,2113,31.738281,25000000.000
24377,2108,29.296875,25000000.000
24378,2101,25.878906,25000000.000
24379,2100,25.390625,25000000.000
24380,2086,18.554688,25000000.000
24381,2079,15.136719,25000000.000
24382,2064,7.812500,25000000.000
24383,2065,8.300781,25000000.000
24384,2042,-2.929688,25000000.000
24385,2034,-6.835938,25000000.000
24386,2021,-13.183594,25000000.000
24387,2020,-13.671875,25000000.000
24388,2001,-22.949219,25000000.000
24389,1992,-27.343750,25000000.000
24390,1987,-29.785156,25000000.000
24391,1987,-29.785156,25000000.000
24392,1976,-35.156250,25000000.000
24393,1973,-36.621094,25000000.000
24394,1973,-36.621094,25000000.000
24395,1973,-36.621094,25000000.000
24396,1980,-33.203125,25000000.000
24397,1985,-30.761719,25000000.000
24398,1988,-29.296875,25000000.000
24399,1989,-28.808594,25000000.000
24400,2003,-21.972656,25000000.000
24401,2013,-17.089844,25000000.000
24402,2021,-13.183594,25000000.000
24403,2023,-12.207031,25000000.000
24404,2045,-1.464844,25000000.000
24405,2056,3.906250,25000000.000
24406,2069,10.253906,25000000.000
24407,2070,10.742188,25000000.000
24408,2092,21.484375,25000000.000
24409,2098,24.414062,25000000.000
24410,2108,29.296875,25000000.000
24411,2109,29.785156,25000000.000
24412,2119,34.667969,25000000.000
24413,2120,35.156250,25000000.000
24414,2121,35.644531,25000000.000
24415,2120,35.156250,25000000.000
24416,2118,34.179688,25000000.000
24417,2112,31.250000,25000000.000
24418,2110,30.273438,25000000.000
24419,2109,29.785156,25000000.000
24420,2092,21.484375,25000000.000
24421,2085,18.066406,25000000.000
24422,2076,13.671875,25000000.000
24423,2075,13.183594,25000000.000
24424,2054,2.929688,25000000.000
24425,2042,-2.929688,25000000.000
24426,2032,-7.812500,25000000.000
24427,2030,-8.789062,25000000.000
24428,2008,-19.531250,25000000.000
24429,1999,-23.925781,25000000.000
24430,1993,-26.855469,25000000.000
24431,1990,-28.320312,25000000.000
24432,1977,-34.667969,25000000.000
24433,1978,-34.179688,25000000.000
24434,1974,-36.132812,25000000.000
24435,1975,-35.644531,25000000.000
24436,1977,-34.667969,25000000.000
24437,1981,-32.714844,25000000.000
24438,1983,-31.738281,25000000.000
24439,1986,-30.273438,25000000.000
24440,1996,-25.390625,25000000.000
24441,2004,-21.484375,25000000.000
24442,2014,-16.601562,25000000.000
24443,2014,-16.601562,25000000.000
24444,2035,-6.347656,25000000.000
24445,2045,-1.464844,25000000.000
24446,2058,4.882812,25000000.000
24447,2058,4.882812,25000000.000
24448,2081,16.113281,25000000.000
24449,2091,20.996094,25000000.000
24450,2100,25.390625,25000000.000
24451,2104,27.343750,25000000.000
24452,2114,32.226562,25000000.000
24453,2118,34.179688,25000000.000
24454,2121,35.644531,25000000.000
24455,2121,35.644531,25000000.000
24456,2121,35.644531,25000000.000
24457,2116,33.203125,25000000.000
24458,2113,31.738281,25000000.000
24459,2112,31.250000,25000000.000
24460,2100,25.390625,25000000.000
24461,2092,21.484375,25000000.000
24462,2083,17.089844,25000000.000
24463,2082,16.601562,25000000.000
24464,2062,6.835938,25000000.000
24465,2052,1.953125,25000000.000
24466,2041,-3.417969,25000000.000
24467,2041,-3.417969,25000000.000
24468,2017,-15.136719,25000000.000
24469,2008,-19.531250,25000000.000
24470,1998,-24.414062,25000000.000
24471,1996,-25.390625,25000000.000
24472,1983,-31.738281,25000000.000
24473,1978,-34.179688,25000000.000
24474,1975,-35.644531,25000000.000
24475,1974,-36.132812,25000000.000
24476,1974,-36.132812,25000000.000
24477,1974,-36.132812,25000000.000
24478,1979,-33.691406,25000000.000
24479,1978,-34.179688,25000000.000
24480,1990,-28.320312,25000000.000
24481,1997,-24.902344,25000000.000
24482,2005,-20.996094,25000000.000
24483,2006,-20.507812,25000000.000
24484,2024,-11.718750,25000000.000
24485,2034,-6.835938,25000000.000
24486,2040,-3.906250,25000000.000
24487,2053,2.441406,25000000.000
24488,2076,13.671875,25000000.000
24489,2079,15.136719,25000000.000
24490,2092,21.484375,25000000.000
24491,2093,21.972656,25000000.000
24492,2110,30.273438,25000000.000
24493,2113,31.738281,25000000.000
24494,2119,34.667969,25000000.000
24495,2116,33.203125,25000000.000
24496,2120,35.156250,25000000.000
24497,2119,34.667969,25000000.000
24498,2116,33.203125,25000000.000
24499,2114,32.226562,25000000.000
24500,2104,27.343750,25000000.000
24501,2100,25.390625,25000000.000
24502,2088,19.531250,25000000.000
24503,2089,20.019531,25000000.000
24504,2072,11.718750,25000000.000
24505,2061,6.347656,25000000.000
24506,2052,1.953125,25000000.000
24507,2049,0.488281,25000000.000
24508,2027,-10.253906,25000000.000
24509,2015,-16.113281,25000000.000
24510,2007,-20.019531,25000000.000
24511,2003,-21.972656,25000000.000
24512,1988,-29.296875,25000000.000
24513,1981,-32.714844,25000000.000
24514,1977,-34.667969,25000000.000
24515,1976,-35.156250,25000000.000
24516,1972,-37.109375,25000000.000
24517,1974,-36.132812,25000000.000
24518,1976,-35.156250,25000000.000
24519,1977,-34.667969,25000000.000
24520,1985,-30.761719,25000000.000
24521,1990,-28.320312,25000000.000
24522,1998,-24.414062,25000000.000
24523,1998,-24.414062,25000000.000
24524,2015,-16.113281,25000000.000
24525,2025,-11.230469,25000000.000
24526,2038,-4.882812,25000000.000
24527,2037,-5.371094,25000000.000
24528,2052,1.953125,25000000.000
24529,2072,11.718750,25000000.000
24530,2081,16.113281,25000000.000
24531,2078,14.648438,25000000.000
24532,2102,26.367188,25000000.000
24533,2109,29.785156,25000000.000
24534,2115,32.714844,25000000.000
24535,2116,33.203125,25000000.000
24536,2120,35.156250,25000000.000
24537,2121,35.644531,25000000.000
24538,2119,34.667969,25000000.000
24539,2117,33.691406,25000000.000
24540,2111,30.761719,25000000.000
24541,2105,27.832031,25000000.000
24542,2098,24.414062,25000000.000
24543,2095,22.949219,25000000.000
24544,2081,16.113281,25000000.000
24545,2069,10.253906,25000000.000
24546,2058,4.882812,25000000.000
24547,2057,4.394531,25000000.000
24548,2037,-5.371094,25000000.000
24549,2026,-10.742188,25000000.000
24550,2012,-17.578125,25000000.000
24551,2012,-17.578125,25000000.000
24552,1994,-26.367188,25000000.000
24553,1985,-30.761719,25000000.000
24554,1980,-33.203125,25000000.000
24555,1982,-32.226562,25000000.000
24556,1975,-35.644531,25000000.000
24557,1973,-36.621094,25000000.000
24558,1976,-35.156250,25000000.000
24559,1974,-36.132812,25000000.000
24560,1981,-32.714844,25000000.000
24561,1983,-31.738281,25000000.000
24562,1991,-27.832031,25000000.000
24563,1991,-27.832031,25000000.000
24564,2008,-19.531250,25000000.000
24565,2019,-14.160156,25000000.000
24566,2028,-9.765625,25000000.000
24567,2030,-8.789062,25000000.000
24568,2049,0.488281,25000000.000
24569,2063,7.324219,25000000.000
24570,2075,13.183594,25000000.000
24571,2077,14.160156,25000000.000
24572,2095,22.949219,25000000.000
24573,2103,26.855469,25000000.000
24574,2111,30.761719,25000000.000
24575,2111,30.761719,25000000.000
24576,2122,36.132812,25000000.000
24577,2120,35.156250,25000000.000
24578,2120,35.156250,25000000.000
24579,2119,34.667969,25000000.000
24580,2115,32.714844,25000000.000
24581,2110,30.273438,25000000.000
24582,2104,27.343750,25000000.000
24583,2103,26.855469,25000000.000
24584,2087,19.042969,25000000.000
24585,2081,16.113281,25000000.000
24586,2068,9.765625,25000000.000
24587,2067,9.277344,25000000.000
24588,2048,0.000000,25000000.000
24589,2035,-6.347656,25000000.000
24590,2024,-11.718750,25000000.000
24591,2024,-11.718750,25000000.000
24592,2004,-21.484375,25000000.000
24593,1993,-26.855469,25000000.000
24594,1986,-30.273438,25000000.000
24595,1986,-30.273438,25000000.000
24596,1965,-40.527344,25000000.000
24597,1978,-34.179688,25000000.000
24598,1976,-35.156250,25000000.000
24599,1977,-34.667969,25000000.000
24600,1960,-42.968750,25000000.000
24601,1989,-28.808594,25000000.000
24602,1989,-28.808594,25000000.000
24603,1987,-29.785156,25000000.000
24604,2000,-23.437500,25000000.000
24605,2011,-18.066406,25000000.000
24606,2021,-13.183594,25000000.000
24607,2024,-11.718750,25000000.000
24608,2041,-3.417969,25000000.000
24609,2053,2.441406,25000000.000
24610,2064,7.812500,25000000.000
24611,2066,8.789062,25000000.000
24612,2088,19.531250,25000000.000
24613,2097,23.925781,25000000.000
24614,2098,24.414062,25000000.000
24615,2101,25.878906,25000000.000
24616,2121,35.644531,25000000.000
24617,2123,36.621094,25000000.000
24618,2115,32.714844,25000000.000
24619,2119,34.667969,25000000.000
24620,2115,32.714844,25000000.000
24621,2113,31.738281,25000000.000
24622,2111,30.761719,25000000.000
24623,2108,29.296875,25000000.000
24624,2096,23.437500,25000000.000
24625,2086,18.554688,25000000.000
24626,2080,15.625000,25000000.000
24627,2077,14.160156,25000000.000
24628,2057,4.394531,25000000.000
24629,2046,-0.976562,25000000.000
24630,2034,-6.835938,25000000.000
24631,2032,-7.812500,25000000.000
24632,2011,-18.066406,25000000.000
24633,2003,-21.972656,25000000.000
24634,1991,-27.832031,25000000.000
24635,1993,-26.855469,25000000.000
24636,1979,-33.691406,25000000.000
24637,1976,-35.156250,25000000.000
24638,1974,-36.132812,25000000.000
24639,1974,-36.132812,25000000.000
24640,1975,-35.644531,25000000.000
24641,1977,-34.667969,25000000.000
24642,1982,-32.226562,25000000.000
24643,1981,-32.714844,25000000.000
24644,1993,-26.855469,25000000.000
24645,2001,-22.949219,25000000.000
24646,2008,-19.531250,25000000.000
24647,2009,-19.042969,25000000.000
24648,2029,-9.277344,25000000.000
24649,2043,-2.441406,25000000.000
24650,2052,1.953125,25000000.000
24651,2056,3.906250,25000000.000
24652,2078,14.648438,25000000.000
24653,2089,20.019531,25000000.000
24654,2098,24.414062,25000000.000
24655,2100,25.390625,25000000.000
24656,2117,33.691406,25000000.000
24657,2118,34.179688,25000000.000
24658,2121,35.644531,25000000.000
24659,2117,33.691406,25000000.000
24660,2120,35.156250,25000000.000
24661,2120,35.156250,25000000.000
24662,2114,32.226562,25000000.000
24663,2113,31.738281,25000000.000
24664,2102,26.367188,25000000.000
24665,2095,22.949219,25000000.000
24666,2084,17.578125,25000000.000
24667,2087,19.042969,25000000.000
24668,2064,7.812500,25000000.000
24669,2055,3.417969,25000000.000
24670,2044,-1.953125,25000000.000
24671,2044,-1.953125,25000000.000
24672,2021,-13.183594,25000000.000
24673,2008,-19.531250,25000000.000
24674,2002,-22.460938,25000000.000
24675,1998,-24.414062,25000000.000
24676,1983,-31.738281,25000000.000
24677,1978,-34.179688,25000000.000
24678,1975,-35.644531,25000000.000
24679,1973,-36.621094,25000000.000
24680,1972,-37.109375,25000000.000
24681,1975,-35.644531,25000000.000
24682,1979,-33.691406,25000000.000
24683,1978,-34.179688,25000000.000
24684,1987,-29.785156,25000000.000
24685,1995,-25.878906,25000000.000
24686,2002,-22.460938,25000000.000
24687,2004,-21.484375,25000000.000
24688,2021,-13.183594,25000000.000
24689,2030,-8.789062,25000000.000
24690,2046,-0.976562,25000000.000
24691,2046,-0.976562,25000000.000
24692,2069,10.253906,25000000.000
24693,2079,15.136719,25000000.000
24694,2090,20.507812,25000000.000
24695,2091,20.996094,25000000.000
24696,2106,28.320312,25000000.000
24697,2113,31.738281,25000000.000
24698,2116,33.203125,25000000.000
24699,2117,33.691406,25000000.000
24700,2119,34.667969,25000000.000
24701,2119,34.667969,25000000.000
24702,2116,33.203125,25000000.000
24703,2115,32.714844,25000000.000
24704,2107,28.808594,25000000.000
24705,2099,24.902344,25000000.000
24706,2092,21.484375,25000000.000
24707,2090,20.507812,25000000.000
24708,2096,23.437500,25000000.000
24709,2067,9.277344,25000000.000
24710,2050,0.976562,25000000.000
24711,2049,0.488281,25000000.000
24712,2034,-6.835938,25000000.000
24713,2031,-8.300781,25000000.000
24714,2012,-17.578125,25000000.000
24715,2007,-20.019531,25000000.000
24716,1983,-31.738281,25000000.000
24717,1984,-31.250000,25000000.000
24718,1980,-33.203125,25000000.000
24719,1982,-32.226562,25000000.000
24720,1972,-37.109375,25000000.000
24721,1973,-36.621094,25000000.000
24722,1976,-35.156250,25000000.000
24723,1975,-35.644531,25000000.000
24724,1984,-31.250000,25000000.000
24725,1989,-28.808594,25000000.000
24726,1996,-25.390625,25000000.000
24727,1996,-25.390625,25000000.000
24728,2014,-16.601562,25000000.000
24729,2024,-11.718750,25000000.000
24730,2033,-7.324219,25000000.000
24731,2033,-7.324219,25000000.000
24732,2057,4.394531,25000000.000
24733,2070,10.742188,25000000.000
24734,2078,14.648438,25000000.000
24735,2081,16.113281,25000000.000
24736,2099,24.902344,25000000.000
24737,2105,27.832031,25000000.000
24738,2118,34.179688,25000000.000
24739,2119,34.667969,25000000.000
24740,2119,34.667969,25000000.000
24741,2126,38.085938,25000000.000
24742,2118,34.179688,25000000.000
24743,2117,33.691406,25000000.000
24744,2114,32.226562,25000000.000
24745,2105,27.832031,25000000.000
24746,2099,24.902344,25000000.000
24747,2098,24.414062,25000000.000
24748,2082,16.601562,25000000.000
24749,2073,12.207031,25000000.000
24750,2062,6.835938,25000000.000
24751,2061,6.347656,25000000.000
24752,2039,-4.394531,25000000.000
24753,2028,-9.765625,25000000.000
24754,2018,-14.648438,25000000.000
24755,2016,-15.625000,25000000.000
24756,1999,-23.925781,25000000.000
24757,1988,-29.296875,25000000.000
24758,1982,-32.226562,25000000.000
24759,1983,-31.738281,25000000.000
24760,1975,-35.644531,25000000.000
24761,1973,-36.621094,25000000.000
24762,1973,-36.621094,25000000.000
24763,1972,-37.109375,25000000.000
24764,1980,-33.203125,25000000.000
24765,1984,-31.250000,25000000.000
24766,1990,-28.320312,25000000.000
24767,1991,-27.832031,25000000.000
24768,2004,-21.484375,25000000.000
24769,2015,-16.113281,25000000.000
24770,2026,-10.742188,25000000.000
24771,2027,-10.253906,25000000.000
24772,2049,0.488281,25000000.000
24773,2059,5.371094,25000000.000
24774,2072,11.718750,25000000.000
24775,2073,12.207031,25000000.000
24776,2094,22.460938,25000000.000
24777,2103,26.855469,25000000.000
24778,2110,30.273438,25000000.000
24779,2110,30.273438,25000000.000
24780,2120,35.156250,25000000.000
24781,2121,35.644531,25000000.000
24782,2121,35.644531,25000000.000
24783,2121,35.644531,25000000.000
24784,2114,32.226562,25000000.000
24785,2113,31.738281,25000000.000
24786,2108,29.296875,25000000.000
24787,2107,28.808594,25000000.000
24788,2090,20.507812,25000000.000
24789,2082,16.601562,25000000.000
24790,2073,12.207031,25000000.000
24791,2071,11.230469,25000000.000
24792,2050,0.976562,25000000.000
24793,2040,-3.906250,25000000.000
24794,2028,-9.765625,25000000.000
24795,2027,-10.253906,25000000.000
24796,2007,-20.019531,25000000.000
24797,1997,-24.902344,25000000.000
24798,1987,-29.785156,25000000.000
24799,1986,-30.273438,25000000.000
24800,1976,-35.156250,25000000.000
24801,1977,-34.667969,25000000.000
24802,1973,-36.621094,25000000.000
24803,1974,-36.132812,25000000.000
24804,1978,-34.179688,25000000.000
24805,1979,-33.691406,25000000.000
24806,1986,-30.273438,25000000.000
24807,1986,-30.273438,25000000.000
24808,2000,-23.437500,25000000.000
24809,2007,-20.019531,25000000.000
24810,2018,-14.648438,25000000.000
24811,2018,-14.648438,25000000.000
24812,2039,-4.394531,25000000.000
24813,2052,1.953125,25000000.000
24814,2062,6.835938,25000000.000
24815,2062,6.835938,25000000.000
24816,2082,16.601562,25000000.000
24817,2096,23.437500,25000000.000
24818,2103,26.855469,25000000.000
24819,2106,28.320312,25000000.000
24820,2116,33.203125,25000000.000
24821,2119,34.667969,25000000.000
24822,2122,36.132812,25000000.000
24823,2121,35.644531,25000000.000
24824,2117,33.691406,25000000.000
24825,2116,33.203125,25000000.000
24826,2112,31.250000,25000000.000
24827,2110,30.273438,25000000.000
24828,2097,23.925781,25000000.000
24829,2088,19.531250,25000000.000
24830,2079,15.136719,25000000.000
24831,2079,15.136719,25000000.000
24832,2061,6.347656,25000000.000
24833,2054,2.929688,25000000.000
24834,2031,-8.300781,25000000.000
24835,2045,-1.464844,25000000.000
24836,2015,-16.113281,25000000.000
24837,2003,-21.972656,25000000.000
24838,1999,-23.925781,25000000.000
24839,1996,-25.390625,25000000.000
24840,1981,-32.714844,25000000.000
24841,1977,-34.667969,25000000.000
24842,1975,-35.644531,25000000.000
24843,1974,-36.132812,25000000.000
24844,1977,-34.667969,25000000.000
24845,1977,-34.667969,25000000.000
24846,1980,-33.203125,25000000.000
24847,1981,-32.714844,25000000.000
24848,1992,-27.343750,25000000.000
24849,2001,-22.949219,25000000.000
24850,2007,-20.019531,25000000.000
24851,2011,-18.066406,25000000.000
24852,2028,-9.765625,25000000.000
24853,2040,-3.906250,25000000.000
24854,2052,1.953125,25000000.000
24855,2055,3.417969,25000000.000
24856,2079,15.136719,25000000.000
24857,2085,18.066406,25000000.000
24858,2095,22.949219,25000000.000
24859,2094,22.460938,25000000.000
24860,2111,30.761719,25000000.000
24861,2116,33.203125,25000000.000
24862,2119,34.667969,25000000.000
24863,2119,34.667969,25000000.000
24864,2119,34.667969,25000000.000
24865,2119,34.667969,25000000.000
24866,2117,33.691406,25000000.000
24867,2113,31.738281,25000000.000
24868,2124,37.109375,25000000.000
24869,2093,21.972656,25000000.000
24870,2091,20.996094,25000000.000
24871,2084,17.578125,25000000.000
24872,2069,10.253906,25000000.000
24873,2054,2.929688,25000000.000
24874,2061,6.347656,25000000.000
24875,2049,0.488281,25000000.000
24876,2022,-12.695312,25000000.000
24877,2011,-18.066406,25000000.000
24878,2001,-22.949219,25000000.000
24879,2001,-22.949219,25000000.000
24880,1984,-31.250000,25000000.000
24881,1980,-33.203125,25000000.000
24882,1975,-35.644531,25000000.000
24883,1973,-36.621094,25000000.000
24884,1972,-37.109375,25000000.000
24885,1973,-36.621094,25000000.000
24886,1977,-34.667969,25000000.000
24887,1977,-34.667969,25000000.000
24888,1987,-29.785156,25000000.000
24889,1990,-28.320312,25000000.000
24890,1999,-23.925781,25000000.000
24891,2001,-22.949219,25000000.000
24892,2020,-13.671875,25000000.000
24893,2029,-9.277344,25000000.000
24894,2040,-3.906250,25000000.000
24895,2040,-3.906250,25000000.000
24896,2065,8.300781,25000000.000
24897,2076,13.671875,25000000.000
24898,2085,18.066406,25000000.000
24899,2087,19.042969,25000000.000
24900,2104,27.343750,25000000.000
24901,2111,30.761719,25000000.000
24902,2115,32.714844,25000000.000
24903,2116,33.203125,25000000.000
24904,2122,36.132812,25000000.000
24905,2119,34.667969,25000000.000
24906,2118,34.179688,25000000.000
24907,2117,33.691406,25000000.000
24908,2109,29.785156,25000000.000
24909,2100,25.390625,25000000.000
24910,2094,22.460938,25000000.000
24911,2093,21.972656,25000000.000
24912,2077,14.160156,25000000.000
24913,2066,8.789062,25000000.000
24914,2055,3.417969,25000000.000
24915,2053,2.441406,25000000.000
24916,2033,-7.324219,25000000.000
24917,2020,-13.671875,25000000.000
24918,2010,-18.554688,25000000.000
24919,2009,-19.042969,25000000.000
24920,1992,-27.343750,25000000.000
24921,1984,-31.250000,25000000.000
24922,1982,-32.226562,25000000.000
24923,1977,-34.667969,25000000.000
24924,1977,-34.667969,25000000.000
24925,1971,-37.597656,25000000.000
24926,1975,-35.644531,25000000.000
24927,1976,-35.156250,25000000.000
24928,1982,-32.226562,25000000.000
24929,1987,-29.785156,25000000.000
24930,1993,-26.855469,25000000.000
24931,1994,-26.367188,25000000.000
24932,2009,-19.042969,25000000.000
24933,2023,-12.207031,25000000.000
24934,2030,-8.789062,25000000.000
24935,2033,-7.324219,25000000.000
24936,2054,2.929688,25000000.000
24937,2066,8.789062,25000000.000
24938,2078,14.648438,25000000.000
24939,2080,15.625000,25000000.000
24940,2098,24.414062,25000000.000
24941,2105,27.832031,25000000.000
24942,2113,31.738281,25000000.000
24943,2113,31.738281,25000000.000
24944,2118,34.179688,25000000.000
24945,2121,35.644531,25000000.000
24946,2120,35.156250,25000000.000
24947,2118,34.179688,25000000.000
24948,2112,31.250000,25000000.000
24949,2109,29.785156,25000000.000
24950,2099,24.902344,25000000.000
24951,2099,24.902344,25000000.000
24952,2085,18.066406,25000000.000
24953,2075,13.183594,25000000.000
24954,2066,8.789062,25000000.000
24955,2064,7.812500,25000000.000
24956,2044,-1.953125,25000000.000
24957,2030,-8.789062,25000000.000
24958,2022,-12.695312,25000000.000
24959,2018,-14.648438,25000000.000
24960,1999,-23.925781,25000000.000
24961,1991,-27.832031,25000000.000
24962,1984,-31.250000,25000000.000
24963,1982,-32.226562,25000000.000
24964,1975,-35.644531,25000000.000
24965,1974,-36.132812,25000000.000
24966,1972,-37.109375,25000000.000
24967,1974,-36.132812,25000000.000
24968,1979,-33.691406,25000000.000
24969,1984,-31.250000,25000000.000
24970,1988,-29.296875,25000000.000
24971,1990,-28.320312,25000000.000
24972,2003,-21.972656,25000000.000
24973,2013,-17.089844,25000000.000
24974,2024,-11.718750,25000000.000
24975,2024,-11.718750,25000000.000
24976,2046,-0.976562,25000000.000
24977,2057,4.394531,25000000.000
24978,2069,10.253906,25000000.000
24979,2070,10.742188,25000000.000
24980,2089,20.019531,25000000.000
24981,2102,26.367188,25000000.000
24982,2108,29.296875,25000000.000
24983,2108,29.296875,25000000.000
24984,2119,34.667969,25000000.000
24985,2120,35.156250,25000000.000
24986,2122,36.132812,25000000.000
24987,2122,36.132812,25000000.000
24988,2118,34.179688,25000000.000
24989,2112,31.250000,25000000.000
24990,2108,29.296875,25000000.000
24991,2106,28.320312,25000000.000
24992,2094,22.460938,25000000.000
24993,2084,17.578125,25000000.000
24994,2074,12.695312,25000000.000
24995,2074,12.695312,25000000.000
24996,2052,1.953125,25000000.000
24997,2042,-2.929688,25000000.000
24998,2029,-9.277344,25000000.000
24999,2028,-9.765625,25000000.000
