sample_index,raw_code,voltage_mV,sample_rate_hz
0,34813,-1.464844,25000000.000
1,2048,0.000000,25000000.000
2,2046,-0.976562,25000000.000
3,2046,-0.976562,25000000.000
4,2046,-0.976562,25000000.000
5,2047,-0.488281,25000000.000
6,2047,-0.488281,25000000.000
7,2053,2.441406,25000000.000
8,2046,-0.976562,25000000.000
9,2047,-0.488281,25000000.000
10,2047,-0.488281,25000000.000
11,2049,0.488281,25000000.000
12,2047,-0.488281,25000000.000
13,2044,-1.953125,25000000.000
14,2049,0.488281,25000000.000
15,2047,-0.488281,25000000.000
16,2048,0.000000,25000000.000
17,2046,-0.976562,25000000.000
18,2047,-0.488281,25000000.000
19,2045,-1.464844,25000000.000
20,2048,0.000000,25000000.000
21,2046,-0.976562,25000000.000
22,2046,-0.976562,25000000.000
23,2047,-0.488281,25000000.000
24,2046,-0.976562,25000000.000
25,2047,-0.488281,25000000.000
26,2047,-0.488281,25000000.000
27,2048,0.000000,25000000.000
28,2047,-0.488281,25000000.000
29,2045,-1.464844,25000000.000
30,2047,-0.488281,25000000.000
31,2047,-0.488281,25000000.000
32,2046,-0.976562,25000000.000
33,2046,-0.976562,25000000.000
34,2047,-0.488281,25000000.000
35,2045,-1.464844,25000000.000
36,2045,-1.464844,25000000.000
37,2047,-0.488281,25000000.000
38,2047,-0.488281,25000000.000
39,2047,-0.488281,25000000.000
40,2047,-0.488281,25000000.000
41,2046,-0.976562,25000000.000
42,2047,-0.488281,25000000.000
43,2047,-0.488281,25000000.000
44,2047,-0.488281,25000000.000
45,2045,-1.464844,25000000.000
46,2048,0.000000,25000000.000
47,2047,-0.488281,25000000.000
48,2048,0.000000,25000000.000
49,2045,-1.464844,25000000.000
50,2047,-0.488281,25000000.000
51,2047,-0.488281,25000000.000
52,2047,-0.488281,25000000.000
53,2049,0.488281,25000000.000
54,2045,-1.464844,25000000.000
55,2045,-1.464844,25000000.000
56,2044,-1.953125,25000000.000
57,2046,-0.976562,25000000.000
58,2047,-0.488281,25000000.000
59,2048,0.000000,25000000.000
60,2047,-0.488281,25000000.000
61,2046,-0.976562,25000000.000
62,2046,-0.976562,25000000.000
63,2048,0.000000,25000000.000
64,2054,2.929688,25000000.000
65,2046,-0.976562,25000000.000
66,2044,-1.953125,25000000.000
67,2041,-3.417969,25000000.000
68,2046,-0.976562,25000000.000
69,2045,-1.464844,25000000.000
70,2046,-0.976562,25000000.000
71,2045,-1.464844,25000000.000
72,2045,-1.464844,25000000.000
73,2047,-0.488281,25000000.000
74,2044,-1.953125,25000000.000
75,2045,-1.464844,25000000.000
76,2048,0.000000,25000000.000
77,2046,-0.976562,25000000.000
78,2047,-0.488281,25000000.000
79,2047,-0.488281,25000000.000
80,2047,-0.488281,25000000.000
81,2043,-2.441406,25000000.000
82,2046,-0.976562,25000000.000
83,2044,-1.953125,25000000.000
84,2045,-1.464844,25000000.000
85,2048,0.000000,25000000.000
86,2046,-0.976562,25000000.000
87,2045,-1.464844,25000000.000
88,2048,0.000000,25000000.000
89,2048,0.000000,25000000.000
90,2046,-0.976562,25000000.000
91,2048,0.000000,25000000.000
92,2048,0.000000,25000000.000
93,2047,-0.488281,25000000.000
94,2048,0.000000,25000000.000
95,2049,0.488281,25000000.000
96,2049,0.488281,25000000.000
97,2049,0.488281,25000000.000
98,2050,0.976562,25000000.000
99,2049,0.488281,25000000.000
100,2049,0.488281,25000000.000
101,2015,-16.113281,25000000.000
102,2060,5.859375,25000000.000
103,2043,-2.441406,25000000.000
104,2054,2.929688,25000000.000
105,2047,-0.488281,25000000.000
106,2052,1.953125,25000000.000
107,2038,-4.882812,25000000.000
108,2050,0.976562,25000000.000
109,2056,3.906250,25000000.000
110,2045,-1.464844,25000000.000
111,2049,0.488281,25000000.000
112,2053,2.441406,25000000.000
113,2052,1.953125,25000000.000
114,2052,1.953125,25000000.000
115,2049,0.488281,25000000.000
116,2052,1.953125,25000000.000
117,2051,1.464844,25000000.000
118,2046,-0.976562,25000000.000
119,2046,-0.976562,25000000.000
120,2050,0.976562,25000000.000
121,2047,-0.488281,25000000.000
122,2047,-0.488281,25000000.000
123,2048,0.000000,25000000.000
124,2046,-0.976562,25000000.000
125,2048,0.000000,25000000.000
126,2047,-0.488281,25000000.000
127,2048,0.000000,25000000.000
128,2048,0.000000,25000000.000
129,2046,-0.976562,25000000.000
130,2048,0.000000,25000000.000
131,2045,-1.464844,25000000.000
132,2048,0.000000,25000000.000
133,2048,0.000000,25000000.000
134,2046,-0.976562,25000000.000
135,2046,-0.976562,25000000.000
136,2052,1.953125,25000000.000
137,2048,0.000000,25000000.000
138,2047,-0.488281,25000000.000
139,2047,-0.488281,25000000.000
140,2053,2.441406,25000000.000
141,2052,1.953125,25000000.000
142,2049,0.488281,25000000.000
143,2051,1.464844,25000000.000
144,2050,0.976562,25000000.000
145,2048,0.000000,25000000.000
146,2049,0.488281,25000000.000
147,2049,0.488281,25000000.000
148,2049,0.488281,25000000.000
149,2047,-0.488281,25000000.000
150,2049,0.488281,25000000.000
151,2045,-1.464844,25000000.000
152,2046,-0.976562,25000000.000
153,2045,-1.464844,25000000.000
154,2044,-1.953125,25000000.000
155,2046,-0.976562,25000000.000
156,2043,-2.441406,25000000.000
157,2044,-1.953125,25000000.000
158,2042,-2.929688,25000000.000
159,2042,-2.929688,25000000.000
160,2042,-2.929688,25000000.000
161,2041,-3.417969,25000000.000
162,2041,-3.417969,25000000.000
163,2039,-4.394531,25000000.000
164,2043,-2.441406,25000000.000
165,2041,-3.417969,25000000.000
166,2039,-4.394531,25000000.000
167,2038,-4.882812,25000000.000
168,2040,-3.906250,25000000.000
169,2042,-2.929688,25000000.000
170,2041,-3.417969,25000000.000
171,2041,-3.417969,25000000.000
172,2043,-2.441406,25000000.000
173,2047,-0.488281,25000000.000
174,2045,-1.464844,25000000.000
175,2047,-0.488281,25000000.000
176,2048,0.000000,25000000.000
177,2049,0.488281,25000000.000
178,2049,0.488281,25000000.000
179,2052,1.953125,25000000.000
180,2053,2.441406,25000000.000
181,2053,2.441406,25000000.000
182,2056,3.906250,25000000.000
183,2055,3.417969,25000000.000
184,2054,2.929688,25000000.000
185,2056,3.906250,25000000.000
186,2057,4.394531,25000000.000
187,2057,4.394531,25000000.000
188,2055,3.417969,25000000.000
189,2056,3.906250,25000000.000
190,2054,2.929688,25000000.000
191,2054,2.929688,25000000.000
192,2052,1.953125,25000000.000
193,2050,0.976562,25000000.000
194,2049,0.488281,25000000.000
195,2050,0.976562,25000000.000
196,2046,-0.976562,25000000.000
197,2043,-2.441406,25000000.000
198,2044,-1.953125,25000000.000
199,2042,-2.929688,25000000.000
200,2039,-4.394531,25000000.000
201,2036,-5.859375,25000000.000
202,2038,-4.882812,25000000.000
203,2036,-5.859375,25000000.000
204,2034,-6.835938,25000000.000
205,2034,-6.835938,25000000.000
206,2031,-8.300781,25000000.000
207,2032,-7.812500,25000000.000
208,2033,-7.324219,25000000.000
209,2032,-7.812500,25000000.000
210,2032,-7.812500,25000000.000
211,2035,-6.347656,25000000.000
212,2036,-5.859375,25000000.000
213,2035,-6.347656,25000000.000
214,2041,-3.417969,25000000.000
215,2039,-4.394531,25000000.000
216,2046,-0.976562,25000000.000
217,2047,-0.488281,25000000.000
218,2045,-1.464844,25000000.000
219,2044,-1.953125,25000000.000
220,2051,1.464844,25000000.000
221,2049,0.488281,25000000.000
222,2052,1.953125,25000000.000
223,2055,3.417969,25000000.000
224,2057,4.394531,25000000.000
225,2057,4.394531,25000000.000
226,2058,4.882812,25000000.000
227,2061,6.347656,25000000.000
228,2059,5.371094,25000000.000
229,2059,5.371094,25000000.000
230,2060,5.859375,25000000.000
231,2060,5.859375,25000000.000
232,2058,4.882812,25000000.000
233,2055,3.417969,25000000.000
234,2053,2.441406,25000000.000
235,2054,2.929688,25000000.000
236,2049,0.488281,25000000.000
237,2048,0.000000,25000000.000
238,2043,-2.441406,25000000.000
239,2045,-1.464844,25000000.000
240,2038,-4.882812,25000000.000
241,2037,-5.371094,25000000.000
242,2035,-6.347656,25000000.000
243,2034,-6.835938,25000000.000
244,2030,-8.789062,25000000.000
245,2027,-10.253906,25000000.000
246,2027,-10.253906,25000000.000
247,2026,-10.742188,25000000.000
248,2026,-10.742188,25000000.000
249,2023,-12.207031,25000000.000
250,2024,-11.718750,25000000.000
251,2024,-11.718750,25000000.000
252,2023,-12.207031,25000000.000
253,2025,-11.230469,25000000.000
254,2025,-11.230469,25000000.000
255,2027,-10.253906,25000000.000
256,2028,-9.765625,25000000.000
257,2032,-7.812500,25000000.000
258,2035,-6.347656,25000000.000
259,2036,-5.859375,25000000.000
260,2038,-4.882812,25000000.000
261,2042,-2.929688,25000000.000
262,2044,-1.953125,25000000.000
263,2044,-1.953125,25000000.000
264,2051,1.464844,25000000.000
265,2052,1.953125,25000000.000
266,2053,2.441406,25000000.000
267,2054,2.929688,25000000.000
268,2057,4.394531,25000000.000
269,2059,5.371094,25000000.000
270,2059,5.371094,25000000.000
271,2060,5.859375,25000000.000
272,2058,4.882812,25000000.000
273,2060,5.859375,25000000.000
274,2058,4.882812,25000000.000
275,2058,4.882812,25000000.000
276,2054,2.929688,25000000.000
277,2052,1.953125,25000000.000
278,2052,1.953125,25000000.000
279,2052,1.953125,25000000.000
280,2048,0.000000,25000000.000
281,2043,-2.441406,25000000.000
282,2044,-1.953125,25000000.000
283,2042,-2.929688,25000000.000
284,2037,-5.371094,25000000.000
285,2036,-5.859375,25000000.000
286,2033,-7.324219,25000000.000
287,2033,-7.324219,25000000.000
288,2030,-8.789062,25000000.000
289,2031,-8.300781,25000000.000
290,2026,-10.742188,25000000.000
291,2028,-9.765625,25000000.000
292,2030,-8.789062,25000000.000
293,2029,-9.277344,25000000.000
294,2031,-8.300781,25000000.000
295,2031,-8.300781,25000000.000
296,2034,-6.835938,25000000.000
297,2032,-7.812500,25000000.000
298,2038,-4.882812,25000000.000
299,2035,-6.347656,25000000.000
300,2039,-4.394531,25000000.000
301,2044,-1.953125,25000000.000
302,2048,0.000000,25000000.000
303,2048,0.000000,25000000.000
304,2050,0.976562,25000000.000
305,2056,3.906250,25000000.000
306,2057,4.394531,25000000.000
307,2060,5.859375,25000000.000
308,2064,7.812500,25000000.000
309,2066,8.789062,25000000.000
310,2068,9.765625,25000000.000
311,2070,10.742188,25000000.000
312,2071,11.230469,25000000.000
313,2069,10.253906,25000000.000
314,2071,11.230469,25000000.000
315,2070,10.742188,25000000.000
316,2071,11.230469,25000000.000
317,2074,12.695312,25000000.000
318,2066,8.789062,25000000.000
319,2071,11.230469,25000000.000
320,2063,7.324219,25000000.000
321,2065,8.300781,25000000.000
322,2060,5.859375,25000000.000
323,2062,6.835938,25000000.000
324,2056,3.906250,25000000.000
325,2054,2.929688,25000000.000
326,2051,1.464844,25000000.000
327,2053,2.441406,25000000.000
328,2048,0.000000,25000000.000
329,2044,-1.953125,25000000.000
330,2045,-1.464844,25000000.000
331,2043,-2.441406,25000000.000
332,2042,-2.929688,25000000.000
333,2041,-3.417969,25000000.000
334,2039,-4.394531,25000000.000
335,2039,-4.394531,25000000.000
336,2039,-4.394531,25000000.000
337,2040,-3.906250,25000000.000
338,2040,-3.906250,25000000.000
339,2043,-2.441406,25000000.000
340,2039,-4.394531,25000000.000
341,2040,-3.906250,25000000.000
342,2049,0.488281,25000000.000
343,2048,0.000000,25000000.000
344,2040,-3.906250,25000000.000
345,2049,0.488281,25000000.000
346,2047,-0.488281,25000000.000
347,2048,0.000000,25000000.000
348,2046,-0.976562,25000000.000
349,2044,-1.953125,25000000.000
350,2042,-2.929688,25000000.000
351,2043,-2.441406,25000000.000
352,2040,-3.906250,25000000.000
353,2042,-2.929688,25000000.000
354,2035,-6.347656,25000000.000
355,2039,-4.394531,25000000.000
356,2033,-7.324219,25000000.000
357,2035,-6.347656,25000000.000
358,2033,-7.324219,25000000.000
359,2033,-7.324219,25000000.000
360,2032,-7.812500,25000000.000
361,2031,-8.300781,25000000.000
362,2035,-6.347656,25000000.000
363,2035,-6.347656,25000000.000
364,2038,-4.882812,25000000.000
365,2040,-3.906250,25000000.000
366,2044,-1.953125,25000000.000
367,2043,-2.441406,25000000.000
368,2053,2.441406,25000000.000
369,2056,3.906250,25000000.000
370,2061,6.347656,25000000.000
371,2062,6.835938,25000000.000
372,2070,10.742188,25000000.000
373,2076,13.671875,25000000.000
374,2082,16.601562,25000000.000
375,2082,16.601562,25000000.000
376,2091,20.996094,25000000.000
377,2094,22.460938,25000000.000
378,2098,24.414062,25000000.000
379,2098,24.414062,25000000.000
380,2102,26.367188,25000000.000
381,2100,25.390625,25000000.000
382,2103,26.855469,25000000.000
383,2101,25.878906,25000000.000
384,2097,23.925781,25000000.000
385,2096,23.437500,25000000.000
386,2091,20.996094,25000000.000
387,2092,21.484375,25000000.000
388,2081,16.113281,25000000.000
389,2078,14.648438,25000000.000
390,2069,10.253906,25000000.000
391,2069,10.253906,25000000.000
392,2054,2.929688,25000000.000
393,2046,-0.976562,25000000.000
394,2037,-5.371094,25000000.000
395,2037,-5.371094,25000000.000
396,2019,-14.160156,25000000.000
397,2011,-18.066406,25000000.000
398,2004,-21.484375,25000000.000
399,2000,-23.437500,25000000.000
400,1989,-28.808594,25000000.000
401,1985,-30.761719,25000000.000
402,1981,-32.714844,25000000.000
403,1979,-33.691406,25000000.000
404,1973,-36.621094,25000000.000
405,1976,-35.156250,25000000.000
406,1975,-35.644531,25000000.000
407,1976,-35.156250,25000000.000
408,1985,-30.761719,25000000.000
409,1989,-28.808594,25000000.000
410,1997,-24.902344,25000000.000
411,1998,-24.414062,25000000.000
412,2018,-14.648438,25000000.000
413,2025,-11.230469,25000000.000
414,2041,-3.417969,25000000.000
415,2040,-3.906250,25000000.000
416,2062,6.835938,25000000.000
417,2074,12.695312,25000000.000
418,2083,17.089844,25000000.000
419,2084,17.578125,25000000.000
420,2102,26.367188,25000000.000
421,2111,30.761719,25000000.000
422,2112,31.250000,25000000.000
423,2115,32.714844,25000000.000
424,2123,36.621094,25000000.000
425,2120,35.156250,25000000.000
426,2123,36.621094,25000000.000
427,2123,36.621094,25000000.000
428,2113,31.738281,25000000.000
429,2106,28.320312,25000000.000
430,2099,24.902344,25000000.000
431,2097,23.925781,25000000.000
432,2078,14.648438,25000000.000
433,2070,10.742188,25000000.000
434,2056,3.906250,25000000.000
435,2054,2.929688,25000000.000
436,2032,-7.812500,25000000.000
437,2023,-12.207031,25000000.000
438,2009,-19.042969,25000000.000
439,2010,-18.554688,25000000.000
440,1991,-27.832031,25000000.000
441,1981,-32.714844,25000000.000
442,1975,-35.644531,25000000.000
443,1975,-35.644531,25000000.000
444,1966,-40.039062,25000000.000
445,1962,-41.992188,25000000.000
446,1965,-40.527344,25000000.000
447,1967,-39.550781,25000000.000
448,1983,-31.738281,25000000.000
449,1969,-38.574219,25000000.000
450,1984,-31.250000,25000000.000
451,1986,-30.273438,25000000.000
452,2011,-18.066406,25000000.000
453,2011,-18.066406,25000000.000
454,2026,-10.742188,25000000.000
455,2028,-9.765625,25000000.000
456,2052,1.953125,25000000.000
457,2065,8.300781,25000000.000
458,2079,15.136719,25000000.000
459,2082,16.601562,25000000.000
460,2104,27.343750,25000000.000
461,2112,31.250000,25000000.000
462,2122,36.132812,25000000.000
463,2122,36.132812,25000000.000
464,2138,43.945312,25000000.000
465,2140,44.921875,25000000.000
466,2141,45.410156,25000000.000
467,2142,45.898438,25000000.000
468,2140,44.921875,25000000.000
469,2135,42.480469,25000000.000
470,2127,38.574219,25000000.000
471,2129,39.550781,25000000.000
472,2109,29.785156,25000000.000
473,2100,25.390625,25000000.000
474,2085,18.066406,25000000.000
475,2084,17.578125,25000000.000
476,2057,4.394531,25000000.000
477,2042,-2.929688,25000000.000
478,2027,-10.253906,25000000.000
479,2024,-11.718750,25000000.000
480,1999,-23.925781,25000000.000
481,1982,-32.226562,25000000.000
482,1971,-37.597656,25000000.000
483,1969,-38.574219,25000000.000
484,1951,-47.363281,25000000.000
485,1946,-49.804688,25000000.000
486,1945,-50.292969,25000000.000
487,1942,-51.757812,25000000.000
488,1934,-55.664062,25000000.000
489,1942,-51.757812,25000000.000
490,1945,-50.292969,25000000.000
491,1948,-48.828125,25000000.000
492,1962,-41.992188,25000000.000
493,1974,-36.132812,25000000.000
494,1987,-29.785156,25000000.000
495,1989,-28.808594,25000000.000
496,2019,-14.160156,25000000.000
497,2032,-7.812500,25000000.000
498,2050,0.976562,25000000.000
499,2050,0.976562,25000000.000
500,2081,16.113281,25000000.000
501,2099,24.902344,25000000.000
502,2111,30.761719,25000000.000
503,2113,31.738281,25000000.000
504,2135,42.480469,25000000.000
505,2146,47.851562,25000000.000
506,2148,48.828125,25000000.000
507,2150,49.804688,25000000.000
508,2157,53.222656,25000000.000
509,2154,51.757812,25000000.000
510,2151,50.292969,25000000.000
511,2152,50.781250,25000000.000
512,2137,43.457031,25000000.000
513,2121,35.644531,25000000.000
514,2110,30.273438,25000000.000
515,2108,29.296875,25000000.000
516,2082,16.601562,25000000.000
517,2066,8.789062,25000000.000
518,2047,-0.488281,25000000.000
519,2046,-0.976562,25000000.000
520,2012,-17.578125,25000000.000
521,1998,-24.414062,25000000.000
522,1981,-32.714844,25000000.000
523,1979,-33.691406,25000000.000
524,1956,-44.921875,25000000.000
525,1945,-50.292969,25000000.000
526,1938,-53.710938,25000000.000
527,1939,-53.222656,25000000.000
528,1930,-57.617188,25000000.000
529,1929,-58.105469,25000000.000
530,1934,-55.664062,25000000.000
531,1933,-56.152344,25000000.000
532,1949,-48.339844,25000000.000
533,1959,-43.457031,25000000.000
534,1971,-37.597656,25000000.000
535,1972,-37.109375,25000000.000
536,2004,-21.484375,25000000.000
537,2024,-11.718750,25000000.000
538,2039,-4.394531,25000000.000
539,2042,-2.929688,25000000.000
540,2079,15.136719,25000000.000
541,2096,23.437500,25000000.000
542,2114,32.226562,25000000.000
543,2116,33.203125,25000000.000
544,2143,46.386719,25000000.000
545,2151,50.292969,25000000.000
546,2164,56.640625,25000000.000
547,2163,56.152344,25000000.000
548,2171,60.058594,25000000.000
549,2170,59.570312,25000000.000
550,2168,58.593750,25000000.000
551,2167,58.105469,25000000.000
552,2153,51.269531,25000000.000
553,2142,45.898438,25000000.000
554,2125,37.597656,25000000.000
555,2126,38.085938,25000000.000
556,2094,22.460938,25000000.000
557,2076,13.671875,25000000.000
558,2057,4.394531,25000000.000
559,2055,3.417969,25000000.000
560,2017,-15.136719,25000000.000
561,1998,-24.414062,25000000.000
562,1984,-31.250000,25000000.000
563,1979,-33.691406,25000000.000
564,1950,-47.851562,25000000.000
565,1938,-53.710938,25000000.000
566,1930,-57.617188,25000000.000
567,1926,-59.570312,25000000.000
568,1919,-62.988281,25000000.000
569,1917,-63.964844,25000000.000
570,1921,-62.011719,25000000.000
571,1922,-61.523438,25000000.000
572,1934,-55.664062,25000000.000
573,1946,-49.804688,25000000.000
574,1960,-42.968750,25000000.000
575,1962,-41.992188,25000000.000
576,1994,-26.367188,25000000.000
577,2012,-17.578125,25000000.000
578,2035,-6.347656,25000000.000
579,2035,-6.347656,25000000.000
580,2075,13.183594,25000000.000
581,2093,21.972656,25000000.000
582,2113,31.738281,25000000.000
583,2115,32.714844,25000000.000
584,2143,46.386719,25000000.000
585,2157,53.222656,25000000.000
586,2164,56.640625,25000000.000
587,2169,59.082031,25000000.000
588,2175,62.011719,25000000.000
589,2174,61.523438,25000000.000
590,2173,61.035156,25000000.000
591,2173,61.035156,25000000.000
592,2155,52.246094,25000000.000
593,2142,45.898438,25000000.000
594,2128,39.062500,25000000.000
595,2124,37.109375,25000000.000
596,2086,18.554688,25000000.000
597,2062,6.835938,25000000.000
598,2041,-3.417969,25000000.000
599,2040,-3.906250,25000000.000
600,1997,-24.902344,25000000.000
601,1977,-34.667969,25000000.000
602,1958,-43.945312,25000000.000
603,1957,-44.433594,25000000.000
604,1927,-59.082031,25000000.000
605,1918,-63.476562,25000000.000
606,1909,-67.871094,25000000.000
607,1909,-67.871094,25000000.000
608,1906,-69.335938,25000000.000
609,1908,-68.359375,25000000.000
610,1919,-62.988281,25000000.000
611,1920,-62.500000,25000000.000
612,1946,-49.804688,25000000.000
613,1959,-43.457031,25000000.000
614,1985,-30.761719,25000000.000
615,1985,-30.761719,25000000.000
616,2028,-9.765625,25000000.000
617,2055,3.417969,25000000.000
618,2080,15.625000,25000000.000
619,2082,16.601562,25000000.000
620,2135,42.480469,25000000.000
621,2162,55.664062,25000000.000
622,2166,57.617188,25000000.000
623,2170,59.570312,25000000.000
624,2191,69.824219,25000000.000
625,2214,81.054688,25000000.000
626,2220,83.984375,25000000.000
627,2219,83.496094,25000000.000
628,2220,83.984375,25000000.000
629,2214,81.054688,25000000.000
630,2211,79.589844,25000000.000
631,2208,78.125000,25000000.000
632,2180,64.453125,25000000.000
633,2161,55.175781,25000000.000
634,2139,44.433594,25000000.000
635,2134,41.992188,25000000.000
636,2086,18.554688,25000000.000
637,2060,5.859375,25000000.000
638,2030,-8.789062,25000000.000
639,2028,-9.765625,25000000.000
640,1973,-36.621094,25000000.000
641,1946,-49.804688,25000000.000
642,1923,-61.035156,25000000.000
643,1921,-62.011719,25000000.000
644,1881,-81.542969,25000000.000
645,1863,-90.332031,25000000.000
646,1852,-95.703125,25000000.000
647,1850,-96.679688,25000000.000
648,1841,-101.074219,25000000.000
649,1843,-100.097656,25000000.000
650,1847,-98.144531,25000000.000
651,1848,-97.656250,25000000.000
652,1871,-86.425781,25000000.000
653,1891,-76.660156,25000000.000
654,1911,-66.894531,25000000.000
655,1915,-64.941406,25000000.000
656,1966,-40.039062,25000000.000
657,1998,-24.414062,25000000.000
658,2028,-9.765625,25000000.000
659,2032,-7.812500,25000000.000
660,2092,21.484375,25000000.000
661,2123,36.621094,25000000.000
662,2154,51.757812,25000000.000
663,2154,51.757812,25000000.000
664,2205,76.660156,25000000.000
665,2227,87.402344,25000000.000
666,2243,95.214844,25000000.000
667,2244,95.703125,25000000.000
668,2258,102.539062,25000000.000
669,2266,106.445312,25000000.000
670,2267,106.933594,25000000.000
671,2270,108.398438,25000000.000
672,2240,93.750000,25000000.000
673,2229,88.378906,25000000.000
674,2203,75.683594,25000000.000
675,2204,76.171875,25000000.000
676,2149,49.316406,25000000.000
677,2119,34.667969,25000000.000
678,2084,17.578125,25000000.000
679,2074,12.695312,25000000.000
680,2016,-15.625000,25000000.000
681,1976,-35.156250,25000000.000
682,1950,-47.851562,25000000.000
683,1924,-60.546875,25000000.000
684,1893,-75.683594,25000000.000
685,1868,-87.890625,25000000.000
686,1839,-102.050781,25000000.000
687,1842,-100.585938,25000000.000
688,1814,-114.257812,25000000.000
689,1815,-113.769531,25000000.000
690,1802,-120.117188,25000000.000
691,1809,-116.699219,25000000.000
692,1820,-111.328125,25000000.000
693,1825,-108.886719,25000000.000
694,1881,-81.542969,25000000.000
695,1868,-87.890625,25000000.000
696,1911,-66.894531,25000000.000
697,1946,-49.804688,25000000.000
698,1987,-29.785156,25000000.000
699,1986,-30.273438,25000000.000
700,2062,6.835938,25000000.000
701,2101,25.878906,25000000.000
702,2143,46.386719,25000000.000
703,2147,48.339844,25000000.000
704,2211,79.589844,25000000.000
705,2246,96.679688,25000000.000
706,2275,110.839844,25000000.000
707,2276,111.328125,25000000.000
708,2311,128.417969,25000000.000
709,2322,133.789062,25000000.000
710,2327,136.230469,25000000.000
711,2326,135.742188,25000000.000
712,2314,129.882812,25000000.000
713,2296,121.093750,25000000.000
714,2276,111.328125,25000000.000
715,2271,108.886719,25000000.000
716,2210,79.101562,25000000.000
717,2174,61.523438,25000000.000
718,2131,40.527344,25000000.000
719,2127,38.574219,25000000.000
720,2039,-4.394531,25000000.000
721,1993,-26.855469,25000000.000
722,1947,-49.316406,25000000.000
723,1944,-50.781250,25000000.000
724,1862,-90.820312,25000000.000
725,1821,-110.839844,25000000.000
726,1790,-125.976562,25000000.000
727,1786,-127.929688,25000000.000
728,1743,-148.925781,25000000.000
729,1725,-157.714844,25000000.000
730,1723,-158.691406,25000000.000
731,1721,-159.667969,25000000.000
732,1731,-154.785156,25000000.000
733,1748,-146.484375,25000000.000
734,1773,-134.277344,25000000.000
735,1772,-134.765625,25000000.000
736,1839,-102.050781,25000000.000
737,1881,-81.542969,25000000.000
738,1926,-59.570312,25000000.000
739,1932,-56.640625,25000000.000
740,2028,-9.765625,25000000.000
741,2078,14.648438,25000000.000
742,2129,39.550781,25000000.000
743,2135,42.480469,25000000.000
744,2226,86.914062,25000000.000
745,2264,105.468750,25000000.000
746,2305,125.488281,25000000.000
747,2307,126.464844,25000000.000
748,2360,152.343750,25000000.000
749,2378,161.132812,25000000.000
750,2387,165.527344,25000000.000
751,2388,166.015625,25000000.000
752,2381,162.597656,25000000.000
753,2366,155.273438,25000000.000
754,2342,143.554688,25000000.000
755,2342,143.554688,25000000.000
756,2275,110.839844,25000000.000
757,2235,91.308594,25000000.000
758,2170,59.570312,25000000.000
759,2172,60.546875,25000000.000
760,2091,20.996094,25000000.000
761,2045,-1.464844,25000000.000
762,1974,-36.132812,25000000.000
763,1964,-41.015625,25000000.000
764,1882,-81.054688,25000000.000
765,1832,-105.468750,25000000.000
766,1787,-127.441406,25000000.000
767,1782,-129.882812,25000000.000
768,1729,-155.761719,25000000.000
769,1710,-165.039062,25000000.000
770,1697,-171.386719,25000000.000
771,1698,-170.898438,25000000.000
772,1701,-169.433594,25000000.000
773,1715,-162.597656,25000000.000
774,1739,-150.878906,25000000.000
775,1743,-148.925781,25000000.000
776,1804,-119.140625,25000000.000
777,1846,-98.632812,25000000.000
778,1896,-74.218750,25000000.000
779,1898,-73.242188,25000000.000
780,2000,-23.437500,25000000.000
781,2055,3.417969,25000000.000
782,2109,29.785156,25000000.000
783,2114,32.226562,25000000.000
784,2215,81.542969,25000000.000
785,2262,104.492188,25000000.000
786,2303,124.511719,25000000.000
787,2310,127.929688,25000000.000
788,2371,157.714844,25000000.000
789,2394,168.945312,25000000.000
790,2407,175.292969,25000000.000
791,2410,176.757812,25000000.000
792,2412,177.734375,25000000.000
793,2400,171.875000,25000000.000
794,2382,163.085938,25000000.000
795,2378,161.132812,25000000.000
796,2322,133.789062,25000000.000
797,2291,118.652344,25000000.000
798,2226,86.914062,25000000.000
799,2237,92.285156,25000000.000
800,2130,40.039062,25000000.000
801,2075,13.183594,25000000.000
802,2015,-16.113281,25000000.000
803,2013,-17.089844,25000000.000
804,1903,-70.800781,25000000.000
805,1854,-94.726562,25000000.000
806,1806,-118.164062,25000000.000
807,1802,-120.117188,25000000.000
808,1733,-153.808594,25000000.000
809,1702,-168.945312,25000000.000
810,1685,-177.246094,25000000.000
811,1683,-178.222656,25000000.000
812,1673,-183.105469,25000000.000
813,1679,-180.175781,25000000.000
814,1695,-172.363281,25000000.000
815,1695,-172.363281,25000000.000
816,1748,-146.484375,25000000.000
817,1790,-125.976562,25000000.000
818,1832,-105.468750,25000000.000
819,1835,-104.003906,25000000.000
820,1930,-57.617188,25000000.000
821,1988,-29.296875,25000000.000
822,2044,-1.953125,25000000.000
823,2052,1.953125,25000000.000
824,2157,53.222656,25000000.000
825,2209,78.613281,25000000.000
826,2259,103.027344,25000000.000
827,2265,105.957031,25000000.000
828,2341,143.066406,25000000.000
829,2369,156.738281,25000000.000
830,2395,169.433594,25000000.000
831,2395,169.433594,25000000.000
832,2414,178.710938,25000000.000
833,2409,176.269531,25000000.000
834,2403,173.339844,25000000.000
835,2403,173.339844,25000000.000
836,2359,151.855469,25000000.000
837,2327,136.230469,25000000.000
838,2285,115.722656,25000000.000
839,2281,113.769531,25000000.000
840,2188,68.359375,25000000.000
841,2134,41.992188,25000000.000
842,2081,16.113281,25000000.000
843,2073,12.207031,25000000.000
844,1967,-39.550781,25000000.000
845,1912,-66.406250,25000000.000
846,1864,-89.843750,25000000.000
847,1858,-92.773438,25000000.000
848,1777,-132.324219,25000000.000
849,1742,-149.414062,25000000.000
850,1716,-162.109375,25000000.000
851,1712,-164.062500,25000000.000
852,1686,-176.757812,25000000.000
853,1692,-173.828125,25000000.000
854,1693,-173.339844,25000000.000
855,1697,-171.386719,25000000.000
856,1733,-153.808594,25000000.000
857,1775,-133.300781,25000000.000
858,1805,-118.652344,25000000.000
859,1814,-114.257812,25000000.000
860,1899,-72.753906,25000000.000
861,1954,-45.898438,25000000.000
862,2011,-18.066406,25000000.000
863,2013,-17.089844,25000000.000
864,2122,36.132812,25000000.000
865,2176,62.500000,25000000.000
866,2226,86.914062,25000000.000
867,2232,89.843750,25000000.000
868,2318,131.835938,25000000.000
869,2354,149.414062,25000000.000
870,2381,162.597656,25000000.000
871,2385,164.550781,25000000.000
872,2412,177.734375,25000000.000
873,2414,178.710938,25000000.000
874,2415,179.199219,25000000.000
875,2412,177.734375,25000000.000
876,2378,161.132812,25000000.000
877,2346,145.507812,25000000.000
878,2311,128.417969,25000000.000
879,2305,125.488281,25000000.000
880,2217,82.519531,25000000.000
881,2162,55.664062,25000000.000
882,2106,28.320312,25000000.000
883,2101,25.878906,25000000.000
884,1991,-27.832031,25000000.000
885,1935,-55.175781,25000000.000
886,1876,-83.984375,25000000.000
887,1875,-84.472656,25000000.000
888,1784,-128.906250,25000000.000
889,1745,-147.949219,25000000.000
890,1710,-165.039062,25000000.000
891,1710,-165.039062,25000000.000
892,1670,-184.570312,25000000.000
893,1662,-188.476562,25000000.000
894,1665,-187.011719,25000000.000
895,1664,-187.500000,25000000.000
896,1694,-172.851562,25000000.000
897,1721,-159.667969,25000000.000
898,1753,-144.042969,25000000.000
899,1758,-141.601562,25000000.000
900,1843,-100.097656,25000000.000
901,1896,-74.218750,25000000.000
902,1950,-47.851562,25000000.000
903,1958,-43.945312,25000000.000
904,2066,8.789062,25000000.000
905,2125,37.597656,25000000.000
906,2181,64.941406,25000000.000
907,2187,67.871094,25000000.000
908,2282,114.257812,25000000.000
909,2326,135.742188,25000000.000
910,2362,153.320312,25000000.000
911,2365,154.785156,25000000.000
912,2415,179.199219,25000000.000
913,2426,184.570312,25000000.000
914,2434,188.476562,25000000.000
915,2419,181.152344,25000000.000
916,2406,174.804688,25000000.000
917,2384,164.062500,25000000.000
918,2356,150.390625,25000000.000
919,2352,148.437500,25000000.000
920,2281,113.769531,25000000.000
921,2232,89.843750,25000000.000
922,2176,62.500000,25000000.000
923,2172,60.546875,25000000.000
924,2064,7.812500,25000000.000
925,2005,-20.996094,25000000.000
926,1949,-48.339844,25000000.000
927,1944,-50.781250,25000000.000
928,1845,-99.121094,25000000.000
929,1797,-122.558594,25000000.000
930,1759,-141.113281,25000000.000
931,1755,-143.066406,25000000.000
932,1700,-169.921875,25000000.000
933,1685,-177.246094,25000000.000
934,1677,-181.152344,25000000.000
935,1675,-182.128906,25000000.000
936,1687,-176.269531,25000000.000
937,1707,-166.503906,25000000.000
938,1730,-155.273438,25000000.000
939,1735,-152.832031,25000000.000
940,1806,-118.164062,25000000.000
941,1851,-96.191406,25000000.000
942,1903,-70.800781,25000000.000
943,1908,-68.359375,25000000.000
944,2013,-17.089844,25000000.000
945,2067,9.277344,25000000.000
946,2124,37.109375,25000000.000
947,2130,40.039062,25000000.000
948,2229,88.378906,25000000.000
949,2278,112.304688,25000000.000
950,2318,131.835938,25000000.000
951,2321,133.300781,25000000.000
952,2380,162.109375,25000000.000
953,2401,172.363281,25000000.000
954,2411,177.246094,25000000.000
955,2413,178.222656,25000000.000
956,2409,176.269531,25000000.000
957,2393,168.457031,25000000.000
958,2373,158.691406,25000000.000
959,2370,157.226562,25000000.000
960,2304,125.000000,25000000.000
961,2253,100.097656,25000000.000
962,2210,79.101562,25000000.000
963,2203,75.683594,25000000.000
964,2104,27.343750,25000000.000
965,2044,-1.953125,25000000.000
966,1986,-30.273438,25000000.000
967,1980,-33.203125,25000000.000
968,1878,-83.007812,25000000.000
969,1828,-107.421875,25000000.000
970,1781,-130.371094,25000000.000
971,1779,-131.347656,25000000.000
972,1710,-165.039062,25000000.000
973,1688,-175.781250,25000000.000
974,1674,-182.617188,25000000.000
975,1675,-182.128906,25000000.000
976,1667,-186.035156,25000000.000
977,1677,-181.152344,25000000.000
978,1696,-171.875000,25000000.000
979,1698,-170.898438,25000000.000
980,1758,-141.601562,25000000.000
981,1799,-121.582031,25000000.000
982,1845,-99.121094,25000000.000
983,1849,-97.167969,25000000.000
984,1954,-45.898438,25000000.000
985,2011,-18.066406,25000000.000
986,2068,9.765625,25000000.000
987,2076,13.671875,25000000.000
988,2181,64.941406,25000000.000
989,2233,90.332031,25000000.000
990,2282,114.257812,25000000.000
991,2288,117.187500,25000000.000
992,2360,152.343750,25000000.000
993,2388,166.015625,25000000.000
994,2411,177.246094,25000000.000
995,2412,177.734375,25000000.000
996,2425,184.082031,25000000.000
997,2418,180.664062,25000000.000
998,2403,173.339844,25000000.000
999,2401,172.363281,25000000.000
1000,2348,146.484375,25000000.000
1001,2313,129.394531,25000000.000
1002,2267,106.933594,25000000.000
1003,2264,105.468750,25000000.000
1004,2161,55.175781,25000000.000
1005,2105,27.832031,25000000.000
1006,2047,-0.488281,25000000.000
1007,2043,-2.441406,25000000.000
1008,1933,-56.152344,25000000.000
1009,1879,-82.519531,25000000.000
1010,1828,-107.421875,25000000.000
1011,1824,-109.375000,25000000.000
1012,1744,-148.437500,25000000.000
1013,1711,-164.550781,25000000.000
1014,1688,-175.781250,25000000.000
1015,1686,-176.757812,25000000.000
1016,1665,-187.011719,25000000.000
1017,1669,-185.058594,25000000.000
1018,1679,-180.175781,25000000.000
1019,1680,-179.687500,25000000.000
1020,1726,-157.226562,25000000.000
1021,1763,-139.160156,25000000.000
1022,1801,-120.605469,25000000.000
1023,1808,-117.187500,25000000.000
1024,1904,-70.312500,25000000.000
1025,1958,-43.945312,25000000.000
1026,2017,-15.136719,25000000.000
1027,2021,-13.183594,25000000.000
1028,2132,41.015625,25000000.000
1029,2185,66.894531,25000000.000
1030,2239,93.261719,25000000.000
1031,2243,95.214844,25000000.000
1032,2327,136.230469,25000000.000
1033,2364,154.296875,25000000.000
1034,2393,168.457031,25000000.000
1035,2395,169.433594,25000000.000
1036,2424,183.593750,25000000.000
1037,2430,186.523438,25000000.000
1038,2423,183.105469,25000000.000
1039,2423,183.105469,25000000.000
1040,2387,165.527344,25000000.000
1041,2355,149.902344,25000000.000
1042,2319,132.324219,25000000.000
1043,2314,129.882812,25000000.000
1044,2224,85.937500,25000000.000
1045,2170,59.570312,25000000.000
1046,2106,28.320312,25000000.000
1047,2100,25.390625,25000000.000
1048,1998,-24.414062,25000000.000
1049,1931,-57.128906,25000000.000
1050,1878,-83.007812,25000000.000
1051,1872,-85.937500,25000000.000
1052,1778,-131.835938,25000000.000
1053,1741,-149.902344,25000000.000
1054,1702,-168.945312,25000000.000
1055,1700,-169.921875,25000000.000
1056,1663,-187.988281,25000000.000
1057,1652,-193.359375,25000000.000
1058,1657,-190.917969,25000000.000
1059,1656,-191.406250,25000000.000
1060,1684,-177.734375,25000000.000
1061,1711,-164.550781,25000000.000
1062,1749,-145.996094,25000000.000
1063,1751,-145.019531,25000000.000
1064,1839,-102.050781,25000000.000
1065,1894,-75.195312,25000000.000
1066,1949,-48.339844,25000000.000
1067,1955,-45.410156,25000000.000
1068,2071,11.230469,25000000.000
1069,2132,41.015625,25000000.000
1070,2188,68.359375,25000000.000
1071,2195,71.777344,25000000.000
1072,2295,120.605469,25000000.000
1073,2339,142.089844,25000000.000
1074,2377,160.644531,25000000.000
1075,2381,162.597656,25000000.000
1076,2430,186.523438,25000000.000
1077,2441,191.894531,25000000.000
1078,2448,195.312500,25000000.000
1079,2445,193.847656,25000000.000
1080,2426,184.570312,25000000.000
1081,2402,172.851562,25000000.000
1082,2370,157.226562,25000000.000
1083,2365,154.785156,25000000.000
1084,2287,116.699219,25000000.000
1085,2233,90.332031,25000000.000
1086,2178,63.476562,25000000.000
1087,2172,60.546875,25000000.000
1088,2056,3.906250,25000000.000
1089,1998,-24.414062,25000000.000
1090,1938,-53.710938,25000000.000
1091,1932,-56.640625,25000000.000
1092,1828,-107.421875,25000000.000
1093,1781,-130.371094,25000000.000
1094,1740,-150.390625,25000000.000
1095,1736,-152.343750,25000000.000
1096,1682,-178.710938,25000000.000
1097,1665,-187.011719,25000000.000
1098,1656,-191.406250,25000000.000
1099,1656,-191.406250,25000000.000
1100,1671,-184.082031,25000000.000
1101,1690,-174.804688,25000000.000
1102,1715,-162.597656,25000000.000
1103,1727,-156.738281,25000000.000
1104,1812,-115.234375,25000000.000
1105,1834,-104.492188,25000000.000
1106,1931,-57.128906,25000000.000
1107,1911,-66.894531,25000000.000
1108,2017,-15.136719,25000000.000
1109,2074,12.695312,25000000.000
1110,2138,43.945312,25000000.000
1111,2146,47.851562,25000000.000
1112,2241,94.238281,25000000.000
1113,2295,120.605469,25000000.000
1114,2339,142.089844,25000000.000
1115,2344,144.531250,25000000.000
1116,2399,171.386719,25000000.000
1117,2423,183.105469,25000000.000
1118,2429,186.035156,25000000.000
1119,2432,187.500000,25000000.000
1120,2424,183.593750,25000000.000
1121,2412,177.734375,25000000.000
1122,2383,163.574219,25000000.000
1123,2382,163.085938,25000000.000
1124,2314,129.882812,25000000.000
1125,2269,107.910156,25000000.000
1126,2216,82.031250,25000000.000
1127,2211,79.589844,25000000.000
1128,2106,28.320312,25000000.000
1129,2045,-1.464844,25000000.000
1130,1986,-30.273438,25000000.000
1131,1980,-33.203125,25000000.000
1132,1875,-84.472656,25000000.000
1133,1826,-108.398438,25000000.000
1134,1781,-130.371094,25000000.000
1135,1778,-131.835938,25000000.000
1136,1712,-164.062500,25000000.000
1137,1693,-173.339844,25000000.000
1138,1675,-182.128906,25000000.000
1139,1674,-182.617188,25000000.000
1140,1710,-165.039062,25000000.000
1141,1681,-179.199219,25000000.000
1142,1701,-169.433594,25000000.000
1143,1706,-166.992188,25000000.000
1144,1778,-131.835938,25000000.000
1145,1804,-119.140625,25000000.000
1146,1860,-91.796875,25000000.000
1147,1860,-91.796875,25000000.000
1148,1966,-40.039062,25000000.000
1149,2020,-13.671875,25000000.000
1150,2078,14.648438,25000000.000
1151,2081,16.113281,25000000.000
1152,2188,68.359375,25000000.000
1153,2239,93.261719,25000000.000
1154,2282,114.257812,25000000.000
1155,2288,117.187500,25000000.000
1156,2357,150.878906,25000000.000
1157,2379,161.621094,25000000.000
1158,2401,172.363281,25000000.000
1159,2400,171.875000,25000000.000
1160,2408,175.781250,25000000.000
1161,2399,171.386719,25000000.000
1162,2385,164.550781,25000000.000
1163,2381,162.597656,25000000.000
1164,2325,135.253906,25000000.000
1165,2287,116.699219,25000000.000
1166,2241,94.238281,25000000.000
1167,2234,90.820312,25000000.000
1168,2138,43.945312,25000000.000
1169,2085,18.066406,25000000.000
1170,2025,-11.230469,25000000.000
1171,2021,-13.183594,25000000.000
1172,1919,-62.988281,25000000.000
1173,1866,-88.867188,25000000.000
1174,1821,-110.839844,25000000.000
1175,1817,-112.792969,25000000.000
1176,1744,-148.437500,25000000.000
1177,1716,-162.109375,25000000.000
1178,1701,-169.433594,25000000.000
1179,1698,-170.898438,25000000.000
1180,1678,-180.664062,25000000.000
1181,1696,-171.875000,25000000.000
1182,1705,-167.480469,25000000.000
1183,1706,-166.992188,25000000.000
1184,1760,-140.625000,25000000.000
1185,1799,-121.582031,25000000.000
1186,1840,-101.562500,25000000.000
1187,1847,-98.144531,25000000.000
1188,1942,-51.757812,25000000.000
1189,1997,-24.902344,25000000.000
1190,2054,2.929688,25000000.000
1191,2061,6.347656,25000000.000
1192,2167,58.105469,25000000.000
1193,2219,83.496094,25000000.000
1194,2270,108.398438,25000000.000
1195,2272,109.375000,25000000.000
1196,2349,146.972656,25000000.000
1197,2382,163.085938,25000000.000
1198,2403,173.339844,25000000.000
1199,2404,173.828125,25000000.000
1200,2425,184.082031,25000000.000
1201,2421,182.128906,25000000.000
1202,2408,175.781250,25000000.000
1203,2408,175.781250,25000000.000
1204,2359,151.855469,25000000.000
1205,2323,134.277344,25000000.000
1206,2280,113.281250,25000000.000
1207,2276,111.328125,25000000.000
1208,2178,63.476562,25000000.000
1209,2120,35.156250,25000000.000
1210,2063,7.324219,25000000.000
1211,2056,3.906250,25000000.000
1212,1947,-49.316406,25000000.000
1213,1888,-78.125000,25000000.000
1214,1836,-103.515625,25000000.000
1215,1830,-106.445312,25000000.000
1216,1749,-145.996094,25000000.000
1217,1715,-162.597656,25000000.000
1218,1687,-176.269531,25000000.000
1219,1686,-176.757812,25000000.000
1220,1661,-188.964844,25000000.000
1221,1663,-187.988281,25000000.000
1222,1671,-184.082031,25000000.000
1223,1675,-182.128906,25000000.000
1224,1718,-161.132812,25000000.000
1225,1752,-144.531250,25000000.000
1226,1793,-124.511719,25000000.000
1227,1797,-122.558594,25000000.000
1228,1896,-74.218750,25000000.000
1229,1949,-48.339844,25000000.000
1230,2008,-19.531250,25000000.000
1231,2013,-17.089844,25000000.000
1232,2126,38.085938,25000000.000
1233,2183,65.917969,25000000.000
1234,2234,90.820312,25000000.000
1235,2240,93.750000,25000000.000
1236,2327,136.230469,25000000.000
1237,2366,155.273438,25000000.000
1238,2392,167.968750,25000000.000
1239,2396,169.921875,25000000.000
1240,2426,184.570312,25000000.000
1241,2428,185.546875,25000000.000
1242,2424,183.593750,25000000.000
1243,2421,182.128906,25000000.000
1244,2386,165.039062,25000000.000
1245,2351,147.949219,25000000.000
1246,2314,129.882812,25000000.000
1247,2309,127.441406,25000000.000
1248,2215,81.542969,25000000.000
1249,2162,55.664062,25000000.000
1250,2103,26.855469,25000000.000
1251,2097,23.925781,25000000.000
1252,1983,-31.738281,25000000.000
1253,1927,-59.082031,25000000.000
1254,1869,-87.402344,25000000.000
1255,1866,-88.867188,25000000.000
1256,1773,-134.277344,25000000.000
1257,1735,-152.832031,25000000.000
1258,1703,-168.457031,25000000.000
1259,1700,-169.921875,25000000.000
1260,1664,-187.500000,25000000.000
1261,1656,-191.406250,25000000.000
1262,1664,-187.500000,25000000.000
1263,1663,-187.988281,25000000.000
1264,1695,-172.363281,25000000.000
1265,1727,-156.738281,25000000.000
1266,1763,-139.160156,25000000.000
1267,1767,-137.207031,25000000.000
1268,1859,-92.285156,25000000.000
1269,1915,-64.941406,25000000.000
1270,1970,-38.085938,25000000.000
1271,1979,-33.691406,25000000.000
1272,2091,20.996094,25000000.000
1273,2150,49.804688,25000000.000
1274,2210,79.101562,25000000.000
1275,2214,81.054688,25000000.000
1276,2311,128.417969,25000000.000
1277,2351,147.949219,25000000.000
1278,2389,166.503906,25000000.000
1279,2391,167.480469,25000000.000
1280,2433,187.988281,25000000.000
1281,2444,193.359375,25000000.000
1282,2444,193.359375,25000000.000
1283,2441,191.894531,25000000.000
1284,2418,180.664062,25000000.000
1285,2392,167.968750,25000000.000
1286,2355,149.902344,25000000.000
1287,2351,147.949219,25000000.000
1288,2268,107.421875,25000000.000
1289,2211,79.589844,25000000.000
1290,2152,50.781250,25000000.000
1291,2146,47.851562,25000000.000
1292,2032,-7.812500,25000000.000
1293,1970,-38.085938,25000000.000
1294,1913,-65.917969,25000000.000
1295,1904,-70.312500,25000000.000
1296,1804,-119.140625,25000000.000
1297,1757,-142.089844,25000000.000
1298,1718,-161.132812,25000000.000
1299,1713,-163.574219,25000000.000
1300,1663,-187.988281,25000000.000
1301,1653,-192.871094,25000000.000
1302,1644,-197.265625,25000000.000
1303,1647,-195.800781,25000000.000
1304,1666,-186.523438,25000000.000
1305,1689,-175.292969,25000000.000
1306,1724,-158.203125,25000000.000
1307,1726,-157.226562,25000000.000
1308,1809,-116.699219,25000000.000
1309,1858,-92.773438,25000000.000
1310,1917,-63.964844,25000000.000
1311,1923,-61.035156,25000000.000
1312,2039,-4.394531,25000000.000
1313,2102,26.367188,25000000.000
1314,2160,54.687500,25000000.000
1315,2164,56.640625,25000000.000
1316,2271,108.886719,25000000.000
1317,2322,133.789062,25000000.000
1318,2362,153.320312,25000000.000
1319,2365,154.785156,25000000.000
1320,2420,181.640625,25000000.000
1321,2440,191.406250,25000000.000
1322,2448,195.312500,25000000.000
1323,2449,195.800781,25000000.000
1324,2433,187.988281,25000000.000
1325,2418,180.664062,25000000.000
1326,2392,167.968750,25000000.000
1327,2390,166.992188,25000000.000
1328,2310,127.929688,25000000.000
1329,2260,103.515625,25000000.000
1330,2200,74.218750,25000000.000
1331,2195,71.777344,25000000.000
1332,2083,17.089844,25000000.000
1333,2023,-12.207031,25000000.000
1334,1959,-43.457031,25000000.000
1335,1953,-46.386719,25000000.000
1336,1845,-99.121094,25000000.000
1337,1792,-125.000000,25000000.000
1338,1750,-145.507812,25000000.000
1339,1745,-147.949219,25000000.000
1340,1679,-180.175781,25000000.000
1341,1660,-189.453125,25000000.000
1342,1648,-195.312500,25000000.000
1343,1648,-195.312500,25000000.000
1344,1654,-192.382812,25000000.000
1345,1668,-185.546875,25000000.000
1346,1691,-174.316406,25000000.000
1347,1695,-172.363281,25000000.000
1348,1767,-137.207031,25000000.000
1349,1814,-114.257812,25000000.000
1350,1867,-88.378906,25000000.000
1351,1872,-85.937500,25000000.000
1352,1984,-31.250000,25000000.000
1353,2045,-1.464844,25000000.000
1354,2105,27.832031,25000000.000
1355,2112,31.250000,25000000.000
1356,2223,85.449219,25000000.000
1357,2275,110.839844,25000000.000
1358,2325,135.253906,25000000.000
1359,2328,136.718750,25000000.000
1360,2400,171.875000,25000000.000
1361,2421,182.128906,25000000.000
1362,2440,191.406250,25000000.000
1363,2441,191.894531,25000000.000
1364,2446,194.335938,25000000.000
1365,2434,188.476562,25000000.000
1366,2413,178.222656,25000000.000
1367,2410,176.757812,25000000.000
1368,2348,146.484375,25000000.000
1369,2305,125.488281,25000000.000
1370,2254,100.585938,25000000.000
1371,2250,98.632812,25000000.000
1372,2141,45.410156,25000000.000
1373,2080,15.625000,25000000.000
1374,2020,-13.671875,25000000.000
1375,2014,-16.601562,25000000.000
1376,1900,-72.265625,25000000.000
1377,1842,-100.585938,25000000.000
1378,1795,-123.535156,25000000.000
1379,1788,-126.953125,25000000.000
1380,1710,-165.039062,25000000.000
1381,1685,-177.246094,25000000.000
1382,1659,-189.941406,25000000.000
1383,1659,-189.941406,25000000.000
1384,1646,-196.289062,25000000.000
1385,1653,-192.871094,25000000.000
1386,1667,-186.035156,25000000.000
1387,1672,-183.593750,25000000.000
1388,1725,-157.714844,25000000.000
1389,1766,-137.695312,25000000.000
1390,1813,-114.746094,25000000.000
1391,1821,-110.839844,25000000.000
1392,1923,-61.035156,25000000.000
1393,1983,-31.738281,25000000.000
1394,2045,-1.464844,25000000.000
1395,2049,0.488281,25000000.000
1396,2161,55.175781,25000000.000
1397,2219,83.496094,25000000.000
1398,2272,109.375000,25000000.000
1399,2276,111.328125,25000000.000
1400,2358,151.367188,25000000.000
1401,2394,168.945312,25000000.000
1402,2418,180.664062,25000000.000
1403,2419,181.152344,25000000.000
1404,2442,192.382812,25000000.000
1405,2439,190.917969,25000000.000
1406,2429,186.035156,25000000.000
1407,2428,185.546875,25000000.000
1408,2381,162.597656,25000000.000
1409,2343,144.042969,25000000.000
1410,2299,122.558594,25000000.000
1411,2294,120.117188,25000000.000
1412,2197,72.753906,25000000.000
1413,2139,44.433594,25000000.000
1414,2077,14.160156,25000000.000
1415,2071,11.230469,25000000.000
1416,1958,-43.945312,25000000.000
1417,1902,-71.289062,25000000.000
1418,1845,-99.121094,25000000.000
1419,1843,-100.097656,25000000.000
1420,1753,-144.042969,25000000.000
1421,1718,-161.132812,25000000.000
1422,1689,-175.292969,25000000.000
1423,1688,-175.781250,25000000.000
1424,1659,-189.941406,25000000.000
1425,1656,-191.406250,25000000.000
1426,1664,-187.500000,25000000.000
1427,1666,-186.523438,25000000.000
1428,1707,-166.503906,25000000.000
1429,1740,-150.390625,25000000.000
1430,1780,-130.859375,25000000.000
1431,1783,-129.394531,25000000.000
1432,1878,-83.007812,25000000.000
1433,1933,-56.152344,25000000.000
1434,1991,-27.832031,25000000.000
1435,1999,-23.925781,25000000.000
1436,2109,29.785156,25000000.000
1437,2169,59.082031,25000000.000
1438,2222,84.960938,25000000.000
1439,2228,87.890625,25000000.000
1440,2317,131.347656,25000000.000
1441,2356,150.390625,25000000.000
1442,2387,165.527344,25000000.000
1443,2389,166.503906,25000000.000
1444,2425,184.082031,25000000.000
1445,2428,185.546875,25000000.000
1446,2425,184.082031,25000000.000
1447,2424,183.593750,25000000.000
1448,2391,167.480469,25000000.000
1449,2362,153.320312,25000000.000
1450,2323,134.277344,25000000.000
1451,2319,132.324219,25000000.000
1452,2229,88.378906,25000000.000
1453,2178,63.476562,25000000.000
1454,2119,34.667969,25000000.000
1455,2114,32.226562,25000000.000
1456,2002,-22.460938,25000000.000
1457,1941,-52.246094,25000000.000
1458,1887,-78.613281,25000000.000
1459,1883,-80.566406,25000000.000
1460,1788,-126.953125,25000000.000
1461,1746,-147.460938,25000000.000
1462,1715,-162.597656,25000000.000
1463,1710,-165.039062,25000000.000
1464,1670,-184.570312,25000000.000
1465,1663,-187.988281,25000000.000
1466,1665,-187.011719,25000000.000
1467,1665,-187.011719,25000000.000
1468,1691,-174.316406,25000000.000
1469,1721,-159.667969,25000000.000
1470,1756,-142.578125,25000000.000
1471,1760,-140.625000,25000000.000
1472,1845,-99.121094,25000000.000
1473,1899,-72.753906,25000000.000
1474,1955,-45.410156,25000000.000
1475,1960,-42.968750,25000000.000
1476,2074,12.695312,25000000.000
1477,2128,39.062500,25000000.000
1478,2187,67.871094,25000000.000
1479,2192,70.312500,25000000.000
1480,2288,117.187500,25000000.000
1481,2333,139.160156,25000000.000
1482,2368,156.250000,25000000.000
1483,2372,158.203125,25000000.000
1484,2415,179.199219,25000000.000
1485,2432,187.500000,25000000.000
1486,2430,186.523438,25000000.000
1487,2418,180.664062,25000000.000
1488,2402,172.851562,25000000.000
1489,2392,167.968750,25000000.000
1490,2348,146.484375,25000000.000
1491,2346,145.507812,25000000.000
1492,2270,108.398438,25000000.000
1493,2220,83.984375,25000000.000
1494,2164,56.640625,25000000.000
1495,2155,52.246094,25000000.000
1496,2047,-0.488281,25000000.000
1497,1984,-31.250000,25000000.000
1498,1927,-59.082031,25000000.000
1499,1916,-64.453125,25000000.000
1500,1821,-110.839844,25000000.000
1501,1778,-131.835938,25000000.000
1502,1734,-153.320312,25000000.000
1503,1734,-153.320312,25000000.000
1504,1678,-180.664062,25000000.000
1505,1662,-188.476562,25000000.000
1506,1660,-189.453125,25000000.000
1507,1661,-188.964844,25000000.000
1508,1675,-182.128906,25000000.000
1509,1697,-171.386719,25000000.000
1510,1726,-157.226562,25000000.000
1511,1728,-156.250000,25000000.000
1512,1808,-117.187500,25000000.000
1513,1857,-93.261719,25000000.000
1514,1910,-67.382812,25000000.000
1515,1915,-64.941406,25000000.000
1516,2029,-9.277344,25000000.000
1517,2088,19.531250,25000000.000
1518,2145,47.363281,25000000.000
1519,2153,51.269531,25000000.000
1520,2257,102.050781,25000000.000
1521,2303,124.511719,25000000.000
1522,2346,145.507812,25000000.000
1523,2352,148.437500,25000000.000
1524,2406,174.804688,25000000.000
1525,2426,184.570312,25000000.000
1526,2424,183.593750,25000000.000
1527,2429,186.035156,25000000.000
1528,2426,184.570312,25000000.000
1529,2407,175.292969,25000000.000
1530,2379,161.621094,25000000.000
1531,2372,158.203125,25000000.000
1532,2302,124.023438,25000000.000
1533,2253,100.097656,25000000.000
1534,2199,73.730469,25000000.000
1535,2196,72.265625,25000000.000
1536,2081,16.113281,25000000.000
1537,2022,-12.695312,25000000.000
1538,1962,-41.992188,25000000.000
1539,1956,-44.921875,25000000.000
1540,1848,-97.656250,25000000.000
1541,1796,-123.046875,25000000.000
1542,1751,-145.019531,25000000.000
1543,1747,-146.972656,25000000.000
1544,1685,-177.246094,25000000.000
1545,1662,-188.476562,25000000.000
1546,1649,-194.824219,25000000.000
1547,1648,-195.312500,25000000.000
1548,1652,-193.359375,25000000.000
1549,1668,-185.546875,25000000.000
1550,1691,-174.316406,25000000.000
1551,1696,-171.875000,25000000.000
1552,1766,-137.695312,25000000.000
1553,1815,-113.769531,25000000.000
1554,1868,-87.890625,25000000.000
1555,1875,-84.472656,25000000.000
1556,1986,-30.273438,25000000.000
1557,2047,-0.488281,25000000.000
1558,2111,30.761719,25000000.000
1559,2116,33.203125,25000000.000
1560,2229,88.378906,25000000.000
1561,2279,112.792969,25000000.000
1562,2330,137.695312,25000000.000
1563,2333,139.160156,25000000.000
1564,2408,175.781250,25000000.000
1565,2432,187.500000,25000000.000
1566,2438,190.429688,25000000.000
1567,2460,201.171875,25000000.000
1568,2462,202.148438,25000000.000
1569,2444,193.359375,25000000.000
1570,2427,185.058594,25000000.000
1571,2416,179.687500,25000000.000
1572,2358,151.367188,25000000.000
1573,2307,126.464844,25000000.000
1574,2257,102.050781,25000000.000
1575,2252,99.609375,25000000.000
1576,2143,46.386719,25000000.000
1577,2077,14.160156,25000000.000
1578,2015,-16.113281,25000000.000
1579,2009,-19.042969,25000000.000
1580,1892,-76.171875,25000000.000
1581,1836,-103.515625,25000000.000
1582,1784,-128.906250,25000000.000
1583,1780,-130.859375,25000000.000
1584,1702,-168.945312,25000000.000
1585,1675,-182.128906,25000000.000
1586,1651,-193.847656,25000000.000
1587,1650,-194.335938,25000000.000
1588,1639,-199.707031,25000000.000
1589,1646,-196.289062,25000000.000
1590,1662,-188.476562,25000000.000
1591,1666,-186.523438,25000000.000
1592,1725,-157.714844,25000000.000
1593,1764,-138.671875,25000000.000
1594,1815,-113.769531,25000000.000
1595,1819,-111.816406,25000000.000
1596,1926,-59.570312,25000000.000
1597,1988,-29.296875,25000000.000
1598,2049,0.488281,25000000.000
1599,2055,3.417969,25000000.000
1600,2174,61.523438,25000000.000
1601,2226,86.914062,25000000.000
1602,2281,113.769531,25000000.000
1603,2285,115.722656,25000000.000
1604,2368,156.250000,25000000.000
1605,2401,172.363281,25000000.000
1606,2430,186.523438,25000000.000
1607,2433,187.988281,25000000.000
1608,2453,197.753906,25000000.000
1609,2450,196.289062,25000000.000
1610,2432,187.500000,25000000.000
1611,2451,196.777344,25000000.000
1612,2370,157.226562,25000000.000
1613,2345,145.019531,25000000.000
1614,2289,117.675781,25000000.000
1615,2296,121.093750,25000000.000
1616,2189,68.847656,25000000.000
1617,2135,42.480469,25000000.000
1618,2066,8.789062,25000000.000
1619,2063,7.324219,25000000.000
1620,1942,-51.757812,25000000.000
1621,1885,-79.589844,25000000.000
1622,1832,-105.468750,25000000.000
1623,1827,-107.910156,25000000.000
1624,1736,-152.343750,25000000.000
1625,1701,-169.433594,25000000.000
1626,1675,-182.128906,25000000.000
1627,1671,-184.082031,25000000.000
1628,1643,-197.753906,25000000.000
1629,1643,-197.753906,25000000.000
1630,1648,-195.312500,25000000.000
1631,1654,-192.382812,25000000.000
1632,1695,-172.363281,25000000.000
1633,1734,-153.320312,25000000.000
1634,1774,-133.789062,25000000.000
1635,1781,-130.371094,25000000.000
1636,1881,-81.542969,25000000.000
1637,1937,-54.199219,25000000.000
1638,1998,-24.414062,25000000.000
1639,2025,-11.230469,25000000.000
1640,2132,41.015625,25000000.000
1641,2175,62.011719,25000000.000
1642,2238,92.773438,25000000.000
1643,2245,96.191406,25000000.000
1644,2344,144.531250,25000000.000
1645,2375,159.667969,25000000.000
1646,2408,175.781250,25000000.000
1647,2412,177.734375,25000000.000
1648,2448,195.312500,25000000.000
1649,2454,198.242188,25000000.000
1650,2446,194.335938,25000000.000
1651,2446,194.335938,25000000.000
1652,2412,177.734375,25000000.000
1653,2380,162.109375,25000000.000
1654,2344,144.531250,25000000.000
1655,2341,143.066406,25000000.000
1656,2243,95.214844,25000000.000
1657,2188,68.359375,25000000.000
1658,2127,38.574219,25000000.000
1659,2121,35.644531,25000000.000
1660,2004,-21.484375,25000000.000
1661,1940,-52.734375,25000000.000
1662,1884,-80.078125,25000000.000
1663,1878,-83.007812,25000000.000
1664,1779,-131.347656,25000000.000
1665,1738,-151.367188,25000000.000
1666,1700,-169.921875,25000000.000
1667,1697,-171.386719,25000000.000
1668,1654,-192.382812,25000000.000
1669,1646,-196.289062,25000000.000
1670,1646,-196.289062,25000000.000
1671,1648,-195.312500,25000000.000
1672,1674,-182.617188,25000000.000
1673,1702,-168.945312,25000000.000
1674,1738,-151.367188,25000000.000
1675,1741,-149.902344,25000000.000
1676,1832,-105.468750,25000000.000
1677,1881,-81.542969,25000000.000
1678,1943,-51.269531,25000000.000
1679,1948,-48.828125,25000000.000
1680,2062,6.835938,25000000.000
1681,2125,37.597656,25000000.000
1682,2181,64.941406,25000000.000
1683,2188,68.359375,25000000.000
1684,2288,117.187500,25000000.000
1685,2336,140.625000,25000000.000
1686,2371,157.714844,25000000.000
1687,2377,160.644531,25000000.000
1688,2427,185.058594,25000000.000
1689,2439,190.917969,25000000.000
1690,2444,193.359375,25000000.000
1691,2444,193.359375,25000000.000
1692,2427,185.058594,25000000.000
1693,2400,171.875000,25000000.000
1694,2372,158.203125,25000000.000
1695,2366,155.273438,25000000.000
1696,2285,115.722656,25000000.000
1697,2234,90.820312,25000000.000
1698,2177,62.988281,25000000.000
1699,2170,59.570312,25000000.000
1700,2057,4.394531,25000000.000
1701,1997,-24.902344,25000000.000
1702,1934,-55.664062,25000000.000
1703,1932,-56.640625,25000000.000
1704,1827,-107.910156,25000000.000
1705,1776,-132.812500,25000000.000
1706,1738,-151.367188,25000000.000
1707,1734,-153.320312,25000000.000
1708,1677,-181.152344,25000000.000
1709,1658,-190.429688,25000000.000
1710,1650,-194.335938,25000000.000
1711,1649,-194.824219,25000000.000
1712,1663,-187.988281,25000000.000
1713,1681,-179.199219,25000000.000
1714,1708,-166.015625,25000000.000
1715,1710,-165.039062,25000000.000
1716,1787,-127.441406,25000000.000
1717,1837,-103.027344,25000000.000
1718,1890,-77.148438,25000000.000
1719,1896,-74.218750,25000000.000
1720,2009,-19.042969,25000000.000
1721,2068,9.765625,25000000.000
1722,2129,39.550781,25000000.000
1723,2137,43.457031,25000000.000
1724,2243,95.214844,25000000.000
1725,2292,119.140625,25000000.000
1726,2339,142.089844,25000000.000
1727,2340,142.578125,25000000.000
1728,2403,173.339844,25000000.000
1729,2426,184.570312,25000000.000
1730,2438,190.429688,25000000.000
1731,2437,189.941406,25000000.000
1732,2441,191.894531,25000000.000
1733,2435,188.964844,25000000.000
1734,2396,169.921875,25000000.000
1735,2402,172.851562,25000000.000
1736,2335,140.136719,25000000.000
1737,2278,112.304688,25000000.000
1738,2235,91.308594,25000000.000
1739,2231,89.355469,25000000.000
1740,2116,33.203125,25000000.000
1741,2055,3.417969,25000000.000
1742,1999,-23.925781,25000000.000
1743,1992,-27.343750,25000000.000
1744,1882,-81.054688,25000000.000
1745,1828,-107.421875,25000000.000
1746,1780,-130.859375,25000000.000
1747,1777,-132.324219,25000000.000
1748,1708,-166.015625,25000000.000
1749,1683,-178.222656,25000000.000
1750,1664,-187.500000,25000000.000
1751,1666,-186.523438,25000000.000
1752,1658,-190.429688,25000000.000
1753,1673,-183.105469,25000000.000
1754,1692,-173.828125,25000000.000
1755,1696,-171.875000,25000000.000
1756,1757,-142.089844,25000000.000
1757,1798,-122.070312,25000000.000
1758,1848,-97.656250,25000000.000
1759,1852,-95.703125,25000000.000
1760,1957,-44.433594,25000000.000
1761,2008,-19.531250,25000000.000
1762,2075,13.183594,25000000.000
1763,2080,15.625000,25000000.000
1764,2191,69.824219,25000000.000
1765,2244,95.703125,25000000.000
1766,2294,120.117188,25000000.000
1767,2295,120.605469,25000000.000
1768,2368,156.250000,25000000.000
1769,2399,171.386719,25000000.000
1770,2415,179.199219,25000000.000
1771,2417,180.175781,25000000.000
1772,2429,186.035156,25000000.000
1773,2420,181.640625,25000000.000
1774,2405,174.316406,25000000.000
1775,2402,172.851562,25000000.000
1776,2346,145.507812,25000000.000
1777,2303,124.511719,25000000.000
1778,2260,103.515625,25000000.000
1779,2255,101.074219,25000000.000
1780,2151,50.292969,25000000.000
1781,2094,22.460938,25000000.000
1782,2036,-5.859375,25000000.000
1783,2030,-8.789062,25000000.000
1784,1920,-62.500000,25000000.000
1785,1867,-88.378906,25000000.000
1786,1815,-113.769531,25000000.000
1787,1811,-115.722656,25000000.000
1788,1735,-152.832031,25000000.000
1789,1704,-167.968750,25000000.000
1790,1682,-178.710938,25000000.000
1791,1682,-178.710938,25000000.000
1792,1666,-186.523438,25000000.000
1793,1667,-186.035156,25000000.000
1794,1684,-177.734375,25000000.000
1795,1685,-177.246094,25000000.000
1796,1736,-152.343750,25000000.000
1797,1776,-132.812500,25000000.000
1798,1818,-112.304688,25000000.000
1799,1822,-110.351562,25000000.000
1800,1923,-61.035156,25000000.000
1801,1982,-32.226562,25000000.000
1802,2039,-4.394531,25000000.000
1803,2044,-1.953125,25000000.000
1804,2154,51.757812,25000000.000
1805,2211,79.589844,25000000.000
1806,2261,104.003906,25000000.000
1807,2267,106.933594,25000000.000
1808,2348,146.484375,25000000.000
1809,2380,162.109375,25000000.000
1810,2406,174.804688,25000000.000
1811,2406,174.804688,25000000.000
1812,2432,187.500000,25000000.000
1813,2432,187.500000,25000000.000
1814,2421,182.128906,25000000.000
1815,2420,181.640625,25000000.000
1816,2375,159.667969,25000000.000
1817,2342,143.554688,25000000.000
1818,2298,122.070312,25000000.000
1819,2296,121.093750,25000000.000
1820,2199,73.730469,25000000.000
1821,2142,45.898438,25000000.000
1822,2084,17.578125,25000000.000
1823,2080,15.625000,25000000.000
1824,1967,-39.550781,25000000.000
1825,1906,-69.335938,25000000.000
1826,1857,-93.261719,25000000.000
1827,1848,-97.656250,25000000.000
1828,1763,-139.160156,25000000.000
1829,1724,-158.203125,25000000.000
1830,1696,-171.875000,25000000.000
1831,1691,-174.316406,25000000.000
1832,1661,-188.964844,25000000.000
1833,1663,-187.988281,25000000.000
1834,1665,-187.011719,25000000.000
1835,1681,-179.199219,25000000.000
1836,1705,-167.480469,25000000.000
1837,1734,-153.320312,25000000.000
1838,1779,-131.347656,25000000.000
1839,1783,-129.394531,25000000.000
1840,1871,-86.425781,25000000.000
1841,1924,-60.546875,25000000.000
1842,1986,-30.273438,25000000.000
1843,1989,-28.808594,25000000.000
1844,2102,26.367188,25000000.000
1845,2159,54.199219,25000000.000
1846,2212,80.078125,25000000.000
1847,2217,82.519531,25000000.000
1848,2308,126.953125,25000000.000
1849,2349,146.972656,25000000.000
1850,2378,161.132812,25000000.000
1851,2383,163.574219,25000000.000
1852,2418,180.664062,25000000.000
1853,2427,185.058594,25000000.000
1854,2426,184.570312,25000000.000
1855,2426,184.570312,25000000.000
1856,2393,168.457031,25000000.000
1857,2366,155.273438,25000000.000
1858,2329,137.207031,25000000.000
1859,2325,135.253906,25000000.000
1860,2238,92.773438,25000000.000
1861,2185,66.894531,25000000.000
1862,2129,39.550781,25000000.000
1863,2122,36.132812,25000000.000
1864,2010,-18.554688,25000000.000
1865,1954,-45.898438,25000000.000
1866,1897,-73.730469,25000000.000
1867,1893,-75.683594,25000000.000
1868,1796,-123.046875,25000000.000
1869,1756,-142.578125,25000000.000
1870,1719,-160.644531,25000000.000
1871,1718,-161.132812,25000000.000
1872,1675,-182.128906,25000000.000
1873,1667,-186.035156,25000000.000
1874,1659,-189.941406,25000000.000
1875,1664,-187.500000,25000000.000
1876,1686,-176.757812,25000000.000
1877,1714,-163.085938,25000000.000
1878,1745,-147.949219,25000000.000
1879,1750,-145.507812,25000000.000
1880,1833,-104.980469,25000000.000
1881,1884,-80.078125,25000000.000
1882,1939,-53.222656,25000000.000
1883,1948,-48.828125,25000000.000
1884,2057,4.394531,25000000.000
1885,2118,34.179688,25000000.000
1886,2174,61.523438,25000000.000
1887,2181,64.941406,25000000.000
1888,2278,112.304688,25000000.000
1889,2323,134.277344,25000000.000
1890,2362,153.320312,25000000.000
1891,2366,155.273438,25000000.000
1892,2416,179.687500,25000000.000
1893,2427,185.058594,25000000.000
1894,2436,189.453125,25000000.000
1895,2433,187.988281,25000000.000
1896,2417,180.175781,25000000.000
1897,2395,169.433594,25000000.000
1898,2367,155.761719,25000000.000
1899,2362,153.320312,25000000.000
1900,2283,114.746094,25000000.000
1901,2235,91.308594,25000000.000
1902,2181,64.941406,25000000.000
1903,2171,60.058594,25000000.000
1904,2062,6.835938,25000000.000
1905,1987,-29.785156,25000000.000
1906,1936,-54.687500,25000000.000
1907,1947,-49.316406,25000000.000
1908,1840,-101.562500,25000000.000
1909,1786,-127.929688,25000000.000
1910,1745,-147.949219,25000000.000
1911,1743,-148.925781,25000000.000
1912,1683,-178.222656,25000000.000
1913,1665,-187.011719,25000000.000
1914,1656,-191.406250,25000000.000
1915,1653,-192.871094,25000000.000
1916,1665,-187.011719,25000000.000
1917,1684,-177.734375,25000000.000
1918,1709,-165.527344,25000000.000
1919,1713,-163.574219,25000000.000
1920,1788,-126.953125,25000000.000
1921,1833,-104.980469,25000000.000
1922,1889,-77.636719,25000000.000
1923,1896,-74.218750,25000000.000
1924,2006,-20.507812,25000000.000
1925,2061,6.347656,25000000.000
1926,2122,36.132812,25000000.000
1927,2122,36.132812,25000000.000
1928,2235,91.308594,25000000.000
1929,2282,114.257812,25000000.000
1930,2333,139.160156,25000000.000
1931,2337,141.113281,25000000.000
1932,2399,171.386719,25000000.000
1933,2421,182.128906,25000000.000
1934,2433,187.988281,25000000.000
1935,2436,189.453125,25000000.000
1936,2433,187.988281,25000000.000
1937,2422,182.617188,25000000.000
1938,2395,169.433594,25000000.000
1939,2398,170.898438,25000000.000
1940,2326,135.742188,25000000.000
1941,2282,114.257812,25000000.000
1942,2234,90.820312,25000000.000
1943,2228,87.890625,25000000.000
1944,2118,34.179688,25000000.000
1945,2060,5.859375,25000000.000
1946,1997,-24.902344,25000000.000
1947,1992,-27.343750,25000000.000
1948,1880,-82.031250,25000000.000
1949,1829,-106.933594,25000000.000
1950,1780,-130.859375,25000000.000
1951,1778,-131.835938,25000000.000
1952,1705,-167.480469,25000000.000
1953,1680,-179.687500,25000000.000
1954,1664,-187.500000,25000000.000
1955,1662,-188.476562,25000000.000
1956,1655,-191.894531,25000000.000
1957,1664,-187.500000,25000000.000
1958,1685,-177.246094,25000000.000
1959,1686,-176.757812,25000000.000
1960,1748,-146.484375,25000000.000
1961,1789,-126.464844,25000000.000
1962,1838,-102.539062,25000000.000
1963,1843,-100.097656,25000000.000
1964,1949,-48.339844,25000000.000
1965,2010,-18.554688,25000000.000
1966,2069,10.253906,25000000.000
1967,2074,12.695312,25000000.000
1968,2186,67.382812,25000000.000
1969,2241,94.238281,25000000.000
1970,2293,119.628906,25000000.000
1971,2297,121.582031,25000000.000
1972,2375,159.667969,25000000.000
1973,2405,174.316406,25000000.000
1974,2426,184.570312,25000000.000
1975,2428,185.546875,25000000.000
1976,2443,192.871094,25000000.000
1977,2435,188.964844,25000000.000
1978,2422,182.617188,25000000.000
1979,2417,180.175781,25000000.000
1980,2364,154.296875,25000000.000
1981,2327,136.230469,25000000.000
1982,2282,114.257812,25000000.000
1983,2278,112.304688,25000000.000
1984,2171,60.058594,25000000.000
1985,2116,33.203125,25000000.000
1986,2055,3.417969,25000000.000
1987,2048,0.000000,25000000.000
1988,1936,-54.687500,25000000.000
1989,1877,-83.496094,25000000.000
1990,1827,-107.910156,25000000.000
1991,1820,-111.328125,25000000.000
1992,1737,-151.855469,25000000.000
1993,1701,-169.433594,25000000.000
1994,1678,-180.664062,25000000.000
1995,1674,-182.617188,25000000.000
1996,1652,-193.359375,25000000.000
1997,1654,-192.382812,25000000.000
1998,1667,-186.035156,25000000.000
1999,1667,-186.035156,25000000.000
2000,1713,-163.574219,25000000.000
2001,1752,-144.531250,25000000.000
2002,1794,-124.023438,25000000.000
2003,1799,-121.582031,25000000.000
2004,1899,-72.753906,25000000.000
2005,1956,-44.921875,25000000.000
2006,2015,-16.113281,25000000.000
2007,2023,-12.207031,25000000.000
2008,2138,43.945312,25000000.000
2009,2193,70.800781,25000000.000
2010,2247,97.167969,25000000.000
2011,2252,99.609375,25000000.000
2012,2340,142.578125,25000000.000
2013,2376,160.156250,25000000.000
2014,2405,174.316406,25000000.000
2015,2408,175.781250,25000000.000
2016,2436,189.453125,25000000.000
2017,2442,192.382812,25000000.000
2018,2433,187.988281,25000000.000
2019,2431,187.011719,25000000.000
2020,2391,167.480469,25000000.000
2021,2359,151.855469,25000000.000
2022,2320,132.812500,25000000.000
2023,2316,130.859375,25000000.000
2024,2220,83.984375,25000000.000
2025,2161,55.175781,25000000.000
2026,2105,27.832031,25000000.000
2027,2098,24.414062,25000000.000
2028,1983,-31.738281,25000000.000
2029,1924,-60.546875,25000000.000
2030,1865,-89.355469,25000000.000
2031,1860,-91.796875,25000000.000
2032,1769,-136.230469,25000000.000
2033,1730,-155.273438,25000000.000
2034,1694,-172.851562,25000000.000
2035,1693,-173.339844,25000000.000
2036,1657,-190.917969,25000000.000
2037,1651,-193.847656,25000000.000
2038,1655,-191.894531,25000000.000
2039,1657,-190.917969,25000000.000
2040,1688,-175.781250,25000000.000
2041,1717,-161.621094,25000000.000
2042,1757,-142.089844,25000000.000
2043,1759,-141.113281,25000000.000
2044,1851,-96.191406,25000000.000
2045,1907,-68.847656,25000000.000
2046,1963,-41.503906,25000000.000
2047,1969,-38.574219,25000000.000
2048,2085,18.066406,25000000.000
2049,2144,46.875000,25000000.000
2050,2201,74.707031,25000000.000
2051,2209,78.613281,25000000.000
2052,2302,124.023438,25000000.000
2053,2346,145.507812,25000000.000
2054,2381,162.597656,25000000.000
2055,2386,165.039062,25000000.000
2056,2428,185.546875,25000000.000
2057,2437,189.941406,25000000.000
2058,2439,190.917969,25000000.000
2059,2438,190.429688,25000000.000
2060,2412,177.734375,25000000.000
2061,2386,165.039062,25000000.000
2062,2351,147.949219,25000000.000
2063,2346,145.507812,25000000.000
2064,2261,104.003906,25000000.000
2065,2210,79.101562,25000000.000
2066,2150,49.804688,25000000.000
2067,2146,47.851562,25000000.000
2068,2032,-7.812500,25000000.000
2069,1973,-36.621094,25000000.000
2070,1913,-65.917969,25000000.000
2071,1909,-67.871094,25000000.000
2072,1808,-117.187500,25000000.000
2073,1762,-139.648438,25000000.000
2074,1725,-157.714844,25000000.000
2075,1721,-159.667969,25000000.000
2076,1674,-182.617188,25000000.000
2077,1658,-190.429688,25000000.000
2078,1654,-192.382812,25000000.000
2079,1654,-192.382812,25000000.000
2080,1674,-182.617188,25000000.000
2081,1698,-170.898438,25000000.000
2082,1727,-156.738281,25000000.000
2083,1732,-154.296875,25000000.000
2084,1812,-115.234375,25000000.000
2085,1865,-89.355469,25000000.000
2086,1920,-62.500000,25000000.000
2087,1926,-59.570312,25000000.000
2088,2040,-3.906250,25000000.000
2089,2098,24.414062,25000000.000
2090,2159,54.199219,25000000.000
2091,2163,56.152344,25000000.000
2092,2268,107.421875,25000000.000
2093,2313,129.394531,25000000.000
2094,2356,150.390625,25000000.000
2095,2358,151.367188,25000000.000
2096,2414,178.710938,25000000.000
2097,2436,189.453125,25000000.000
2098,2440,191.406250,25000000.000
2099,2438,190.429688,25000000.000
2100,2457,199.707031,25000000.000
2101,2409,176.269531,25000000.000
2102,2376,160.156250,25000000.000
2103,2387,165.527344,25000000.000
2104,2300,123.046875,25000000.000
2105,2257,102.050781,25000000.000
2106,2197,72.753906,25000000.000
2107,2191,69.824219,25000000.000
2108,2082,16.601562,25000000.000
2109,2019,-14.160156,25000000.000
2110,1960,-42.968750,25000000.000
2111,1952,-46.875000,25000000.000
2112,1848,-97.656250,25000000.000
2113,1797,-122.558594,25000000.000
2114,1752,-144.531250,25000000.000
2115,1747,-146.972656,25000000.000
2116,1686,-176.757812,25000000.000
2117,1669,-185.058594,25000000.000
2118,1654,-192.382812,25000000.000
2119,1653,-192.871094,25000000.000
2120,1660,-189.453125,25000000.000
2121,1675,-182.128906,25000000.000
2122,1702,-168.945312,25000000.000
2123,1705,-167.480469,25000000.000
2124,1775,-133.300781,25000000.000
2125,1821,-110.839844,25000000.000
2126,1875,-84.472656,25000000.000
2127,1878,-83.007812,25000000.000
2128,1990,-28.320312,25000000.000
2129,2051,1.464844,25000000.000
2130,2110,30.273438,25000000.000
2131,2114,32.226562,25000000.000
2132,2223,85.449219,25000000.000
2133,2282,114.257812,25000000.000
2134,2320,132.812500,25000000.000
2135,2328,136.718750,25000000.000
2136,2394,168.945312,25000000.000
2137,2418,180.664062,25000000.000
2138,2444,193.359375,25000000.000
2139,2439,190.917969,25000000.000
2140,2443,192.871094,25000000.000
2141,2424,183.593750,25000000.000
2142,2404,173.828125,25000000.000
2143,2401,172.363281,25000000.000
2144,2338,141.601562,25000000.000
2145,2296,121.093750,25000000.000
2146,2245,96.191406,25000000.000
2147,2238,92.773438,25000000.000
2148,2131,40.527344,25000000.000
2149,2072,11.718750,25000000.000
2150,2009,-19.042969,25000000.000
2151,2005,-20.996094,25000000.000
2152,1894,-75.195312,25000000.000
2153,1838,-102.539062,25000000.000
2154,1792,-125.000000,25000000.000
2155,1788,-126.953125,25000000.000
2156,1712,-164.062500,25000000.000
2157,1683,-178.222656,25000000.000
2158,1666,-186.523438,25000000.000
2159,1663,-187.988281,25000000.000
2160,1653,-192.871094,25000000.000
2161,1663,-187.988281,25000000.000
2162,1678,-180.664062,25000000.000
2163,1679,-180.175781,25000000.000
2164,1739,-150.878906,25000000.000
2165,1783,-129.394531,25000000.000
2166,1827,-107.910156,25000000.000
2167,1835,-104.003906,25000000.000
2168,1938,-53.710938,25000000.000
2169,1999,-23.925781,25000000.000
2170,2060,5.859375,25000000.000
2171,2066,8.789062,25000000.000
2172,2177,62.988281,25000000.000
2173,2233,90.332031,25000000.000
2174,2284,115.234375,25000000.000
2175,2289,117.675781,25000000.000
2176,2368,156.250000,25000000.000
2177,2398,170.898438,25000000.000
2178,2421,182.128906,25000000.000
2179,2420,181.640625,25000000.000
2180,2445,193.847656,25000000.000
2181,2426,184.570312,25000000.000
2182,2424,183.593750,25000000.000
2183,2417,180.175781,25000000.000
2184,2369,156.738281,25000000.000
2185,2332,138.671875,25000000.000
2186,2290,118.164062,25000000.000
2187,2285,115.722656,25000000.000
2188,2182,65.429688,25000000.000
2189,2122,36.132812,25000000.000
2190,2063,7.324219,25000000.000
2191,2056,3.906250,25000000.000
2192,1943,-51.269531,25000000.000
2193,1884,-80.078125,25000000.000
2194,1832,-105.468750,25000000.000
2195,1826,-108.398438,25000000.000
2196,1741,-149.902344,25000000.000
2197,1708,-166.015625,25000000.000
2198,1679,-180.175781,25000000.000
2199,1678,-180.664062,25000000.000
2200,1651,-193.847656,25000000.000
2201,1655,-191.894531,25000000.000
2202,1664,-187.500000,25000000.000
2203,1663,-187.988281,25000000.000
2204,1712,-164.062500,25000000.000
2205,1745,-147.949219,25000000.000
2206,1789,-126.464844,25000000.000
2207,1794,-124.023438,25000000.000
2208,1893,-75.683594,25000000.000
2209,1948,-48.828125,25000000.000
2210,2008,-19.531250,25000000.000
2211,2013,-17.089844,25000000.000
2212,2128,39.062500,25000000.000
2213,2185,66.894531,25000000.000
2214,2242,94.726562,25000000.000
2215,2245,96.191406,25000000.000
2216,2335,140.136719,25000000.000
2217,2375,159.667969,25000000.000
2218,2403,173.339844,25000000.000
2219,2405,174.316406,25000000.000
2220,2438,190.429688,25000000.000
2221,2429,186.035156,25000000.000
2222,2441,191.894531,25000000.000
2223,2432,187.500000,25000000.000
2224,2402,172.851562,25000000.000
2225,2363,153.808594,25000000.000
2226,2325,135.253906,25000000.000
2227,2321,133.300781,25000000.000
2228,2227,87.402344,25000000.000
2229,2170,59.570312,25000000.000
2230,2108,29.296875,25000000.000
2231,2105,27.832031,25000000.000
2232,1989,-28.808594,25000000.000
2233,1932,-56.640625,25000000.000
2234,1873,-85.449219,25000000.000
2235,1869,-87.402344,25000000.000
2236,1774,-133.789062,25000000.000
2237,1732,-154.296875,25000000.000
2238,1701,-169.433594,25000000.000
2239,1698,-170.898438,25000000.000
2240,1658,-190.429688,25000000.000
2241,1648,-195.312500,25000000.000
2242,1654,-192.382812,25000000.000
2243,1652,-193.359375,25000000.000
2244,1684,-177.734375,25000000.000
2245,1713,-163.574219,25000000.000
2246,1749,-145.996094,25000000.000
2247,1751,-145.019531,25000000.000
2248,1841,-101.074219,25000000.000
2249,1898,-73.242188,25000000.000
2250,1954,-45.898438,25000000.000
2251,1962,-41.992188,25000000.000
2252,2075,13.183594,25000000.000
2253,2135,42.480469,25000000.000
2254,2194,71.289062,25000000.000
2255,2200,74.218750,25000000.000
2256,2297,121.582031,25000000.000
2257,2339,142.089844,25000000.000
2258,2378,161.132812,25000000.000
2259,2380,162.109375,25000000.000
2260,2427,185.058594,25000000.000
2261,2440,191.406250,25000000.000
2262,2439,190.917969,25000000.000
2263,2437,189.941406,25000000.000
2264,2418,180.664062,25000000.000
2265,2395,169.433594,25000000.000
2266,2357,150.878906,25000000.000
2267,2356,150.390625,25000000.000
2268,2272,109.375000,25000000.000
2269,2221,84.472656,25000000.000
2270,2166,57.617188,25000000.000
2271,2158,53.710938,25000000.000
2272,2044,-1.953125,25000000.000
2273,1981,-32.714844,25000000.000
2274,1926,-59.570312,25000000.000
2275,1918,-63.476562,25000000.000
2276,1818,-112.304688,25000000.000
2277,1770,-135.742188,25000000.000
2278,1730,-155.273438,25000000.000
2279,1724,-158.203125,25000000.000
2280,1672,-183.593750,25000000.000
2281,1660,-189.453125,25000000.000
2282,1651,-193.847656,25000000.000
2283,1651,-193.847656,25000000.000
2284,1666,-186.523438,25000000.000
2285,1690,-174.804688,25000000.000
2286,1717,-161.621094,25000000.000
2287,1722,-159.179688,25000000.000
2288,1801,-120.605469,25000000.000
2289,1850,-96.679688,25000000.000
2290,1907,-68.847656,25000000.000
2291,1912,-66.406250,25000000.000
2292,2025,-11.230469,25000000.000
2293,2085,18.066406,25000000.000
2294,2143,46.386719,25000000.000
2295,2150,49.804688,25000000.000
2296,2254,100.585938,25000000.000
2297,2303,124.511719,25000000.000
2298,2345,145.019531,25000000.000
2299,2350,147.460938,25000000.000
2300,2406,174.804688,25000000.000
2301,2426,184.570312,25000000.000
2302,2442,192.382812,25000000.000
2303,2444,193.359375,25000000.000
2304,2425,184.082031,25000000.000
2305,2417,180.175781,25000000.000
2306,2390,166.992188,25000000.000
2307,2389,166.503906,25000000.000
2308,2312,128.906250,25000000.000
2309,2268,107.421875,25000000.000
2310,2212,80.078125,25000000.000
2311,2206,77.148438,25000000.000
2312,2093,21.972656,25000000.000
2313,2036,-5.859375,25000000.000
2314,1974,-36.132812,25000000.000
2315,1969,-38.574219,25000000.000
2316,1858,-92.773438,25000000.000
2317,1810,-116.210938,25000000.000
2318,1763,-139.160156,25000000.000
2319,1760,-140.625000,25000000.000
2320,1694,-172.851562,25000000.000
2321,1671,-184.082031,25000000.000
2322,1658,-190.429688,25000000.000
2323,1658,-190.429688,25000000.000
2324,1658,-190.429688,25000000.000
2325,1670,-184.570312,25000000.000
2326,1695,-172.363281,25000000.000
2327,1696,-171.875000,25000000.000
2328,1765,-138.183594,25000000.000
2329,1810,-116.210938,25000000.000
2330,1859,-92.285156,25000000.000
2331,1866,-88.867188,25000000.000
2332,1972,-37.109375,25000000.000
2333,2035,-6.347656,25000000.000
2334,2094,22.460938,25000000.000
2335,2101,25.878906,25000000.000
2336,2212,80.078125,25000000.000
2337,2264,105.468750,25000000.000
2338,2311,128.417969,25000000.000
2339,2318,131.835938,25000000.000
2340,2388,166.015625,25000000.000
2341,2411,177.246094,25000000.000
2342,2431,187.011719,25000000.000
2343,2432,187.500000,25000000.000
2344,2439,190.917969,25000000.000
2345,2431,187.011719,25000000.000
2346,2411,177.246094,25000000.000
2347,2406,174.804688,25000000.000
2348,2346,145.507812,25000000.000
2349,2307,126.464844,25000000.000
2350,2255,101.074219,25000000.000
2351,2253,100.097656,25000000.000
2352,2145,47.363281,25000000.000
2353,2086,18.554688,25000000.000
2354,2027,-10.253906,25000000.000
2355,2019,-14.160156,25000000.000
2356,1907,-68.847656,25000000.000
2357,1854,-94.726562,25000000.000
2358,1804,-119.140625,25000000.000
2359,1798,-122.070312,25000000.000
2360,1720,-160.156250,25000000.000
2361,1692,-173.828125,25000000.000
2362,1666,-186.523438,25000000.000
2363,1664,-187.500000,25000000.000
2364,1654,-192.382812,25000000.000
2365,1658,-190.429688,25000000.000
2366,1673,-183.105469,25000000.000
2367,1676,-181.640625,25000000.000
2368,1732,-154.296875,25000000.000
2369,1771,-135.253906,25000000.000
2370,1817,-112.792969,25000000.000
2371,1822,-110.351562,25000000.000
2372,1925,-60.058594,25000000.000
2373,1984,-31.250000,25000000.000
2374,2046,-0.976562,25000000.000
2375,2050,0.976562,25000000.000
2376,2165,57.128906,25000000.000
2377,2218,83.007812,25000000.000
2378,2273,109.863281,25000000.000
2379,2276,111.328125,25000000.000
2380,2359,151.855469,25000000.000
2381,2393,168.457031,25000000.000
2382,2416,179.687500,25000000.000
2383,2419,181.152344,25000000.000
2384,2438,190.429688,25000000.000
2385,2438,190.429688,25000000.000
2386,2427,185.058594,25000000.000
2387,2427,185.058594,25000000.000
2388,2378,161.132812,25000000.000
2389,2343,144.042969,25000000.000
2390,2299,122.558594,25000000.000
2391,2292,119.140625,25000000.000
2392,2196,72.265625,25000000.000
2393,2137,43.457031,25000000.000
2394,2076,13.671875,25000000.000
2395,2067,9.277344,25000000.000
2396,1956,-44.921875,25000000.000
2397,1898,-73.242188,25000000.000
2398,1843,-100.097656,25000000.000
2399,1838,-102.539062,25000000.000
2400,1750,-145.507812,25000000.000
2401,1714,-163.085938,25000000.000
2402,1686,-176.757812,25000000.000
2403,1683,-178.222656,25000000.000
2404,1655,-191.894531,25000000.000
2405,1652,-193.359375,25000000.000
2406,1660,-189.453125,25000000.000
2407,1660,-189.453125,25000000.000
2408,1704,-167.968750,25000000.000
2409,1734,-153.320312,25000000.000
2410,1776,-132.812500,25000000.000
2411,1781,-130.371094,25000000.000
2412,1874,-84.960938,25000000.000
2413,1933,-56.152344,25000000.000
2414,1990,-28.320312,25000000.000
2415,1997,-24.902344,25000000.000
2416,2108,29.296875,25000000.000
2417,2170,59.570312,25000000.000
2418,2224,85.937500,25000000.000
2419,2231,89.355469,25000000.000
2420,2323,134.277344,25000000.000
2421,2360,152.343750,25000000.000
2422,2394,168.945312,25000000.000
2423,2396,169.921875,25000000.000
2424,2433,187.988281,25000000.000
2425,2436,189.453125,25000000.000
2426,2434,188.476562,25000000.000
2427,2433,187.988281,25000000.000
2428,2400,171.875000,25000000.000
2429,2372,158.203125,25000000.000
2430,2331,138.183594,25000000.000
2431,2327,136.230469,25000000.000
2432,2239,93.261719,25000000.000
2433,2185,66.894531,25000000.000
2434,2124,37.109375,25000000.000
2435,2121,35.644531,25000000.000
2436,2006,-20.507812,25000000.000
2437,1947,-49.316406,25000000.000
2438,1890,-77.148438,25000000.000
2439,1885,-79.589844,25000000.000
2440,1790,-125.976562,25000000.000
2441,1745,-147.949219,25000000.000
2442,1712,-164.062500,25000000.000
2443,1709,-165.527344,25000000.000
2444,1666,-186.523438,25000000.000
2445,1657,-190.917969,25000000.000
2446,1657,-190.917969,25000000.000
2447,1656,-191.406250,25000000.000
2448,1681,-179.199219,25000000.000
2449,1710,-165.039062,25000000.000
2450,1743,-148.925781,25000000.000
2451,1749,-145.996094,25000000.000
2452,1834,-104.492188,25000000.000
2453,1886,-79.101562,25000000.000
2454,1945,-50.292969,25000000.000
2455,1950,-47.851562,25000000.000
2456,2063,7.324219,25000000.000
2457,2121,35.644531,25000000.000
2458,2181,64.941406,25000000.000
2459,2185,66.894531,25000000.000
2460,2284,115.234375,25000000.000
2461,2330,137.695312,25000000.000
2462,2367,155.761719,25000000.000
2463,2368,156.250000,25000000.000
2464,2418,180.664062,25000000.000
2465,2433,187.988281,25000000.000
2466,2435,188.964844,25000000.000
2467,2436,189.453125,25000000.000
2468,2419,181.152344,25000000.000
2469,2396,169.921875,25000000.000
2470,2365,154.785156,25000000.000
2471,2362,153.320312,25000000.000
2472,2282,114.257812,25000000.000
2473,2230,88.867188,25000000.000
2474,2176,62.500000,25000000.000
2475,2167,58.105469,25000000.000
2476,2057,4.394531,25000000.000
2477,1998,-24.414062,25000000.000
2478,1936,-54.687500,25000000.000
2479,1930,-57.617188,25000000.000
2480,1829,-106.933594,25000000.000
2481,1781,-130.371094,25000000.000
2482,1739,-150.878906,25000000.000
2483,1737,-151.855469,25000000.000
2484,1680,-179.687500,25000000.000
2485,1664,-187.500000,25000000.000
2486,1656,-191.406250,25000000.000
2487,1657,-190.917969,25000000.000
2488,1669,-185.058594,25000000.000
2489,1687,-176.269531,25000000.000
2490,1717,-161.621094,25000000.000
2491,1720,-160.156250,25000000.000
2492,1794,-124.023438,25000000.000
2493,1844,-99.609375,25000000.000
2494,1897,-73.730469,25000000.000
2495,1903,-70.800781,25000000.000
2496,2013,-17.089844,25000000.000
2497,2073,12.207031,25000000.000
2498,2133,41.503906,25000000.000
2499,2137,43.457031,25000000.000
2500,2243,95.214844,25000000.000
2501,2294,120.117188,25000000.000
2502,2337,141.113281,25000000.000
2503,2343,144.042969,25000000.000
2504,2403,173.339844,25000000.000
2505,2422,182.617188,25000000.000
2506,2435,188.964844,25000000.000
2507,2435,188.964844,25000000.000
2508,2434,188.476562,25000000.000
2509,2416,179.687500,25000000.000
2510,2391,167.480469,25000000.000
2511,2387,165.527344,25000000.000
2512,2320,132.812500,25000000.000
2513,2272,109.375000,25000000.000
2514,2222,84.960938,25000000.000
2515,2216,82.031250,25000000.000
2516,2105,27.832031,25000000.000
2517,2047,-0.488281,25000000.000
2518,1985,-30.761719,25000000.000
2519,1981,-32.714844,25000000.000
2520,1873,-85.449219,25000000.000
2521,1820,-111.328125,25000000.000
2522,1774,-133.789062,25000000.000
2523,1770,-135.742188,25000000.000
2524,1703,-168.457031,25000000.000
2525,1675,-182.128906,25000000.000
2526,1638,-200.195312,25000000.000
2527,1660,-189.453125,25000000.000
2528,1675,-182.128906,25000000.000
2529,1664,-187.500000,25000000.000
2530,1693,-173.339844,25000000.000
2531,1701,-169.433594,25000000.000
2532,1754,-143.554688,25000000.000
2533,1803,-119.628906,25000000.000
2534,1854,-94.726562,25000000.000
2535,1860,-91.796875,25000000.000
2536,1964,-41.015625,25000000.000
2537,2022,-12.695312,25000000.000
2538,2084,17.578125,25000000.000
2539,2092,21.484375,25000000.000
2540,2200,74.218750,25000000.000
2541,2255,101.074219,25000000.000
2542,2297,121.582031,25000000.000
2543,2294,120.117188,25000000.000
2544,2399,171.386719,25000000.000
2545,2407,175.292969,25000000.000
2546,2432,187.500000,25000000.000
2547,2427,185.058594,25000000.000
2548,2437,189.941406,25000000.000
2549,2429,186.035156,25000000.000
2550,2411,177.246094,25000000.000
2551,2411,177.246094,25000000.000
2552,2353,148.925781,25000000.000
2553,2311,128.417969,25000000.000
2554,2265,105.957031,25000000.000
2555,2260,103.515625,25000000.000
2556,2156,52.734375,25000000.000
2557,2094,22.460938,25000000.000
2558,2036,-5.859375,25000000.000
2559,2029,-9.277344,25000000.000
2560,1917,-63.964844,25000000.000
2561,1862,-90.820312,25000000.000
2562,1811,-115.722656,25000000.000
2563,1804,-119.140625,25000000.000
2564,1727,-156.738281,25000000.000
2565,1695,-172.363281,25000000.000
2566,1672,-183.593750,25000000.000
2567,1674,-182.617188,25000000.000
2568,1653,-192.871094,25000000.000
2569,1656,-191.406250,25000000.000
2570,1673,-183.105469,25000000.000
2571,1676,-181.640625,25000000.000
2572,1728,-156.250000,25000000.000
2573,1764,-138.671875,25000000.000
2574,1811,-115.722656,25000000.000
2575,1816,-113.281250,25000000.000
2576,1916,-64.453125,25000000.000
2577,1975,-35.644531,25000000.000
2578,2033,-7.324219,25000000.000
2579,2038,-4.882812,25000000.000
2580,2151,50.292969,25000000.000
2581,2209,78.613281,25000000.000
2582,2257,102.050781,25000000.000
2583,2266,106.445312,25000000.000
2584,2353,148.925781,25000000.000
2585,2379,161.621094,25000000.000
2586,2407,175.292969,25000000.000
2587,2406,174.804688,25000000.000
2588,2434,188.476562,25000000.000
2589,2433,187.988281,25000000.000
2590,2429,186.035156,25000000.000
2591,2424,183.593750,25000000.000
2592,2381,162.597656,25000000.000
2593,2346,145.507812,25000000.000
2594,2304,125.000000,25000000.000
2595,2296,121.093750,25000000.000
2596,2202,75.195312,25000000.000
2597,2145,47.363281,25000000.000
2598,2084,17.578125,25000000.000
2599,2079,15.136719,25000000.000
2600,1966,-40.039062,25000000.000
2601,1912,-66.406250,25000000.000
2602,1848,-97.656250,25000000.000
2603,1841,-101.074219,25000000.000
2604,1772,-134.765625,25000000.000
2605,1722,-159.179688,25000000.000
2606,1683,-178.222656,25000000.000
2607,1691,-174.316406,25000000.000
2608,1661,-188.964844,25000000.000
2609,1655,-191.894531,25000000.000
2610,1657,-190.917969,25000000.000
2611,1662,-188.476562,25000000.000
2612,1700,-169.921875,25000000.000
2613,1732,-154.296875,25000000.000
2614,1767,-137.207031,25000000.000
2615,1774,-133.789062,25000000.000
2616,1869,-87.402344,25000000.000
2617,1926,-59.570312,25000000.000
2618,1982,-32.226562,25000000.000
2619,1989,-28.808594,25000000.000
2620,2105,27.832031,25000000.000
2621,2162,55.664062,25000000.000
2622,2217,82.519531,25000000.000
2623,2222,84.960938,25000000.000
2624,2318,131.835938,25000000.000
2625,2353,148.925781,25000000.000
2626,2388,166.015625,25000000.000
2627,2391,167.480469,25000000.000
2628,2429,186.035156,25000000.000
2629,2436,189.453125,25000000.000
2630,2433,187.988281,25000000.000
2631,2433,187.988281,25000000.000
2632,2403,173.339844,25000000.000
2633,2375,159.667969,25000000.000
2634,2338,141.601562,25000000.000
2635,2336,140.625000,25000000.000
2636,2245,96.191406,25000000.000
2637,2192,70.312500,25000000.000
2638,2134,41.992188,25000000.000
2639,2127,38.574219,25000000.000
2640,2016,-15.625000,25000000.000
2641,1955,-45.410156,25000000.000
2642,1897,-73.730469,25000000.000
2643,1891,-76.660156,25000000.000
2644,1795,-123.535156,25000000.000
2645,1751,-145.019531,25000000.000
2646,1716,-162.109375,25000000.000
2647,1711,-164.550781,25000000.000
2648,1665,-187.011719,25000000.000
2649,1657,-190.917969,25000000.000
2650,1654,-192.382812,25000000.000
2651,1656,-191.406250,25000000.000
2652,1681,-179.199219,25000000.000
2653,1703,-168.457031,25000000.000
2654,1739,-150.878906,25000000.000
2655,1743,-148.925781,25000000.000
2656,1825,-108.886719,25000000.000
2657,1876,-83.984375,25000000.000
2658,1934,-55.664062,25000000.000
2659,1939,-53.222656,25000000.000
2660,2051,1.464844,25000000.000
2661,2112,31.250000,25000000.000
2662,2170,59.570312,25000000.000
2663,2175,62.011719,25000000.000
2664,2275,110.839844,25000000.000
2665,2324,134.765625,25000000.000
2666,2361,152.832031,25000000.000
2667,2365,154.785156,25000000.000
2668,2417,180.175781,25000000.000
2669,2433,187.988281,25000000.000
2670,2438,190.429688,25000000.000
2671,2437,189.941406,25000000.000
2672,2423,183.105469,25000000.000
2673,2400,171.875000,25000000.000
2674,2374,159.179688,25000000.000
2675,2368,156.250000,25000000.000
2676,2291,118.652344,25000000.000
2677,2242,94.726562,25000000.000
2678,2185,66.894531,25000000.000
2679,2178,63.476562,25000000.000
2680,2068,9.765625,25000000.000
2681,2009,-19.042969,25000000.000
2682,1948,-48.828125,25000000.000
2683,1943,-51.269531,25000000.000
2684,1838,-102.539062,25000000.000
2685,1789,-126.464844,25000000.000
2686,1748,-146.484375,25000000.000
2687,1744,-148.437500,25000000.000
2688,1685,-177.246094,25000000.000
2689,1664,-187.500000,25000000.000
2690,1646,-196.289062,25000000.000
2691,1639,-199.707031,25000000.000
2692,1659,-189.941406,25000000.000
2693,1692,-173.828125,25000000.000
2694,1701,-169.433594,25000000.000
2695,1702,-168.945312,25000000.000
2696,1785,-128.417969,25000000.000
2697,1837,-103.027344,25000000.000
2698,1882,-81.054688,25000000.000
2699,1888,-78.125000,25000000.000
2700,2001,-22.949219,25000000.000
2701,2060,5.859375,25000000.000
2702,2121,35.644531,25000000.000
2703,2127,38.574219,25000000.000
2704,2235,91.308594,25000000.000
2705,2281,113.769531,25000000.000
2706,2331,138.183594,25000000.000
2707,2332,138.671875,25000000.000
2708,2399,171.386719,25000000.000
2709,2419,181.152344,25000000.000
2710,2432,187.500000,25000000.000
2711,2434,188.476562,25000000.000
2712,2433,187.988281,25000000.000
2713,2422,182.617188,25000000.000
2714,2394,168.945312,25000000.000
2715,2396,169.921875,25000000.000
2716,2327,136.230469,25000000.000
2717,2283,114.746094,25000000.000
2718,2234,90.820312,25000000.000
2719,2230,88.867188,25000000.000
2720,2124,37.109375,25000000.000
2721,2062,6.835938,25000000.000
2722,2000,-23.437500,25000000.000
2723,1991,-27.832031,25000000.000
2724,1885,-79.589844,25000000.000
2725,1831,-105.957031,25000000.000
2726,1783,-129.394531,25000000.000
2727,1778,-131.835938,25000000.000
2728,1709,-165.527344,25000000.000
2729,1683,-178.222656,25000000.000
2730,1662,-188.476562,25000000.000
2731,1662,-188.476562,25000000.000
2732,1655,-191.894531,25000000.000
2733,1670,-184.570312,25000000.000
2734,1685,-177.246094,25000000.000
2735,1690,-174.804688,25000000.000
2736,1749,-145.996094,25000000.000
2737,1792,-125.000000,25000000.000
2738,1839,-102.050781,25000000.000
2739,1845,-99.121094,25000000.000
2740,1952,-46.875000,25000000.000
2741,2008,-19.531250,25000000.000
2742,2069,10.253906,25000000.000
2743,2074,12.695312,25000000.000
2744,2185,66.894531,25000000.000
2745,2240,93.750000,25000000.000
2746,2289,117.675781,25000000.000
2747,2293,119.628906,25000000.000
2748,2371,157.714844,25000000.000
2749,2400,171.875000,25000000.000
2750,2419,181.152344,25000000.000
2751,2422,182.617188,25000000.000
2752,2439,190.917969,25000000.000
2753,2431,187.011719,25000000.000
2754,2418,180.664062,25000000.000
2755,2415,179.199219,25000000.000
2756,2363,153.808594,25000000.000
2757,2322,133.789062,25000000.000
2758,2277,111.816406,25000000.000
2759,2271,108.886719,25000000.000
2760,2170,59.570312,25000000.000
2761,2111,30.761719,25000000.000
2762,2051,1.464844,25000000.000
2763,2044,-1.953125,25000000.000
2764,1933,-56.152344,25000000.000
2765,1877,-83.496094,25000000.000
2766,1824,-109.375000,25000000.000
2767,1820,-111.328125,25000000.000
2768,1737,-151.855469,25000000.000
2769,1705,-167.480469,25000000.000
2770,1680,-179.687500,25000000.000
2771,1679,-180.175781,25000000.000
2772,1658,-190.429688,25000000.000
2773,1657,-190.917969,25000000.000
2774,1670,-184.570312,25000000.000
2775,1674,-182.617188,25000000.000
2776,1716,-162.109375,25000000.000
2777,1756,-142.578125,25000000.000
2778,1798,-122.070312,25000000.000
2779,1802,-120.117188,25000000.000
2780,1906,-69.335938,25000000.000
2781,1958,-43.945312,25000000.000
2782,2018,-14.648438,25000000.000
2783,2022,-12.695312,25000000.000
2784,2138,43.945312,25000000.000
2785,2193,70.800781,25000000.000
2786,2248,97.656250,25000000.000
2787,2253,100.097656,25000000.000
2788,2338,141.601562,25000000.000
2789,2373,158.691406,25000000.000
2790,2405,174.316406,25000000.000
2791,2405,174.316406,25000000.000
2792,2435,188.964844,25000000.000
2793,2436,189.453125,25000000.000
2794,2429,186.035156,25000000.000
2795,2426,184.570312,25000000.000
2796,2388,166.015625,25000000.000
2797,2355,149.902344,25000000.000
2798,2316,130.859375,25000000.000
2799,2314,129.882812,25000000.000
2800,2215,81.542969,25000000.000
2801,2160,54.687500,25000000.000
2802,2104,27.343750,25000000.000
2803,2097,23.925781,25000000.000
2804,1982,-32.226562,25000000.000
2805,1923,-61.035156,25000000.000
2806,1867,-88.378906,25000000.000
2807,1862,-90.820312,25000000.000
2808,1770,-135.742188,25000000.000
2809,1731,-154.785156,25000000.000
2810,1699,-170.410156,25000000.000
2811,1697,-171.386719,25000000.000
2812,1660,-189.453125,25000000.000
2813,1655,-191.894531,25000000.000
2814,1656,-191.406250,25000000.000
2815,1660,-189.453125,25000000.000
2816,1691,-174.316406,25000000.000
2817,1724,-158.203125,25000000.000
2818,1761,-140.136719,25000000.000
2819,1766,-137.695312,25000000.000
2820,1855,-94.238281,25000000.000
2821,1909,-67.871094,25000000.000
2822,1967,-39.550781,25000000.000
2823,1973,-36.621094,25000000.000
2824,2087,19.042969,25000000.000
2825,2145,47.363281,25000000.000
2826,2203,75.683594,25000000.000
2827,2208,78.125000,25000000.000
2828,2302,124.023438,25000000.000
2829,2346,145.507812,25000000.000
2830,2380,162.109375,25000000.000
2831,2383,163.574219,25000000.000
2832,2425,184.082031,25000000.000
2833,2437,189.941406,25000000.000
2834,2435,188.964844,25000000.000
2835,2435,188.964844,25000000.000
2836,2410,176.757812,25000000.000
2837,2384,164.062500,25000000.000
2838,2351,147.949219,25000000.000
2839,2345,145.019531,25000000.000
2840,2263,104.980469,25000000.000
2841,2207,77.636719,25000000.000
2842,2150,49.804688,25000000.000
2843,2144,46.875000,25000000.000
2844,2029,-9.277344,25000000.000
2845,1973,-36.621094,25000000.000
2846,1913,-65.917969,25000000.000
2847,1907,-68.847656,25000000.000
2848,1808,-117.187500,25000000.000
2849,1764,-138.671875,25000000.000
2850,1725,-157.714844,25000000.000
2851,1722,-159.179688,25000000.000
2852,1673,-183.105469,25000000.000
2853,1658,-190.429688,25000000.000
2854,1655,-191.894531,25000000.000
2855,1655,-191.894531,25000000.000
2856,1674,-182.617188,25000000.000
2857,1695,-172.363281,25000000.000
2858,1726,-157.226562,25000000.000
2859,1729,-155.761719,25000000.000
2860,1811,-115.722656,25000000.000
2861,1863,-90.332031,25000000.000
2862,1920,-62.500000,25000000.000
2863,1925,-60.058594,25000000.000
2864,2031,-8.300781,25000000.000
2865,2101,25.878906,25000000.000
2866,2157,53.222656,25000000.000
2867,2165,57.128906,25000000.000
2868,2267,106.933594,25000000.000
2869,2313,129.394531,25000000.000
2870,2353,148.925781,25000000.000
2871,2356,150.390625,25000000.000
2872,2416,179.687500,25000000.000
2873,2417,180.175781,25000000.000
2874,2436,189.453125,25000000.000
2875,2433,187.988281,25000000.000
2876,2425,184.082031,25000000.000
2877,2409,176.269531,25000000.000
2878,2379,161.621094,25000000.000
2879,2375,159.667969,25000000.000
2880,2301,123.535156,25000000.000
2881,2256,101.562500,25000000.000
2882,2199,73.730469,25000000.000
2883,2196,72.265625,25000000.000
2884,2083,17.089844,25000000.000
2885,2021,-13.183594,25000000.000
2886,1964,-41.015625,25000000.000
2887,1960,-42.968750,25000000.000
2888,1852,-95.703125,25000000.000
2889,1798,-122.070312,25000000.000
2890,1758,-141.601562,25000000.000
2891,1752,-144.531250,25000000.000
2892,1689,-175.292969,25000000.000
2893,1656,-191.406250,25000000.000
2894,1661,-188.964844,25000000.000
2895,1648,-195.312500,25000000.000
2896,1651,-193.847656,25000000.000
2897,1670,-184.570312,25000000.000
2898,1695,-172.363281,25000000.000
2899,1699,-170.410156,25000000.000
2900,1774,-133.789062,25000000.000
2901,1816,-113.281250,25000000.000
2902,1871,-86.425781,25000000.000
2903,1876,-83.984375,25000000.000
2904,1987,-29.785156,25000000.000
2905,2045,-1.464844,25000000.000
2906,2107,28.808594,25000000.000
2907,2110,30.273438,25000000.000
2908,2221,84.472656,25000000.000
2909,2272,109.375000,25000000.000
2910,2317,131.347656,25000000.000
2911,2321,133.300781,25000000.000
2912,2391,167.480469,25000000.000
2913,2417,180.175781,25000000.000
2914,2427,185.058594,25000000.000
2915,2433,187.988281,25000000.000
2916,2436,189.453125,25000000.000
2917,2425,184.082031,25000000.000
2918,2402,172.851562,25000000.000
2919,2403,173.339844,25000000.000
2920,2341,143.066406,25000000.000
2921,2294,120.117188,25000000.000
2922,2248,97.656250,25000000.000
2923,2242,94.726562,25000000.000
2924,2135,42.480469,25000000.000
2925,2075,13.183594,25000000.000
2926,2014,-16.601562,25000000.000
2927,2007,-20.019531,25000000.000
2928,1896,-74.218750,25000000.000
2929,1844,-99.609375,25000000.000
2930,1792,-125.000000,25000000.000
2931,1791,-125.488281,25000000.000
2932,1714,-163.085938,25000000.000
2933,1686,-176.757812,25000000.000
2934,1666,-186.523438,25000000.000
2935,1664,-187.500000,25000000.000
2936,1655,-191.894531,25000000.000
2937,1662,-188.476562,25000000.000
2938,1678,-180.664062,25000000.000
2939,1679,-180.175781,25000000.000
2940,1738,-151.367188,25000000.000
2941,1778,-131.835938,25000000.000
2942,1825,-108.886719,25000000.000
2943,1827,-107.910156,25000000.000
2944,1935,-55.175781,25000000.000
2945,1993,-26.855469,25000000.000
2946,2053,2.441406,25000000.000
2947,2059,5.371094,25000000.000
2948,2171,60.058594,25000000.000
2949,2229,88.378906,25000000.000
2950,2278,112.304688,25000000.000
2951,2284,115.234375,25000000.000
2952,2365,154.785156,25000000.000
2953,2395,169.433594,25000000.000
2954,2420,181.640625,25000000.000
2955,2422,182.617188,25000000.000
2956,2441,191.894531,25000000.000
2957,2436,189.453125,25000000.000
2958,2424,183.593750,25000000.000
2959,2422,182.617188,25000000.000
2960,2372,158.203125,25000000.000
2961,2335,140.136719,25000000.000
2962,2290,118.164062,25000000.000
2963,2285,115.722656,25000000.000
2964,2183,65.917969,25000000.000
2965,2129,39.550781,25000000.000
2966,2066,8.789062,25000000.000
2967,2061,6.347656,25000000.000
2968,1947,-49.316406,25000000.000
2969,1888,-78.125000,25000000.000
2970,1836,-103.515625,25000000.000
2971,1831,-105.957031,25000000.000
2972,1745,-147.949219,25000000.000
2973,1709,-165.527344,25000000.000
2974,1682,-178.710938,25000000.000
2975,1681,-179.199219,25000000.000
2976,1654,-192.382812,25000000.000
2977,1654,-192.382812,25000000.000
2978,1663,-187.988281,25000000.000
2979,1663,-187.988281,25000000.000
2980,1707,-166.503906,25000000.000
2981,1744,-148.437500,25000000.000
2982,1784,-128.906250,25000000.000
2983,1790,-125.976562,25000000.000
2984,1888,-78.125000,25000000.000
2985,1943,-51.269531,25000000.000
2986,2002,-22.460938,25000000.000
2987,2009,-19.042969,25000000.000
2988,2124,37.109375,25000000.000
2989,2180,64.453125,25000000.000
2990,2237,92.285156,25000000.000
2991,2240,93.750000,25000000.000
2992,2330,137.695312,25000000.000
2993,2372,158.203125,25000000.000
2994,2400,171.875000,25000000.000
2995,2401,172.363281,25000000.000
2996,2434,188.476562,25000000.000
2997,2442,192.382812,25000000.000
2998,2432,187.500000,25000000.000
2999,2435,188.964844,25000000.000
3000,2398,170.898438,25000000.000
3001,2367,155.761719,25000000.000
3002,2329,137.207031,25000000.000
3003,2326,135.742188,25000000.000
3004,2231,89.355469,25000000.000
3005,2174,61.523438,25000000.000
3006,2119,34.667969,25000000.000
3007,2111,30.761719,25000000.000
3008,1997,-24.902344,25000000.000
3009,1938,-53.710938,25000000.000
3010,1880,-82.031250,25000000.000
3011,1873,-85.449219,25000000.000
3012,1779,-131.347656,25000000.000
3013,1740,-150.390625,25000000.000
3014,1703,-168.457031,25000000.000
3015,1703,-168.457031,25000000.000
3016,1661,-188.964844,25000000.000
3017,1652,-193.359375,25000000.000
3018,1656,-191.406250,25000000.000
3019,1656,-191.406250,25000000.000
3020,1684,-177.734375,25000000.000
3021,1712,-164.062500,25000000.000
3022,1751,-145.019531,25000000.000
3023,1751,-145.019531,25000000.000
3024,1840,-101.562500,25000000.000
3025,1893,-75.683594,25000000.000
3026,1954,-45.898438,25000000.000
3027,1956,-44.921875,25000000.000
3028,2071,11.230469,25000000.000
3029,2132,41.015625,25000000.000
3030,2188,68.359375,25000000.000
3031,2195,71.777344,25000000.000
3032,2292,119.140625,25000000.000
3033,2336,140.625000,25000000.000
3034,2375,159.667969,25000000.000
3035,2378,161.132812,25000000.000
3036,2423,183.105469,25000000.000
3037,2435,188.964844,25000000.000
3038,2440,191.406250,25000000.000
3039,2438,190.429688,25000000.000
3040,2417,180.175781,25000000.000
3041,2394,168.945312,25000000.000
3042,2361,152.832031,25000000.000
3043,2356,150.390625,25000000.000
3044,2274,110.351562,25000000.000
3045,2224,85.937500,25000000.000
3046,2167,58.105469,25000000.000
3047,2161,55.175781,25000000.000
3048,2045,-1.464844,25000000.000
3049,1988,-29.296875,25000000.000
3050,1929,-58.105469,25000000.000
3051,1924,-60.546875,25000000.000
3052,1819,-111.816406,25000000.000
3053,1773,-134.277344,25000000.000
3054,1734,-153.320312,25000000.000
3055,1728,-156.250000,25000000.000
3056,1677,-181.152344,25000000.000
3057,1657,-190.917969,25000000.000
3058,1654,-192.382812,25000000.000
3059,1652,-193.359375,25000000.000
3060,1668,-185.546875,25000000.000
3061,1689,-175.292969,25000000.000
3062,1717,-161.621094,25000000.000
3063,1720,-160.156250,25000000.000
3064,1797,-122.558594,25000000.000
3065,1851,-96.191406,25000000.000
3066,1902,-71.289062,25000000.000
3067,1908,-68.359375,25000000.000
3068,2019,-14.160156,25000000.000
3069,2082,16.601562,25000000.000
3070,2141,45.410156,25000000.000
3071,2147,48.339844,25000000.000
3072,2253,100.097656,25000000.000
3073,2300,123.046875,25000000.000
3074,2344,144.531250,25000000.000
3075,2347,145.996094,25000000.000
3076,2407,175.292969,25000000.000
3077,2428,185.546875,25000000.000
3078,2438,190.429688,25000000.000
3079,2438,190.429688,25000000.000
3080,2430,186.523438,25000000.000
3081,2416,179.687500,25000000.000
3082,2388,166.015625,25000000.000
3083,2387,165.527344,25000000.000
3084,2316,130.859375,25000000.000
3085,2267,106.933594,25000000.000
3086,2216,82.031250,25000000.000
3087,2209,78.613281,25000000.000
3088,2101,25.878906,25000000.000
3089,2037,-5.371094,25000000.000
3090,1980,-33.203125,25000000.000
3091,1972,-37.109375,25000000.000
3092,1862,-90.820312,25000000.000
3093,1813,-114.746094,25000000.000
3094,1767,-137.207031,25000000.000
3095,1760,-140.625000,25000000.000
3096,1697,-171.386719,25000000.000
3097,1674,-182.617188,25000000.000
3098,1673,-183.105469,25000000.000
3099,1668,-185.546875,25000000.000
3100,1659,-189.941406,25000000.000
3101,1664,-187.500000,25000000.000
3102,1701,-169.433594,25000000.000
3103,1683,-178.222656,25000000.000
3104,1767,-137.207031,25000000.000
3105,1798,-122.070312,25000000.000
3106,1854,-94.726562,25000000.000
3107,1860,-91.796875,25000000.000
3108,1973,-36.621094,25000000.000
3109,2031,-8.300781,25000000.000
3110,2091,20.996094,25000000.000
3111,2093,21.972656,25000000.000
3112,2204,76.171875,25000000.000
3113,2261,104.003906,25000000.000
3114,2306,125.976562,25000000.000
3115,2311,128.417969,25000000.000
3116,2383,163.574219,25000000.000
3117,2410,176.757812,25000000.000
3118,2430,186.523438,25000000.000
3119,2430,186.523438,25000000.000
3120,2439,190.917969,25000000.000
3121,2428,185.546875,25000000.000
3122,2412,177.734375,25000000.000
3123,2408,175.781250,25000000.000
3124,2350,147.460938,25000000.000
3125,2307,126.464844,25000000.000
3126,2259,103.027344,25000000.000
3127,2254,100.585938,25000000.000
3128,2148,48.828125,25000000.000
3129,2092,21.484375,25000000.000
3130,2029,-9.277344,25000000.000
3131,2026,-10.742188,25000000.000
3132,1910,-67.382812,25000000.000
3133,1856,-93.750000,25000000.000
3134,1806,-118.164062,25000000.000
3135,1803,-119.628906,25000000.000
3136,1725,-157.714844,25000000.000
3137,1695,-172.363281,25000000.000
3138,1673,-183.105469,25000000.000
3139,1669,-185.058594,25000000.000
3140,1655,-191.894531,25000000.000
3141,1660,-189.453125,25000000.000
3142,1674,-182.617188,25000000.000
3143,1676,-181.640625,25000000.000
3144,1732,-154.296875,25000000.000
3145,1771,-135.253906,25000000.000
3146,1815,-113.769531,25000000.000
3147,1821,-110.839844,25000000.000
3148,1920,-62.500000,25000000.000
3149,1981,-32.714844,25000000.000
3150,2039,-4.394531,25000000.000
3151,2047,-0.488281,25000000.000
3152,2159,54.199219,25000000.000
3153,2214,81.054688,25000000.000
3154,2268,107.421875,25000000.000
3155,2272,109.375000,25000000.000
3156,2357,150.878906,25000000.000
3157,2389,166.503906,25000000.000
3158,2415,179.199219,25000000.000
3159,2416,179.687500,25000000.000
3160,2439,190.917969,25000000.000
3161,2439,190.917969,25000000.000
3162,2427,185.058594,25000000.000
3163,2425,184.082031,25000000.000
3164,2377,160.644531,25000000.000
3165,2345,145.019531,25000000.000
3166,2301,123.535156,25000000.000
3167,2296,121.093750,25000000.000
3168,2198,73.242188,25000000.000
3169,2139,44.433594,25000000.000
3170,2081,16.113281,25000000.000
3171,2074,12.695312,25000000.000
3172,1960,-42.968750,25000000.000
3173,1901,-71.777344,25000000.000
3174,1848,-97.656250,25000000.000
3175,1842,-100.585938,25000000.000
3176,1752,-144.531250,25000000.000
3177,1717,-161.621094,25000000.000
3178,1688,-175.781250,25000000.000
3179,1685,-177.246094,25000000.000
3180,1653,-192.871094,25000000.000
3181,1654,-192.382812,25000000.000
3182,1660,-189.453125,25000000.000
3183,1661,-188.964844,25000000.000
3184,1701,-169.433594,25000000.000
3185,1734,-153.320312,25000000.000
3186,1775,-133.300781,25000000.000
3187,1780,-130.859375,25000000.000
3188,1874,-84.960938,25000000.000
3189,1930,-57.617188,25000000.000
3190,1991,-27.832031,25000000.000
3191,1995,-25.878906,25000000.000
3192,2108,29.296875,25000000.000
3193,2168,58.593750,25000000.000
3194,2222,84.960938,25000000.000
3195,2227,87.402344,25000000.000
3196,2321,133.300781,25000000.000
3197,2363,153.808594,25000000.000
3198,2393,168.457031,25000000.000
3199,2396,169.921875,25000000.000
3200,2434,188.476562,25000000.000
3201,2439,190.917969,25000000.000
3202,2436,189.453125,25000000.000
3203,2436,189.453125,25000000.000
3204,2404,173.828125,25000000.000
3205,2371,157.714844,25000000.000
3206,2338,141.601562,25000000.000
3207,2332,138.671875,25000000.000
3208,2242,94.726562,25000000.000
3209,2190,69.335938,25000000.000
3210,2130,40.039062,25000000.000
3211,2123,36.621094,25000000.000
3212,2010,-18.554688,25000000.000
3213,1952,-46.875000,25000000.000
3214,1890,-77.148438,25000000.000
3215,1887,-78.613281,25000000.000
3216,1791,-125.488281,25000000.000
3217,1747,-146.972656,25000000.000
3218,1716,-162.109375,25000000.000
3219,1727,-156.738281,25000000.000
3220,1666,-186.523438,25000000.000
3221,1654,-192.382812,25000000.000
3222,1659,-189.941406,25000000.000
3223,1656,-191.406250,25000000.000
3224,1681,-179.199219,25000000.000
3225,1705,-167.480469,25000000.000
3226,1740,-150.390625,25000000.000
3227,1742,-149.414062,25000000.000
3228,1829,-106.933594,25000000.000
3229,1883,-80.566406,25000000.000
3230,1939,-53.222656,25000000.000
3231,1945,-50.292969,25000000.000
3232,2057,4.394531,25000000.000
3233,2118,34.179688,25000000.000
3234,2176,62.500000,25000000.000
3235,2183,65.917969,25000000.000
3236,2283,114.746094,25000000.000
3237,2326,135.742188,25000000.000
3238,2365,154.785156,25000000.000
3239,2368,156.250000,25000000.000
3240,2425,184.082031,25000000.000
3241,2431,187.011719,25000000.000
3242,2435,188.964844,25000000.000
3243,2434,188.476562,25000000.000
3244,2420,181.640625,25000000.000
3245,2398,170.898438,25000000.000
3246,2369,156.738281,25000000.000
3247,2367,155.761719,25000000.000
3248,2286,116.210938,25000000.000
3249,2235,91.308594,25000000.000
3250,2180,64.453125,25000000.000
3251,2176,62.500000,25000000.000
3252,2061,6.347656,25000000.000
3253,2001,-22.949219,25000000.000
3254,1943,-51.269531,25000000.000
3255,1935,-55.175781,25000000.000
3256,1832,-105.468750,25000000.000
3257,1784,-128.906250,25000000.000
3258,1740,-150.390625,25000000.000
3259,1737,-151.855469,25000000.000
3260,1679,-180.175781,25000000.000
3261,1662,-188.476562,25000000.000
3262,1654,-192.382812,25000000.000
3263,1650,-194.335938,25000000.000
3264,1662,-188.476562,25000000.000
3265,1683,-178.222656,25000000.000
3266,1708,-166.015625,25000000.000
3267,1713,-163.574219,25000000.000
3268,1789,-126.464844,25000000.000
3269,1836,-103.515625,25000000.000
3270,1892,-76.171875,25000000.000
3271,1895,-74.707031,25000000.000
3272,2009,-19.042969,25000000.000
3273,2068,9.765625,25000000.000
3274,2128,39.062500,25000000.000
3275,2133,41.503906,25000000.000
3276,2240,93.750000,25000000.000
3277,2290,118.164062,25000000.000
3278,2335,140.136719,25000000.000
3279,2338,141.601562,25000000.000
3280,2399,171.386719,25000000.000
3281,2425,184.082031,25000000.000
3282,2437,189.941406,25000000.000
3283,2439,190.917969,25000000.000
3284,2434,188.476562,25000000.000
3285,2421,182.128906,25000000.000
3286,2397,170.410156,25000000.000
3287,2394,168.945312,25000000.000
3288,2328,136.718750,25000000.000
3289,2278,112.304688,25000000.000
3290,2229,88.378906,25000000.000
3291,2223,85.449219,25000000.000
3292,2111,30.761719,25000000.000
3293,2054,2.929688,25000000.000
3294,1992,-27.343750,25000000.000
3295,1986,-30.273438,25000000.000
3296,1875,-84.472656,25000000.000
3297,1823,-109.863281,25000000.000
3298,1778,-131.835938,25000000.000
3299,1775,-133.300781,25000000.000
3300,1702,-168.945312,25000000.000
3301,1677,-181.152344,25000000.000
3302,1661,-188.964844,25000000.000
3303,1661,-188.964844,25000000.000
3304,1655,-191.894531,25000000.000
3305,1663,-187.988281,25000000.000
3306,1689,-175.292969,25000000.000
3307,1690,-174.804688,25000000.000
3308,1750,-145.507812,25000000.000
3309,1796,-123.046875,25000000.000
3310,1844,-99.609375,25000000.000
3311,1849,-97.167969,25000000.000
3312,1955,-45.410156,25000000.000
3313,2013,-17.089844,25000000.000
3314,2076,13.671875,25000000.000
3315,2081,16.113281,25000000.000
3316,2193,70.800781,25000000.000
3317,2246,96.679688,25000000.000
3318,2298,122.070312,25000000.000
3319,2302,124.023438,25000000.000
3320,2378,161.132812,25000000.000
3321,2404,173.828125,25000000.000
3322,2429,186.035156,25000000.000
3323,2428,185.546875,25000000.000
3324,2442,192.382812,25000000.000
3325,2434,188.476562,25000000.000
3326,2418,180.664062,25000000.000
3327,2414,178.710938,25000000.000
3328,2359,151.855469,25000000.000
3329,2321,133.300781,25000000.000
3330,2272,109.375000,25000000.000
3331,2270,108.398438,25000000.000
3332,2163,56.152344,25000000.000
3333,2104,27.343750,25000000.000
3334,2043,-2.441406,25000000.000
3335,2038,-4.882812,25000000.000
3336,1924,-60.546875,25000000.000
3337,1867,-88.378906,25000000.000
3338,1817,-112.792969,25000000.000
3339,1810,-116.210938,25000000.000
3340,1731,-154.785156,25000000.000
3341,1698,-170.898438,25000000.000
3342,1671,-184.082031,25000000.000
3343,1669,-185.058594,25000000.000
3344,1651,-193.847656,25000000.000
3345,1655,-191.894531,25000000.000
3346,1667,-186.035156,25000000.000
3347,1670,-184.570312,25000000.000
3348,1719,-160.644531,25000000.000
3349,1757,-142.089844,25000000.000
3350,1802,-120.117188,25000000.000
3351,1807,-117.675781,25000000.000
3352,1907,-68.847656,25000000.000
3353,1965,-40.527344,25000000.000
3354,2027,-10.253906,25000000.000
3355,2031,-8.300781,25000000.000
3356,2147,48.339844,25000000.000
3357,2203,75.683594,25000000.000
3358,2255,101.074219,25000000.000
3359,2260,103.515625,25000000.000
3360,2347,145.996094,25000000.000
3361,2381,162.597656,25000000.000
3362,2410,176.757812,25000000.000
3363,2412,177.734375,25000000.000
3364,2439,190.917969,25000000.000
3365,2440,191.406250,25000000.000
3366,2431,187.011719,25000000.000
3367,2433,187.988281,25000000.000
3368,2390,166.992188,25000000.000
3369,2354,149.414062,25000000.000
3370,2313,129.394531,25000000.000
3371,2306,125.976562,25000000.000
3372,2213,80.566406,25000000.000
3373,2153,51.269531,25000000.000
3374,2094,22.460938,25000000.000
3375,2089,20.019531,25000000.000
3376,1974,-36.132812,25000000.000
3377,1917,-63.964844,25000000.000
3378,1859,-92.285156,25000000.000
3379,1854,-94.726562,25000000.000
3380,1762,-139.648438,25000000.000
3381,1727,-156.738281,25000000.000
3382,1692,-173.828125,25000000.000
3383,1691,-174.316406,25000000.000
3384,1658,-190.429688,25000000.000
3385,1651,-193.847656,25000000.000
3386,1657,-190.917969,25000000.000
3387,1658,-190.429688,25000000.000
3388,1695,-172.363281,25000000.000
3389,1723,-158.691406,25000000.000
3390,1765,-138.183594,25000000.000
3391,1768,-136.718750,25000000.000
3392,1860,-91.796875,25000000.000
3393,1915,-64.941406,25000000.000
3394,1974,-36.132812,25000000.000
3395,1979,-33.691406,25000000.000
3396,2094,22.460938,25000000.000
3397,2155,52.246094,25000000.000
3398,2210,79.101562,25000000.000
3399,2216,82.031250,25000000.000
3400,2312,128.906250,25000000.000
3401,2351,147.949219,25000000.000
3402,2389,166.503906,25000000.000
3403,2391,167.480469,25000000.000
3404,2433,187.988281,25000000.000
3405,2439,190.917969,25000000.000
3406,2441,191.894531,25000000.000
3407,2439,190.917969,25000000.000
3408,2410,176.757812,25000000.000
3409,2383,163.574219,25000000.000
3410,2347,145.996094,25000000.000
3411,2345,145.019531,25000000.000
3412,2256,101.562500,25000000.000
3413,2205,76.660156,25000000.000
3414,2144,46.875000,25000000.000
3415,2142,45.898438,25000000.000
3416,2022,-12.695312,25000000.000
3417,1964,-41.015625,25000000.000
3418,1908,-68.359375,25000000.000
3419,1904,-70.312500,25000000.000
3420,1800,-121.093750,25000000.000
3421,1757,-142.089844,25000000.000
3422,1712,-164.062500,25000000.000
3423,1721,-159.667969,25000000.000
3424,1666,-186.523438,25000000.000
3425,1653,-192.871094,25000000.000
3426,1651,-193.847656,25000000.000
3427,1650,-194.335938,25000000.000
3428,1672,-183.593750,25000000.000
3429,1696,-171.875000,25000000.000
3430,1726,-157.226562,25000000.000
3431,1733,-153.808594,25000000.000
3432,1813,-114.746094,25000000.000
3433,1867,-88.378906,25000000.000
3434,1923,-61.035156,25000000.000
3435,1929,-58.105469,25000000.000
3436,2045,-1.464844,25000000.000
3437,2096,23.437500,25000000.000
3438,2162,55.664062,25000000.000
3439,2169,59.082031,25000000.000
3440,2243,95.214844,25000000.000
3441,2327,136.230469,25000000.000
3442,2349,146.972656,25000000.000
3443,2365,154.785156,25000000.000
3444,2416,179.687500,25000000.000
3445,2440,191.406250,25000000.000
3446,2438,190.429688,25000000.000
3447,2440,191.406250,25000000.000
3448,2429,186.035156,25000000.000
3449,2410,176.757812,25000000.000
3450,2378,161.132812,25000000.000
3451,2378,161.132812,25000000.000
3452,2300,123.046875,25000000.000
3453,2249,98.144531,25000000.000
3454,2197,72.753906,25000000.000
3455,2190,69.335938,25000000.000
3456,2079,15.136719,25000000.000
3457,2016,-15.625000,25000000.000
3458,1957,-44.433594,25000000.000
3459,1951,-47.363281,25000000.000
3460,1844,-99.609375,25000000.000
3461,1794,-124.023438,25000000.000
3462,1751,-145.019531,25000000.000
3463,1747,-146.972656,25000000.000
3464,1686,-176.757812,25000000.000
3465,1664,-187.500000,25000000.000
3466,1654,-192.382812,25000000.000
3467,1654,-192.382812,25000000.000
3468,1659,-189.941406,25000000.000
3469,1676,-181.640625,25000000.000
3470,1702,-168.945312,25000000.000
3471,1703,-168.457031,25000000.000
3472,1779,-131.347656,25000000.000
3473,1815,-113.769531,25000000.000
3474,1864,-89.843750,25000000.000
3475,1881,-81.542969,25000000.000
3476,2002,-22.460938,25000000.000
3477,2052,1.953125,25000000.000
3478,2116,33.203125,25000000.000
3479,2131,40.527344,25000000.000
3480,2222,84.960938,25000000.000
3481,2278,112.304688,25000000.000
3482,2328,136.718750,25000000.000
3483,2335,140.136719,25000000.000
3484,2394,168.945312,25000000.000
3485,2420,181.640625,25000000.000
3486,2435,188.964844,25000000.000
3487,2438,190.429688,25000000.000
3488,2437,189.941406,25000000.000
3489,2425,184.082031,25000000.000
3490,2405,174.316406,25000000.000
3491,2402,172.851562,25000000.000
3492,2337,141.113281,25000000.000
3493,2294,120.117188,25000000.000
3494,2241,94.238281,25000000.000
3495,2236,91.796875,25000000.000
3496,2128,39.062500,25000000.000
3497,2070,10.742188,25000000.000
3498,2009,-19.042969,25000000.000
3499,2003,-21.972656,25000000.000
3500,1889,-77.636719,25000000.000
3501,1838,-102.539062,25000000.000
3502,1787,-127.441406,25000000.000
3503,1785,-128.417969,25000000.000
3504,1710,-165.039062,25000000.000
3505,1680,-179.687500,25000000.000
3506,1663,-187.988281,25000000.000
3507,1661,-188.964844,25000000.000
3508,1652,-193.359375,25000000.000
3509,1662,-188.476562,25000000.000
3510,1679,-180.175781,25000000.000
3511,1681,-179.199219,25000000.000
3512,1740,-150.390625,25000000.000
3513,1785,-128.417969,25000000.000
3514,1830,-106.445312,25000000.000
3515,1837,-103.027344,25000000.000
3516,1942,-51.757812,25000000.000
3517,2000,-23.437500,25000000.000
3518,2064,7.812500,25000000.000
3519,2070,10.742188,25000000.000
3520,2174,61.523438,25000000.000
3521,2237,92.285156,25000000.000
3522,2292,119.140625,25000000.000
3523,2297,121.582031,25000000.000
3524,2369,156.738281,25000000.000
3525,2403,173.339844,25000000.000
3526,2422,182.617188,25000000.000
3527,2425,184.082031,25000000.000
3528,2441,191.894531,25000000.000
3529,2440,191.406250,25000000.000
3530,2423,183.105469,25000000.000
3531,2423,183.105469,25000000.000
3532,2371,157.714844,25000000.000
3533,2330,137.695312,25000000.000
3534,2286,116.210938,25000000.000
3535,2282,114.257812,25000000.000
3536,2179,63.964844,25000000.000
3537,2118,34.179688,25000000.000
3538,2061,6.347656,25000000.000
3539,2052,1.953125,25000000.000
3540,1940,-52.734375,25000000.000
3541,1881,-81.542969,25000000.000
3542,1828,-107.421875,25000000.000
3543,1823,-109.863281,25000000.000
3544,1738,-151.367188,25000000.000
3545,1704,-167.968750,25000000.000
3546,1676,-181.640625,25000000.000
3547,1676,-181.640625,25000000.000
3548,1650,-194.335938,25000000.000
3549,1665,-187.011719,25000000.000
3550,1663,-187.988281,25000000.000
3551,1670,-184.570312,25000000.000
3552,1717,-161.621094,25000000.000
3553,1764,-138.671875,25000000.000
3554,1799,-121.582031,25000000.000
3555,1812,-115.234375,25000000.000
3556,1879,-82.519531,25000000.000
3557,1951,-47.363281,25000000.000
3558,2011,-18.066406,25000000.000
3559,2013,-17.089844,25000000.000
3560,2124,37.109375,25000000.000
3561,2187,67.871094,25000000.000
3562,2243,95.214844,25000000.000
3563,2250,98.632812,25000000.000
3564,2328,136.718750,25000000.000
3565,2372,158.203125,25000000.000
3566,2418,180.664062,25000000.000
3567,2400,171.875000,25000000.000
3568,2439,190.917969,25000000.000
3569,2438,190.429688,25000000.000
3570,2439,190.917969,25000000.000
3571,2435,188.964844,25000000.000
3572,2398,170.898438,25000000.000
3573,2365,154.785156,25000000.000
3574,2320,132.812500,25000000.000
3575,2319,132.324219,25000000.000
3576,2227,87.402344,25000000.000
3577,2168,58.593750,25000000.000
3578,2110,30.273438,25000000.000
3579,2103,26.855469,25000000.000
3580,1988,-29.296875,25000000.000
3581,1931,-57.128906,25000000.000
3582,1873,-85.449219,25000000.000
3583,1866,-88.867188,25000000.000
3584,1775,-133.300781,25000000.000
3585,1731,-154.785156,25000000.000
3586,1698,-170.898438,25000000.000
3587,1694,-172.851562,25000000.000
3588,1660,-189.453125,25000000.000
3589,1649,-194.824219,25000000.000
3590,1652,-193.359375,25000000.000
3591,1651,-193.847656,25000000.000
3592,1684,-177.734375,25000000.000
3593,1714,-163.085938,25000000.000
3594,1750,-145.507812,25000000.000
3595,1754,-143.554688,25000000.000
3596,1844,-99.609375,25000000.000
3597,1899,-72.753906,25000000.000
3598,1956,-44.921875,25000000.000
3599,1964,-41.015625,25000000.000
3600,2079,15.136719,25000000.000
3601,2138,43.945312,25000000.000
3602,2197,72.753906,25000000.000
3603,2202,75.195312,25000000.000
3604,2300,123.046875,25000000.000
3605,2340,142.578125,25000000.000
3606,2380,162.109375,25000000.000
3607,2384,164.062500,25000000.000
3608,2425,184.082031,25000000.000
3609,2438,190.429688,25000000.000
3610,2444,193.359375,25000000.000
3611,2440,191.406250,25000000.000
3612,2418,180.664062,25000000.000
3613,2391,167.480469,25000000.000
3614,2356,150.390625,25000000.000
3615,2354,149.414062,25000000.000
3616,2271,108.886719,25000000.000
3617,2217,82.519531,25000000.000
3618,2162,55.664062,25000000.000
3619,2157,53.222656,25000000.000
3620,2042,-2.929688,25000000.000
3621,1979,-33.691406,25000000.000
3622,1922,-61.523438,25000000.000
3623,1915,-64.941406,25000000.000
3624,1812,-115.234375,25000000.000
3625,1765,-138.183594,25000000.000
3626,1725,-157.714844,25000000.000
3627,1722,-159.179688,25000000.000
3628,1671,-184.082031,25000000.000
3629,1658,-190.429688,25000000.000
3630,1648,-195.312500,25000000.000
3631,1653,-192.871094,25000000.000
3632,1666,-186.523438,25000000.000
3633,1686,-176.757812,25000000.000
3634,1719,-160.644531,25000000.000
3635,1723,-158.691406,25000000.000
3636,1804,-119.140625,25000000.000
3637,1852,-95.703125,25000000.000
3638,1910,-67.382812,25000000.000
3639,1913,-65.917969,25000000.000
3640,2028,-9.765625,25000000.000
3641,2087,19.042969,25000000.000
3642,2146,47.851562,25000000.000
3643,2152,50.781250,25000000.000
3644,2262,104.492188,25000000.000
3645,2321,133.300781,25000000.000
3646,2349,146.972656,25000000.000
3647,2362,153.320312,25000000.000
3648,2393,168.457031,25000000.000
3649,2436,189.453125,25000000.000
3650,2446,194.335938,25000000.000
3651,2451,196.777344,25000000.000
3652,2434,188.476562,25000000.000
3653,2414,178.710938,25000000.000
3654,2392,167.968750,25000000.000
3655,2387,165.527344,25000000.000
3656,2314,129.882812,25000000.000
3657,2266,106.445312,25000000.000
3658,2209,78.613281,25000000.000
3659,2206,77.148438,25000000.000
3660,2093,21.972656,25000000.000
3661,2034,-6.835938,25000000.000
3662,1969,-38.574219,25000000.000
3663,1967,-39.550781,25000000.000
3664,1856,-93.750000,25000000.000
3665,1807,-117.675781,25000000.000
3666,1760,-140.625000,25000000.000
3667,1757,-142.089844,25000000.000
3668,1697,-171.386719,25000000.000
3669,1670,-184.570312,25000000.000
3670,1659,-189.941406,25000000.000
3671,1654,-192.382812,25000000.000
3672,1657,-190.917969,25000000.000
3673,1670,-184.570312,25000000.000
3674,1692,-173.828125,25000000.000
3675,1696,-171.875000,25000000.000
3676,1763,-139.160156,25000000.000
3677,1811,-115.722656,25000000.000
3678,1860,-91.796875,25000000.000
3679,1866,-88.867188,25000000.000
3680,1974,-36.132812,25000000.000
3681,2036,-5.859375,25000000.000
3682,2097,23.925781,25000000.000
3683,2106,28.320312,25000000.000
3684,2214,81.054688,25000000.000
3685,2266,106.445312,25000000.000
3686,2315,130.371094,25000000.000
3687,2316,130.859375,25000000.000
3688,2392,167.968750,25000000.000
3689,2415,179.199219,25000000.000
3690,2433,187.988281,25000000.000
3691,2435,188.964844,25000000.000
3692,2440,191.406250,25000000.000
3693,2432,187.500000,25000000.000
3694,2411,177.246094,25000000.000
3695,2409,176.269531,25000000.000
3696,2348,146.484375,25000000.000
3697,2307,126.464844,25000000.000
3698,2257,102.050781,25000000.000
3699,2252,99.609375,25000000.000
3700,2145,47.363281,25000000.000
3701,2083,17.089844,25000000.000
3702,2025,-11.230469,25000000.000
3703,2018,-14.648438,25000000.000
3704,1907,-68.847656,25000000.000
3705,1848,-97.656250,25000000.000
3706,1798,-122.070312,25000000.000
3707,1793,-124.511719,25000000.000
3708,1717,-161.621094,25000000.000
3709,1687,-176.269531,25000000.000
3710,1665,-187.011719,25000000.000
3711,1664,-187.500000,25000000.000
3712,1648,-195.312500,25000000.000
3713,1659,-189.941406,25000000.000
3714,1672,-183.593750,25000000.000
3715,1675,-182.128906,25000000.000
3716,1730,-155.273438,25000000.000
3717,1769,-136.230469,25000000.000
3718,1815,-113.769531,25000000.000
3719,1820,-111.328125,25000000.000
3720,1926,-59.570312,25000000.000
3721,1984,-31.250000,25000000.000
3722,2045,-1.464844,25000000.000
3723,2051,1.464844,25000000.000
3724,2164,56.640625,25000000.000
3725,2222,84.960938,25000000.000
3726,2273,109.863281,25000000.000
3727,2278,112.304688,25000000.000
3728,2359,151.855469,25000000.000
3729,2396,169.921875,25000000.000
3730,2418,180.664062,25000000.000
3731,2421,182.128906,25000000.000
3732,2443,192.871094,25000000.000
3733,2441,191.894531,25000000.000
3734,2428,185.546875,25000000.000
3735,2429,186.035156,25000000.000
3736,2381,162.597656,25000000.000
3737,2341,143.066406,25000000.000
3738,2298,122.070312,25000000.000
3739,2291,118.652344,25000000.000
3740,2194,71.289062,25000000.000
3741,2137,43.457031,25000000.000
3742,2074,12.695312,25000000.000
3743,2069,10.253906,25000000.000
3744,1954,-45.898438,25000000.000
3745,1895,-74.707031,25000000.000
3746,1840,-101.562500,25000000.000
3747,1835,-104.003906,25000000.000
3748,1750,-145.507812,25000000.000
3749,1710,-165.039062,25000000.000
3750,1681,-179.199219,25000000.000
3751,1680,-179.687500,25000000.000
3752,1650,-194.335938,25000000.000
3753,1649,-194.824219,25000000.000
3754,1660,-189.453125,25000000.000
3755,1657,-190.917969,25000000.000
3756,1700,-169.921875,25000000.000
3757,1734,-153.320312,25000000.000
3758,1776,-132.812500,25000000.000
3759,1778,-131.835938,25000000.000
3760,1874,-84.960938,25000000.000
3761,1935,-55.175781,25000000.000
3762,1993,-26.855469,25000000.000
3763,2000,-23.437500,25000000.000
3764,2114,32.226562,25000000.000
3765,2172,60.546875,25000000.000
3766,2231,89.355469,25000000.000
3767,2237,92.285156,25000000.000
3768,2328,136.718750,25000000.000
3769,2365,154.785156,25000000.000
3770,2399,171.386719,25000000.000
3771,2400,171.875000,25000000.000
3772,2436,189.453125,25000000.000
3773,2441,191.894531,25000000.000
3774,2437,189.941406,25000000.000
3775,2437,189.941406,25000000.000
3776,2403,173.339844,25000000.000
3777,2375,159.667969,25000000.000
3778,2335,140.136719,25000000.000
3779,2331,138.183594,25000000.000
3780,2241,94.238281,25000000.000
3781,2186,67.382812,25000000.000
3782,2126,38.085938,25000000.000
3783,2120,35.156250,25000000.000
3784,2006,-20.507812,25000000.000
3785,1944,-50.781250,25000000.000
3786,1887,-78.613281,25000000.000
3787,1881,-81.542969,25000000.000
3788,1786,-127.929688,25000000.000
3789,1741,-149.902344,25000000.000
3790,1707,-166.503906,25000000.000
3791,1701,-169.433594,25000000.000
3792,1660,-189.453125,25000000.000
3793,1652,-193.359375,25000000.000
3794,1652,-193.359375,25000000.000
3795,1649,-194.824219,25000000.000
3796,1677,-181.152344,25000000.000
3797,1706,-166.992188,25000000.000
3798,1740,-150.390625,25000000.000
3799,1745,-147.949219,25000000.000
3800,1832,-105.468750,25000000.000
3801,1884,-80.078125,25000000.000
3802,1943,-51.269531,25000000.000
3803,1949,-48.339844,25000000.000
3804,2064,7.812500,25000000.000
3805,2122,36.132812,25000000.000
3806,2181,64.941406,25000000.000
3807,2187,67.871094,25000000.000
3808,2288,117.187500,25000000.000
3809,2332,138.671875,25000000.000
3810,2371,157.714844,25000000.000
3811,2374,159.179688,25000000.000
3812,2424,183.593750,25000000.000
3813,2438,190.429688,25000000.000
3814,2442,192.382812,25000000.000
3815,2443,192.871094,25000000.000
3816,2423,183.105469,25000000.000
3817,2401,172.363281,25000000.000
3818,2369,156.738281,25000000.000
3819,2366,155.273438,25000000.000
3820,2286,116.210938,25000000.000
3821,2234,90.820312,25000000.000
3822,2176,62.500000,25000000.000
3823,2168,58.593750,25000000.000
3824,2057,4.394531,25000000.000
3825,1997,-24.902344,25000000.000
3826,1936,-54.687500,25000000.000
3827,1929,-58.105469,25000000.000
3828,1824,-109.375000,25000000.000
3829,1780,-130.859375,25000000.000
3830,1735,-152.832031,25000000.000
3831,1733,-153.808594,25000000.000
3832,1675,-182.128906,25000000.000
3833,1660,-189.453125,25000000.000
3834,1651,-193.847656,25000000.000
3835,1651,-193.847656,25000000.000
3836,1663,-187.988281,25000000.000
3837,1681,-179.199219,25000000.000
3838,1712,-164.062500,25000000.000
3839,1714,-163.085938,25000000.000
3840,1790,-125.976562,25000000.000
3841,1840,-101.562500,25000000.000
3842,1893,-75.683594,25000000.000
3843,1897,-73.730469,25000000.000
3844,2012,-17.578125,25000000.000
3845,2068,9.765625,25000000.000
3846,2134,41.992188,25000000.000
3847,2140,44.921875,25000000.000
3848,2239,93.261719,25000000.000
3849,2290,118.164062,25000000.000
3850,2344,144.531250,25000000.000
3851,2346,145.507812,25000000.000
3852,2408,175.781250,25000000.000
3853,2426,184.570312,25000000.000
3854,2442,192.382812,25000000.000
3855,2442,192.382812,25000000.000
3856,2437,189.941406,25000000.000
3857,2422,182.617188,25000000.000
3858,2396,169.921875,25000000.000
3859,2392,167.968750,25000000.000
3860,2324,134.765625,25000000.000
3861,2279,112.792969,25000000.000
3862,2224,85.937500,25000000.000
3863,2220,83.984375,25000000.000
3864,2110,30.273438,25000000.000
3865,2049,0.488281,25000000.000
3866,1987,-29.785156,25000000.000
3867,1982,-32.226562,25000000.000
3868,1871,-86.425781,25000000.000
3869,1819,-111.816406,25000000.000
3870,1774,-133.789062,25000000.000
3871,1766,-137.695312,25000000.000
3872,1699,-170.410156,25000000.000
3873,1672,-183.593750,25000000.000
3874,1658,-190.429688,25000000.000
3875,1655,-191.894531,25000000.000
3876,1652,-193.359375,25000000.000
3877,1664,-187.500000,25000000.000
3878,1686,-176.757812,25000000.000
3879,1688,-175.781250,25000000.000
3880,1753,-144.042969,25000000.000
3881,1797,-122.558594,25000000.000
3882,1847,-98.144531,25000000.000
3883,1855,-94.238281,25000000.000
3884,1961,-42.480469,25000000.000
3885,2022,-12.695312,25000000.000
3886,2084,17.578125,25000000.000
3887,2082,16.601562,25000000.000
3888,2193,70.800781,25000000.000
3889,2251,99.121094,25000000.000
3890,2300,123.046875,25000000.000
3891,2306,125.976562,25000000.000
3892,2384,164.062500,25000000.000
3893,2412,177.734375,25000000.000
3894,2431,187.011719,25000000.000
3895,2434,188.476562,25000000.000
3896,2442,192.382812,25000000.000
3897,2438,190.429688,25000000.000
3898,2420,181.640625,25000000.000
3899,2419,181.152344,25000000.000
3900,2357,150.878906,25000000.000
3901,2319,132.324219,25000000.000
3902,2272,109.375000,25000000.000
3903,2267,106.933594,25000000.000
3904,2163,56.152344,25000000.000
3905,2100,25.390625,25000000.000
3906,2036,-5.859375,25000000.000
3907,2031,-8.300781,25000000.000
3908,1919,-62.988281,25000000.000
3909,1863,-90.332031,25000000.000
3910,1812,-115.234375,25000000.000
3911,1797,-122.558594,25000000.000
3912,1717,-161.621094,25000000.000
3913,1689,-175.292969,25000000.000
3914,1669,-185.058594,25000000.000
3915,1667,-186.035156,25000000.000
3916,1651,-193.847656,25000000.000
3917,1653,-192.871094,25000000.000
3918,1668,-185.546875,25000000.000
3919,1669,-185.058594,25000000.000
3920,1723,-158.691406,25000000.000
3921,1758,-141.601562,25000000.000
3922,1805,-118.652344,25000000.000
3923,1808,-117.187500,25000000.000
3924,1910,-67.382812,25000000.000
3925,1970,-38.085938,25000000.000
3926,2029,-9.277344,25000000.000
3927,2036,-5.859375,25000000.000
3928,2149,49.316406,25000000.000
3929,2209,78.613281,25000000.000
3930,2262,104.492188,25000000.000
3931,2268,107.421875,25000000.000
3932,2353,148.925781,25000000.000
3933,2387,165.527344,25000000.000
3934,2413,178.222656,25000000.000
3935,2418,180.664062,25000000.000
3936,2442,192.382812,25000000.000
3937,2441,191.894531,25000000.000
3938,2434,188.476562,25000000.000
3939,2430,186.523438,25000000.000
3940,2387,165.527344,25000000.000
3941,2353,148.925781,25000000.000
3942,2309,127.441406,25000000.000
3943,2304,125.000000,25000000.000
3944,2206,77.148438,25000000.000
3945,2152,50.781250,25000000.000
3946,2089,20.019531,25000000.000
3947,2084,17.578125,25000000.000
3948,1969,-38.574219,25000000.000
3949,1910,-67.382812,25000000.000
3950,1854,-94.726562,25000000.000
3951,1848,-97.656250,25000000.000
3952,1759,-141.113281,25000000.000
3953,1718,-161.132812,25000000.000
3954,1689,-175.292969,25000000.000
3955,1686,-176.757812,25000000.000
3956,1649,-194.824219,25000000.000
3957,1648,-195.312500,25000000.000
3958,1659,-189.941406,25000000.000
3959,1651,-193.847656,25000000.000
3960,1692,-173.828125,25000000.000
3961,1724,-158.203125,25000000.000
3962,1764,-138.671875,25000000.000
3963,1769,-136.230469,25000000.000
3964,1863,-90.332031,25000000.000
3965,1917,-63.964844,25000000.000
3966,1981,-32.714844,25000000.000
3967,1986,-30.273438,25000000.000
3968,2101,25.878906,25000000.000
3969,2155,52.246094,25000000.000
3970,2217,82.519531,25000000.000
3971,2220,83.984375,25000000.000
3972,2318,131.835938,25000000.000
3973,2357,150.878906,25000000.000
3974,2390,166.992188,25000000.000
3975,2394,168.945312,25000000.000
3976,2434,188.476562,25000000.000
3977,2443,192.871094,25000000.000
3978,2441,191.894531,25000000.000
3979,2441,191.894531,25000000.000
3980,2412,177.734375,25000000.000
3981,2383,163.574219,25000000.000
3982,2348,146.484375,25000000.000
3983,2344,144.531250,25000000.000
3984,2253,100.097656,25000000.000
3985,2199,73.730469,25000000.000
3986,2141,45.410156,25000000.000
3987,2135,42.480469,25000000.000
3988,2020,-13.671875,25000000.000
3989,1957,-44.433594,25000000.000
3990,1899,-72.753906,25000000.000
3991,1891,-76.660156,25000000.000
3992,1794,-124.023438,25000000.000
3993,1751,-145.019531,25000000.000
3994,1713,-163.574219,25000000.000
3995,1709,-165.527344,25000000.000
3996,1662,-188.476562,25000000.000
3997,1651,-193.847656,25000000.000
3998,1646,-196.289062,25000000.000
3999,1648,-195.312500,25000000.000
4000,1671,-184.082031,25000000.000
4001,1696,-171.875000,25000000.000
4002,1731,-154.785156,25000000.000
4003,1733,-153.808594,25000000.000
4004,1820,-111.328125,25000000.000
4005,1870,-86.914062,25000000.000
4006,1928,-58.593750,25000000.000
4007,1933,-56.152344,25000000.000
4008,2049,0.488281,25000000.000
4009,2109,29.785156,25000000.000
4010,2168,58.593750,25000000.000
4011,2175,62.011719,25000000.000
4012,2275,110.839844,25000000.000
4013,2324,134.765625,25000000.000
4014,2363,153.808594,25000000.000
4015,2367,155.761719,25000000.000
4016,2421,182.128906,25000000.000
4017,2436,189.453125,25000000.000
4018,2444,193.359375,25000000.000
4019,2443,192.871094,25000000.000
4020,2429,186.035156,25000000.000
4021,2407,175.292969,25000000.000
4022,2378,161.132812,25000000.000
4023,2372,158.203125,25000000.000
4024,2295,120.605469,25000000.000
4025,2246,96.679688,25000000.000
4026,2190,69.335938,25000000.000
4027,2184,66.406250,25000000.000
4028,2071,11.230469,25000000.000
4029,2011,-18.066406,25000000.000
4030,1948,-48.828125,25000000.000
4031,1945,-50.292969,25000000.000
4032,1837,-103.027344,25000000.000
4033,1787,-127.441406,25000000.000
4034,1744,-148.437500,25000000.000
4035,1741,-149.902344,25000000.000
4036,1682,-178.710938,25000000.000
4037,1659,-189.941406,25000000.000
4038,1651,-193.847656,25000000.000
4039,1651,-193.847656,25000000.000
4040,1658,-190.429688,25000000.000
4041,1677,-181.152344,25000000.000
4042,1701,-169.433594,25000000.000
4043,1705,-167.480469,25000000.000
4044,1776,-132.812500,25000000.000
4045,1829,-106.933594,25000000.000
4046,1879,-82.519531,25000000.000
4047,1887,-78.613281,25000000.000
4048,1998,-24.414062,25000000.000
4049,2058,4.882812,25000000.000
4050,2120,35.156250,25000000.000
4051,2127,38.574219,25000000.000
4052,2235,91.308594,25000000.000
4053,2283,114.746094,25000000.000
4054,2332,138.671875,25000000.000
4055,2335,140.136719,25000000.000
4056,2401,172.363281,25000000.000
4057,2425,184.082031,25000000.000
4058,2439,190.917969,25000000.000
4059,2440,191.406250,25000000.000
4060,2440,191.406250,25000000.000
4061,2425,184.082031,25000000.000
4062,2407,175.292969,25000000.000
4063,2394,168.945312,25000000.000
4064,2333,139.160156,25000000.000
4065,2288,117.187500,25000000.000
4066,2239,93.261719,25000000.000
4067,2231,89.355469,25000000.000
4068,2126,38.085938,25000000.000
4069,2062,6.835938,25000000.000
4070,2003,-21.972656,25000000.000
4071,1996,-25.390625,25000000.000
4072,1886,-79.101562,25000000.000
4073,1832,-105.468750,25000000.000
4074,1782,-129.882812,25000000.000
4075,1777,-132.324219,25000000.000
4076,1704,-167.968750,25000000.000
4077,1678,-180.664062,25000000.000
4078,1660,-189.453125,25000000.000
4079,1657,-190.917969,25000000.000
4080,1650,-194.335938,25000000.000
4081,1659,-189.941406,25000000.000
4082,1680,-179.687500,25000000.000
4083,1684,-177.734375,25000000.000
4084,1742,-149.414062,25000000.000
4085,1784,-128.906250,25000000.000
4086,1836,-103.515625,25000000.000
4087,1840,-101.562500,25000000.000
4088,1945,-50.292969,25000000.000
4089,2005,-20.996094,25000000.000
4090,2068,9.765625,25000000.000
4091,2071,11.230469,25000000.000
4092,2185,66.894531,25000000.000
4093,2243,95.214844,25000000.000
4094,2289,117.675781,25000000.000
4095,2296,121.093750,25000000.000
4096,2376,160.156250,25000000.000
4097,2405,174.316406,25000000.000
4098,2428,185.546875,25000000.000
4099,2428,185.546875,25000000.000
4100,2443,192.871094,25000000.000
4101,2439,190.917969,25000000.000
4102,2424,183.593750,25000000.000
4103,2421,182.128906,25000000.000
4104,2356,150.390625,25000000.000
4105,2337,141.113281,25000000.000
4106,2284,115.234375,25000000.000
4107,2275,110.839844,25000000.000
4108,2156,52.734375,25000000.000
4109,2121,35.644531,25000000.000
4110,2061,6.347656,25000000.000
4111,2049,0.488281,25000000.000
4112,1928,-58.593750,25000000.000
4113,1873,-85.449219,25000000.000
4114,1826,-108.398438,25000000.000
4115,1817,-112.792969,25000000.000
4116,1731,-154.785156,25000000.000
4117,1699,-170.410156,25000000.000
4118,1677,-181.152344,25000000.000
4119,1673,-183.105469,25000000.000
4120,1649,-194.824219,25000000.000
4121,1650,-194.335938,25000000.000
4122,1664,-187.500000,25000000.000
4123,1664,-187.500000,25000000.000
4124,1710,-165.039062,25000000.000
4125,1748,-146.484375,25000000.000
4126,1791,-125.488281,25000000.000
4127,1797,-122.558594,25000000.000
4128,1895,-74.707031,25000000.000
4129,1956,-44.921875,25000000.000
4130,2015,-16.113281,25000000.000
4131,2021,-13.183594,25000000.000
4132,2137,43.457031,25000000.000
4133,2194,71.289062,25000000.000
4134,2249,98.144531,25000000.000
4135,2255,101.074219,25000000.000
4136,2343,144.042969,25000000.000
4137,2378,161.132812,25000000.000
4138,2410,176.757812,25000000.000
4139,2410,176.757812,25000000.000
4140,2442,192.382812,25000000.000
4141,2444,193.359375,25000000.000
4142,2435,188.964844,25000000.000
4143,2433,187.988281,25000000.000
4144,2395,169.433594,25000000.000
4145,2363,153.808594,25000000.000
4146,2320,132.812500,25000000.000
4147,2316,130.859375,25000000.000
4148,2222,84.960938,25000000.000
4149,2164,56.640625,25000000.000
4150,2104,27.343750,25000000.000
4151,2098,24.414062,25000000.000
4152,1984,-31.250000,25000000.000
4153,1922,-61.523438,25000000.000
4154,1865,-89.355469,25000000.000
4155,1860,-91.796875,25000000.000
4156,1768,-136.718750,25000000.000
4157,1730,-155.273438,25000000.000
4158,1694,-172.851562,25000000.000
4159,1691,-174.316406,25000000.000
4160,1653,-192.871094,25000000.000
4161,1648,-195.312500,25000000.000
4162,1650,-194.335938,25000000.000
4163,1652,-193.359375,25000000.000
4164,1688,-175.781250,25000000.000
4165,1713,-163.574219,25000000.000
4166,1753,-144.042969,25000000.000
4167,1761,-140.136719,25000000.000
4168,1850,-96.679688,25000000.000
4169,1902,-71.289062,25000000.000
4170,1964,-41.015625,25000000.000
4171,1968,-39.062500,25000000.000
4172,2085,18.066406,25000000.000
4173,2144,46.875000,25000000.000
4174,2202,75.195312,25000000.000
4175,2206,77.148438,25000000.000
4176,2304,125.000000,25000000.000
4177,2349,146.972656,25000000.000
4178,2382,163.085938,25000000.000
4179,2387,165.527344,25000000.000
4180,2431,187.011719,25000000.000
4181,2441,191.894531,25000000.000
4182,2443,192.871094,25000000.000
4183,2443,192.871094,25000000.000
4184,2416,179.687500,25000000.000
4185,2389,166.503906,25000000.000
4186,2357,150.878906,25000000.000
4187,2353,148.925781,25000000.000
4188,2268,107.421875,25000000.000
4189,2214,81.054688,25000000.000
4190,2155,52.246094,25000000.000
4191,2148,48.828125,25000000.000
4192,2035,-6.347656,25000000.000
4193,1974,-36.132812,25000000.000
4194,1914,-65.429688,25000000.000
4195,1909,-67.871094,25000000.000
4196,1807,-117.675781,25000000.000
4197,1762,-139.648438,25000000.000
4198,1722,-159.179688,25000000.000
4199,1720,-160.156250,25000000.000
4200,1666,-186.523438,25000000.000
4201,1653,-192.871094,25000000.000
4202,1650,-194.335938,25000000.000
4203,1648,-195.312500,25000000.000
4204,1668,-185.546875,25000000.000
4205,1691,-174.316406,25000000.000
4206,1720,-160.156250,25000000.000
4207,1725,-157.714844,25000000.000
4208,1808,-117.187500,25000000.000
4209,1858,-92.773438,25000000.000
4210,1912,-66.406250,25000000.000
4211,1919,-62.988281,25000000.000
4212,2031,-8.300781,25000000.000
4213,2094,22.460938,25000000.000
4214,2154,51.757812,25000000.000
4215,2161,55.175781,25000000.000
4216,2263,104.980469,25000000.000
4217,2311,128.417969,25000000.000
4218,2355,149.902344,25000000.000
4219,2357,150.878906,25000000.000
4220,2417,180.175781,25000000.000
4221,2437,189.941406,25000000.000
4222,2444,193.359375,25000000.000
4223,2444,193.359375,25000000.000
4224,2437,189.941406,25000000.000
4225,2417,180.175781,25000000.000
4226,2380,162.109375,25000000.000
4227,2380,162.109375,25000000.000
4228,2308,126.953125,25000000.000
4229,2260,103.515625,25000000.000
4230,2206,77.148438,25000000.000
4231,2202,75.195312,25000000.000
4232,2089,20.019531,25000000.000
4233,2027,-10.253906,25000000.000
4234,1963,-41.503906,25000000.000
4235,1959,-43.457031,25000000.000
4236,1853,-95.214844,25000000.000
4237,1800,-121.093750,25000000.000
4238,1756,-142.578125,25000000.000
4239,1751,-145.019531,25000000.000
4240,1687,-176.269531,25000000.000
4241,1664,-187.500000,25000000.000
4242,1649,-194.824219,25000000.000
4243,1651,-193.847656,25000000.000
4244,1654,-192.382812,25000000.000
4245,1671,-184.082031,25000000.000
4246,1695,-172.363281,25000000.000
4247,1699,-170.410156,25000000.000
4248,1767,-137.207031,25000000.000
4249,1813,-114.746094,25000000.000
4250,1866,-88.867188,25000000.000
4251,1872,-85.937500,25000000.000
4252,1983,-31.738281,25000000.000
4253,2041,-3.417969,25000000.000
4254,2104,27.343750,25000000.000
4255,2108,29.296875,25000000.000
4256,2219,83.496094,25000000.000
4257,2271,108.886719,25000000.000
4258,2303,124.511719,25000000.000
4259,2328,136.718750,25000000.000
4260,2394,168.945312,25000000.000
4261,2422,182.617188,25000000.000
4262,2437,189.941406,25000000.000
4263,2436,189.453125,25000000.000
4264,2443,192.871094,25000000.000
4265,2430,186.523438,25000000.000
4266,2413,178.222656,25000000.000
4267,2411,177.246094,25000000.000
4268,2346,145.507812,25000000.000
4269,2300,123.046875,25000000.000
4270,2253,100.097656,25000000.000
4271,2246,96.679688,25000000.000
4272,2137,43.457031,25000000.000
4273,2078,14.648438,25000000.000
4274,2017,-15.136719,25000000.000
4275,2008,-19.531250,25000000.000
4276,1894,-75.195312,25000000.000
4277,1843,-100.097656,25000000.000
4278,1791,-125.488281,25000000.000
4279,1787,-127.441406,25000000.000
4280,1713,-163.574219,25000000.000
4281,1680,-179.687500,25000000.000
4282,1663,-187.988281,25000000.000
4283,1662,-188.476562,25000000.000
4284,1650,-194.335938,25000000.000
4285,1655,-191.894531,25000000.000
4286,1674,-182.617188,25000000.000
4287,1676,-181.640625,25000000.000
4288,1735,-152.832031,25000000.000
4289,1777,-132.324219,25000000.000
4290,1822,-110.351562,25000000.000
4291,1825,-108.886719,25000000.000
4292,1933,-56.152344,25000000.000
4293,1993,-26.855469,25000000.000
4294,2052,1.953125,25000000.000
4295,2058,4.882812,25000000.000
4296,2172,60.546875,25000000.000
4297,2230,88.867188,25000000.000
4298,2282,114.257812,25000000.000
4299,2287,116.699219,25000000.000
4300,2369,156.738281,25000000.000
4301,2398,170.898438,25000000.000
4302,2425,184.082031,25000000.000
4303,2421,182.128906,25000000.000
4304,2445,193.847656,25000000.000
4305,2435,188.964844,25000000.000
4306,2424,183.593750,25000000.000
4307,2423,183.105469,25000000.000
4308,2379,161.621094,25000000.000
4309,2340,142.578125,25000000.000
4310,2292,119.140625,25000000.000
4311,2290,118.164062,25000000.000
4312,2188,68.359375,25000000.000
4313,2129,39.550781,25000000.000
4314,2069,10.253906,25000000.000
4315,2064,7.812500,25000000.000
4316,1947,-49.316406,25000000.000
4317,1886,-79.101562,25000000.000
4318,1835,-104.003906,25000000.000
4319,1831,-105.957031,25000000.000
4320,1745,-147.949219,25000000.000
4321,1706,-166.992188,25000000.000
4322,1680,-179.687500,25000000.000
4323,1677,-181.152344,25000000.000
4324,1651,-193.847656,25000000.000
4325,1652,-193.359375,25000000.000
4326,1657,-190.917969,25000000.000
4327,1660,-189.453125,25000000.000
4328,1702,-168.945312,25000000.000
4329,1739,-150.878906,25000000.000
4330,1780,-130.859375,25000000.000
4331,1786,-127.929688,25000000.000
4332,1882,-81.054688,25000000.000
4333,1939,-53.222656,25000000.000
4334,2001,-22.949219,25000000.000
4335,2007,-20.019531,25000000.000
4336,2123,36.621094,25000000.000
4337,2178,63.476562,25000000.000
4338,2234,90.820312,25000000.000
4339,2240,93.750000,25000000.000
4340,2331,138.183594,25000000.000
4341,2372,158.203125,25000000.000
4342,2401,172.363281,25000000.000
4343,2405,174.316406,25000000.000
4344,2438,190.429688,25000000.000
4345,2444,193.359375,25000000.000
4346,2440,191.406250,25000000.000
4347,2439,190.917969,25000000.000
4348,2403,173.339844,25000000.000
4349,2371,157.714844,25000000.000
4350,2332,138.671875,25000000.000
4351,2327,136.230469,25000000.000
4352,2235,91.308594,25000000.000
4353,2178,63.476562,25000000.000
4354,2120,35.156250,25000000.000
4355,2113,31.738281,25000000.000
4356,1997,-24.902344,25000000.000
4357,1938,-53.710938,25000000.000
4358,1879,-82.519531,25000000.000
4359,1876,-83.984375,25000000.000
4360,1777,-132.324219,25000000.000
4361,1741,-149.902344,25000000.000
4362,1699,-170.410156,25000000.000
4363,1701,-169.433594,25000000.000
4364,1661,-188.964844,25000000.000
4365,1630,-204.101562,25000000.000
4366,1655,-191.894531,25000000.000
4367,1662,-188.476562,25000000.000
4368,1676,-181.640625,25000000.000
4369,1707,-166.503906,25000000.000
4370,1742,-149.414062,25000000.000
4371,1745,-147.949219,25000000.000
4372,1836,-103.515625,25000000.000
4373,1892,-76.171875,25000000.000
4374,1946,-49.804688,25000000.000
4375,1953,-46.386719,25000000.000
4376,2068,9.765625,25000000.000
4377,2132,41.015625,25000000.000
4378,2186,67.382812,25000000.000
4379,2194,71.289062,25000000.000
4380,2293,119.628906,25000000.000
4381,2337,141.113281,25000000.000
4382,2376,160.156250,25000000.000
4383,2379,161.621094,25000000.000
4384,2428,185.546875,25000000.000
4385,2438,190.429688,25000000.000
4386,2444,193.359375,25000000.000
4387,2443,192.871094,25000000.000
4388,2422,182.617188,25000000.000
4389,2398,170.898438,25000000.000
4390,2366,155.273438,25000000.000
4391,2361,152.832031,25000000.000
4392,2280,113.281250,25000000.000
4393,2228,87.890625,25000000.000
4394,2169,59.082031,25000000.000
4395,2166,57.617188,25000000.000
4396,2051,1.464844,25000000.000
4397,1991,-27.832031,25000000.000
4398,1931,-57.128906,25000000.000
4399,1925,-60.058594,25000000.000
4400,1819,-111.816406,25000000.000
4401,1761,-140.136719,25000000.000
4402,1719,-160.644531,25000000.000
4403,1735,-152.832031,25000000.000
4404,1668,-185.546875,25000000.000
4405,1634,-202.148438,25000000.000
4406,1646,-196.289062,25000000.000
4407,1652,-193.359375,25000000.000
4408,1662,-188.476562,25000000.000
4409,1676,-181.640625,25000000.000
4410,1715,-162.597656,25000000.000
4411,1714,-163.085938,25000000.000
4412,1795,-123.535156,25000000.000
4413,1842,-100.585938,25000000.000
4414,1901,-71.777344,25000000.000
4415,1908,-68.359375,25000000.000
4416,2017,-15.136719,25000000.000
4417,2080,15.625000,25000000.000
4418,2141,45.410156,25000000.000
4419,2145,47.363281,25000000.000
4420,2251,99.121094,25000000.000
4421,2301,123.535156,25000000.000
4422,2343,144.042969,25000000.000
4423,2346,145.507812,25000000.000
4424,2411,177.246094,25000000.000
4425,2432,187.500000,25000000.000
4426,2441,191.894531,25000000.000
4427,2444,193.359375,25000000.000
4428,2434,188.476562,25000000.000
4429,2420,181.640625,25000000.000
4430,2395,169.433594,25000000.000
4431,2391,167.480469,25000000.000
4432,2320,132.812500,25000000.000
4433,2272,109.375000,25000000.000
4434,2218,83.007812,25000000.000
4435,2217,82.519531,25000000.000
4436,2099,24.902344,25000000.000
4437,2042,-2.929688,25000000.000
4438,1980,-33.203125,25000000.000
4439,1975,-35.644531,25000000.000
4440,1864,-89.843750,25000000.000
4441,1814,-114.257812,25000000.000
4442,1767,-137.207031,25000000.000
4443,1762,-139.648438,25000000.000
4444,1692,-173.828125,25000000.000
4445,1670,-184.570312,25000000.000
4446,1654,-192.382812,25000000.000
4447,1654,-192.382812,25000000.000
4448,1654,-192.382812,25000000.000
4449,1666,-186.523438,25000000.000
4450,1690,-174.804688,25000000.000
4451,1691,-174.316406,25000000.000
4452,1759,-141.113281,25000000.000
4453,1800,-121.093750,25000000.000
4454,1853,-95.214844,25000000.000
4455,1856,-93.750000,25000000.000
4456,1967,-39.550781,25000000.000
4457,2028,-9.765625,25000000.000
4458,2088,19.531250,25000000.000
4459,2095,22.949219,25000000.000
4460,2204,76.171875,25000000.000
4461,2261,104.003906,25000000.000
4462,2307,126.464844,25000000.000
4463,2314,129.882812,25000000.000
4464,2385,164.550781,25000000.000
4465,2413,178.222656,25000000.000
4466,2432,187.500000,25000000.000
4467,2434,188.476562,25000000.000
4468,2443,192.871094,25000000.000
4469,2432,187.500000,25000000.000
4470,2418,180.664062,25000000.000
4471,2415,179.199219,25000000.000
4472,2355,149.902344,25000000.000
4473,2315,130.371094,25000000.000
4474,2264,105.468750,25000000.000
4475,2259,103.027344,25000000.000
4476,2152,50.781250,25000000.000
4477,2094,22.460938,25000000.000
4478,2033,-7.324219,25000000.000
4479,2028,-9.765625,25000000.000
4480,1914,-65.429688,25000000.000
4481,1857,-93.261719,25000000.000
4482,1807,-117.675781,25000000.000
4483,1804,-119.140625,25000000.000
4484,1720,-160.156250,25000000.000
4485,1691,-174.316406,25000000.000
4486,1668,-185.546875,25000000.000
4487,1665,-187.011719,25000000.000
4488,1649,-194.824219,25000000.000
4489,1655,-191.894531,25000000.000
4490,1668,-185.546875,25000000.000
4491,1669,-185.058594,25000000.000
4492,1725,-157.714844,25000000.000
4493,1769,-136.230469,25000000.000
4494,1811,-115.722656,25000000.000
4495,1834,-104.492188,25000000.000
4496,1919,-62.988281,25000000.000
4497,1972,-37.109375,25000000.000
4498,2031,-8.300781,25000000.000
4499,2045,-1.464844,25000000.000
4500,2159,54.199219,25000000.000
4501,2208,78.125000,25000000.000
4502,2271,108.886719,25000000.000
4503,2273,109.863281,25000000.000
4504,2353,148.925781,25000000.000
4505,2393,168.457031,25000000.000
4506,2419,181.152344,25000000.000
4507,2419,181.152344,25000000.000
4508,2445,193.847656,25000000.000
4509,2442,192.382812,25000000.000
4510,2431,187.011719,25000000.000
4511,2430,186.523438,25000000.000
4512,2384,164.062500,25000000.000
4513,2349,146.972656,25000000.000
4514,2306,125.976562,25000000.000
4515,2302,124.023438,25000000.000
4516,2203,75.683594,25000000.000
4517,2144,46.875000,25000000.000
4518,2086,18.554688,25000000.000
4519,2078,14.648438,25000000.000
4520,1962,-41.992188,25000000.000
4521,1904,-70.312500,25000000.000
4522,1848,-97.656250,25000000.000
4523,1842,-100.585938,25000000.000
4524,1754,-143.554688,25000000.000
4525,1715,-162.597656,25000000.000
4526,1685,-177.246094,25000000.000
4527,1683,-178.222656,25000000.000
4528,1652,-193.359375,25000000.000
4529,1650,-194.335938,25000000.000
4530,1656,-191.406250,25000000.000
4531,1659,-189.941406,25000000.000
4532,1699,-170.410156,25000000.000
4533,1727,-156.738281,25000000.000
4534,1769,-136.230469,25000000.000
4535,1771,-135.253906,25000000.000
4536,1871,-86.425781,25000000.000
4537,1924,-60.546875,25000000.000
4538,1985,-30.761719,25000000.000
4539,1990,-28.320312,25000000.000
4540,2106,28.320312,25000000.000
4541,2166,57.617188,25000000.000
4542,2221,84.472656,25000000.000
4543,2228,87.890625,25000000.000
4544,2319,132.324219,25000000.000
4545,2363,153.808594,25000000.000
4546,2395,169.433594,25000000.000
4547,2399,171.386719,25000000.000
4548,2437,189.941406,25000000.000
4549,2444,193.359375,25000000.000
4550,2441,191.894531,25000000.000
4551,2439,190.917969,25000000.000
4552,2409,176.269531,25000000.000
4553,2378,161.132812,25000000.000
4554,2342,143.554688,25000000.000
4555,2340,142.578125,25000000.000
4556,2247,97.167969,25000000.000
4557,2197,72.753906,25000000.000
4558,2136,42.968750,25000000.000
4559,2131,40.527344,25000000.000
4560,2014,-16.601562,25000000.000
4561,1955,-45.410156,25000000.000
4562,1894,-75.195312,25000000.000
4563,1889,-77.636719,25000000.000
4564,1791,-125.488281,25000000.000
4565,1747,-146.972656,25000000.000
4566,1710,-165.039062,25000000.000
4567,1707,-166.503906,25000000.000
4568,1662,-188.476562,25000000.000
4569,1650,-194.335938,25000000.000
4570,1648,-195.312500,25000000.000
4571,1647,-195.800781,25000000.000
4572,1674,-182.617188,25000000.000
4573,1701,-169.433594,25000000.000
4574,1733,-153.808594,25000000.000
4575,1737,-151.855469,25000000.000
4576,1824,-109.375000,25000000.000
4577,1877,-83.496094,25000000.000
4578,1932,-56.640625,25000000.000
4579,1938,-53.710938,25000000.000
4580,2055,3.417969,25000000.000
4581,2115,32.714844,25000000.000
4582,2174,61.523438,25000000.000
4583,2178,63.476562,25000000.000
4584,2283,114.746094,25000000.000
4585,2325,135.253906,25000000.000
4586,2368,156.250000,25000000.000
4587,2370,157.226562,25000000.000
4588,2423,183.105469,25000000.000
4589,2437,189.941406,25000000.000
4590,2443,192.871094,25000000.000
4591,2441,191.894531,25000000.000
4592,2425,184.082031,25000000.000
4593,2406,174.804688,25000000.000
4594,2371,157.714844,25000000.000
4595,2370,157.226562,25000000.000
4596,2290,118.164062,25000000.000
4597,2241,94.238281,25000000.000
4598,2185,66.894531,25000000.000
4599,2182,65.429688,25000000.000
4600,2065,8.300781,25000000.000
4601,2003,-21.972656,25000000.000
4602,1945,-50.292969,25000000.000
4603,1938,-53.710938,25000000.000
4604,1835,-104.003906,25000000.000
4605,1772,-134.765625,25000000.000
4606,1744,-148.437500,25000000.000
4607,1739,-150.878906,25000000.000
4608,1678,-180.664062,25000000.000
4609,1661,-188.964844,25000000.000
4610,1649,-194.824219,25000000.000
4611,1652,-193.359375,25000000.000
4612,1658,-190.429688,25000000.000
4613,1677,-181.152344,25000000.000
4614,1690,-174.804688,25000000.000
4615,1702,-168.945312,25000000.000
4616,1774,-133.789062,25000000.000
4617,1840,-101.562500,25000000.000
4618,1881,-81.542969,25000000.000
4619,1881,-81.542969,25000000.000
4620,2002,-22.460938,25000000.000
4621,2068,9.765625,25000000.000
4622,2121,35.644531,25000000.000
4623,2126,38.085938,25000000.000
4624,2239,93.261719,25000000.000
4625,2289,117.675781,25000000.000
4626,2333,139.160156,25000000.000
4627,2337,141.113281,25000000.000
4628,2403,173.339844,25000000.000
4629,2425,184.082031,25000000.000
4630,2440,191.406250,25000000.000
4631,2441,191.894531,25000000.000
4632,2439,190.917969,25000000.000
4633,2424,183.593750,25000000.000
4634,2401,172.363281,25000000.000
4635,2399,171.386719,25000000.000
4636,2331,138.183594,25000000.000
4637,2284,115.234375,25000000.000
4638,2232,89.843750,25000000.000
4639,2226,86.914062,25000000.000
4640,2118,34.179688,25000000.000
4641,2056,3.906250,25000000.000
4642,1995,-25.878906,25000000.000
4643,1991,-27.832031,25000000.000
4644,1878,-83.007812,25000000.000
4645,1826,-108.398438,25000000.000
4646,1777,-132.324219,25000000.000
4647,1774,-133.789062,25000000.000
4648,1704,-167.968750,25000000.000
4649,1675,-182.128906,25000000.000
4650,1660,-189.453125,25000000.000
4651,1656,-191.406250,25000000.000
4652,1654,-192.382812,25000000.000
4653,1662,-188.476562,25000000.000
4654,1685,-177.246094,25000000.000
4655,1686,-176.757812,25000000.000
4656,1746,-147.460938,25000000.000
4657,1790,-125.976562,25000000.000
4658,1839,-102.050781,25000000.000
4659,1844,-99.609375,25000000.000
4660,1950,-47.851562,25000000.000
4661,2014,-16.601562,25000000.000
4662,2072,11.718750,25000000.000
4663,2079,15.136719,25000000.000
4664,2191,69.824219,25000000.000
4665,2246,96.679688,25000000.000
4666,2296,121.093750,25000000.000
4667,2300,123.046875,25000000.000
4668,2379,161.621094,25000000.000
4669,2407,175.292969,25000000.000
4670,2428,185.546875,25000000.000
4671,2430,186.523438,25000000.000
4672,2443,192.871094,25000000.000
4673,2437,189.941406,25000000.000
4674,2421,182.128906,25000000.000
4675,2419,181.152344,25000000.000
4676,2363,153.808594,25000000.000
4677,2326,135.742188,25000000.000
4678,2276,111.328125,25000000.000
4679,2273,109.863281,25000000.000
4680,2169,59.082031,25000000.000
4681,2109,29.785156,25000000.000
4682,2049,0.488281,25000000.000
4683,2044,-1.953125,25000000.000
4684,1929,-58.105469,25000000.000
4685,1870,-86.914062,25000000.000
4686,1820,-111.328125,25000000.000
4687,1813,-114.746094,25000000.000
4688,1731,-154.785156,25000000.000
4689,1697,-171.386719,25000000.000
4690,1675,-182.128906,25000000.000
4691,1669,-185.058594,25000000.000
4692,1651,-193.847656,25000000.000
4693,1654,-192.382812,25000000.000
4694,1663,-187.988281,25000000.000
4695,1665,-187.011719,25000000.000
4696,1716,-162.109375,25000000.000
4697,1752,-144.531250,25000000.000
4698,1799,-121.582031,25000000.000
4699,1803,-119.628906,25000000.000
4700,1901,-71.777344,25000000.000
4701,1960,-42.968750,25000000.000
4702,2022,-12.695312,25000000.000
4703,2026,-10.742188,25000000.000
4704,2141,45.410156,25000000.000
4705,2199,73.730469,25000000.000
4706,2248,97.656250,25000000.000
4707,2259,103.027344,25000000.000
4708,2345,145.019531,25000000.000
4709,2385,164.550781,25000000.000
4710,2410,176.757812,25000000.000
4711,2414,178.710938,25000000.000
4712,2442,192.382812,25000000.000
4713,2443,192.871094,25000000.000
4714,2437,189.941406,25000000.000
4715,2437,189.941406,25000000.000
4716,2394,168.945312,25000000.000
4717,2356,150.390625,25000000.000
4718,2320,132.812500,25000000.000
4719,2313,129.394531,25000000.000
4720,2217,82.519531,25000000.000
4721,2160,54.687500,25000000.000
4722,2101,25.878906,25000000.000
4723,2094,22.460938,25000000.000
4724,1977,-34.667969,25000000.000
4725,1919,-62.988281,25000000.000
4726,1861,-91.308594,25000000.000
4727,1857,-93.261719,25000000.000
4728,1763,-139.160156,25000000.000
4729,1725,-157.714844,25000000.000
4730,1694,-172.851562,25000000.000
4731,1690,-174.804688,25000000.000
4732,1653,-192.871094,25000000.000
4733,1647,-195.800781,25000000.000
4734,1655,-191.894531,25000000.000
4735,1652,-193.359375,25000000.000
4736,1690,-174.804688,25000000.000
4737,1720,-160.156250,25000000.000
4738,1757,-142.089844,25000000.000
4739,1763,-139.160156,25000000.000
4740,1855,-94.238281,25000000.000
4741,1911,-66.894531,25000000.000
4742,1968,-39.062500,25000000.000
4743,1976,-35.156250,25000000.000
4744,2089,20.019531,25000000.000
4745,2150,49.804688,25000000.000
4746,2209,78.613281,25000000.000
4747,2215,81.542969,25000000.000
4748,2311,128.417969,25000000.000
4749,2349,146.972656,25000000.000
4750,2387,165.527344,25000000.000
4751,2390,166.992188,25000000.000
4752,2433,187.988281,25000000.000
4753,2442,192.382812,25000000.000
4754,2441,191.894531,25000000.000
4755,2440,191.406250,25000000.000
4756,2413,178.222656,25000000.000
4757,2386,165.039062,25000000.000
4758,2351,147.949219,25000000.000
4759,2349,146.972656,25000000.000
4760,2260,103.515625,25000000.000
4761,2208,78.125000,25000000.000
4762,2150,49.804688,25000000.000
4763,2145,47.363281,25000000.000
4764,2029,-9.277344,25000000.000
4765,1967,-39.550781,25000000.000
4766,1909,-67.871094,25000000.000
4767,1903,-70.800781,25000000.000
4768,1805,-118.652344,25000000.000
4769,1756,-142.578125,25000000.000
4770,1719,-160.644531,25000000.000
4771,1715,-162.597656,25000000.000
4772,1668,-185.546875,25000000.000
4773,1656,-191.406250,25000000.000
4774,1647,-195.800781,25000000.000
4775,1648,-195.312500,25000000.000
4776,1672,-183.593750,25000000.000
4777,1695,-172.363281,25000000.000
4778,1721,-159.667969,25000000.000
4779,1723,-158.691406,25000000.000
4780,1814,-114.257812,25000000.000
4781,1859,-92.285156,25000000.000
4782,1921,-62.011719,25000000.000
4783,1925,-60.058594,25000000.000
4784,2039,-4.394531,25000000.000
4785,2098,24.414062,25000000.000
4786,2159,54.199219,25000000.000
4787,2163,56.152344,25000000.000
4788,2267,106.933594,25000000.000
4789,2315,130.371094,25000000.000
4790,2357,150.878906,25000000.000
4791,2361,152.832031,25000000.000
4792,2415,179.199219,25000000.000
4793,2436,189.453125,25000000.000
4794,2442,192.382812,25000000.000
4795,2443,192.871094,25000000.000
4796,2430,186.523438,25000000.000
4797,2412,177.734375,25000000.000
4798,2385,164.550781,25000000.000
4799,2380,162.109375,25000000.000
4800,2304,125.000000,25000000.000
4801,2253,100.097656,25000000.000
4802,2201,74.707031,25000000.000
4803,2194,71.289062,25000000.000
4804,2081,16.113281,25000000.000
4805,2021,-13.183594,25000000.000
4806,1958,-43.945312,25000000.000
4807,1951,-47.363281,25000000.000
4808,1845,-99.121094,25000000.000
4809,1797,-122.558594,25000000.000
4810,1751,-145.019531,25000000.000
4811,1748,-146.484375,25000000.000
4812,1684,-177.734375,25000000.000
4813,1663,-187.988281,25000000.000
4814,1651,-193.847656,25000000.000
4815,1652,-193.359375,25000000.000
4816,1658,-190.429688,25000000.000
4817,1672,-183.593750,25000000.000
4818,1699,-170.410156,25000000.000
4819,1700,-169.921875,25000000.000
4820,1775,-133.300781,25000000.000
4821,1821,-110.839844,25000000.000
4822,1868,-87.890625,25000000.000
4823,1873,-85.449219,25000000.000
4824,1988,-29.296875,25000000.000
4825,2050,0.976562,25000000.000
4826,2109,29.785156,25000000.000
4827,2117,33.691406,25000000.000
4828,2225,86.425781,25000000.000
4829,2276,111.328125,25000000.000
4830,2325,135.253906,25000000.000
4831,2332,138.671875,25000000.000
4832,2395,169.433594,25000000.000
4833,2422,182.617188,25000000.000
4834,2439,190.917969,25000000.000
4835,2438,190.429688,25000000.000
4836,2443,192.871094,25000000.000
4837,2428,185.546875,25000000.000
4838,2408,175.781250,25000000.000
4839,2405,174.316406,25000000.000
4840,2340,142.578125,25000000.000
4841,2297,121.582031,25000000.000
4842,2246,96.679688,25000000.000
4843,2243,95.214844,25000000.000
4844,2132,41.015625,25000000.000
4845,2073,12.207031,25000000.000
4846,2012,-17.578125,25000000.000
4847,2008,-19.531250,25000000.000
4848,1894,-75.195312,25000000.000
4849,1839,-102.050781,25000000.000
4850,1791,-125.488281,25000000.000
4851,1784,-128.906250,25000000.000
4852,1711,-164.550781,25000000.000
4853,1682,-178.710938,25000000.000
4854,1660,-189.453125,25000000.000
4855,1657,-190.917969,25000000.000
4856,1650,-194.335938,25000000.000
4857,1661,-188.964844,25000000.000
4858,1676,-181.640625,25000000.000
4859,1678,-180.664062,25000000.000
4860,1737,-151.855469,25000000.000
4861,1778,-131.835938,25000000.000
4862,1828,-107.421875,25000000.000
4863,1832,-105.468750,25000000.000
4864,1937,-54.199219,25000000.000
4865,1997,-24.902344,25000000.000
4866,2059,5.371094,25000000.000
4867,2064,7.812500,25000000.000
4868,2177,62.988281,25000000.000
4869,2231,89.355469,25000000.000
4870,2282,114.257812,25000000.000
4871,2289,117.675781,25000000.000
4872,2368,156.250000,25000000.000
4873,2401,172.363281,25000000.000
4874,2423,183.105469,25000000.000
4875,2426,184.570312,25000000.000
4876,2443,192.871094,25000000.000
4877,2440,191.406250,25000000.000
4878,2426,184.570312,25000000.000
4879,2424,183.593750,25000000.000
4880,2375,159.667969,25000000.000
4881,2335,140.136719,25000000.000
4882,2290,118.164062,25000000.000
4883,2285,115.722656,25000000.000
4884,2185,66.894531,25000000.000
4885,2122,36.132812,25000000.000
4886,2060,5.859375,25000000.000
4887,2051,1.464844,25000000.000
4888,1946,-49.804688,25000000.000
4889,1891,-76.660156,25000000.000
4890,1825,-108.886719,25000000.000
4891,1826,-108.398438,25000000.000
4892,1739,-150.878906,25000000.000
4893,1707,-166.503906,25000000.000
4894,1675,-182.128906,25000000.000
4895,1674,-182.617188,25000000.000
4896,1652,-193.359375,25000000.000
4897,1650,-194.335938,25000000.000
4898,1660,-189.453125,25000000.000
4899,1662,-188.476562,25000000.000
4900,1709,-165.527344,25000000.000
4901,1740,-150.390625,25000000.000
4902,1787,-127.441406,25000000.000
4903,1788,-126.953125,25000000.000
4904,1889,-77.636719,25000000.000
4905,1947,-49.316406,25000000.000
4906,2005,-20.996094,25000000.000
4907,2010,-18.554688,25000000.000
4908,2126,38.085938,25000000.000
4909,2186,67.382812,25000000.000
4910,2239,93.261719,25000000.000
4911,2248,97.656250,25000000.000
4912,2337,141.113281,25000000.000
4913,2373,158.691406,25000000.000
4914,2406,174.804688,25000000.000
4915,2409,176.269531,25000000.000
4916,2439,190.917969,25000000.000
4917,2443,192.871094,25000000.000
4918,2439,190.917969,25000000.000
4919,2436,189.453125,25000000.000
4920,2398,170.898438,25000000.000
4921,2369,156.738281,25000000.000
4922,2328,136.718750,25000000.000
4923,2323,134.277344,25000000.000
4924,2230,88.867188,25000000.000
4925,2174,61.523438,25000000.000
4926,2112,31.250000,25000000.000
4927,2108,29.296875,25000000.000
4928,1993,-26.855469,25000000.000
4929,1933,-56.152344,25000000.000
4930,1876,-83.984375,25000000.000
4931,1872,-85.937500,25000000.000
4932,1776,-132.812500,25000000.000
4933,1733,-153.808594,25000000.000
4934,1701,-169.433594,25000000.000
4935,1696,-171.875000,25000000.000
4936,1657,-190.917969,25000000.000
4937,1650,-194.335938,25000000.000
4938,1649,-194.824219,25000000.000
4939,1651,-193.847656,25000000.000
4940,1682,-178.710938,25000000.000
4941,1712,-164.062500,25000000.000
4942,1747,-146.972656,25000000.000
4943,1754,-143.554688,25000000.000
4944,1839,-102.050781,25000000.000
4945,1894,-75.195312,25000000.000
4946,1953,-46.386719,25000000.000
4947,1961,-42.480469,25000000.000
4948,2076,13.671875,25000000.000
4949,2126,38.085938,25000000.000
4950,2181,64.941406,25000000.000
4951,2197,72.753906,25000000.000
4952,2302,124.023438,25000000.000
4953,2339,142.089844,25000000.000
4954,2380,162.109375,25000000.000
4955,2382,163.085938,25000000.000
4956,2429,186.035156,25000000.000
4957,2441,191.894531,25000000.000
4958,2443,192.871094,25000000.000
4959,2443,192.871094,25000000.000
4960,2420,181.640625,25000000.000
4961,2394,168.945312,25000000.000
4962,2363,153.808594,25000000.000
4963,2360,152.343750,25000000.000
4964,2275,110.839844,25000000.000
4965,2223,85.449219,25000000.000
4966,2166,57.617188,25000000.000
4967,2158,53.710938,25000000.000
4968,2047,-0.488281,25000000.000
4969,1982,-32.226562,25000000.000
4970,1921,-62.011719,25000000.000
4971,1916,-64.453125,25000000.000
4972,1815,-113.769531,25000000.000
4973,1768,-136.718750,25000000.000
4974,1726,-157.226562,25000000.000
4975,1725,-157.714844,25000000.000
4976,1670,-184.570312,25000000.000
4977,1655,-191.894531,25000000.000
4978,1648,-195.312500,25000000.000
4979,1649,-194.824219,25000000.000
4980,1666,-186.523438,25000000.000
4981,1686,-176.757812,25000000.000
4982,1716,-162.109375,25000000.000
4983,1720,-160.156250,25000000.000
4984,1800,-121.093750,25000000.000
4985,1849,-97.167969,25000000.000
4986,1905,-69.824219,25000000.000
4987,1910,-67.382812,25000000.000
4988,2023,-12.207031,25000000.000
4989,2085,18.066406,25000000.000
4990,2143,46.386719,25000000.000
4991,2151,50.292969,25000000.000
4992,2255,101.074219,25000000.000
4993,2307,126.464844,25000000.000
4994,2346,145.507812,25000000.000
4995,2354,149.414062,25000000.000
4996,2410,176.757812,25000000.000
4997,2430,186.523438,25000000.000
4998,2439,190.917969,25000000.000
4999,2442,192.382812,25000000.000
5000,2436,189.453125,25000000.000
5001,2417,180.175781,25000000.000
5002,2391,167.480469,25000000.000
5003,2388,166.015625,25000000.000
5004,2317,131.347656,25000000.000
5005,2267,106.933594,25000000.000
5006,2212,80.078125,25000000.000
5007,2206,77.148438,25000000.000
5008,2097,23.925781,25000000.000
5009,2036,-5.859375,25000000.000
5010,1973,-36.621094,25000000.000
5011,1968,-39.062500,25000000.000
5012,1861,-91.308594,25000000.000
5013,1807,-117.675781,25000000.000
5014,1762,-139.648438,25000000.000
5015,1758,-141.601562,25000000.000
5016,1692,-173.828125,25000000.000
5017,1667,-186.035156,25000000.000
5018,1655,-191.894531,25000000.000
5019,1652,-193.359375,25000000.000
5020,1652,-193.359375,25000000.000
5021,1668,-185.546875,25000000.000
5022,1690,-174.804688,25000000.000
5023,1690,-174.804688,25000000.000
5024,1761,-140.136719,25000000.000
5025,1807,-117.675781,25000000.000
5026,1854,-94.726562,25000000.000
5027,1864,-89.843750,25000000.000
5028,1972,-37.109375,25000000.000
5029,2032,-7.812500,25000000.000
5030,2093,21.972656,25000000.000
5031,2101,25.878906,25000000.000
5032,2212,80.078125,25000000.000
5033,2263,104.980469,25000000.000
5034,2312,128.906250,25000000.000
5035,2316,130.859375,25000000.000
5036,2389,166.503906,25000000.000
5037,2416,179.687500,25000000.000
5038,2434,188.476562,25000000.000
5039,2434,188.476562,25000000.000
5040,2441,191.894531,25000000.000
5041,2434,188.476562,25000000.000
5042,2413,178.222656,25000000.000
5043,2411,177.246094,25000000.000
5044,2352,148.437500,25000000.000
5045,2308,126.953125,25000000.000
5046,2261,104.003906,25000000.000
5047,2255,101.074219,25000000.000
5048,2149,49.316406,25000000.000
5049,2087,19.042969,25000000.000
5050,2028,-9.765625,25000000.000
5051,2021,-13.183594,25000000.000
5052,1907,-68.847656,25000000.000
5053,1852,-95.703125,25000000.000
5054,1801,-120.605469,25000000.000
5055,1795,-123.535156,25000000.000
5056,1718,-161.132812,25000000.000
5057,1689,-175.292969,25000000.000
5058,1664,-187.500000,25000000.000
5059,1664,-187.500000,25000000.000
5060,1649,-194.824219,25000000.000
5061,1656,-191.406250,25000000.000
5062,1673,-183.105469,25000000.000
5063,1674,-182.617188,25000000.000
5064,1728,-156.250000,25000000.000
5065,1767,-137.207031,25000000.000
5066,1815,-113.769531,25000000.000
5067,1819,-111.816406,25000000.000
5068,1924,-60.546875,25000000.000
5069,1981,-32.714844,25000000.000
5070,2041,-3.417969,25000000.000
5071,2049,0.488281,25000000.000
5072,2161,55.175781,25000000.000
5073,2221,84.472656,25000000.000
5074,2270,108.398438,25000000.000
5075,2277,111.816406,25000000.000
5076,2359,151.855469,25000000.000
5077,2394,168.945312,25000000.000
5078,2418,180.664062,25000000.000
5079,2422,182.617188,25000000.000
5080,2445,193.847656,25000000.000
5081,2441,191.894531,25000000.000
5082,2432,187.500000,25000000.000
5083,2429,186.035156,25000000.000
5084,2382,163.085938,25000000.000
5085,2345,145.019531,25000000.000
5086,2302,124.023438,25000000.000
5087,2296,121.093750,25000000.000
5088,2196,72.265625,25000000.000
5089,2140,44.921875,25000000.000
5090,2079,15.136719,25000000.000
5091,2072,11.718750,25000000.000
5092,1957,-44.433594,25000000.000
5093,1896,-74.218750,25000000.000
5094,1848,-97.656250,25000000.000
5095,1841,-101.074219,25000000.000
5096,1750,-145.507812,25000000.000
5097,1710,-165.039062,25000000.000
5098,1685,-177.246094,25000000.000
5099,1681,-179.199219,25000000.000
5100,1655,-191.894531,25000000.000
5101,1647,-195.800781,25000000.000
5102,1658,-190.429688,25000000.000
5103,1658,-190.429688,25000000.000
5104,1684,-177.734375,25000000.000
5105,1739,-150.878906,25000000.000
5106,1783,-129.394531,25000000.000
5107,1781,-130.371094,25000000.000
5108,1878,-83.007812,25000000.000
5109,1932,-56.640625,25000000.000
5110,1995,-25.878906,25000000.000
5111,2002,-22.460938,25000000.000
5112,2108,29.296875,25000000.000
5113,2170,59.570312,25000000.000
5114,2232,89.843750,25000000.000
5115,2240,93.750000,25000000.000
5116,2326,135.742188,25000000.000
5117,2365,154.785156,25000000.000
5118,2398,170.898438,25000000.000
5119,2402,172.851562,25000000.000
5120,2437,189.941406,25000000.000
5121,2445,193.847656,25000000.000
5122,2439,190.917969,25000000.000
5123,2439,190.917969,25000000.000
5124,2406,174.804688,25000000.000
5125,2377,160.644531,25000000.000
5126,2338,141.601562,25000000.000
5127,2334,139.648438,25000000.000
5128,2243,95.214844,25000000.000
5129,2188,68.359375,25000000.000
5130,2129,39.550781,25000000.000
5131,2123,36.621094,25000000.000
5132,2009,-19.042969,25000000.000
5133,1946,-49.804688,25000000.000
5134,1890,-77.148438,25000000.000
5135,1881,-81.542969,25000000.000
5136,1787,-127.441406,25000000.000
5137,1743,-148.925781,25000000.000
5138,1706,-166.992188,25000000.000
5139,1701,-169.433594,25000000.000
5140,1660,-189.453125,25000000.000
5141,1652,-193.359375,25000000.000
5142,1648,-195.312500,25000000.000
5143,1651,-193.847656,25000000.000
5144,1677,-181.152344,25000000.000
5145,1702,-168.945312,25000000.000
5146,1738,-151.367188,25000000.000
5147,1744,-148.437500,25000000.000
5148,1829,-106.933594,25000000.000
5149,1881,-81.542969,25000000.000
5150,1941,-52.246094,25000000.000
5151,1946,-49.804688,25000000.000
5152,2057,4.394531,25000000.000
5153,2123,36.621094,25000000.000
5154,2180,64.453125,25000000.000
5155,2188,68.359375,25000000.000
5156,2287,116.699219,25000000.000
5157,2335,140.136719,25000000.000
5158,2367,155.761719,25000000.000
5159,2372,158.203125,25000000.000
5160,2424,183.593750,25000000.000
5161,2438,190.429688,25000000.000
5162,2444,193.359375,25000000.000
5163,2446,194.335938,25000000.000
5164,2426,184.570312,25000000.000
5165,2402,172.851562,25000000.000
5166,2371,157.714844,25000000.000
5167,2367,155.761719,25000000.000
5168,2287,116.699219,25000000.000
5169,2236,91.796875,25000000.000
5170,2178,63.476562,25000000.000
5171,2171,60.058594,25000000.000
5172,2059,5.371094,25000000.000
5173,1999,-23.925781,25000000.000
5174,1938,-53.710938,25000000.000
5175,1933,-56.152344,25000000.000
5176,1824,-109.375000,25000000.000
5177,1779,-131.347656,25000000.000
5178,1738,-151.367188,25000000.000
5179,1735,-152.832031,25000000.000
5180,1677,-181.152344,25000000.000
5181,1658,-190.429688,25000000.000
5182,1651,-193.847656,25000000.000
5183,1649,-194.824219,25000000.000
5184,1661,-188.964844,25000000.000
5185,1679,-180.175781,25000000.000
5186,1707,-166.503906,25000000.000
5187,1709,-165.527344,25000000.000
5188,1786,-127.929688,25000000.000
5189,1838,-102.539062,25000000.000
5190,1889,-77.636719,25000000.000
5191,1896,-74.218750,25000000.000
5192,2005,-20.996094,25000000.000
5193,2070,10.742188,25000000.000
5194,2129,39.550781,25000000.000
5195,2137,43.457031,25000000.000
5196,2241,94.238281,25000000.000
5197,2294,120.117188,25000000.000
5198,2339,142.089844,25000000.000
5199,2341,143.066406,25000000.000
5200,2406,174.804688,25000000.000
5201,2426,184.570312,25000000.000
5202,2440,191.406250,25000000.000
5203,2440,191.406250,25000000.000
5204,2437,189.941406,25000000.000
5205,2422,182.617188,25000000.000
5206,2397,170.410156,25000000.000
5207,2394,168.945312,25000000.000
5208,2322,133.789062,25000000.000
5209,2283,114.746094,25000000.000
5210,2225,86.425781,25000000.000
5211,2221,84.472656,25000000.000
5212,2112,31.250000,25000000.000
5213,2049,0.488281,25000000.000
5214,1990,-28.320312,25000000.000
5215,1984,-31.250000,25000000.000
5216,1873,-85.449219,25000000.000
5217,1818,-112.304688,25000000.000
5218,1774,-133.789062,25000000.000
5219,1770,-135.742188,25000000.000
5220,1698,-170.898438,25000000.000
5221,1672,-183.593750,25000000.000
5222,1657,-190.917969,25000000.000
5223,1654,-192.382812,25000000.000
5224,1652,-193.359375,25000000.000
5225,1665,-187.011719,25000000.000
5226,1683,-178.222656,25000000.000
5227,1687,-176.269531,25000000.000
5228,1751,-145.019531,25000000.000
5229,1795,-123.535156,25000000.000
5230,1846,-98.632812,25000000.000
5231,1850,-96.679688,25000000.000
5232,1958,-43.945312,25000000.000
5233,2016,-15.625000,25000000.000
5234,2080,15.625000,25000000.000
5235,2085,18.066406,25000000.000
5236,2197,72.753906,25000000.000
5237,2251,99.121094,25000000.000
5238,2301,123.535156,25000000.000
5239,2305,125.488281,25000000.000
5240,2380,162.109375,25000000.000
5241,2411,177.246094,25000000.000
5242,2428,185.546875,25000000.000
5243,2433,187.988281,25000000.000
5244,2446,194.335938,25000000.000
5245,2435,188.964844,25000000.000
5246,2420,181.640625,25000000.000
5247,2420,181.640625,25000000.000
5248,2363,153.808594,25000000.000
5249,2319,132.324219,25000000.000
5250,2273,109.863281,25000000.000
5251,2267,106.933594,25000000.000
5252,2162,55.664062,25000000.000
5253,2102,26.367188,25000000.000
5254,2041,-3.417969,25000000.000
5255,2033,-7.324219,25000000.000
5256,1921,-62.011719,25000000.000
5257,1866,-88.867188,25000000.000
5258,1811,-115.722656,25000000.000
5259,1807,-117.675781,25000000.000
5260,1726,-157.226562,25000000.000
5261,1692,-173.828125,25000000.000
5262,1671,-184.082031,25000000.000
5263,1671,-184.082031,25000000.000
5264,1650,-194.335938,25000000.000
5265,1653,-192.871094,25000000.000
5266,1668,-185.546875,25000000.000
5267,1668,-185.546875,25000000.000
5268,1718,-161.132812,25000000.000
5269,1758,-141.601562,25000000.000
5270,1801,-120.605469,25000000.000
5271,1807,-117.675781,25000000.000
5272,1908,-68.359375,25000000.000
5273,1969,-38.574219,25000000.000
5274,2026,-10.742188,25000000.000
5275,2035,-6.347656,25000000.000
5276,2149,49.316406,25000000.000
5277,2205,76.660156,25000000.000
5278,2259,103.027344,25000000.000
5279,2266,106.445312,25000000.000
5280,2352,148.437500,25000000.000
5281,2385,164.550781,25000000.000
5282,2415,179.199219,25000000.000
5283,2415,179.199219,25000000.000
5284,2442,192.382812,25000000.000
5285,2441,191.894531,25000000.000
5286,2434,188.476562,25000000.000
5287,2430,186.523438,25000000.000
5288,2389,166.503906,25000000.000
5289,2354,149.414062,25000000.000
5290,2311,128.417969,25000000.000
5291,2307,126.464844,25000000.000
5292,2201,74.707031,25000000.000
5293,2152,50.781250,25000000.000
5294,2084,17.578125,25000000.000
5295,2089,20.019531,25000000.000
5296,1986,-30.273438,25000000.000
5297,1897,-73.730469,25000000.000
5298,1863,-90.332031,25000000.000
5299,1854,-94.726562,25000000.000
5300,1765,-138.183594,25000000.000
5301,1719,-160.644531,25000000.000
5302,1689,-175.292969,25000000.000
5303,1689,-175.292969,25000000.000
5304,1656,-191.406250,25000000.000
5305,1649,-194.824219,25000000.000
5306,1654,-192.382812,25000000.000
5307,1655,-191.894531,25000000.000
5308,1692,-173.828125,25000000.000
5309,1725,-157.714844,25000000.000
5310,1765,-138.183594,25000000.000
5311,1769,-136.230469,25000000.000
5312,1862,-90.820312,25000000.000
5313,1917,-63.964844,25000000.000
5314,1977,-34.667969,25000000.000
5315,1982,-32.226562,25000000.000
5316,2098,24.414062,25000000.000
5317,2158,53.710938,25000000.000
5318,2214,81.054688,25000000.000
5319,2218,83.007812,25000000.000
5320,2314,129.882812,25000000.000
5321,2358,151.367188,25000000.000
5322,2391,167.480469,25000000.000
5323,2391,167.480469,25000000.000
5324,2433,187.988281,25000000.000
5325,2445,193.847656,25000000.000
5326,2440,191.406250,25000000.000
5327,2440,191.406250,25000000.000
5328,2415,179.199219,25000000.000
5329,2383,163.574219,25000000.000
5330,2348,146.484375,25000000.000
5331,2334,139.648438,25000000.000
5332,2270,108.398438,25000000.000
5333,2198,73.242188,25000000.000
5334,2146,47.851562,25000000.000
5335,2137,43.457031,25000000.000
5336,2024,-11.718750,25000000.000
5337,1959,-43.457031,25000000.000
5338,1900,-72.265625,25000000.000
5339,1892,-76.171875,25000000.000
5340,1799,-121.582031,25000000.000
5341,1750,-145.507812,25000000.000
5342,1719,-160.644531,25000000.000
5343,1714,-163.085938,25000000.000
5344,1664,-187.500000,25000000.000
5345,1650,-194.335938,25000000.000
5346,1650,-194.335938,25000000.000
5347,1647,-195.800781,25000000.000
5348,1672,-183.593750,25000000.000
5349,1696,-171.875000,25000000.000
5350,1730,-155.273438,25000000.000
5351,1735,-152.832031,25000000.000
5352,1817,-112.792969,25000000.000
5353,1870,-86.914062,25000000.000
5354,1924,-60.546875,25000000.000
5355,1930,-57.617188,25000000.000
5356,2045,-1.464844,25000000.000
5357,2107,28.808594,25000000.000
5358,2163,56.152344,25000000.000
5359,2172,60.546875,25000000.000
5360,2275,110.839844,25000000.000
5361,2320,132.812500,25000000.000
5362,2361,152.832031,25000000.000
5363,2367,155.761719,25000000.000
5364,2420,181.640625,25000000.000
5365,2434,188.476562,25000000.000
5366,2445,193.847656,25000000.000
5367,2442,192.382812,25000000.000
5368,2430,186.523438,25000000.000
5369,2407,175.292969,25000000.000
5370,2380,162.109375,25000000.000
5371,2375,159.667969,25000000.000
5372,2298,122.070312,25000000.000
5373,2249,98.144531,25000000.000
5374,2193,70.800781,25000000.000
5375,2189,68.847656,25000000.000
5376,2074,12.695312,25000000.000
5377,2014,-16.601562,25000000.000
5378,1954,-45.898438,25000000.000
5379,1949,-48.339844,25000000.000
5380,1841,-101.074219,25000000.000
5381,1789,-126.464844,25000000.000
5382,1748,-146.484375,25000000.000
5383,1742,-149.414062,25000000.000
5384,1683,-178.222656,25000000.000
5385,1661,-188.964844,25000000.000
5386,1650,-194.335938,25000000.000
5387,1647,-195.800781,25000000.000
5388,1656,-191.406250,25000000.000
5389,1675,-182.128906,25000000.000
5390,1700,-169.921875,25000000.000
5391,1704,-167.968750,25000000.000
5392,1774,-133.789062,25000000.000
5393,1824,-109.375000,25000000.000
5394,1877,-83.496094,25000000.000
5395,1883,-80.566406,25000000.000
5396,1994,-26.367188,25000000.000
5397,2056,3.906250,25000000.000
5398,2117,33.691406,25000000.000
5399,2121,35.644531,25000000.000
5400,2232,89.843750,25000000.000
5401,2280,113.281250,25000000.000
5402,2328,136.718750,25000000.000
5403,2331,138.183594,25000000.000
5404,2398,170.898438,25000000.000
5405,2423,183.105469,25000000.000
5406,2437,189.941406,25000000.000
5407,2439,190.917969,25000000.000
5408,2439,190.917969,25000000.000
5409,2427,185.058594,25000000.000
5410,2405,174.316406,25000000.000
5411,2403,173.339844,25000000.000
5412,2337,141.113281,25000000.000
5413,2291,118.652344,25000000.000
5414,2242,94.726562,25000000.000
5415,2236,91.796875,25000000.000
5416,2128,39.062500,25000000.000
5417,2065,8.300781,25000000.000
5418,2006,-20.507812,25000000.000
5419,1997,-24.902344,25000000.000
5420,1884,-80.078125,25000000.000
5421,1832,-105.468750,25000000.000
5422,1783,-129.394531,25000000.000
5423,1779,-131.347656,25000000.000
5424,1704,-167.968750,25000000.000
5425,1679,-180.175781,25000000.000
5426,1660,-189.453125,25000000.000
5427,1660,-189.453125,25000000.000
5428,1653,-192.871094,25000000.000
5429,1660,-189.453125,25000000.000
5430,1678,-180.664062,25000000.000
5431,1682,-178.710938,25000000.000
5432,1744,-148.437500,25000000.000
5433,1775,-133.300781,25000000.000
5434,1834,-104.492188,25000000.000
5435,1836,-103.515625,25000000.000
5436,1939,-53.222656,25000000.000
5437,2003,-21.972656,25000000.000
5438,2065,8.300781,25000000.000
5439,2071,11.230469,25000000.000
5440,2180,64.453125,25000000.000
5441,2238,92.773438,25000000.000
5442,2291,118.652344,25000000.000
5443,2295,120.605469,25000000.000
5444,2372,158.203125,25000000.000
5445,2404,173.828125,25000000.000
5446,2427,185.058594,25000000.000
5447,2428,185.546875,25000000.000
5448,2433,187.988281,25000000.000
5449,2451,196.777344,25000000.000
5450,2422,182.617188,25000000.000
5451,2442,192.382812,25000000.000
5452,2356,150.390625,25000000.000
5453,2340,142.578125,25000000.000
5454,2287,116.699219,25000000.000
5455,2282,114.257812,25000000.000
5456,2170,59.570312,25000000.000
5457,2121,35.644531,25000000.000
5458,2057,4.394531,25000000.000
5459,2053,2.441406,25000000.000
5460,1933,-56.152344,25000000.000
5461,1879,-82.519531,25000000.000
5462,1826,-108.398438,25000000.000
5463,1824,-109.375000,25000000.000
5464,1734,-153.320312,25000000.000
5465,1701,-169.433594,25000000.000
5466,1677,-181.152344,25000000.000
5467,1675,-182.128906,25000000.000
5468,1650,-194.335938,25000000.000
5469,1653,-192.871094,25000000.000
5470,1661,-188.964844,25000000.000
5471,1665,-187.011719,25000000.000
5472,1711,-164.550781,25000000.000
5473,1748,-146.484375,25000000.000
5474,1790,-125.976562,25000000.000
5475,1795,-123.535156,25000000.000
5476,1895,-74.707031,25000000.000
5477,1954,-45.898438,25000000.000
5478,2014,-16.601562,25000000.000
5479,2021,-13.183594,25000000.000
5480,2136,42.968750,25000000.000
5481,2192,70.312500,25000000.000
5482,2249,98.144531,25000000.000
5483,2251,99.121094,25000000.000
5484,2342,143.554688,25000000.000
5485,2378,161.132812,25000000.000
5486,2408,175.781250,25000000.000
5487,2405,174.316406,25000000.000
5488,2439,190.917969,25000000.000
5489,2446,194.335938,25000000.000
5490,2434,188.476562,25000000.000
5491,2435,188.964844,25000000.000
5492,2393,168.457031,25000000.000
5493,2364,154.296875,25000000.000
5494,2323,134.277344,25000000.000
5495,2321,133.300781,25000000.000
5496,2224,85.937500,25000000.000
5497,2169,59.082031,25000000.000
5498,2109,29.785156,25000000.000
5499,2102,26.367188,25000000.000
5500,1986,-30.273438,25000000.000
5501,1925,-60.058594,25000000.000
5502,1869,-87.402344,25000000.000
5503,1864,-89.843750,25000000.000
5504,1771,-135.253906,25000000.000
5505,1731,-154.785156,25000000.000
5506,1696,-171.875000,25000000.000
5507,1695,-172.363281,25000000.000
5508,1655,-191.894531,25000000.000
5509,1649,-194.824219,25000000.000
5510,1652,-193.359375,25000000.000
5511,1654,-192.382812,25000000.000
5512,1685,-177.246094,25000000.000
5513,1714,-163.085938,25000000.000
5514,1754,-143.554688,25000000.000
5515,1756,-142.578125,25000000.000
5516,1848,-97.656250,25000000.000
5517,1901,-71.777344,25000000.000
5518,1959,-43.457031,25000000.000
5519,1966,-40.039062,25000000.000
5520,2081,16.113281,25000000.000
5521,2142,45.898438,25000000.000
5522,2199,73.730469,25000000.000
5523,2205,76.660156,25000000.000
5524,2297,121.582031,25000000.000
5525,2347,145.996094,25000000.000
5526,2383,163.574219,25000000.000
5527,2385,164.550781,25000000.000
5528,2431,187.011719,25000000.000
5529,2440,191.406250,25000000.000
5530,2442,192.382812,25000000.000
5531,2441,191.894531,25000000.000
5532,2418,180.664062,25000000.000
5533,2390,166.992188,25000000.000
5534,2358,151.367188,25000000.000
5535,2354,149.414062,25000000.000
5536,2268,107.421875,25000000.000
5537,2215,81.542969,25000000.000
5538,2156,52.734375,25000000.000
5539,2152,50.781250,25000000.000
5540,2036,-5.859375,25000000.000
5541,1980,-33.203125,25000000.000
5542,1915,-64.941406,25000000.000
5543,1913,-65.917969,25000000.000
5544,1809,-116.699219,25000000.000
5545,1762,-139.648438,25000000.000
5546,1725,-157.714844,25000000.000
5547,1722,-159.179688,25000000.000
5548,1671,-184.082031,25000000.000
5549,1653,-192.871094,25000000.000
5550,1649,-194.824219,25000000.000
5551,1649,-194.824219,25000000.000
5552,1666,-186.523438,25000000.000
5553,1690,-174.804688,25000000.000
5554,1719,-160.644531,25000000.000
5555,1723,-158.691406,25000000.000
5556,1802,-120.117188,25000000.000
5557,1856,-93.750000,25000000.000
5558,1909,-67.871094,25000000.000
5559,1916,-64.453125,25000000.000
5560,2030,-8.789062,25000000.000
5561,2090,20.507812,25000000.000
5562,2151,50.292969,25000000.000
5563,2155,52.246094,25000000.000
5564,2264,105.468750,25000000.000
5565,2309,127.441406,25000000.000
5566,2354,149.414062,25000000.000
5567,2355,149.902344,25000000.000
5568,2414,178.710938,25000000.000
5569,2434,188.476562,25000000.000
5570,2442,192.382812,25000000.000
5571,2441,191.894531,25000000.000
5572,2432,187.500000,25000000.000
5573,2416,179.687500,25000000.000
5574,2386,165.039062,25000000.000
5575,2386,165.039062,25000000.000
5576,2309,127.441406,25000000.000
5577,2261,104.003906,25000000.000
5578,2207,77.636719,25000000.000
5579,2203,75.683594,25000000.000
5580,2089,20.019531,25000000.000
5581,2027,-10.253906,25000000.000
5582,1969,-38.574219,25000000.000
5583,1961,-42.480469,25000000.000
5584,1854,-94.726562,25000000.000
5585,1801,-120.605469,25000000.000
5586,1757,-142.089844,25000000.000
5587,1751,-145.019531,25000000.000
5588,1698,-170.898438,25000000.000
5589,1669,-185.058594,25000000.000
5590,1621,-208.496094,25000000.000
5591,1653,-192.871094,25000000.000
5592,1660,-189.453125,25000000.000
5593,1674,-182.617188,25000000.000
5594,1689,-175.292969,25000000.000
5595,1691,-174.316406,25000000.000
5596,1767,-137.207031,25000000.000
5597,1813,-114.746094,25000000.000
5598,1863,-90.332031,25000000.000
5599,1865,-89.355469,25000000.000
5600,1980,-33.203125,25000000.000
5601,2038,-4.882812,25000000.000
5602,2100,25.390625,25000000.000
5603,2105,27.832031,25000000.000
5604,2218,83.007812,25000000.000
5605,2269,107.910156,25000000.000
5606,2316,130.859375,25000000.000
5607,2321,133.300781,25000000.000
5608,2391,167.480469,25000000.000
5609,2418,180.664062,25000000.000
5610,2436,189.453125,25000000.000
5611,2437,189.941406,25000000.000
5612,2441,191.894531,25000000.000
5613,2431,187.011719,25000000.000
5614,2412,177.734375,25000000.000
5615,2407,175.292969,25000000.000
5616,2348,146.484375,25000000.000
5617,2302,124.023438,25000000.000
5618,2253,100.097656,25000000.000
5619,2247,97.167969,25000000.000
5620,2141,45.410156,25000000.000
5621,2081,16.113281,25000000.000
5622,2021,-13.183594,25000000.000
5623,2014,-16.601562,25000000.000
5624,1899,-72.753906,25000000.000
5625,1846,-98.632812,25000000.000
5626,1795,-123.535156,25000000.000
5627,1792,-125.000000,25000000.000
5628,1715,-162.597656,25000000.000
5629,1684,-177.734375,25000000.000
5630,1665,-187.011719,25000000.000
5631,1664,-187.500000,25000000.000
5632,1651,-193.847656,25000000.000
5633,1656,-191.406250,25000000.000
5634,1674,-182.617188,25000000.000
5635,1676,-181.640625,25000000.000
5636,1732,-154.296875,25000000.000
5637,1773,-134.277344,25000000.000
5638,1820,-111.328125,25000000.000
5639,1825,-108.886719,25000000.000
5640,1926,-59.570312,25000000.000
5641,1989,-28.808594,25000000.000
5642,2049,0.488281,25000000.000
5643,2047,-0.488281,25000000.000
5644,2181,64.941406,25000000.000
5645,2218,83.007812,25000000.000
5646,2283,114.746094,25000000.000
5647,2281,113.769531,25000000.000
5648,2366,155.273438,25000000.000
5649,2394,168.945312,25000000.000
5650,2424,183.593750,25000000.000
5651,2424,183.593750,25000000.000
5652,2444,193.359375,25000000.000
5653,2442,192.382812,25000000.000
5654,2429,186.035156,25000000.000
5655,2428,185.546875,25000000.000
5656,2377,160.644531,25000000.000
5657,2342,143.554688,25000000.000
5658,2295,120.605469,25000000.000
5659,2292,119.140625,25000000.000
5660,2191,69.824219,25000000.000
5661,2132,41.015625,25000000.000
5662,2072,11.718750,25000000.000
5663,2066,8.789062,25000000.000
5664,1952,-46.875000,25000000.000
5665,1891,-76.660156,25000000.000
5666,1839,-102.050781,25000000.000
5667,1833,-104.980469,25000000.000
5668,1746,-147.460938,25000000.000
5669,1710,-165.039062,25000000.000
5670,1679,-180.175781,25000000.000
5671,1676,-181.640625,25000000.000
5672,1652,-193.359375,25000000.000
5673,1650,-194.335938,25000000.000
5674,1659,-189.941406,25000000.000
5675,1660,-189.453125,25000000.000
5676,1703,-168.457031,25000000.000
5677,1737,-151.855469,25000000.000
5678,1780,-130.859375,25000000.000
5679,1785,-128.417969,25000000.000
5680,1881,-81.542969,25000000.000
5681,1937,-54.199219,25000000.000
5682,2000,-23.437500,25000000.000
5683,2002,-22.460938,25000000.000
5684,2119,34.667969,25000000.000
5685,2178,63.476562,25000000.000
5686,2233,90.332031,25000000.000
5687,2237,92.285156,25000000.000
5688,2330,137.695312,25000000.000
5689,2373,158.691406,25000000.000
5690,2399,171.386719,25000000.000
5691,2407,175.292969,25000000.000
5692,2439,190.917969,25000000.000
5693,2443,192.871094,25000000.000
5694,2440,191.406250,25000000.000
5695,2439,190.917969,25000000.000
5696,2404,173.828125,25000000.000
5697,2371,157.714844,25000000.000
5698,2336,140.625000,25000000.000
5699,2329,137.207031,25000000.000
5700,2238,92.773438,25000000.000
5701,2181,64.941406,25000000.000
5702,2122,36.132812,25000000.000
5703,2114,32.226562,25000000.000
5704,2000,-23.437500,25000000.000
5705,1941,-52.246094,25000000.000
5706,1881,-81.542969,25000000.000
5707,1879,-82.519531,25000000.000
5708,1780,-130.859375,25000000.000
5709,1740,-150.390625,25000000.000
5710,1704,-167.968750,25000000.000
5711,1703,-168.457031,25000000.000
5712,1659,-189.941406,25000000.000
5713,1650,-194.335938,25000000.000
5714,1652,-193.359375,25000000.000
5715,1651,-193.847656,25000000.000
5716,1681,-179.199219,25000000.000
5717,1707,-166.503906,25000000.000
5718,1743,-148.925781,25000000.000
5719,1745,-147.949219,25000000.000
5720,1834,-104.492188,25000000.000
5721,1890,-77.148438,25000000.000
5722,1946,-49.804688,25000000.000
5723,1952,-46.875000,25000000.000
5724,2067,9.277344,25000000.000
5725,2128,39.062500,25000000.000
5726,2186,67.382812,25000000.000
5727,2192,70.312500,25000000.000
5728,2293,119.628906,25000000.000
5729,2336,140.625000,25000000.000
5730,2376,160.156250,25000000.000
5731,2377,160.644531,25000000.000
5732,2429,186.035156,25000000.000
5733,2438,190.429688,25000000.000
5734,2443,192.871094,25000000.000
5735,2442,192.382812,25000000.000
5736,2422,182.617188,25000000.000
5737,2399,171.386719,25000000.000
5738,2366,155.273438,25000000.000
5739,2364,154.296875,25000000.000
5740,2279,112.792969,25000000.000
5741,2229,88.378906,25000000.000
5742,2171,60.058594,25000000.000
5743,2169,59.082031,25000000.000
5744,2053,2.441406,25000000.000
5745,1993,-26.855469,25000000.000
5746,1933,-56.152344,25000000.000
5747,1928,-58.593750,25000000.000
5748,1822,-110.351562,25000000.000
5749,1771,-135.253906,25000000.000
5750,1735,-152.832031,25000000.000
5751,1730,-155.273438,25000000.000
5752,1673,-183.105469,25000000.000
5753,1657,-190.917969,25000000.000
5754,1649,-194.824219,25000000.000
5755,1648,-195.312500,25000000.000
5756,1661,-188.964844,25000000.000
5757,1684,-177.734375,25000000.000
5758,1712,-164.062500,25000000.000
5759,1716,-162.109375,25000000.000
5760,1793,-124.511719,25000000.000
5761,1841,-101.074219,25000000.000
5762,1899,-72.753906,25000000.000
5763,1903,-70.800781,25000000.000
5764,2016,-15.625000,25000000.000
5765,2076,13.671875,25000000.000
5766,2138,43.945312,25000000.000
5767,2142,45.898438,25000000.000
5768,2248,97.656250,25000000.000
5769,2299,122.558594,25000000.000
5770,2342,143.554688,25000000.000
5771,2345,145.019531,25000000.000
5772,2406,174.804688,25000000.000
5773,2428,185.546875,25000000.000
5774,2439,190.917969,25000000.000
5775,2442,192.382812,25000000.000
5776,2437,189.941406,25000000.000
5777,2419,181.152344,25000000.000
5778,2395,169.433594,25000000.000
5779,2392,167.968750,25000000.000
5780,2322,133.789062,25000000.000
5781,2271,108.886719,25000000.000
5782,2221,84.472656,25000000.000
5783,2215,81.542969,25000000.000
5784,2103,26.855469,25000000.000
5785,2043,-2.441406,25000000.000
5786,1982,-32.226562,25000000.000
5787,1975,-35.644531,25000000.000
5788,1866,-88.867188,25000000.000
5789,1815,-113.769531,25000000.000
5790,1763,-139.160156,25000000.000
5791,1762,-139.648438,25000000.000
5792,1695,-172.363281,25000000.000
5793,1669,-185.058594,25000000.000
5794,1653,-192.871094,25000000.000
5795,1660,-189.453125,25000000.000
5796,1655,-191.894531,25000000.000
5797,1666,-186.523438,25000000.000
5798,1688,-175.781250,25000000.000
5799,1689,-175.292969,25000000.000
5800,1755,-143.066406,25000000.000
5801,1801,-120.605469,25000000.000
5802,1849,-97.167969,25000000.000
5803,1856,-93.750000,25000000.000
5804,1964,-41.015625,25000000.000
5805,2026,-10.742188,25000000.000
5806,2084,17.578125,25000000.000
5807,2091,20.996094,25000000.000
5808,2202,75.195312,25000000.000
5809,2259,103.027344,25000000.000
5810,2308,126.953125,25000000.000
5811,2315,130.371094,25000000.000
5812,2388,166.015625,25000000.000
5813,2414,178.710938,25000000.000
5814,2428,185.546875,25000000.000
5815,2428,185.546875,25000000.000
5816,2446,194.335938,25000000.000
5817,2434,188.476562,25000000.000
5818,2416,179.687500,25000000.000
5819,2413,178.222656,25000000.000
5820,2356,150.390625,25000000.000
5821,2315,130.371094,25000000.000
5822,2265,105.957031,25000000.000
5823,2260,103.515625,25000000.000
5824,2154,51.757812,25000000.000
5825,2096,23.437500,25000000.000
5826,2036,-5.859375,25000000.000
5827,2029,-9.277344,25000000.000
5828,1916,-64.453125,25000000.000
5829,1858,-92.773438,25000000.000
5830,1808,-117.187500,25000000.000
5831,1803,-119.628906,25000000.000
5832,1723,-158.691406,25000000.000
5833,1689,-175.292969,25000000.000
5834,1668,-185.546875,25000000.000
5835,1666,-186.523438,25000000.000
5836,1652,-193.359375,25000000.000
5837,1653,-192.871094,25000000.000
5838,1667,-186.035156,25000000.000
5839,1670,-184.570312,25000000.000
5840,1721,-159.667969,25000000.000
5841,1762,-139.648438,25000000.000
5842,1809,-116.699219,25000000.000
5843,1815,-113.769531,25000000.000
5844,1915,-64.941406,25000000.000
5845,1975,-35.644531,25000000.000
5846,2036,-5.859375,25000000.000
5847,2040,-3.906250,25000000.000
5848,2156,52.734375,25000000.000
5849,2213,80.566406,25000000.000
5850,2266,106.445312,25000000.000
5851,2270,108.398438,25000000.000
5852,2355,149.902344,25000000.000
5853,2390,166.992188,25000000.000
5854,2416,179.687500,25000000.000
5855,2419,181.152344,25000000.000
5856,2442,192.382812,25000000.000
5857,2444,193.359375,25000000.000
5858,2432,187.500000,25000000.000
5859,2431,187.011719,25000000.000
5860,2387,165.527344,25000000.000
5861,2349,146.972656,25000000.000
5862,2307,126.464844,25000000.000
5863,2305,125.488281,25000000.000
5864,2204,76.171875,25000000.000
5865,2148,48.828125,25000000.000
5866,2090,20.507812,25000000.000
5867,2082,16.601562,25000000.000
5868,1968,-39.062500,25000000.000
5869,1906,-69.335938,25000000.000
5870,1850,-96.679688,25000000.000
5871,1843,-100.097656,25000000.000
5872,1756,-142.578125,25000000.000
5873,1719,-160.644531,25000000.000
5874,1689,-175.292969,25000000.000
5875,1689,-175.292969,25000000.000
5876,1654,-192.382812,25000000.000
5877,1649,-194.824219,25000000.000
5878,1656,-191.406250,25000000.000
5879,1658,-190.429688,25000000.000
5880,1699,-170.410156,25000000.000
5881,1732,-154.296875,25000000.000
5882,1767,-137.207031,25000000.000
5883,1782,-129.882812,25000000.000
5884,1866,-88.867188,25000000.000
5885,1924,-60.546875,25000000.000
5886,1982,-32.226562,25000000.000
5887,1987,-29.785156,25000000.000
5888,2104,27.343750,25000000.000
5889,2167,58.105469,25000000.000
5890,2219,83.496094,25000000.000
5891,2226,86.914062,25000000.000
5892,2318,131.835938,25000000.000
5893,2361,152.832031,25000000.000
5894,2395,169.433594,25000000.000
5895,2398,170.898438,25000000.000
5896,2435,188.964844,25000000.000
5897,2440,191.406250,25000000.000
5898,2443,192.871094,25000000.000
5899,2441,191.894531,25000000.000
5900,2410,176.757812,25000000.000
5901,2382,163.085938,25000000.000
5902,2344,144.531250,25000000.000
5903,2340,142.578125,25000000.000
5904,2251,99.121094,25000000.000
5905,2196,72.265625,25000000.000
5906,2137,43.457031,25000000.000
5907,2134,41.992188,25000000.000
5908,2015,-16.113281,25000000.000
5909,1958,-43.945312,25000000.000
5910,1896,-74.218750,25000000.000
5911,1892,-76.171875,25000000.000
5912,1793,-124.511719,25000000.000
5913,1748,-146.484375,25000000.000
5914,1713,-163.574219,25000000.000
5915,1708,-166.015625,25000000.000
5916,1663,-187.988281,25000000.000
5917,1651,-193.847656,25000000.000
5918,1649,-194.824219,25000000.000
5919,1648,-195.312500,25000000.000
5920,1674,-182.617188,25000000.000
5921,1701,-169.433594,25000000.000
5922,1732,-154.296875,25000000.000
5923,1736,-152.343750,25000000.000
5924,1821,-110.839844,25000000.000
5925,1875,-84.472656,25000000.000
5926,1932,-56.640625,25000000.000
5927,1938,-53.710938,25000000.000
5928,2052,1.953125,25000000.000
5929,2113,31.738281,25000000.000
5930,2171,60.058594,25000000.000
5931,2174,61.523438,25000000.000
5932,2280,113.281250,25000000.000
5933,2324,134.765625,25000000.000
5934,2362,153.320312,25000000.000
5935,2368,156.250000,25000000.000
5936,2420,181.640625,25000000.000
5937,2438,190.429688,25000000.000
5938,2443,192.871094,25000000.000
5939,2443,192.871094,25000000.000
5940,2425,184.082031,25000000.000
5941,2407,175.292969,25000000.000
5942,2375,159.667969,25000000.000
5943,2372,158.203125,25000000.000
5944,2293,119.628906,25000000.000
5945,2242,94.726562,25000000.000
5946,2187,67.871094,25000000.000
5947,2181,64.941406,25000000.000
5948,2069,10.253906,25000000.000
5949,2004,-21.484375,25000000.000
5950,1947,-49.316406,25000000.000
5951,1941,-52.246094,25000000.000
5952,1833,-104.980469,25000000.000
5953,1786,-127.929688,25000000.000
5954,1741,-149.902344,25000000.000
5955,1738,-151.367188,25000000.000
5956,1679,-180.175781,25000000.000
5957,1661,-188.964844,25000000.000
5958,1651,-193.847656,25000000.000
5959,1651,-193.847656,25000000.000
5960,1659,-189.941406,25000000.000
5961,1676,-181.640625,25000000.000
5962,1703,-168.457031,25000000.000
5963,1708,-166.015625,25000000.000
5964,1783,-129.394531,25000000.000
5965,1828,-107.421875,25000000.000
5966,1882,-81.054688,25000000.000
5967,1888,-78.125000,25000000.000
5968,2000,-23.437500,25000000.000
5969,2062,6.835938,25000000.000
5970,2120,35.156250,25000000.000
5971,2127,38.574219,25000000.000
5972,2237,92.285156,25000000.000
5973,2289,117.675781,25000000.000
5974,2332,138.671875,25000000.000
5975,2337,141.113281,25000000.000
5976,2400,171.875000,25000000.000
5977,2426,184.570312,25000000.000
5978,2439,190.917969,25000000.000
5979,2440,191.406250,25000000.000
5980,2438,190.429688,25000000.000
5981,2423,183.105469,25000000.000
5982,2402,172.851562,25000000.000
5983,2397,170.410156,25000000.000
5984,2332,138.671875,25000000.000
5985,2286,116.210938,25000000.000
5986,2236,91.796875,25000000.000
5987,2228,87.890625,25000000.000
5988,2115,32.714844,25000000.000
5989,2069,10.253906,25000000.000
5990,2006,-20.507812,25000000.000
5991,1991,-27.832031,25000000.000
5992,1880,-82.031250,25000000.000
5993,1827,-107.910156,25000000.000
5994,1778,-131.835938,25000000.000
5995,1776,-132.812500,25000000.000
5996,1702,-168.945312,25000000.000
5997,1677,-181.152344,25000000.000
5998,1660,-189.453125,25000000.000
5999,1656,-191.406250,25000000.000
6000,1650,-194.335938,25000000.000
6001,1662,-188.476562,25000000.000
6002,1680,-179.687500,25000000.000
6003,1684,-177.734375,25000000.000
6004,1746,-147.460938,25000000.000
6005,1790,-125.976562,25000000.000
6006,1836,-103.515625,25000000.000
6007,1844,-99.609375,25000000.000
6008,1950,-47.851562,25000000.000
6009,2009,-19.042969,25000000.000
6010,2071,11.230469,25000000.000
6011,2078,14.648438,25000000.000
6012,2189,68.847656,25000000.000
6013,2244,95.703125,25000000.000
6014,2294,120.117188,25000000.000
6015,2298,122.070312,25000000.000
6016,2376,160.156250,25000000.000
6017,2406,174.804688,25000000.000
6018,2426,184.570312,25000000.000
6019,2427,185.058594,25000000.000
6020,2444,193.359375,25000000.000
6021,2436,189.453125,25000000.000
6022,2420,181.640625,25000000.000
6023,2421,182.128906,25000000.000
6024,2364,154.296875,25000000.000
6025,2325,135.253906,25000000.000
6026,2279,112.792969,25000000.000
6027,2275,110.839844,25000000.000
6028,2172,60.546875,25000000.000
6029,2110,30.273438,25000000.000
6030,2049,0.488281,25000000.000
6031,2043,-2.441406,25000000.000
6032,1932,-56.640625,25000000.000
6033,1871,-86.425781,25000000.000
6034,1823,-109.863281,25000000.000
6035,1814,-114.257812,25000000.000
6036,1729,-155.761719,25000000.000
6037,1695,-172.363281,25000000.000
6038,1672,-183.593750,25000000.000
6039,1671,-184.082031,25000000.000
6040,1649,-194.824219,25000000.000
6041,1652,-193.359375,25000000.000
6042,1667,-186.035156,25000000.000
6043,1667,-186.035156,25000000.000
6044,1714,-163.085938,25000000.000
6045,1751,-145.019531,25000000.000
6046,1796,-123.046875,25000000.000
6047,1801,-120.605469,25000000.000
6048,1902,-71.289062,25000000.000
6049,1958,-43.945312,25000000.000
6050,2019,-14.160156,25000000.000
6051,2024,-11.718750,25000000.000
6052,2140,44.921875,25000000.000
6053,2198,73.242188,25000000.000
6054,2249,98.144531,25000000.000
6055,2255,101.074219,25000000.000
6056,2344,144.531250,25000000.000
6057,2381,162.597656,25000000.000
6058,2410,176.757812,25000000.000
6059,2412,177.734375,25000000.000
6060,2442,192.382812,25000000.000
6061,2442,192.382812,25000000.000
6062,2436,189.453125,25000000.000
6063,2434,188.476562,25000000.000
6064,2396,169.921875,25000000.000
6065,2358,151.367188,25000000.000
6066,2318,131.835938,25000000.000
6067,2314,129.882812,25000000.000
6068,2218,83.007812,25000000.000
6069,2162,55.664062,25000000.000
6070,2100,25.390625,25000000.000
6071,2096,23.437500,25000000.000
6072,1980,-33.203125,25000000.000
6073,1923,-61.035156,25000000.000
6074,1864,-89.843750,25000000.000
6075,1859,-92.285156,25000000.000
6076,1766,-137.695312,25000000.000
6077,1726,-157.226562,25000000.000
6078,1694,-172.851562,25000000.000
6079,1692,-173.828125,25000000.000
6080,1656,-191.406250,25000000.000
6081,1647,-195.800781,25000000.000
6082,1655,-191.894531,25000000.000
6083,1654,-192.382812,25000000.000
6084,1686,-176.757812,25000000.000
6085,1720,-160.156250,25000000.000
6086,1758,-141.601562,25000000.000
6087,1757,-142.089844,25000000.000
6088,1854,-94.726562,25000000.000
6089,1908,-68.359375,25000000.000
6090,1964,-41.015625,25000000.000
6091,1970,-38.085938,25000000.000
6092,2086,18.554688,25000000.000
6093,2147,48.339844,25000000.000
6094,2210,79.101562,25000000.000
6095,2217,82.519531,25000000.000
6096,2308,126.953125,25000000.000
6097,2350,147.460938,25000000.000
6098,2387,165.527344,25000000.000
6099,2389,166.503906,25000000.000
6100,2431,187.011719,25000000.000
6101,2442,192.382812,25000000.000
6102,2442,192.382812,25000000.000
6103,2441,191.894531,25000000.000
6104,2414,178.710938,25000000.000
6105,2391,167.480469,25000000.000
6106,2353,148.925781,25000000.000
6107,2351,147.949219,25000000.000
6108,2262,104.492188,25000000.000
6109,2208,78.125000,25000000.000
6110,2136,42.968750,25000000.000
6111,2154,51.757812,25000000.000
6112,2034,-6.835938,25000000.000
6113,1978,-34.179688,25000000.000
6114,1883,-80.566406,25000000.000
6115,1893,-75.683594,25000000.000
6116,1808,-117.187500,25000000.000
6117,1753,-144.042969,25000000.000
6118,1721,-159.667969,25000000.000
6119,1713,-163.574219,25000000.000
6120,1670,-184.570312,25000000.000
6121,1653,-192.871094,25000000.000
6122,1645,-196.777344,25000000.000
6123,1649,-194.824219,25000000.000
6124,1671,-184.082031,25000000.000
6125,1694,-172.851562,25000000.000
6126,1725,-157.714844,25000000.000
6127,1729,-155.761719,25000000.000
6128,1812,-115.234375,25000000.000
6129,1862,-90.820312,25000000.000
6130,1917,-63.964844,25000000.000
6131,1921,-62.011719,25000000.000
6132,2039,-4.394531,25000000.000
6133,2098,24.414062,25000000.000
6134,2157,53.222656,25000000.000
6135,2162,55.664062,25000000.000
6136,2266,106.445312,25000000.000
6137,2315,130.371094,25000000.000
6138,2355,149.902344,25000000.000
6139,2360,152.343750,25000000.000
6140,2414,178.710938,25000000.000
6141,2432,187.500000,25000000.000
6142,2443,192.871094,25000000.000
6143,2443,192.871094,25000000.000
6144,2431,187.011719,25000000.000
6145,2413,178.222656,25000000.000
6146,2384,164.062500,25000000.000
6147,2381,162.597656,25000000.000
6148,2305,125.488281,25000000.000
6149,2256,101.562500,25000000.000
6150,2200,74.218750,25000000.000
6151,2193,70.800781,25000000.000
6152,2082,16.601562,25000000.000
6153,2023,-12.207031,25000000.000
6154,1960,-42.968750,25000000.000
6155,1955,-45.410156,25000000.000
6156,1847,-98.144531,25000000.000
6157,1798,-122.070312,25000000.000
6158,1753,-144.042969,25000000.000
6159,1749,-145.996094,25000000.000
6160,1685,-177.246094,25000000.000
6161,1663,-187.988281,25000000.000
6162,1653,-192.871094,25000000.000
6163,1651,-193.847656,25000000.000
6164,1657,-190.917969,25000000.000
6165,1669,-185.058594,25000000.000
6166,1696,-171.875000,25000000.000
6167,1698,-170.898438,25000000.000
6168,1767,-137.207031,25000000.000
6169,1817,-112.792969,25000000.000
6170,1869,-87.402344,25000000.000
6171,1873,-85.449219,25000000.000
6172,1984,-31.250000,25000000.000
6173,2046,-0.976562,25000000.000
6174,2105,27.832031,25000000.000
6175,2114,32.226562,25000000.000
6176,2224,85.937500,25000000.000
6177,2274,110.351562,25000000.000
6178,2323,134.277344,25000000.000
6179,2325,135.253906,25000000.000
6180,2395,169.433594,25000000.000
6181,2419,181.152344,25000000.000
6182,2437,189.941406,25000000.000
6183,2437,189.941406,25000000.000
6184,2441,191.894531,25000000.000
6185,2429,186.035156,25000000.000
6186,2409,176.269531,25000000.000
6187,2406,174.804688,25000000.000
6188,2341,143.066406,25000000.000
6189,2298,122.070312,25000000.000
6190,2246,96.679688,25000000.000
6191,2242,94.726562,25000000.000
6192,2135,42.480469,25000000.000
6193,2073,12.207031,25000000.000
6194,2012,-17.578125,25000000.000
6195,2006,-20.507812,25000000.000
6196,1894,-75.195312,25000000.000
6197,1839,-102.050781,25000000.000
6198,1792,-125.000000,25000000.000
6199,1784,-128.906250,25000000.000
6200,1711,-164.550781,25000000.000
6201,1681,-179.199219,25000000.000
6202,1662,-188.476562,25000000.000
6203,1658,-190.429688,25000000.000
6204,1649,-194.824219,25000000.000
6205,1656,-191.406250,25000000.000
6206,1674,-182.617188,25000000.000
6207,1677,-181.152344,25000000.000
6208,1736,-152.343750,25000000.000
6209,1776,-132.812500,25000000.000
6210,1823,-109.863281,25000000.000
6211,1831,-105.957031,25000000.000
6212,1935,-55.175781,25000000.000
6213,1994,-26.367188,25000000.000
6214,2057,4.394531,25000000.000
6215,2062,6.835938,25000000.000
6216,2176,62.500000,25000000.000
6217,2231,89.355469,25000000.000
6218,2282,114.257812,25000000.000
6219,2287,116.699219,25000000.000
6220,2367,155.761719,25000000.000
6221,2402,172.851562,25000000.000
6222,2422,182.617188,25000000.000
6223,2427,185.058594,25000000.000
6224,2442,192.382812,25000000.000
6225,2440,191.406250,25000000.000
6226,2429,186.035156,25000000.000
6227,2426,184.570312,25000000.000
6228,2358,151.367188,25000000.000
6229,2318,131.835938,25000000.000
6230,2293,119.628906,25000000.000
6231,2282,114.257812,25000000.000
6232,2159,54.199219,25000000.000
6233,2124,37.109375,25000000.000
6234,2058,4.882812,25000000.000
6235,2061,6.347656,25000000.000
6236,1943,-51.269531,25000000.000
6237,1890,-77.148438,25000000.000
6238,1830,-106.445312,25000000.000
6239,1828,-107.421875,25000000.000
6240,1738,-151.367188,25000000.000
6241,1706,-166.992188,25000000.000
6242,1678,-180.664062,25000000.000
6243,1678,-180.664062,25000000.000
6244,1654,-192.382812,25000000.000
6245,1650,-194.335938,25000000.000
6246,1661,-188.964844,25000000.000
6247,1661,-188.964844,25000000.000
6248,1708,-166.015625,25000000.000
6249,1742,-149.414062,25000000.000
6250,1784,-128.906250,25000000.000
6251,1788,-126.953125,25000000.000
6252,1884,-80.078125,25000000.000
6253,1944,-50.781250,25000000.000
6254,2003,-21.972656,25000000.000
6255,2010,-18.554688,25000000.000
6256,2124,37.109375,25000000.000
6257,2185,66.894531,25000000.000
6258,2240,93.750000,25000000.000
6259,2246,96.679688,25000000.000
6260,2337,141.113281,25000000.000
6261,2372,158.203125,25000000.000
6262,2406,174.804688,25000000.000
6263,2388,166.015625,25000000.000
6264,2442,192.382812,25000000.000
6265,2478,209.960938,25000000.000
6266,2439,190.917969,25000000.000
6267,2422,182.617188,25000000.000
6268,2396,169.921875,25000000.000
6269,2366,155.273438,25000000.000
6270,2326,135.742188,25000000.000
6271,2324,134.765625,25000000.000
6272,2232,89.843750,25000000.000
6273,2177,62.988281,25000000.000
6274,2118,34.179688,25000000.000
6275,2110,30.273438,25000000.000
6276,1995,-25.878906,25000000.000
6277,1936,-54.687500,25000000.000
6278,1878,-83.007812,25000000.000
6279,1873,-85.449219,25000000.000
6280,1776,-132.812500,25000000.000
6281,1733,-153.808594,25000000.000
6282,1701,-169.433594,25000000.000
6283,1697,-171.386719,25000000.000
6284,1658,-190.429688,25000000.000
6285,1649,-194.824219,25000000.000
6286,1651,-193.847656,25000000.000
6287,1651,-193.847656,25000000.000
6288,1680,-179.687500,25000000.000
6289,1712,-164.062500,25000000.000
6290,1745,-147.949219,25000000.000
6291,1752,-144.531250,25000000.000
6292,1840,-101.562500,25000000.000
6293,1895,-74.707031,25000000.000
6294,1953,-46.386719,25000000.000
6295,1958,-43.945312,25000000.000
6296,2073,12.207031,25000000.000
6297,2132,41.015625,25000000.000
6298,2193,70.800781,25000000.000
6299,2196,72.265625,25000000.000
6300,2296,121.093750,25000000.000
6301,2341,143.066406,25000000.000
6302,2377,160.644531,25000000.000
6303,2381,162.597656,25000000.000
6304,2429,186.035156,25000000.000
6305,2440,191.406250,25000000.000
6306,2444,193.359375,25000000.000
6307,2443,192.871094,25000000.000
6308,2421,182.128906,25000000.000
6309,2396,169.921875,25000000.000
6310,2362,153.320312,25000000.000
6311,2360,152.343750,25000000.000
6312,2276,111.328125,25000000.000
6313,2222,84.960938,25000000.000
6314,2167,58.105469,25000000.000
6315,2160,54.687500,25000000.000
6316,2044,-1.953125,25000000.000
6317,1985,-30.761719,25000000.000
6318,1925,-60.058594,25000000.000
6319,1918,-63.476562,25000000.000
6320,1815,-113.769531,25000000.000
6321,1771,-135.253906,25000000.000
6322,1723,-158.691406,25000000.000
6323,1724,-158.203125,25000000.000
6324,1672,-183.593750,25000000.000
6325,1656,-191.406250,25000000.000
6326,1649,-194.824219,25000000.000
6327,1649,-194.824219,25000000.000
6328,1665,-187.011719,25000000.000
6329,1685,-177.246094,25000000.000
6330,1716,-162.109375,25000000.000
6331,1718,-161.132812,25000000.000
6332,1798,-122.070312,25000000.000
6333,1847,-98.144531,25000000.000
6334,1902,-71.289062,25000000.000
6335,1906,-69.335938,25000000.000
6336,2024,-11.718750,25000000.000
6337,2081,16.113281,25000000.000
6338,2138,43.945312,25000000.000
6339,2146,47.851562,25000000.000
6340,2252,99.609375,25000000.000
6341,2302,124.023438,25000000.000
6342,2346,145.507812,25000000.000
6343,2351,147.949219,25000000.000
6344,2410,176.757812,25000000.000
6345,2430,186.523438,25000000.000
6346,2442,192.382812,25000000.000
6347,2440,191.406250,25000000.000
6348,2436,189.453125,25000000.000
6349,2419,181.152344,25000000.000
6350,2389,166.503906,25000000.000
6351,2385,164.550781,25000000.000
6352,2315,130.371094,25000000.000
6353,2269,107.910156,25000000.000
6354,2214,81.054688,25000000.000
6355,2209,78.613281,25000000.000
6356,2097,23.925781,25000000.000
6357,2037,-5.371094,25000000.000
6358,1977,-34.667969,25000000.000
6359,1971,-37.597656,25000000.000
6360,1861,-91.308594,25000000.000
6361,1808,-117.187500,25000000.000
6362,1766,-137.695312,25000000.000
6363,1759,-141.113281,25000000.000
6364,1694,-172.851562,25000000.000
6365,1667,-186.035156,25000000.000
6366,1654,-192.382812,25000000.000
6367,1654,-192.382812,25000000.000
6368,1653,-192.871094,25000000.000
6369,1668,-185.546875,25000000.000
6370,1690,-174.804688,25000000.000
6371,1693,-173.339844,25000000.000
6372,1758,-141.601562,25000000.000
6373,1804,-119.140625,25000000.000
6374,1856,-93.750000,25000000.000
6375,1863,-90.332031,25000000.000
6376,1971,-37.597656,25000000.000
6377,2032,-7.812500,25000000.000
6378,2092,21.484375,25000000.000
6379,2099,24.902344,25000000.000
6380,2211,79.589844,25000000.000
6381,2262,104.492188,25000000.000
6382,2310,127.929688,25000000.000
6383,2320,132.812500,25000000.000
6384,2387,165.527344,25000000.000
6385,2416,179.687500,25000000.000
6386,2432,187.500000,25000000.000
6387,2433,187.988281,25000000.000
6388,2441,191.894531,25000000.000
6389,2434,188.476562,25000000.000
6390,2415,179.199219,25000000.000
6391,2413,178.222656,25000000.000
6392,2352,148.437500,25000000.000
6393,2305,125.488281,25000000.000
6394,2257,102.050781,25000000.000
6395,2249,98.144531,25000000.000
6396,2165,57.128906,25000000.000
6397,2090,20.507812,25000000.000
6398,2031,-8.300781,25000000.000
6399,2031,-8.300781,25000000.000
6400,1909,-67.871094,25000000.000
6401,1857,-93.261719,25000000.000
6402,1803,-119.628906,25000000.000
6403,1800,-121.093750,25000000.000
6404,1718,-161.132812,25000000.000
6405,1692,-173.828125,25000000.000
6406,1664,-187.500000,25000000.000
6407,1666,-186.523438,25000000.000
6408,1649,-194.824219,25000000.000
6409,1655,-191.894531,25000000.000
6410,1670,-184.570312,25000000.000
6411,1675,-182.128906,25000000.000
6412,1729,-155.761719,25000000.000
6413,1765,-138.183594,25000000.000
6414,1813,-114.746094,25000000.000
6415,1817,-112.792969,25000000.000
6416,1924,-60.546875,25000000.000
6417,1977,-34.667969,25000000.000
6418,2043,-2.441406,25000000.000
6419,2045,-1.464844,25000000.000
6420,2156,52.734375,25000000.000
6421,2222,84.960938,25000000.000
6422,2269,107.910156,25000000.000
6423,2278,112.304688,25000000.000
6424,2357,150.878906,25000000.000
6425,2391,167.480469,25000000.000
6426,2421,182.128906,25000000.000
6427,2423,183.105469,25000000.000
6428,2443,192.871094,25000000.000
6429,2441,191.894531,25000000.000
6430,2432,187.500000,25000000.000
6431,2430,186.523438,25000000.000
6432,2382,163.085938,25000000.000
6433,2347,145.996094,25000000.000
6434,2303,124.511719,25000000.000
6435,2297,121.582031,25000000.000
6436,2197,72.753906,25000000.000
6437,2143,46.386719,25000000.000
6438,2079,15.136719,25000000.000
6439,2076,13.671875,25000000.000
6440,1958,-43.945312,25000000.000
6441,1900,-72.265625,25000000.000
6442,1846,-98.632812,25000000.000
6443,1842,-100.585938,25000000.000
6444,1751,-145.019531,25000000.000
6445,1713,-163.574219,25000000.000
6446,1688,-175.781250,25000000.000
6447,1681,-179.199219,25000000.000
6448,1652,-193.359375,25000000.000
6449,1649,-194.824219,25000000.000
6450,1657,-190.917969,25000000.000
6451,1658,-190.429688,25000000.000
6452,1698,-170.898438,25000000.000
6453,1731,-154.785156,25000000.000
6454,1770,-135.742188,25000000.000
6455,1777,-132.324219,25000000.000
6456,1871,-86.425781,25000000.000
6457,1930,-57.617188,25000000.000
6458,1990,-28.320312,25000000.000
6459,1992,-27.343750,25000000.000
6460,2109,29.785156,25000000.000
6461,2167,58.105469,25000000.000
6462,2226,86.914062,25000000.000
6463,2229,88.378906,25000000.000
6464,2325,135.253906,25000000.000
6465,2364,154.296875,25000000.000
6466,2395,169.433594,25000000.000
6467,2399,171.386719,25000000.000
6468,2437,189.941406,25000000.000
6469,2443,192.871094,25000000.000
6470,2442,192.382812,25000000.000
6471,2440,191.406250,25000000.000
6472,2404,173.828125,25000000.000
6473,2379,161.621094,25000000.000
6474,2341,143.066406,25000000.000
6475,2338,141.601562,25000000.000
6476,2246,96.679688,25000000.000
6477,2191,69.824219,25000000.000
6478,2132,41.015625,25000000.000
6479,2125,37.597656,25000000.000
6480,2011,-18.066406,25000000.000
6481,1949,-48.339844,25000000.000
6482,1892,-76.171875,25000000.000
6483,1885,-79.589844,25000000.000
6484,1788,-126.953125,25000000.000
6485,1746,-147.460938,25000000.000
6486,1708,-166.015625,25000000.000
6487,1706,-166.992188,25000000.000
6488,1660,-189.453125,25000000.000
6489,1652,-193.359375,25000000.000
6490,1650,-194.335938,25000000.000
6491,1650,-194.335938,25000000.000
6492,1677,-181.152344,25000000.000
6493,1703,-168.457031,25000000.000
6494,1737,-151.855469,25000000.000
6495,1740,-150.390625,25000000.000
6496,1828,-107.421875,25000000.000
6497,1879,-82.519531,25000000.000
6498,1937,-54.199219,25000000.000
6499,1942,-51.757812,25000000.000
6500,2057,4.394531,25000000.000
6501,2119,34.667969,25000000.000
6502,2176,62.500000,25000000.000
6503,2182,65.429688,25000000.000
6504,2283,114.746094,25000000.000
6505,2332,138.671875,25000000.000
6506,2369,156.738281,25000000.000
6507,2374,159.179688,25000000.000
6508,2423,183.105469,25000000.000
6509,2439,190.917969,25000000.000
6510,2442,192.382812,25000000.000
6511,2444,193.359375,25000000.000
6512,2427,185.058594,25000000.000
6513,2402,172.851562,25000000.000
6514,2372,158.203125,25000000.000
6515,2368,156.250000,25000000.000
6516,2288,117.187500,25000000.000
6517,2239,93.261719,25000000.000
6518,2181,64.941406,25000000.000
6519,2173,61.035156,25000000.000
6520,2060,5.859375,25000000.000
6521,2002,-22.460938,25000000.000
6522,1939,-53.222656,25000000.000
6523,1934,-55.664062,25000000.000
6524,1828,-107.421875,25000000.000
6525,1779,-131.347656,25000000.000
6526,1739,-150.878906,25000000.000
6527,1736,-152.343750,25000000.000
6528,1676,-181.640625,25000000.000
6529,1658,-190.429688,25000000.000
6530,1650,-194.335938,25000000.000
6531,1649,-194.824219,25000000.000
6532,1659,-189.941406,25000000.000
6533,1680,-179.687500,25000000.000
6534,1708,-166.015625,25000000.000
6535,1709,-165.527344,25000000.000
6536,1785,-128.417969,25000000.000
6537,1835,-104.003906,25000000.000
6538,1887,-78.613281,25000000.000
6539,1896,-74.218750,25000000.000
6540,2005,-20.996094,25000000.000
6541,2067,9.277344,25000000.000
6542,2127,38.574219,25000000.000
6543,2135,42.480469,25000000.000
6544,2243,95.214844,25000000.000
6545,2292,119.140625,25000000.000
6546,2338,141.601562,25000000.000
6547,2340,142.578125,25000000.000
6548,2405,174.316406,25000000.000
6549,2428,185.546875,25000000.000
6550,2439,190.917969,25000000.000
6551,2439,190.917969,25000000.000
6552,2438,190.429688,25000000.000
6553,2424,183.593750,25000000.000
6554,2395,169.433594,25000000.000
6555,2395,169.433594,25000000.000
6556,2332,138.671875,25000000.000
6557,2300,123.046875,25000000.000
6558,2235,91.308594,25000000.000
6559,2233,90.332031,25000000.000
6560,2108,29.296875,25000000.000
6561,2059,5.371094,25000000.000
6562,1989,-28.808594,25000000.000
6563,1988,-29.296875,25000000.000
6564,1874,-84.960938,25000000.000
6565,1823,-109.863281,25000000.000
6566,1772,-134.765625,25000000.000
6567,1769,-136.230469,25000000.000
6568,1699,-170.410156,25000000.000
6569,1674,-182.617188,25000000.000
6570,1655,-191.894531,25000000.000
6571,1656,-191.406250,25000000.000
6572,1651,-193.847656,25000000.000
6573,1663,-187.988281,25000000.000
6574,1683,-178.222656,25000000.000
6575,1688,-175.781250,25000000.000
6576,1749,-145.996094,25000000.000
6577,1794,-124.023438,25000000.000
6578,1843,-100.097656,25000000.000
6579,1849,-97.167969,25000000.000
6580,1957,-44.433594,25000000.000
6581,2015,-16.113281,25000000.000
6582,2077,14.160156,25000000.000
6583,2083,17.089844,25000000.000
6584,2196,72.265625,25000000.000
6585,2251,99.121094,25000000.000
6586,2299,122.558594,25000000.000
6587,2303,124.511719,25000000.000
6588,2380,162.109375,25000000.000
6589,2411,177.246094,25000000.000
6590,2429,186.035156,25000000.000
6591,2432,187.500000,25000000.000
6592,2441,191.894531,25000000.000
6593,2437,189.941406,25000000.000
6594,2420,181.640625,25000000.000
6595,2417,180.175781,25000000.000
6596,2363,153.808594,25000000.000
6597,2321,133.300781,25000000.000
6598,2272,109.375000,25000000.000
6599,2267,106.933594,25000000.000
6600,2165,57.128906,25000000.000
6601,2105,27.832031,25000000.000
6602,2043,-2.441406,25000000.000
6603,2038,-4.882812,25000000.000
6604,1923,-61.035156,25000000.000
6605,1867,-88.378906,25000000.000
6606,1813,-114.746094,25000000.000
6607,1810,-116.210938,25000000.000
6608,1730,-155.273438,25000000.000
6609,1694,-172.851562,25000000.000
6610,1672,-183.593750,25000000.000
6611,1670,-184.570312,25000000.000
6612,1651,-193.847656,25000000.000
6613,1651,-193.847656,25000000.000
6614,1667,-186.035156,25000000.000
6615,1667,-186.035156,25000000.000
6616,1716,-162.109375,25000000.000
6617,1756,-142.578125,25000000.000
6618,1799,-121.582031,25000000.000
6619,1805,-118.652344,25000000.000
6620,1905,-69.824219,25000000.000
6621,1968,-39.062500,25000000.000
6622,2024,-11.718750,25000000.000
6623,2032,-7.812500,25000000.000
6624,2146,47.851562,25000000.000
6625,2205,76.660156,25000000.000
6626,2258,102.539062,25000000.000
6627,2264,105.468750,25000000.000
6628,2354,149.414062,25000000.000
6629,2383,163.574219,25000000.000
6630,2413,178.222656,25000000.000
6631,2413,178.222656,25000000.000
6632,2443,192.871094,25000000.000
6633,2435,188.964844,25000000.000
6634,2432,187.500000,25000000.000
6635,2425,184.082031,25000000.000
6636,2393,168.457031,25000000.000
6637,2355,149.902344,25000000.000
6638,2314,129.882812,25000000.000
6639,2309,127.441406,25000000.000
6640,2213,80.566406,25000000.000
6641,2154,51.757812,25000000.000
6642,2096,23.437500,25000000.000
6643,2092,21.484375,25000000.000
6644,1975,-35.644531,25000000.000
6645,1914,-65.429688,25000000.000
6646,1860,-91.796875,25000000.000
6647,1853,-95.214844,25000000.000
6648,1761,-140.136719,25000000.000
6649,1721,-159.667969,25000000.000
6650,1690,-174.804688,25000000.000
6651,1687,-176.269531,25000000.000
6652,1654,-192.382812,25000000.000
6653,1651,-193.847656,25000000.000
6654,1653,-192.871094,25000000.000
6655,1656,-191.406250,25000000.000
6656,1691,-174.316406,25000000.000
6657,1723,-158.691406,25000000.000
6658,1764,-138.671875,25000000.000
6659,1768,-136.718750,25000000.000
6660,1860,-91.796875,25000000.000
6661,1915,-64.941406,25000000.000
6662,1976,-35.156250,25000000.000
6663,1982,-32.226562,25000000.000
6664,2097,23.925781,25000000.000
6665,2156,52.734375,25000000.000
6666,2212,80.078125,25000000.000
6667,2217,82.519531,25000000.000
6668,2314,129.882812,25000000.000
6669,2356,150.390625,25000000.000
6670,2391,167.480469,25000000.000
6671,2394,168.945312,25000000.000
6672,2433,187.988281,25000000.000
6673,2444,193.359375,25000000.000
6674,2444,193.359375,25000000.000
6675,2442,192.382812,25000000.000
6676,2415,179.199219,25000000.000
6677,2385,164.550781,25000000.000
6678,2350,147.460938,25000000.000
6679,2344,144.531250,25000000.000
6680,2259,103.027344,25000000.000
6681,2200,74.218750,25000000.000
6682,2170,59.570312,25000000.000
6683,2114,32.226562,25000000.000
6684,2023,-12.207031,25000000.000
6685,1959,-43.457031,25000000.000
6686,1908,-68.359375,25000000.000
6687,1901,-71.777344,25000000.000
6688,1799,-121.582031,25000000.000
6689,1755,-143.066406,25000000.000
6690,1718,-161.132812,25000000.000
6691,1716,-162.109375,25000000.000
6692,1666,-186.523438,25000000.000
6693,1653,-192.871094,25000000.000
6694,1650,-194.335938,25000000.000
6695,1649,-194.824219,25000000.000
6696,1672,-183.593750,25000000.000
6697,1693,-173.339844,25000000.000
6698,1727,-156.738281,25000000.000
6699,1731,-154.785156,25000000.000
6700,1815,-113.769531,25000000.000
6701,1867,-88.378906,25000000.000
6702,1923,-61.035156,25000000.000
6703,1929,-58.105469,25000000.000
6704,2042,-2.929688,25000000.000
6705,2105,27.832031,25000000.000
6706,2163,56.152344,25000000.000
6707,2169,59.082031,25000000.000
6708,2273,109.863281,25000000.000
6709,2320,132.812500,25000000.000
6710,2361,152.832031,25000000.000
6711,2365,154.785156,25000000.000
6712,2418,180.664062,25000000.000
6713,2435,188.964844,25000000.000
6714,2442,192.382812,25000000.000
6715,2442,192.382812,25000000.000
6716,2429,186.035156,25000000.000
6717,2409,176.269531,25000000.000
6718,2380,162.109375,25000000.000
6719,2376,160.156250,25000000.000
6720,2299,122.558594,25000000.000
6721,2250,98.632812,25000000.000
6722,2193,70.800781,25000000.000
6723,2189,68.847656,25000000.000
6724,2077,14.160156,25000000.000
6725,2015,-16.113281,25000000.000
6726,1954,-45.898438,25000000.000
6727,1950,-47.851562,25000000.000
6728,1837,-103.027344,25000000.000
6729,1790,-125.976562,25000000.000
6730,1750,-145.507812,25000000.000
6731,1747,-146.972656,25000000.000
6732,1681,-179.199219,25000000.000
6733,1663,-187.988281,25000000.000
6734,1649,-194.824219,25000000.000
6735,1649,-194.824219,25000000.000
6736,1657,-190.917969,25000000.000
6737,1675,-182.128906,25000000.000
6738,1698,-170.898438,25000000.000
6739,1704,-167.968750,25000000.000
6740,1774,-133.789062,25000000.000
6741,1823,-109.863281,25000000.000
6742,1871,-86.425781,25000000.000
6743,1877,-83.496094,25000000.000
6744,1995,-25.878906,25000000.000
6745,2046,-0.976562,25000000.000
6746,2117,33.691406,25000000.000
6747,2118,34.179688,25000000.000
6748,2227,87.402344,25000000.000
6749,2280,113.281250,25000000.000
6750,2326,135.742188,25000000.000
6751,2329,137.207031,25000000.000
6752,2398,170.898438,25000000.000
6753,2421,182.128906,25000000.000
6754,2436,189.453125,25000000.000
6755,2437,189.941406,25000000.000
6756,2439,190.917969,25000000.000
6757,2426,184.570312,25000000.000
6758,2406,174.804688,25000000.000
6759,2405,174.316406,25000000.000
6760,2336,140.625000,25000000.000
6761,2293,119.628906,25000000.000
6762,2243,95.214844,25000000.000
6763,2236,91.796875,25000000.000
6764,2128,39.062500,25000000.000
6765,2065,8.300781,25000000.000
6766,2006,-20.507812,25000000.000
6767,2001,-22.949219,25000000.000
6768,1887,-78.613281,25000000.000
6769,1834,-104.492188,25000000.000
6770,1785,-128.417969,25000000.000
6771,1780,-130.859375,25000000.000
6772,1707,-166.503906,25000000.000
6773,1678,-180.664062,25000000.000
6774,1659,-189.941406,25000000.000
6775,1659,-189.941406,25000000.000
6776,1649,-194.824219,25000000.000
6777,1661,-188.964844,25000000.000
6778,1679,-180.175781,25000000.000
6779,1678,-180.664062,25000000.000
6780,1742,-149.414062,25000000.000
6781,1782,-129.882812,25000000.000
6782,1830,-106.445312,25000000.000
6783,1835,-104.003906,25000000.000
6784,1942,-51.757812,25000000.000
6785,2003,-21.972656,25000000.000
6786,2061,6.347656,25000000.000
6787,2069,10.253906,25000000.000
6788,2181,64.941406,25000000.000
6789,2238,92.773438,25000000.000
6790,2288,117.187500,25000000.000
6791,2294,120.117188,25000000.000
6792,2373,158.691406,25000000.000
6793,2403,173.339844,25000000.000
6794,2427,185.058594,25000000.000
6795,2426,184.570312,25000000.000
6796,2447,194.824219,25000000.000
6797,2436,189.453125,25000000.000
6798,2425,184.082031,25000000.000
6799,2421,182.128906,25000000.000
6800,2369,156.738281,25000000.000
6801,2329,137.207031,25000000.000
6802,2286,116.210938,25000000.000
6803,2281,113.769531,25000000.000
6804,2177,62.988281,25000000.000
6805,2119,34.667969,25000000.000
6806,2057,4.394531,25000000.000
6807,2051,1.464844,25000000.000
6808,1938,-53.710938,25000000.000
6809,1879,-82.519531,25000000.000
6810,1827,-107.910156,25000000.000
6811,1821,-110.839844,25000000.000
6812,1738,-151.367188,25000000.000
6813,1700,-169.921875,25000000.000
6814,1676,-181.640625,25000000.000
6815,1673,-183.105469,25000000.000
6816,1649,-194.824219,25000000.000
6817,1652,-193.359375,25000000.000
6818,1662,-188.476562,25000000.000
6819,1663,-187.988281,25000000.000
6820,1708,-166.015625,25000000.000
6821,1748,-146.484375,25000000.000
6822,1788,-126.953125,25000000.000
6823,1794,-124.023438,25000000.000
6824,1894,-75.195312,25000000.000
6825,1951,-47.363281,25000000.000
6826,2012,-17.578125,25000000.000
6827,2016,-15.625000,25000000.000
6828,2135,42.480469,25000000.000
6829,2191,69.824219,25000000.000
6830,2245,96.191406,25000000.000
6831,2250,98.632812,25000000.000
6832,2339,142.089844,25000000.000
6833,2377,160.644531,25000000.000
6834,2407,175.292969,25000000.000
6835,2407,175.292969,25000000.000
6836,2437,189.941406,25000000.000
6837,2444,193.359375,25000000.000
6838,2436,189.453125,25000000.000
6839,2438,190.429688,25000000.000
6840,2397,170.410156,25000000.000
6841,2365,154.785156,25000000.000
6842,2325,135.253906,25000000.000
6843,2320,132.812500,25000000.000
6844,2228,87.890625,25000000.000
6845,2167,58.105469,25000000.000
6846,2111,30.761719,25000000.000
6847,2103,26.855469,25000000.000
6848,1988,-29.296875,25000000.000
6849,1931,-57.128906,25000000.000
6850,1871,-86.425781,25000000.000
6851,1866,-88.867188,25000000.000
6852,1772,-134.765625,25000000.000
6853,1733,-153.808594,25000000.000
6854,1696,-171.875000,25000000.000
6855,1696,-171.875000,25000000.000
6856,1657,-190.917969,25000000.000
6857,1649,-194.824219,25000000.000
6858,1652,-193.359375,25000000.000
6859,1655,-191.894531,25000000.000
6860,1686,-176.757812,25000000.000
6861,1715,-162.597656,25000000.000
6862,1754,-143.554688,25000000.000
6863,1756,-142.578125,25000000.000
6864,1846,-98.632812,25000000.000
6865,1900,-72.265625,25000000.000
6866,1960,-42.968750,25000000.000
6867,1962,-41.992188,25000000.000
6868,2080,15.625000,25000000.000
6869,2142,45.898438,25000000.000
6870,2199,73.730469,25000000.000
6871,2204,76.171875,25000000.000
6872,2301,123.535156,25000000.000
6873,2345,145.019531,25000000.000
6874,2382,163.085938,25000000.000
6875,2386,165.039062,25000000.000
6876,2430,186.523438,25000000.000
6877,2440,191.406250,25000000.000
6878,2445,193.847656,25000000.000
6879,2442,192.382812,25000000.000
6880,2418,180.664062,25000000.000
6881,2387,165.527344,25000000.000
6882,2363,153.808594,25000000.000
6883,2349,146.972656,25000000.000
6884,2274,110.351562,25000000.000
6885,2220,83.984375,25000000.000
6886,2161,55.175781,25000000.000
6887,2150,49.804688,25000000.000
6888,2041,-3.417969,25000000.000
6889,1977,-34.667969,25000000.000
6890,1922,-61.523438,25000000.000
6891,1915,-64.941406,25000000.000
6892,1811,-115.722656,25000000.000
6893,1765,-138.183594,25000000.000
6894,1726,-157.226562,25000000.000
6895,1721,-159.667969,25000000.000
6896,1670,-184.570312,25000000.000
6897,1654,-192.382812,25000000.000
6898,1649,-194.824219,25000000.000
6899,1649,-194.824219,25000000.000
6900,1666,-186.523438,25000000.000
6901,1690,-174.804688,25000000.000
6902,1719,-160.644531,25000000.000
6903,1724,-158.203125,25000000.000
6904,1801,-120.605469,25000000.000
6905,1855,-94.238281,25000000.000
6906,1911,-66.894531,25000000.000
6907,1915,-64.941406,25000000.000
6908,2029,-9.277344,25000000.000
6909,2088,19.531250,25000000.000
6910,2149,49.316406,25000000.000
6911,2155,52.246094,25000000.000
6912,2261,104.003906,25000000.000
6913,2309,127.441406,25000000.000
6914,2350,147.460938,25000000.000
6915,2353,148.925781,25000000.000
6916,2413,178.222656,25000000.000
6917,2430,186.523438,25000000.000
6918,2442,192.382812,25000000.000
6919,2442,192.382812,25000000.000
6920,2431,187.011719,25000000.000
6921,2415,179.199219,25000000.000
6922,2386,165.039062,25000000.000
6923,2385,164.550781,25000000.000
6924,2312,128.906250,25000000.000
6925,2262,104.492188,25000000.000
6926,2208,78.125000,25000000.000
6927,2204,76.171875,25000000.000
6928,2091,20.996094,25000000.000
6929,2028,-9.765625,25000000.000
6930,1969,-38.574219,25000000.000
6931,1962,-41.992188,25000000.000
6932,1854,-94.726562,25000000.000
6933,1805,-118.652344,25000000.000
6934,1757,-142.089844,25000000.000
6935,1753,-144.042969,25000000.000
6936,1688,-175.781250,25000000.000
6937,1668,-185.546875,25000000.000
6938,1652,-193.359375,25000000.000
6939,1654,-192.382812,25000000.000
6940,1656,-191.406250,25000000.000
6941,1669,-185.058594,25000000.000
6942,1693,-173.339844,25000000.000
6943,1698,-170.898438,25000000.000
6944,1766,-137.695312,25000000.000
6945,1810,-116.210938,25000000.000
6946,1865,-89.355469,25000000.000
6947,1866,-88.867188,25000000.000
6948,1977,-34.667969,25000000.000
6949,2038,-4.882812,25000000.000
6950,2097,23.925781,25000000.000
6951,2102,26.367188,25000000.000
6952,2215,81.542969,25000000.000
6953,2268,107.421875,25000000.000
6954,2315,130.371094,25000000.000
6955,2320,132.812500,25000000.000
6956,2389,166.503906,25000000.000
6957,2417,180.175781,25000000.000
6958,2434,188.476562,25000000.000
6959,2435,188.964844,25000000.000
6960,2441,191.894531,25000000.000
6961,2430,186.523438,25000000.000
6962,2413,178.222656,25000000.000
6963,2410,176.757812,25000000.000
6964,2347,145.996094,25000000.000
6965,2304,125.000000,25000000.000
6966,2252,99.609375,25000000.000
6967,2248,97.656250,25000000.000
6968,2142,45.898438,25000000.000
6969,2085,18.066406,25000000.000
6970,2019,-14.160156,25000000.000
6971,2016,-15.625000,25000000.000
6972,1902,-71.289062,25000000.000
6973,1847,-98.144531,25000000.000
6974,1797,-122.558594,25000000.000
6975,1793,-124.511719,25000000.000
6976,1716,-162.109375,25000000.000
6977,1684,-177.734375,25000000.000
6978,1665,-187.011719,25000000.000
6979,1663,-187.988281,25000000.000
6980,1650,-194.335938,25000000.000
6981,1656,-191.406250,25000000.000
6982,1672,-183.593750,25000000.000
6983,1672,-183.593750,25000000.000
6984,1730,-155.273438,25000000.000
6985,1772,-134.765625,25000000.000
6986,1818,-112.304688,25000000.000
6987,1822,-110.351562,25000000.000
6988,1926,-59.570312,25000000.000
6989,1987,-29.785156,25000000.000
6990,2046,-0.976562,25000000.000
6991,2055,3.417969,25000000.000
6992,2168,58.593750,25000000.000
6993,2224,85.937500,25000000.000
6994,2277,111.816406,25000000.000
6995,2278,112.304688,25000000.000
6996,2364,154.296875,25000000.000
6997,2394,168.945312,25000000.000
6998,2420,181.640625,25000000.000
6999,2421,182.128906,25000000.000
7000,2442,192.382812,25000000.000
7001,2439,190.917969,25000000.000
7002,2428,185.546875,25000000.000
7003,2428,185.546875,25000000.000
7004,2378,161.132812,25000000.000
7005,2343,144.042969,25000000.000
7006,2297,121.582031,25000000.000
7007,2291,118.652344,25000000.000
7008,2194,71.289062,25000000.000
7009,2132,41.015625,25000000.000
7010,2073,12.207031,25000000.000
7011,2067,9.277344,25000000.000
7012,1952,-46.875000,25000000.000
7013,1893,-75.683594,25000000.000
7014,1840,-101.562500,25000000.000
7015,1834,-104.492188,25000000.000
7016,1745,-147.949219,25000000.000
7017,1711,-164.550781,25000000.000
7018,1681,-179.199219,25000000.000
7019,1679,-180.175781,25000000.000
7020,1649,-194.824219,25000000.000
7021,1651,-193.847656,25000000.000
7022,1657,-190.917969,25000000.000
7023,1662,-188.476562,25000000.000
7024,1703,-168.457031,25000000.000
7025,1736,-152.343750,25000000.000
7026,1780,-130.859375,25000000.000
7027,1783,-129.394531,25000000.000
7028,1889,-77.636719,25000000.000
7029,1937,-54.199219,25000000.000
7030,2005,-20.996094,25000000.000
7031,2009,-19.042969,25000000.000
7032,2121,35.644531,25000000.000
7033,2173,61.035156,25000000.000
7034,2234,90.820312,25000000.000
7035,2238,92.773438,25000000.000
7036,2329,137.207031,25000000.000
7037,2368,156.250000,25000000.000
7038,2400,171.875000,25000000.000
7039,2404,173.828125,25000000.000
7040,2440,191.406250,25000000.000
7041,2443,192.871094,25000000.000
7042,2440,191.406250,25000000.000
7043,2441,191.894531,25000000.000
7044,2406,174.804688,25000000.000
7045,2372,158.203125,25000000.000
7046,2337,141.113281,25000000.000
7047,2331,138.183594,25000000.000
7048,2240,93.750000,25000000.000
7049,2184,66.406250,25000000.000
7050,2125,37.597656,25000000.000
7051,2118,34.179688,25000000.000
7052,2003,-21.972656,25000000.000
7053,1943,-51.269531,25000000.000
7054,1884,-80.078125,25000000.000
7055,1881,-81.542969,25000000.000
7056,1783,-129.394531,25000000.000
7057,1740,-150.390625,25000000.000
7058,1705,-167.480469,25000000.000
7059,1704,-167.968750,25000000.000
7060,1660,-189.453125,25000000.000
7061,1649,-194.824219,25000000.000
7062,1652,-193.359375,25000000.000
7063,1651,-193.847656,25000000.000
7064,1678,-180.664062,25000000.000
7065,1707,-166.503906,25000000.000
7066,1741,-149.902344,25000000.000
7067,1745,-147.949219,25000000.000
7068,1838,-102.539062,25000000.000
7069,1886,-79.101562,25000000.000
7070,1939,-53.222656,25000000.000
7071,1946,-49.804688,25000000.000
7072,2066,8.789062,25000000.000
7073,2123,36.621094,25000000.000
7074,2191,69.824219,25000000.000
7075,2192,70.312500,25000000.000
7076,2291,118.652344,25000000.000
7077,2337,141.113281,25000000.000
7078,2374,159.179688,25000000.000
7079,2375,159.667969,25000000.000
7080,2426,184.570312,25000000.000
7081,2439,190.917969,25000000.000
7082,2443,192.871094,25000000.000
7083,2441,191.894531,25000000.000
7084,2425,184.082031,25000000.000
7085,2400,171.875000,25000000.000
7086,2366,155.273438,25000000.000
7087,2365,154.785156,25000000.000
7088,2282,114.257812,25000000.000
7089,2231,89.355469,25000000.000
7090,2174,61.523438,25000000.000
7091,2169,59.082031,25000000.000
7092,2056,3.906250,25000000.000
7093,1991,-27.832031,25000000.000
7094,1936,-54.687500,25000000.000
7095,1928,-58.593750,25000000.000
7096,1824,-109.375000,25000000.000
7097,1775,-133.300781,25000000.000
7098,1733,-153.808594,25000000.000
7099,1729,-155.761719,25000000.000
7100,1674,-182.617188,25000000.000
7101,1659,-189.941406,25000000.000
7102,1645,-196.777344,25000000.000
7103,1650,-194.335938,25000000.000
7104,1645,-196.777344,25000000.000
7105,1698,-170.898438,25000000.000
7106,1729,-155.761719,25000000.000
7107,1718,-161.132812,25000000.000
7108,1789,-126.464844,25000000.000
7109,1841,-101.074219,25000000.000
7110,1894,-75.195312,25000000.000
7111,1896,-74.218750,25000000.000
7112,2015,-16.113281,25000000.000
7113,2072,11.718750,25000000.000
7114,2131,40.527344,25000000.000
7115,2136,42.968750,25000000.000
7116,2246,96.679688,25000000.000
7117,2298,122.070312,25000000.000
7118,2341,143.066406,25000000.000
7119,2344,144.531250,25000000.000
7120,2406,174.804688,25000000.000
7121,2426,184.570312,25000000.000
7122,2439,190.917969,25000000.000
7123,2439,190.917969,25000000.000
7124,2438,190.429688,25000000.000
7125,2417,180.175781,25000000.000
7126,2396,169.921875,25000000.000
7127,2391,167.480469,25000000.000
7128,2323,134.277344,25000000.000
7129,2272,109.375000,25000000.000
7130,2220,83.984375,25000000.000
7131,2215,81.542969,25000000.000
7132,2105,27.832031,25000000.000
7133,2046,-0.976562,25000000.000
7134,1985,-30.761719,25000000.000
7135,1978,-34.179688,25000000.000
7136,1867,-88.378906,25000000.000
7137,1817,-112.792969,25000000.000
7138,1769,-136.230469,25000000.000
7139,1765,-138.183594,25000000.000
7140,1696,-171.875000,25000000.000
7141,1671,-184.082031,25000000.000
7142,1657,-190.917969,25000000.000
7143,1655,-191.894531,25000000.000
7144,1654,-192.382812,25000000.000
7145,1645,-196.777344,25000000.000
7146,1669,-185.058594,25000000.000
7147,1696,-171.875000,25000000.000
7148,1767,-137.207031,25000000.000
7149,1792,-125.000000,25000000.000
7150,1864,-89.843750,25000000.000
7151,1855,-94.238281,25000000.000
7152,1964,-41.015625,25000000.000
7153,2022,-12.695312,25000000.000
7154,2078,14.648438,25000000.000
7155,2090,20.507812,25000000.000
7156,2201,74.707031,25000000.000
7157,2256,101.562500,25000000.000
7158,2304,125.000000,25000000.000
7159,2309,127.441406,25000000.000
7160,2383,163.574219,25000000.000
7161,2410,176.757812,25000000.000
7162,2431,187.011719,25000000.000
7163,2431,187.011719,25000000.000
7164,2443,192.871094,25000000.000
7165,2433,187.988281,25000000.000
7166,2416,179.687500,25000000.000
7167,2415,179.199219,25000000.000
7168,2355,149.902344,25000000.000
7169,2316,130.859375,25000000.000
7170,2266,106.445312,25000000.000
7171,2263,104.980469,25000000.000
7172,2160,54.687500,25000000.000
7173,2096,23.437500,25000000.000
7174,2035,-6.347656,25000000.000
7175,2031,-8.300781,25000000.000
7176,1917,-63.964844,25000000.000
7177,1859,-92.285156,25000000.000
7178,1811,-115.722656,25000000.000
7179,1803,-119.628906,25000000.000
7180,1725,-157.714844,25000000.000
7181,1692,-173.828125,25000000.000
7182,1669,-185.058594,25000000.000
7183,1665,-187.011719,25000000.000
7184,1650,-194.335938,25000000.000
7185,1655,-191.894531,25000000.000
7186,1667,-186.035156,25000000.000
7187,1670,-184.570312,25000000.000
7188,1722,-159.179688,25000000.000
7189,1759,-141.113281,25000000.000
7190,1807,-117.675781,25000000.000
7191,1812,-115.234375,25000000.000
7192,1915,-64.941406,25000000.000
7193,1967,-39.550781,25000000.000
7194,2022,-12.695312,25000000.000
7195,2040,-3.906250,25000000.000
7196,2166,57.617188,25000000.000
7197,2209,78.613281,25000000.000
7198,2266,106.445312,25000000.000
7199,2279,112.792969,25000000.000
7200,2351,147.949219,25000000.000
7201,2388,166.015625,25000000.000
7202,2418,180.664062,25000000.000
7203,2422,182.617188,25000000.000
7204,2441,191.894531,25000000.000
7205,2443,192.871094,25000000.000
7206,2436,189.453125,25000000.000
7207,2434,188.476562,25000000.000
7208,2387,165.527344,25000000.000
7209,2352,148.437500,25000000.000
7210,2310,127.929688,25000000.000
7211,2305,125.488281,25000000.000
7212,2207,77.636719,25000000.000
7213,2148,48.828125,25000000.000
7214,2089,20.019531,25000000.000
7215,2084,17.578125,25000000.000
7216,1967,-39.550781,25000000.000
7217,1909,-67.871094,25000000.000
7218,1852,-95.703125,25000000.000
7219,1848,-97.656250,25000000.000
7220,1756,-142.578125,25000000.000
7221,1718,-161.132812,25000000.000
7222,1689,-175.292969,25000000.000
7223,1687,-176.269531,25000000.000
7224,1654,-192.382812,25000000.000
7225,1649,-194.824219,25000000.000
7226,1657,-190.917969,25000000.000
7227,1656,-191.406250,25000000.000
7228,1698,-170.898438,25000000.000
7229,1726,-157.226562,25000000.000
7230,1767,-137.207031,25000000.000
7231,1771,-135.253906,25000000.000
7232,1865,-89.355469,25000000.000
7233,1923,-61.035156,25000000.000
7234,1980,-33.203125,25000000.000
7235,1988,-29.296875,25000000.000
7236,2101,25.878906,25000000.000
7237,2163,56.152344,25000000.000
7238,2218,83.007812,25000000.000
7239,2226,86.914062,25000000.000
7240,2317,131.347656,25000000.000
7241,2361,152.832031,25000000.000
7242,2392,167.968750,25000000.000
7243,2397,170.410156,25000000.000
7244,2437,189.941406,25000000.000
7245,2442,192.382812,25000000.000
7246,2442,192.382812,25000000.000
7247,2440,191.406250,25000000.000
7248,2410,176.757812,25000000.000
7249,2381,162.597656,25000000.000
7250,2344,144.531250,25000000.000
7251,2342,143.554688,25000000.000
7252,2251,99.121094,25000000.000
7253,2198,73.242188,25000000.000
7254,2138,43.945312,25000000.000
7255,2134,41.992188,25000000.000
7256,2019,-14.160156,25000000.000
7257,1958,-43.945312,25000000.000
7258,1900,-72.265625,25000000.000
7259,1893,-75.683594,25000000.000
7260,1795,-123.535156,25000000.000
7261,1750,-145.507812,25000000.000
7262,1715,-162.597656,25000000.000
7263,1709,-165.527344,25000000.000
7264,1663,-187.988281,25000000.000
7265,1652,-193.359375,25000000.000
7266,1649,-194.824219,25000000.000
7267,1649,-194.824219,25000000.000
7268,1674,-182.617188,25000000.000
7269,1700,-169.921875,25000000.000
7270,1731,-154.785156,25000000.000
7271,1736,-152.343750,25000000.000
7272,1821,-110.839844,25000000.000
7273,1873,-85.449219,25000000.000
7274,1931,-57.128906,25000000.000
7275,1936,-54.687500,25000000.000
7276,2049,0.488281,25000000.000
7277,2115,32.714844,25000000.000
7278,2171,60.058594,25000000.000
7279,2178,63.476562,25000000.000
7280,2278,112.304688,25000000.000
7281,2326,135.742188,25000000.000
7282,2364,154.296875,25000000.000
7283,2368,156.250000,25000000.000
7284,2421,182.128906,25000000.000
7285,2438,190.429688,25000000.000
7286,2442,192.382812,25000000.000
7287,2445,193.847656,25000000.000
7288,2427,185.058594,25000000.000
7289,2404,173.828125,25000000.000
7290,2376,160.156250,25000000.000
7291,2374,159.179688,25000000.000
7292,2294,120.117188,25000000.000
7293,2243,95.214844,25000000.000
7294,2190,69.335938,25000000.000
7295,2182,65.429688,25000000.000
7296,2070,10.742188,25000000.000
7297,2008,-19.531250,25000000.000
7298,1946,-49.804688,25000000.000
7299,1940,-52.734375,25000000.000
7300,1835,-104.003906,25000000.000
7301,1788,-126.953125,25000000.000
7302,1742,-149.414062,25000000.000
7303,1739,-150.878906,25000000.000
7304,1678,-180.664062,25000000.000
7305,1660,-189.453125,25000000.000
7306,1650,-194.335938,25000000.000
7307,1650,-194.335938,25000000.000
7308,1658,-190.429688,25000000.000
7309,1676,-181.640625,25000000.000
7310,1703,-168.457031,25000000.000
7311,1707,-166.503906,25000000.000
7312,1779,-131.347656,25000000.000
7313,1830,-106.445312,25000000.000
7314,1881,-81.542969,25000000.000
7315,1885,-79.589844,25000000.000
7316,1997,-24.902344,25000000.000
7317,2057,4.394531,25000000.000
7318,2118,34.179688,25000000.000
7319,2126,38.085938,25000000.000
7320,2232,89.843750,25000000.000
7321,2284,115.234375,25000000.000
7322,2328,136.718750,25000000.000
7323,2336,140.625000,25000000.000
7324,2401,172.363281,25000000.000
7325,2422,182.617188,25000000.000
7326,2439,190.917969,25000000.000
7327,2439,190.917969,25000000.000
7328,2440,191.406250,25000000.000
7329,2423,183.105469,25000000.000
7330,2402,172.851562,25000000.000
7331,2399,171.386719,25000000.000
7332,2332,138.671875,25000000.000
7333,2288,117.187500,25000000.000
7334,2235,91.308594,25000000.000
7335,2230,88.867188,25000000.000
7336,2119,34.667969,25000000.000
7337,2060,5.859375,25000000.000
7338,1999,-23.925781,25000000.000
7339,1994,-26.367188,25000000.000
7340,1880,-82.031250,25000000.000
7341,1827,-107.910156,25000000.000
7342,1782,-129.882812,25000000.000
7343,1770,-135.742188,25000000.000
7344,1705,-167.480469,25000000.000
7345,1675,-182.128906,25000000.000
7346,1658,-190.429688,25000000.000
7347,1656,-191.406250,25000000.000
7348,1648,-195.312500,25000000.000
7349,1661,-188.964844,25000000.000
7350,1680,-179.687500,25000000.000
7351,1680,-179.687500,25000000.000
7352,1742,-149.414062,25000000.000
7353,1788,-126.953125,25000000.000
7354,1836,-103.515625,25000000.000
7355,1842,-100.585938,25000000.000
7356,1948,-48.828125,25000000.000
7357,2007,-20.019531,25000000.000
7358,2069,10.253906,25000000.000
7359,2080,15.625000,25000000.000
7360,2188,68.359375,25000000.000
7361,2235,91.308594,25000000.000
7362,2269,107.910156,25000000.000
7363,2288,117.187500,25000000.000
7364,2374,159.179688,25000000.000
7365,2406,174.804688,25000000.000
7366,2421,182.128906,25000000.000
7367,2424,183.593750,25000000.000
7368,2445,193.847656,25000000.000
7369,2438,190.429688,25000000.000
7370,2419,181.152344,25000000.000
7371,2419,181.152344,25000000.000
7372,2368,156.250000,25000000.000
7373,2325,135.253906,25000000.000
7374,2282,114.257812,25000000.000
7375,2275,110.839844,25000000.000
7376,2175,62.011719,25000000.000
7377,2111,30.761719,25000000.000
7378,2053,2.441406,25000000.000
7379,2045,-1.464844,25000000.000
7380,1930,-57.617188,25000000.000
7381,1874,-84.960938,25000000.000
7382,1817,-112.792969,25000000.000
7383,1813,-114.746094,25000000.000
7384,1732,-154.296875,25000000.000
7385,1701,-169.433594,25000000.000
7386,1671,-184.082031,25000000.000
7387,1672,-183.593750,25000000.000
7388,1652,-193.359375,25000000.000
7389,1652,-193.359375,25000000.000
7390,1663,-187.988281,25000000.000
7391,1666,-186.523438,25000000.000
7392,1714,-163.085938,25000000.000
7393,1749,-145.996094,25000000.000
7394,1796,-123.046875,25000000.000
7395,1798,-122.070312,25000000.000
7396,1898,-73.242188,25000000.000
7397,1958,-43.945312,25000000.000
7398,2016,-15.625000,25000000.000
7399,2023,-12.207031,25000000.000
7400,2138,43.945312,25000000.000
7401,2197,72.753906,25000000.000
7402,2251,99.121094,25000000.000
7403,2257,102.050781,25000000.000
7404,2345,145.019531,25000000.000
7405,2379,161.621094,25000000.000
7406,2409,176.269531,25000000.000
7407,2413,178.222656,25000000.000
7408,2442,192.382812,25000000.000
7409,2442,192.382812,25000000.000
7410,2438,190.429688,25000000.000
7411,2435,188.964844,25000000.000
7412,2395,169.433594,25000000.000
7413,2362,153.320312,25000000.000
7414,2320,132.812500,25000000.000
7415,2315,130.371094,25000000.000
7416,2221,84.472656,25000000.000
7417,2163,56.152344,25000000.000
7418,2105,27.832031,25000000.000
7419,2097,23.925781,25000000.000
7420,1978,-34.179688,25000000.000
7421,1929,-58.105469,25000000.000
7422,1869,-87.402344,25000000.000
7423,1863,-90.332031,25000000.000
7424,1767,-137.207031,25000000.000
7425,1728,-156.250000,25000000.000
7426,1698,-170.898438,25000000.000
7427,1692,-173.828125,25000000.000
7428,1656,-191.406250,25000000.000
7429,1651,-193.847656,25000000.000
7430,1652,-193.359375,25000000.000
7431,1654,-192.382812,25000000.000
7432,1688,-175.781250,25000000.000
7433,1718,-161.132812,25000000.000
7434,1755,-143.066406,25000000.000
7435,1761,-140.136719,25000000.000
7436,1850,-96.679688,25000000.000
7437,1909,-67.871094,25000000.000
7438,1965,-40.527344,25000000.000
7439,1972,-37.109375,25000000.000
7440,2087,19.042969,25000000.000
7441,2146,47.851562,25000000.000
7442,2203,75.683594,25000000.000
7443,2209,78.613281,25000000.000
7444,2306,125.976562,25000000.000
7445,2346,145.507812,25000000.000
7446,2392,167.968750,25000000.000
7447,2393,168.457031,25000000.000
7448,2430,186.523438,25000000.000
7449,2443,192.871094,25000000.000
7450,2442,192.382812,25000000.000
7451,2444,193.359375,25000000.000
7452,2414,178.710938,25000000.000
7453,2392,167.968750,25000000.000
7454,2357,150.878906,25000000.000
7455,2353,148.925781,25000000.000
7456,2265,105.957031,25000000.000
7457,2212,80.078125,25000000.000
7458,2156,52.734375,25000000.000
7459,2148,48.828125,25000000.000
7460,2035,-6.347656,25000000.000
7461,1972,-37.109375,25000000.000
7462,1915,-64.941406,25000000.000
7463,1908,-68.359375,25000000.000
7464,1806,-118.164062,25000000.000
7465,1759,-141.113281,25000000.000
7466,1723,-158.691406,25000000.000
7467,1716,-162.109375,25000000.000
7468,1667,-186.035156,25000000.000
7469,1656,-191.406250,25000000.000
7470,1649,-194.824219,25000000.000
7471,1650,-194.335938,25000000.000
7472,1670,-184.570312,25000000.000
7473,1691,-174.316406,25000000.000
7474,1724,-158.203125,25000000.000
7475,1728,-156.250000,25000000.000
7476,1810,-116.210938,25000000.000
7477,1857,-93.261719,25000000.000
7478,1917,-63.964844,25000000.000
7479,1921,-62.011719,25000000.000
7480,2035,-6.347656,25000000.000
7481,2096,23.437500,25000000.000
7482,2155,52.246094,25000000.000
7483,2160,54.687500,25000000.000
7484,2264,105.468750,25000000.000
7485,2315,130.371094,25000000.000
7486,2354,149.414062,25000000.000
7487,2359,151.855469,25000000.000
7488,2415,179.199219,25000000.000
7489,2433,187.988281,25000000.000
7490,2443,192.871094,25000000.000
7491,2443,192.871094,25000000.000
7492,2431,187.011719,25000000.000
7493,2412,177.734375,25000000.000
7494,2387,165.527344,25000000.000
7495,2381,162.597656,25000000.000
7496,2305,125.488281,25000000.000
7497,2256,101.562500,25000000.000
7498,2202,75.195312,25000000.000
7499,2197,72.753906,25000000.000
7500,2084,17.578125,25000000.000
7501,2027,-10.253906,25000000.000
7502,1960,-42.968750,25000000.000
7503,1955,-45.410156,25000000.000
7504,1849,-97.167969,25000000.000
7505,1797,-122.558594,25000000.000
7506,1754,-143.554688,25000000.000
7507,1750,-145.507812,25000000.000
7508,1684,-177.734375,25000000.000
7509,1663,-187.988281,25000000.000
7510,1653,-192.871094,25000000.000
7511,1650,-194.335938,25000000.000
7512,1657,-190.917969,25000000.000
7513,1662,-188.476562,25000000.000
7514,1701,-169.433594,25000000.000
7515,1678,-180.664062,25000000.000
7516,1781,-130.371094,25000000.000
7517,1813,-114.746094,25000000.000
7518,1865,-89.355469,25000000.000
7519,1871,-86.425781,25000000.000
7520,1987,-29.785156,25000000.000
7521,2044,-1.953125,25000000.000
7522,2106,28.320312,25000000.000
7523,2112,31.250000,25000000.000
7524,2223,85.449219,25000000.000
7525,2272,109.375000,25000000.000
7526,2321,133.300781,25000000.000
7527,2325,135.253906,25000000.000
7528,2396,169.921875,25000000.000
7529,2418,180.664062,25000000.000
7530,2436,189.453125,25000000.000
7531,2437,189.941406,25000000.000
7532,2438,190.429688,25000000.000
7533,2431,187.011719,25000000.000
7534,2408,175.781250,25000000.000
7535,2406,174.804688,25000000.000
7536,2340,142.578125,25000000.000
7537,2299,122.558594,25000000.000
7538,2249,98.144531,25000000.000
7539,2245,96.191406,25000000.000
7540,2134,41.992188,25000000.000
7541,2075,13.183594,25000000.000
7542,2016,-15.625000,25000000.000
7543,2008,-19.531250,25000000.000
7544,1897,-73.730469,25000000.000
7545,1840,-101.562500,25000000.000
7546,1791,-125.488281,25000000.000
7547,1786,-127.929688,25000000.000
7548,1711,-164.550781,25000000.000
7549,1683,-178.222656,25000000.000
7550,1661,-188.964844,25000000.000
7551,1661,-188.964844,25000000.000
7552,1649,-194.824219,25000000.000
7553,1659,-189.941406,25000000.000
7554,1676,-181.640625,25000000.000
7555,1679,-180.175781,25000000.000
7556,1733,-153.808594,25000000.000
7557,1776,-132.812500,25000000.000
7558,1824,-109.375000,25000000.000
7559,1830,-106.445312,25000000.000
7560,1934,-55.664062,25000000.000
7561,1992,-27.343750,25000000.000
7562,2054,2.929688,25000000.000
7563,2058,4.882812,25000000.000
7564,2175,62.011719,25000000.000
7565,2229,88.378906,25000000.000
7566,2280,113.281250,25000000.000
7567,2285,115.722656,25000000.000
7568,2366,155.273438,25000000.000
7569,2400,171.875000,25000000.000
7570,2423,183.105469,25000000.000
7571,2426,184.570312,25000000.000
7572,2445,193.847656,25000000.000
7573,2440,191.406250,25000000.000
7574,2428,185.546875,25000000.000
7575,2425,184.082031,25000000.000
7576,2375,159.667969,25000000.000
7577,2337,141.113281,25000000.000
7578,2294,120.117188,25000000.000
7579,2287,116.699219,25000000.000
7580,2185,66.894531,25000000.000
7581,2128,39.062500,25000000.000
7582,2067,9.277344,25000000.000
7583,2059,5.371094,25000000.000
7584,1944,-50.781250,25000000.000
7585,1890,-77.148438,25000000.000
7586,1833,-104.980469,25000000.000
7587,1829,-106.933594,25000000.000
7588,1743,-148.925781,25000000.000
7589,1707,-166.503906,25000000.000
7590,1680,-179.687500,25000000.000
7591,1678,-180.664062,25000000.000
7592,1651,-193.847656,25000000.000
7593,1650,-194.335938,25000000.000
7594,1661,-188.964844,25000000.000
7595,1661,-188.964844,25000000.000
7596,1704,-167.968750,25000000.000
7597,1742,-149.414062,25000000.000
7598,1782,-129.882812,25000000.000
7599,1786,-127.929688,25000000.000
7600,1884,-80.078125,25000000.000
7601,1943,-51.269531,25000000.000
7602,2002,-22.460938,25000000.000
7603,2009,-19.042969,25000000.000
7604,2124,37.109375,25000000.000
7605,2182,65.429688,25000000.000
7606,2238,92.773438,25000000.000
7607,2245,96.191406,25000000.000
7608,2334,139.648438,25000000.000
7609,2371,157.714844,25000000.000
7610,2404,173.828125,25000000.000
7611,2405,174.316406,25000000.000
7612,2438,190.429688,25000000.000
7613,2444,193.359375,25000000.000
7614,2439,190.917969,25000000.000
7615,2436,189.453125,25000000.000
7616,2402,172.851562,25000000.000
7617,2372,158.203125,25000000.000
7618,2330,137.695312,25000000.000
7619,2327,136.230469,25000000.000
7620,2232,89.843750,25000000.000
7621,2178,63.476562,25000000.000
7622,2119,34.667969,25000000.000
7623,2114,32.226562,25000000.000
7624,1997,-24.902344,25000000.000
7625,1936,-54.687500,25000000.000
7626,1880,-82.031250,25000000.000
7627,1872,-85.937500,25000000.000
7628,1780,-130.859375,25000000.000
7629,1737,-151.855469,25000000.000
7630,1701,-169.433594,25000000.000
7631,1697,-171.386719,25000000.000
7632,1658,-190.429688,25000000.000
7633,1649,-194.824219,25000000.000
7634,1649,-194.824219,25000000.000
7635,1651,-193.847656,25000000.000
7636,1681,-179.199219,25000000.000
7637,1709,-165.527344,25000000.000
7638,1746,-147.460938,25000000.000
7639,1751,-145.019531,25000000.000
7640,1839,-102.050781,25000000.000
7641,1892,-76.171875,25000000.000
7642,1952,-46.875000,25000000.000
7643,1957,-44.433594,25000000.000
7644,2073,12.207031,25000000.000
7645,2131,40.527344,25000000.000
7646,2189,68.847656,25000000.000
7647,2195,71.777344,25000000.000
7648,2294,120.117188,25000000.000
7649,2340,142.578125,25000000.000
7650,2376,160.156250,25000000.000
7651,2380,162.109375,25000000.000
7652,2427,185.058594,25000000.000
7653,2441,191.894531,25000000.000
7654,2443,192.871094,25000000.000
7655,2444,193.359375,25000000.000
7656,2422,182.617188,25000000.000
7657,2396,169.921875,25000000.000
7658,2364,154.296875,25000000.000
7659,2361,152.832031,25000000.000
7660,2280,113.281250,25000000.000
7661,2226,86.914062,25000000.000
7662,2170,59.570312,25000000.000
7663,2162,55.664062,25000000.000
7664,2048,0.000000,25000000.000
7665,1987,-29.785156,25000000.000
7666,1928,-58.593750,25000000.000
7667,1923,-61.035156,25000000.000
7668,1818,-112.304688,25000000.000
7669,1773,-134.277344,25000000.000
7670,1730,-155.273438,25000000.000
7671,1728,-156.250000,25000000.000
7672,1674,-182.617188,25000000.000
7673,1656,-191.406250,25000000.000
7674,1650,-194.335938,25000000.000
7675,1650,-194.335938,25000000.000
7676,1666,-186.523438,25000000.000
7677,1684,-177.734375,25000000.000
7678,1715,-162.597656,25000000.000
7679,1718,-161.132812,25000000.000
7680,1794,-124.023438,25000000.000
7681,1846,-98.632812,25000000.000
7682,1901,-71.777344,25000000.000
7683,1905,-69.824219,25000000.000
7684,2018,-14.648438,25000000.000
7685,2082,16.601562,25000000.000
7686,2139,44.433594,25000000.000
7687,2148,48.828125,25000000.000
7688,2254,100.585938,25000000.000
7689,2303,124.511719,25000000.000
7690,2346,145.507812,25000000.000
7691,2351,147.949219,25000000.000
7692,2412,177.734375,25000000.000
7693,2429,186.035156,25000000.000
7694,2442,192.382812,25000000.000
7695,2442,192.382812,25000000.000
7696,2434,188.476562,25000000.000
7697,2416,179.687500,25000000.000
7698,2391,167.480469,25000000.000
7699,2387,165.527344,25000000.000
7700,2316,130.859375,25000000.000
7701,2270,108.398438,25000000.000
7702,2215,81.542969,25000000.000
7703,2213,80.566406,25000000.000
7704,2099,24.902344,25000000.000
7705,2039,-4.394531,25000000.000
7706,1976,-35.156250,25000000.000
7707,1973,-36.621094,25000000.000
7708,1862,-90.820312,25000000.000
7709,1809,-116.699219,25000000.000
7710,1767,-137.207031,25000000.000
7711,1759,-141.113281,25000000.000
7712,1693,-173.339844,25000000.000
7713,1668,-185.546875,25000000.000
7714,1651,-193.847656,25000000.000
7715,1651,-193.847656,25000000.000
7716,1651,-193.847656,25000000.000
7717,1666,-186.523438,25000000.000
7718,1686,-176.757812,25000000.000
7719,1692,-173.828125,25000000.000
7720,1757,-142.089844,25000000.000
7721,1801,-120.605469,25000000.000
7722,1844,-99.609375,25000000.000
7723,1868,-87.890625,25000000.000
7724,1965,-40.527344,25000000.000
7725,2035,-6.347656,25000000.000
7726,2085,18.066406,25000000.000
7727,2094,22.460938,25000000.000
7728,2214,81.054688,25000000.000
7729,2259,103.027344,25000000.000
7730,2306,125.976562,25000000.000
7731,2310,127.929688,25000000.000
7732,2387,165.527344,25000000.000
7733,2414,178.710938,25000000.000
7734,2430,186.523438,25000000.000
7735,2434,188.476562,25000000.000
7736,2441,191.894531,25000000.000
7737,2433,187.988281,25000000.000
7738,2415,179.199219,25000000.000
7739,2414,178.710938,25000000.000
7740,2352,148.437500,25000000.000
7741,2310,127.929688,25000000.000
7742,2262,104.492188,25000000.000
7743,2255,101.074219,25000000.000
7744,2150,49.804688,25000000.000
7745,2090,20.507812,25000000.000
7746,2030,-8.789062,25000000.000
7747,2022,-12.695312,25000000.000
7748,1909,-67.871094,25000000.000
7749,1855,-94.238281,25000000.000
7750,1802,-120.117188,25000000.000
7751,1798,-122.070312,25000000.000
7752,1718,-161.132812,25000000.000
7753,1691,-174.316406,25000000.000
7754,1667,-186.035156,25000000.000
7755,1667,-186.035156,25000000.000
7756,1648,-195.312500,25000000.000
7757,1654,-192.382812,25000000.000
7758,1668,-185.546875,25000000.000
7759,1672,-183.593750,25000000.000
7760,1727,-156.738281,25000000.000
7761,1766,-137.695312,25000000.000
7762,1810,-116.210938,25000000.000
7763,1816,-113.281250,25000000.000
7764,1918,-63.476562,25000000.000
7765,1976,-35.156250,25000000.000
7766,2038,-4.882812,25000000.000
7767,2046,-0.976562,25000000.000
7768,2156,52.734375,25000000.000
7769,2216,82.031250,25000000.000
7770,2270,108.398438,25000000.000
7771,2275,110.839844,25000000.000
7772,2359,151.855469,25000000.000
7773,2392,167.968750,25000000.000
7774,2419,181.152344,25000000.000
7775,2419,181.152344,25000000.000
7776,2444,193.359375,25000000.000
7777,2441,191.894531,25000000.000
7778,2432,187.500000,25000000.000
7779,2430,186.523438,25000000.000
7780,2383,163.574219,25000000.000
7781,2350,147.460938,25000000.000
7782,2306,125.976562,25000000.000
7783,2301,123.535156,25000000.000
7784,2200,74.218750,25000000.000
7785,2146,47.851562,25000000.000
7786,2079,15.136719,25000000.000
7787,2075,13.183594,25000000.000
7788,1962,-41.992188,25000000.000
7789,1902,-71.289062,25000000.000
7790,1847,-98.144531,25000000.000
7791,1842,-100.585938,25000000.000
7792,1752,-144.531250,25000000.000
7793,1712,-164.062500,25000000.000
7794,1686,-176.757812,25000000.000
7795,1681,-179.199219,25000000.000
7796,1652,-193.359375,25000000.000
7797,1650,-194.335938,25000000.000
7798,1657,-190.917969,25000000.000
7799,1657,-190.917969,25000000.000
7800,1698,-170.898438,25000000.000
7801,1730,-155.273438,25000000.000
7802,1774,-133.789062,25000000.000
7803,1778,-131.835938,25000000.000
7804,1868,-87.890625,25000000.000
7805,1929,-58.105469,25000000.000
7806,1988,-29.296875,25000000.000
7807,1995,-25.878906,25000000.000
7808,2110,30.273438,25000000.000
7809,2166,57.617188,25000000.000
7810,2226,86.914062,25000000.000
7811,2228,87.890625,25000000.000
7812,2322,133.789062,25000000.000
7813,2362,153.320312,25000000.000
7814,2396,169.921875,25000000.000
7815,2398,170.898438,25000000.000
7816,2435,188.964844,25000000.000
7817,2445,193.847656,25000000.000
7818,2438,190.429688,25000000.000
7819,2439,190.917969,25000000.000
7820,2407,175.292969,25000000.000
7821,2378,161.132812,25000000.000
7822,2341,143.066406,25000000.000
7823,2337,141.113281,25000000.000
7824,2248,97.656250,25000000.000
7825,2190,69.335938,25000000.000
7826,2135,42.480469,25000000.000
7827,2126,38.085938,25000000.000
7828,2013,-17.089844,25000000.000
7829,1953,-46.386719,25000000.000
7830,1892,-76.171875,25000000.000
7831,1888,-78.125000,25000000.000
7832,1789,-126.464844,25000000.000
7833,1748,-146.484375,25000000.000
7834,1709,-165.527344,25000000.000
7835,1707,-166.503906,25000000.000
7836,1660,-189.453125,25000000.000
7837,1652,-193.359375,25000000.000
7838,1653,-192.871094,25000000.000
7839,1656,-191.406250,25000000.000
7840,1677,-181.152344,25000000.000
7841,1704,-167.968750,25000000.000
7842,1737,-151.855469,25000000.000
7843,1741,-149.902344,25000000.000
7844,1830,-106.445312,25000000.000
7845,1878,-83.007812,25000000.000
7846,1937,-54.199219,25000000.000
7847,1942,-51.757812,25000000.000
7848,2056,3.906250,25000000.000
7849,2120,35.156250,25000000.000
7850,2175,62.011719,25000000.000
7851,2182,65.429688,25000000.000
7852,2284,115.234375,25000000.000
7853,2329,137.207031,25000000.000
7854,2370,157.226562,25000000.000
7855,2374,159.179688,25000000.000
7856,2424,183.593750,25000000.000
7857,2439,190.917969,25000000.000
7858,2444,193.359375,25000000.000
7859,2443,192.871094,25000000.000
7860,2429,186.035156,25000000.000
7861,2403,173.339844,25000000.000
7862,2373,158.691406,25000000.000
7863,2369,156.738281,25000000.000
7864,2290,118.164062,25000000.000
7865,2238,92.773438,25000000.000
7866,2183,65.917969,25000000.000
7867,2178,63.476562,25000000.000
7868,2063,7.324219,25000000.000
7869,2000,-23.437500,25000000.000
7870,1942,-51.757812,25000000.000
7871,1937,-54.199219,25000000.000
7872,1831,-105.957031,25000000.000
7873,1782,-129.882812,25000000.000
7874,1740,-150.390625,25000000.000
7875,1737,-151.855469,25000000.000
7876,1679,-180.175781,25000000.000
7877,1658,-190.429688,25000000.000
7878,1651,-193.847656,25000000.000
7879,1651,-193.847656,25000000.000
7880,1658,-190.429688,25000000.000
7881,1679,-180.175781,25000000.000
7882,1706,-166.992188,25000000.000
7883,1710,-165.039062,25000000.000
7884,1782,-129.882812,25000000.000
7885,1833,-104.980469,25000000.000
7886,1877,-83.496094,25000000.000
7887,1899,-72.753906,25000000.000
7888,2012,-17.578125,25000000.000
7889,2063,7.324219,25000000.000
7890,2129,39.550781,25000000.000
7891,2129,39.550781,25000000.000
7892,2241,94.238281,25000000.000
7893,2289,117.675781,25000000.000
7894,2337,141.113281,25000000.000
7895,2338,141.601562,25000000.000
7896,2405,174.316406,25000000.000
7897,2427,185.058594,25000000.000
7898,2439,190.917969,25000000.000
7899,2441,191.894531,25000000.000
7900,2437,189.941406,25000000.000
7901,2425,184.082031,25000000.000
7902,2399,171.386719,25000000.000
7903,2397,170.410156,25000000.000
7904,2329,137.207031,25000000.000
7905,2281,113.769531,25000000.000
7906,2232,89.843750,25000000.000
7907,2225,86.425781,25000000.000
7908,2116,33.203125,25000000.000
7909,2050,0.976562,25000000.000
7910,1992,-27.343750,25000000.000
7911,1987,-29.785156,25000000.000
7912,1873,-85.449219,25000000.000
7913,1823,-109.863281,25000000.000
7914,1774,-133.789062,25000000.000
7915,1769,-136.230469,25000000.000
7916,1697,-171.386719,25000000.000
7917,1676,-181.640625,25000000.000
7918,1656,-191.406250,25000000.000
7919,1655,-191.894531,25000000.000
7920,1646,-196.289062,25000000.000
7921,1659,-189.941406,25000000.000
7922,1680,-179.687500,25000000.000
7923,1685,-177.246094,25000000.000
7924,1750,-145.507812,25000000.000
7925,1789,-126.464844,25000000.000
7926,1845,-99.121094,25000000.000
7927,1847,-98.144531,25000000.000
7928,1955,-45.410156,25000000.000
7929,2013,-17.089844,25000000.000
7930,2075,13.183594,25000000.000
7931,2081,16.113281,25000000.000
7932,2193,70.800781,25000000.000
7933,2250,98.632812,25000000.000
7934,2296,121.093750,25000000.000
7935,2302,124.023438,25000000.000
7936,2377,160.644531,25000000.000
7937,2407,175.292969,25000000.000
7938,2430,186.523438,25000000.000
7939,2430,186.523438,25000000.000
7940,2443,192.871094,25000000.000
7941,2434,188.476562,25000000.000
7942,2419,181.152344,25000000.000
7943,2417,180.175781,25000000.000
7944,2363,153.808594,25000000.000
7945,2321,133.300781,25000000.000
7946,2273,109.863281,25000000.000
7947,2268,107.421875,25000000.000
7948,2164,56.640625,25000000.000
7949,2106,28.320312,25000000.000
7950,2043,-2.441406,25000000.000
7951,2038,-4.882812,25000000.000
7952,1923,-61.035156,25000000.000
7953,1867,-88.378906,25000000.000
7954,1817,-112.792969,25000000.000
7955,1812,-115.234375,25000000.000
7956,1727,-156.738281,25000000.000
7957,1695,-172.363281,25000000.000
7958,1671,-184.082031,25000000.000
7959,1670,-184.570312,25000000.000
7960,1649,-194.824219,25000000.000
7961,1654,-192.382812,25000000.000
7962,1663,-187.988281,25000000.000
7963,1665,-187.011719,25000000.000
7964,1715,-162.597656,25000000.000
7965,1754,-143.554688,25000000.000
7966,1797,-122.558594,25000000.000
7967,1804,-119.140625,25000000.000
7968,1900,-72.265625,25000000.000
7969,1963,-41.503906,25000000.000
7970,2025,-11.230469,25000000.000
7971,2030,-8.789062,25000000.000
7972,2146,47.851562,25000000.000
7973,2203,75.683594,25000000.000
7974,2257,102.050781,25000000.000
7975,2261,104.003906,25000000.000
7976,2349,146.972656,25000000.000
7977,2384,164.062500,25000000.000
7978,2412,177.734375,25000000.000
7979,2414,178.710938,25000000.000
7980,2441,191.894531,25000000.000
7981,2444,193.359375,25000000.000
7982,2436,189.453125,25000000.000
7983,2433,187.988281,25000000.000
7984,2390,166.992188,25000000.000
7985,2358,151.367188,25000000.000
7986,2314,129.882812,25000000.000
7987,2311,128.417969,25000000.000
7988,2215,81.542969,25000000.000
7989,2157,53.222656,25000000.000
7990,2096,23.437500,25000000.000
7991,2091,20.996094,25000000.000
7992,1975,-35.644531,25000000.000
7993,1914,-65.429688,25000000.000
7994,1860,-91.796875,25000000.000
7995,1854,-94.726562,25000000.000
7996,1762,-139.648438,25000000.000
7997,1724,-158.203125,25000000.000
7998,1691,-174.316406,25000000.000
7999,1690,-174.804688,25000000.000
8000,1653,-192.871094,25000000.000
8001,1650,-194.335938,25000000.000
8002,1653,-192.871094,25000000.000
8003,1657,-190.917969,25000000.000
8004,1689,-175.292969,25000000.000
8005,1720,-160.156250,25000000.000
8006,1767,-137.207031,25000000.000
8007,1772,-134.765625,25000000.000
8008,1856,-93.750000,25000000.000
8009,1915,-64.941406,25000000.000
8010,1977,-34.667969,25000000.000
8011,1982,-32.226562,25000000.000
8012,2093,21.972656,25000000.000
8013,2155,52.246094,25000000.000
8014,2211,79.589844,25000000.000
8015,2216,82.031250,25000000.000
8016,2311,128.417969,25000000.000
8017,2355,149.902344,25000000.000
8018,2387,165.527344,25000000.000
8019,2391,167.480469,25000000.000
8020,2435,188.964844,25000000.000
8021,2443,192.871094,25000000.000
8022,2443,192.871094,25000000.000
8023,2443,192.871094,25000000.000
8024,2415,179.199219,25000000.000
8025,2384,164.062500,25000000.000
8026,2353,148.925781,25000000.000
8027,2345,145.019531,25000000.000
8028,2259,103.027344,25000000.000
8029,2205,76.660156,25000000.000
8030,2146,47.851562,25000000.000
8031,2141,45.410156,25000000.000
8032,2026,-10.742188,25000000.000
8033,1966,-40.039062,25000000.000
8034,1906,-69.335938,25000000.000
8035,1902,-71.289062,25000000.000
8036,1801,-120.605469,25000000.000
8037,1756,-142.578125,25000000.000
8038,1719,-160.644531,25000000.000
8039,1715,-162.597656,25000000.000
8040,1666,-186.523438,25000000.000
8041,1652,-193.359375,25000000.000
8042,1651,-193.847656,25000000.000
8043,1649,-194.824219,25000000.000
8044,1671,-184.082031,25000000.000
8045,1696,-171.875000,25000000.000
8046,1727,-156.738281,25000000.000
8047,1729,-155.761719,25000000.000
8048,1813,-114.746094,25000000.000
8049,1866,-88.867188,25000000.000
8050,1921,-62.011719,25000000.000
8051,1927,-59.082031,25000000.000
8052,2041,-3.417969,25000000.000
8053,2104,27.343750,25000000.000
8054,2163,56.152344,25000000.000
8055,2169,59.082031,25000000.000
8056,2272,109.375000,25000000.000
8057,2318,131.835938,25000000.000
8058,2360,152.343750,25000000.000
8059,2364,154.296875,25000000.000
8060,2422,182.617188,25000000.000
8061,2435,188.964844,25000000.000
8062,2442,192.382812,25000000.000
8063,2440,191.406250,25000000.000
8064,2429,186.035156,25000000.000
8065,2409,176.269531,25000000.000
8066,2380,162.109375,25000000.000
8067,2378,161.132812,25000000.000
8068,2313,129.394531,25000000.000
8069,2247,97.167969,25000000.000
8070,2192,70.312500,25000000.000
8071,2193,70.800781,25000000.000
8072,2076,13.671875,25000000.000
8073,2017,-15.136719,25000000.000
8074,1957,-44.433594,25000000.000
8075,1951,-47.363281,25000000.000
8076,1843,-100.097656,25000000.000
8077,1793,-124.511719,25000000.000
8078,1749,-145.996094,25000000.000
8079,1745,-147.949219,25000000.000
8080,1683,-178.222656,25000000.000
8081,1673,-183.105469,25000000.000
8082,1654,-192.382812,25000000.000
8083,1657,-190.917969,25000000.000
8084,1646,-196.289062,25000000.000
8085,1645,-196.777344,25000000.000
8086,1697,-171.386719,25000000.000
8087,1701,-169.433594,25000000.000
8088,1773,-134.277344,25000000.000
8089,1817,-112.792969,25000000.000
8090,1876,-83.984375,25000000.000
8091,1880,-82.031250,25000000.000
8092,1993,-26.855469,25000000.000
8093,2050,0.976562,25000000.000
8094,2112,31.250000,25000000.000
8095,2119,34.667969,25000000.000
8096,2224,85.937500,25000000.000
8097,2278,112.304688,25000000.000
8098,2324,134.765625,25000000.000
8099,2330,137.695312,25000000.000
8100,2394,168.945312,25000000.000
8101,2424,183.593750,25000000.000
8102,2437,189.941406,25000000.000
8103,2438,190.429688,25000000.000
8104,2439,190.917969,25000000.000
8105,2415,179.199219,25000000.000
8106,2414,178.710938,25000000.000
8107,2408,175.781250,25000000.000
8108,2340,142.578125,25000000.000
8109,2274,110.351562,25000000.000
8110,2250,98.632812,25000000.000
8111,2224,85.937500,25000000.000
8112,2130,40.039062,25000000.000
8113,2062,6.835938,25000000.000
8114,2004,-21.484375,25000000.000
8115,2002,-22.460938,25000000.000
8116,1887,-78.613281,25000000.000
8117,1836,-103.515625,25000000.000
8118,1784,-128.906250,25000000.000
8119,1781,-130.371094,25000000.000
8120,1705,-167.480469,25000000.000
8121,1679,-180.175781,25000000.000
8122,1659,-189.941406,25000000.000
8123,1659,-189.941406,25000000.000
8124,1654,-192.382812,25000000.000
8125,1661,-188.964844,25000000.000
8126,1679,-180.175781,25000000.000
8127,1668,-185.546875,25000000.000
8128,1707,-166.503906,25000000.000
8129,1781,-130.371094,25000000.000
8130,1823,-109.863281,25000000.000
8131,1849,-97.167969,25000000.000
8132,1940,-52.734375,25000000.000
8133,2004,-21.484375,25000000.000
8134,2063,7.324219,25000000.000
8135,2069,10.253906,25000000.000
8136,2177,62.988281,25000000.000
8137,2235,91.308594,25000000.000
8138,2286,116.210938,25000000.000
8139,2292,119.140625,25000000.000
8140,2370,157.226562,25000000.000
8141,2400,171.875000,25000000.000
8142,2424,183.593750,25000000.000
8143,2426,184.570312,25000000.000
8144,2442,192.382812,25000000.000
8145,2438,190.429688,25000000.000
8146,2423,183.105469,25000000.000
8147,2421,182.128906,25000000.000
8148,2369,156.738281,25000000.000
8149,2333,139.160156,25000000.000
8150,2285,115.722656,25000000.000
8151,2282,114.257812,25000000.000
8152,2180,64.453125,25000000.000
8153,2120,35.156250,25000000.000
8154,2058,4.882812,25000000.000
8155,2055,3.417969,25000000.000
8156,1939,-53.222656,25000000.000
8157,1880,-82.031250,25000000.000
8158,1830,-106.445312,25000000.000
8159,1823,-109.863281,25000000.000
8160,1738,-151.367188,25000000.000
8161,1705,-167.480469,25000000.000
8162,1676,-181.640625,25000000.000
8163,1673,-183.105469,25000000.000
8164,1651,-193.847656,25000000.000
8165,1653,-192.871094,25000000.000
8166,1660,-189.453125,25000000.000
8167,1664,-187.500000,25000000.000
8168,1708,-166.015625,25000000.000
8169,1744,-148.437500,25000000.000
8170,1790,-125.976562,25000000.000
8171,1794,-124.023438,25000000.000
8172,1891,-76.660156,25000000.000
8173,1947,-49.316406,25000000.000
8174,2012,-17.578125,25000000.000
8175,2013,-17.089844,25000000.000
8176,2132,41.015625,25000000.000
8177,2187,67.871094,25000000.000
8178,2244,95.703125,25000000.000
8179,2249,98.144531,25000000.000
8180,2339,142.089844,25000000.000
8181,2375,159.667969,25000000.000
8182,2404,173.828125,25000000.000
8183,2409,176.269531,25000000.000
8184,2438,190.429688,25000000.000
8185,2444,193.359375,25000000.000
8186,2438,190.429688,25000000.000
8187,2437,189.941406,25000000.000
8188,2398,170.898438,25000000.000
8189,2365,154.785156,25000000.000
8190,2326,135.742188,25000000.000
8191,2321,133.300781,25000000.000
8192,2227,87.402344,25000000.000
8193,2170,59.570312,25000000.000
8194,2110,30.273438,25000000.000
8195,2105,27.832031,25000000.000
8196,1989,-28.808594,25000000.000
8197,1930,-57.617188,25000000.000
8198,1872,-85.937500,25000000.000
8199,1869,-87.402344,25000000.000
8200,1773,-134.277344,25000000.000
8201,1733,-153.808594,25000000.000
8202,1699,-170.410156,25000000.000
8203,1697,-171.386719,25000000.000
8204,1659,-189.941406,25000000.000
8205,1651,-193.847656,25000000.000
8206,1653,-192.871094,25000000.000
8207,1655,-191.894531,25000000.000
8208,1687,-176.269531,25000000.000
8209,1713,-163.574219,25000000.000
8210,1753,-144.042969,25000000.000
8211,1756,-142.578125,25000000.000
8212,1844,-99.609375,25000000.000
8213,1902,-71.289062,25000000.000
8214,1958,-43.945312,25000000.000
8215,1962,-41.992188,25000000.000
8216,2078,14.648438,25000000.000
8217,2140,44.921875,25000000.000
8218,2196,72.265625,25000000.000
8219,2202,75.195312,25000000.000
8220,2302,124.023438,25000000.000
8221,2344,144.531250,25000000.000
8222,2381,162.597656,25000000.000
8223,2384,164.062500,25000000.000
8224,2433,187.988281,25000000.000
8225,2441,191.894531,25000000.000
8226,2444,193.359375,25000000.000
8227,2442,192.382812,25000000.000
8228,2420,181.640625,25000000.000
8229,2396,169.921875,25000000.000
8230,2360,152.343750,25000000.000
8231,2357,150.878906,25000000.000
8232,2272,109.375000,25000000.000
8233,2219,83.496094,25000000.000
8234,2163,56.152344,25000000.000
8235,2157,53.222656,25000000.000
8236,2042,-2.929688,25000000.000
8237,1981,-32.714844,25000000.000
8238,1922,-61.523438,25000000.000
8239,1917,-63.964844,25000000.000
8240,1813,-114.746094,25000000.000
8241,1765,-138.183594,25000000.000
8242,1727,-156.738281,25000000.000
8243,1722,-159.179688,25000000.000
8244,1670,-184.570312,25000000.000
8245,1655,-191.894531,25000000.000
8246,1650,-194.335938,25000000.000
8247,1648,-195.312500,25000000.000
8248,1667,-186.035156,25000000.000
8249,1690,-174.804688,25000000.000
8250,1717,-161.621094,25000000.000
8251,1723,-158.691406,25000000.000
8252,1801,-120.605469,25000000.000
8253,1853,-95.214844,25000000.000
8254,1908,-68.359375,25000000.000
8255,1914,-65.429688,25000000.000
8256,2028,-9.765625,25000000.000
8257,2088,19.531250,25000000.000
8258,2149,49.316406,25000000.000
8259,2152,50.781250,25000000.000
8260,2258,102.539062,25000000.000
8261,2309,127.441406,25000000.000
8262,2349,146.972656,25000000.000
8263,2352,148.437500,25000000.000
8264,2412,177.734375,25000000.000
8265,2434,188.476562,25000000.000
8266,2440,191.406250,25000000.000
8267,2444,193.359375,25000000.000
8268,2432,187.500000,25000000.000
8269,2416,179.687500,25000000.000
8270,2389,166.503906,25000000.000
8271,2387,165.527344,25000000.000
8272,2310,127.929688,25000000.000
8273,2262,104.492188,25000000.000
8274,2210,79.101562,25000000.000
8275,2204,76.171875,25000000.000
8276,2091,20.996094,25000000.000
8277,2028,-9.765625,25000000.000
8278,1968,-39.062500,25000000.000
8279,1967,-39.550781,25000000.000
8280,1854,-94.726562,25000000.000
8281,1804,-119.140625,25000000.000
8282,1758,-141.601562,25000000.000
8283,1756,-142.578125,25000000.000
8284,1689,-175.292969,25000000.000
8285,1667,-186.035156,25000000.000
8286,1654,-192.382812,25000000.000
8287,1655,-191.894531,25000000.000
8288,1654,-192.382812,25000000.000
8289,1668,-185.546875,25000000.000
8290,1693,-173.339844,25000000.000
8291,1694,-172.851562,25000000.000
8292,1765,-138.183594,25000000.000
8293,1808,-117.187500,25000000.000
8294,1860,-91.796875,25000000.000
8295,1865,-89.355469,25000000.000
8296,1974,-36.132812,25000000.000
8297,2036,-5.859375,25000000.000
8298,2097,23.925781,25000000.000
8299,2103,26.855469,25000000.000
8300,2211,79.589844,25000000.000
8301,2266,106.445312,25000000.000
8302,2313,129.394531,25000000.000
8303,2319,132.324219,25000000.000
8304,2390,166.992188,25000000.000
8305,2409,176.269531,25000000.000
8306,2435,188.964844,25000000.000
8307,2436,189.453125,25000000.000
8308,2464,203.125000,25000000.000
8309,2421,182.128906,25000000.000
8310,2417,180.175781,25000000.000
8311,2398,170.898438,25000000.000
8312,2349,146.972656,25000000.000
8313,2303,124.511719,25000000.000
8314,2258,102.539062,25000000.000
8315,2250,98.632812,25000000.000
8316,2142,45.898438,25000000.000
8317,2086,18.554688,25000000.000
8318,2025,-11.230469,25000000.000
8319,2012,-17.578125,25000000.000
8320,1901,-71.777344,25000000.000
8321,1847,-98.144531,25000000.000
8322,1801,-120.605469,25000000.000
8323,1794,-124.023438,25000000.000
8324,1716,-162.109375,25000000.000
8325,1684,-177.734375,25000000.000
8326,1666,-186.523438,25000000.000
8327,1663,-187.988281,25000000.000
8328,1648,-195.312500,25000000.000
8329,1657,-190.917969,25000000.000
8330,1672,-183.593750,25000000.000
8331,1673,-183.105469,25000000.000
8332,1727,-156.738281,25000000.000
8333,1771,-135.253906,25000000.000
8334,1816,-113.281250,25000000.000
8335,1822,-110.351562,25000000.000
8336,1926,-59.570312,25000000.000
8337,1984,-31.250000,25000000.000
8338,2047,-0.488281,25000000.000
8339,2052,1.953125,25000000.000
8340,2164,56.640625,25000000.000
8341,2219,83.496094,25000000.000
8342,2275,110.839844,25000000.000
8343,2278,112.304688,25000000.000
8344,2360,152.343750,25000000.000
8345,2395,169.433594,25000000.000
8346,2418,180.664062,25000000.000
8347,2421,182.128906,25000000.000
8348,2440,191.406250,25000000.000
8349,2442,192.382812,25000000.000
8350,2427,185.058594,25000000.000
8351,2427,185.058594,25000000.000
8352,2380,162.109375,25000000.000
8353,2341,143.066406,25000000.000
8354,2299,122.558594,25000000.000
8355,2296,121.093750,25000000.000
8356,2194,71.289062,25000000.000
8357,2135,42.480469,25000000.000
8358,2078,14.648438,25000000.000
8359,2069,10.253906,25000000.000
8360,1953,-46.386719,25000000.000
8361,1896,-74.218750,25000000.000
8362,1840,-101.562500,25000000.000
8363,1834,-104.492188,25000000.000
8364,1748,-146.484375,25000000.000
8365,1712,-164.062500,25000000.000
8366,1682,-178.710938,25000000.000
8367,1682,-178.710938,25000000.000
8368,1651,-193.847656,25000000.000
8369,1650,-194.335938,25000000.000
8370,1660,-189.453125,25000000.000
8371,1661,-188.964844,25000000.000
8372,1702,-168.945312,25000000.000
8373,1734,-153.320312,25000000.000
8374,1776,-132.812500,25000000.000
8375,1780,-130.859375,25000000.000
8376,1878,-83.007812,25000000.000
8377,1935,-55.175781,25000000.000
8378,1994,-26.367188,25000000.000
8379,1999,-23.925781,25000000.000
8380,2116,33.203125,25000000.000
8381,2177,62.988281,25000000.000
8382,2231,89.355469,25000000.000
8383,2240,93.750000,25000000.000
8384,2330,137.695312,25000000.000
8385,2371,157.714844,25000000.000
8386,2395,169.433594,25000000.000
8387,2400,171.875000,25000000.000
8388,2439,190.917969,25000000.000
8389,2443,192.871094,25000000.000
8390,2442,192.382812,25000000.000
8391,2440,191.406250,25000000.000
8392,2405,174.316406,25000000.000
8393,2375,159.667969,25000000.000
8394,2334,139.648438,25000000.000
8395,2330,137.695312,25000000.000
8396,2240,93.750000,25000000.000
8397,2186,67.382812,25000000.000
8398,2125,37.597656,25000000.000
8399,2120,35.156250,25000000.000
8400,2004,-21.484375,25000000.000
8401,1947,-49.316406,25000000.000
8402,1886,-79.101562,25000000.000
8403,1880,-82.031250,25000000.000
8404,1785,-128.417969,25000000.000
8405,1742,-149.414062,25000000.000
8406,1706,-166.992188,25000000.000
8407,1703,-168.457031,25000000.000
8408,1661,-188.964844,25000000.000
8409,1651,-193.847656,25000000.000
8410,1651,-193.847656,25000000.000
8411,1651,-193.847656,25000000.000
8412,1679,-180.175781,25000000.000
8413,1707,-166.503906,25000000.000
8414,1734,-153.320312,25000000.000
8415,1745,-147.949219,25000000.000
8416,1832,-105.468750,25000000.000
8417,1891,-76.660156,25000000.000
8418,1940,-52.734375,25000000.000
8419,1950,-47.851562,25000000.000
8420,2063,7.324219,25000000.000
8421,2126,38.085938,25000000.000
8422,2180,64.453125,25000000.000
8423,2189,68.847656,25000000.000
8424,2290,118.164062,25000000.000
8425,2333,139.160156,25000000.000
8426,2373,158.691406,25000000.000
8427,2375,159.667969,25000000.000
8428,2426,184.570312,25000000.000
8429,2438,190.429688,25000000.000
8430,2442,192.382812,25000000.000
8431,2444,193.359375,25000000.000
8432,2423,183.105469,25000000.000
8433,2401,172.363281,25000000.000
8434,2368,156.250000,25000000.000
8435,2365,154.785156,25000000.000
8436,2284,115.234375,25000000.000
8437,2231,89.355469,25000000.000
8438,2177,62.988281,25000000.000
8439,2170,59.570312,25000000.000
8440,2059,5.371094,25000000.000
8441,1994,-26.367188,25000000.000
8442,1938,-53.710938,25000000.000
8443,1929,-58.105469,25000000.000
8444,1825,-108.886719,25000000.000
8445,1778,-131.835938,25000000.000
8446,1736,-152.343750,25000000.000
8447,1731,-154.785156,25000000.000
8448,1675,-182.128906,25000000.000
8449,1660,-189.453125,25000000.000
8450,1650,-194.335938,25000000.000
8451,1649,-194.824219,25000000.000
8452,1662,-188.476562,25000000.000
8453,1682,-178.710938,25000000.000
8454,1711,-164.550781,25000000.000
8455,1715,-162.597656,25000000.000
8456,1788,-126.953125,25000000.000
8457,1842,-100.585938,25000000.000
8458,1894,-75.195312,25000000.000
8459,1900,-72.265625,25000000.000
8460,2008,-19.531250,25000000.000
8461,2074,12.695312,25000000.000
8462,2132,41.015625,25000000.000
8463,2139,44.433594,25000000.000
8464,2245,96.191406,25000000.000
8465,2296,121.093750,25000000.000
8466,2339,142.089844,25000000.000
8467,2345,145.019531,25000000.000
8468,2406,174.804688,25000000.000
8469,2428,185.546875,25000000.000
8470,2437,189.941406,25000000.000
8471,2441,191.894531,25000000.000
8472,2436,189.453125,25000000.000
8473,2420,181.640625,25000000.000
8474,2395,169.433594,25000000.000
8475,2392,167.968750,25000000.000
8476,2323,134.277344,25000000.000
8477,2276,111.328125,25000000.000
8478,2204,76.171875,25000000.000
8479,2207,77.636719,25000000.000
8480,2098,24.414062,25000000.000
8481,2058,4.882812,25000000.000
8482,1977,-34.667969,25000000.000
8483,1974,-36.132812,25000000.000
8484,1867,-88.378906,25000000.000
8485,1822,-110.351562,25000000.000
8486,1768,-136.718750,25000000.000
8487,1764,-138.671875,25000000.000
8488,1696,-171.875000,25000000.000
8489,1674,-182.617188,25000000.000
8490,1657,-190.917969,25000000.000
8491,1654,-192.382812,25000000.000
8492,1653,-192.871094,25000000.000
8493,1664,-187.500000,25000000.000
8494,1684,-177.734375,25000000.000
8495,1686,-176.757812,25000000.000
8496,1753,-144.042969,25000000.000
8497,1797,-122.558594,25000000.000
8498,1846,-98.632812,25000000.000
8499,1852,-95.703125,25000000.000
8500,1960,-42.968750,25000000.000
8501,2022,-12.695312,25000000.000
8502,2081,16.113281,25000000.000
8503,2088,19.531250,25000000.000
8504,2198,73.242188,25000000.000
8505,2254,100.585938,25000000.000
8506,2302,124.023438,25000000.000
8507,2306,125.976562,25000000.000
8508,2382,163.085938,25000000.000
8509,2410,176.757812,25000000.000
8510,2431,187.011719,25000000.000
8511,2431,187.011719,25000000.000
8512,2443,192.871094,25000000.000
8513,2433,187.988281,25000000.000
8514,2415,179.199219,25000000.000
8515,2416,179.687500,25000000.000
8516,2357,150.878906,25000000.000
8517,2318,131.835938,25000000.000
8518,2268,107.421875,25000000.000
8519,2264,105.468750,25000000.000
8520,2160,54.687500,25000000.000
8521,2098,24.414062,25000000.000
8522,2038,-4.882812,25000000.000
8523,2032,-7.812500,25000000.000
8524,1919,-62.988281,25000000.000
8525,1861,-91.308594,25000000.000
8526,1810,-116.210938,25000000.000
8527,1805,-118.652344,25000000.000
8528,1724,-158.203125,25000000.000
8529,1693,-173.339844,25000000.000
8530,1668,-185.546875,25000000.000
8531,1666,-186.523438,25000000.000
8532,1649,-194.824219,25000000.000
8533,1654,-192.382812,25000000.000
8534,1665,-187.011719,25000000.000
8535,1669,-185.058594,25000000.000
8536,1721,-159.667969,25000000.000
8537,1758,-141.601562,25000000.000
8538,1805,-118.652344,25000000.000
8539,1810,-116.210938,25000000.000
8540,1911,-66.894531,25000000.000
8541,1968,-39.062500,25000000.000
8542,2031,-8.300781,25000000.000
8543,2036,-5.859375,25000000.000
8544,2150,49.804688,25000000.000
8545,2208,78.125000,25000000.000
8546,2262,104.492188,25000000.000
8547,2266,106.445312,25000000.000
8548,2352,148.437500,25000000.000
8549,2388,166.015625,25000000.000
8550,2412,177.734375,25000000.000
8551,2417,180.175781,25000000.000
8552,2444,193.359375,25000000.000
8553,2441,191.894531,25000000.000
8554,2432,187.500000,25000000.000
8555,2430,186.523438,25000000.000
8556,2388,166.015625,25000000.000
8557,2350,147.460938,25000000.000
8558,2313,129.394531,25000000.000
8559,2306,125.976562,25000000.000
8560,2204,76.171875,25000000.000
8561,2152,50.781250,25000000.000
8562,2090,20.507812,25000000.000
8563,2083,17.089844,25000000.000
8564,1972,-37.109375,25000000.000
8565,1904,-70.312500,25000000.000
8566,1859,-92.285156,25000000.000
8567,1847,-98.144531,25000000.000
8568,1758,-141.601562,25000000.000
8569,1717,-161.621094,25000000.000
8570,1691,-174.316406,25000000.000
8571,1688,-175.781250,25000000.000
8572,1654,-192.382812,25000000.000
8573,1648,-195.312500,25000000.000
8574,1657,-190.917969,25000000.000
8575,1657,-190.917969,25000000.000
8576,1695,-172.363281,25000000.000
8577,1726,-157.226562,25000000.000
8578,1765,-138.183594,25000000.000
8579,1768,-136.718750,25000000.000
8580,1862,-90.820312,25000000.000
8581,1921,-62.011719,25000000.000
8582,1979,-33.691406,25000000.000
8583,1986,-30.273438,25000000.000
8584,2101,25.878906,25000000.000
8585,2161,55.175781,25000000.000
8586,2218,83.007812,25000000.000
8587,2224,85.937500,25000000.000
8588,2317,131.347656,25000000.000
8589,2357,150.878906,25000000.000
8590,2392,167.968750,25000000.000
8591,2395,169.433594,25000000.000
8592,2436,189.453125,25000000.000
8593,2443,192.871094,25000000.000
8594,2440,191.406250,25000000.000
8595,2440,191.406250,25000000.000
8596,2411,177.246094,25000000.000
8597,2382,163.085938,25000000.000
8598,2345,145.019531,25000000.000
8599,2344,144.531250,25000000.000
8600,2253,100.097656,25000000.000
8601,2199,73.730469,25000000.000
8602,2144,46.875000,25000000.000
8603,2138,43.945312,25000000.000
8604,2021,-13.183594,25000000.000
8605,1960,-42.968750,25000000.000
8606,1901,-71.777344,25000000.000
8607,1895,-74.707031,25000000.000
8608,1797,-122.558594,25000000.000
8609,1751,-145.019531,25000000.000
8610,1713,-163.574219,25000000.000
8611,1710,-165.039062,25000000.000
8612,1664,-187.500000,25000000.000
8613,1653,-192.871094,25000000.000
8614,1649,-194.824219,25000000.000
8615,1651,-193.847656,25000000.000
8616,1671,-184.082031,25000000.000
8617,1699,-170.410156,25000000.000
8618,1731,-154.785156,25000000.000
8619,1737,-151.855469,25000000.000
8620,1820,-111.328125,25000000.000
8621,1870,-86.914062,25000000.000
8622,1929,-58.105469,25000000.000
8623,1935,-55.175781,25000000.000
8624,2051,1.464844,25000000.000
8625,2108,29.296875,25000000.000
8626,2168,58.593750,25000000.000
8627,2174,61.523438,25000000.000
8628,2277,111.816406,25000000.000
8629,2325,135.253906,25000000.000
8630,2364,154.296875,25000000.000
8631,2368,156.250000,25000000.000
8632,2419,181.152344,25000000.000
8633,2438,190.429688,25000000.000
8634,2443,192.871094,25000000.000
8635,2445,193.847656,25000000.000
8636,2429,186.035156,25000000.000
8637,2406,174.804688,25000000.000
8638,2378,161.132812,25000000.000
8639,2372,158.203125,25000000.000
8640,2298,122.070312,25000000.000
8641,2247,97.167969,25000000.000
8642,2192,70.312500,25000000.000
8643,2185,66.894531,25000000.000
8644,2071,11.230469,25000000.000
8645,2011,-18.066406,25000000.000
8646,1952,-46.875000,25000000.000
8647,1944,-50.781250,25000000.000
8648,1836,-103.515625,25000000.000
8649,1790,-125.976562,25000000.000
8650,1744,-148.437500,25000000.000
8651,1742,-149.414062,25000000.000
8652,1682,-178.710938,25000000.000
8653,1660,-189.453125,25000000.000
8654,1652,-193.359375,25000000.000
8655,1650,-194.335938,25000000.000
8656,1659,-189.941406,25000000.000
8657,1674,-182.617188,25000000.000
8658,1705,-167.480469,25000000.000
8659,1704,-167.968750,25000000.000
8660,1779,-131.347656,25000000.000
8661,1827,-107.910156,25000000.000
8662,1878,-83.007812,25000000.000
8663,1885,-79.589844,25000000.000
8664,1996,-25.390625,25000000.000
8665,2056,3.906250,25000000.000
8666,2116,33.203125,25000000.000
8667,2121,35.644531,25000000.000
8668,2228,87.890625,25000000.000
8669,2280,113.281250,25000000.000
8670,2332,138.671875,25000000.000
8671,2337,141.113281,25000000.000
8672,2398,170.898438,25000000.000
8673,2423,183.105469,25000000.000
8674,2439,190.917969,25000000.000
8675,2437,189.941406,25000000.000
8676,2436,189.453125,25000000.000
8677,2425,184.082031,25000000.000
8678,2403,173.339844,25000000.000
8679,2400,171.875000,25000000.000
8680,2332,138.671875,25000000.000
8681,2289,117.675781,25000000.000
8682,2237,92.285156,25000000.000
8683,2231,89.355469,25000000.000
8684,2119,34.667969,25000000.000
8685,2060,5.859375,25000000.000
8686,2006,-20.507812,25000000.000
8687,1997,-24.902344,25000000.000
8688,1883,-80.566406,25000000.000
8689,1829,-106.933594,25000000.000
8690,1783,-129.394531,25000000.000
8691,1777,-132.324219,25000000.000
8692,1705,-167.480469,25000000.000
8693,1677,-181.152344,25000000.000
8694,1660,-189.453125,25000000.000
8695,1658,-190.429688,25000000.000
8696,1650,-194.335938,25000000.000
8697,1661,-188.964844,25000000.000
8698,1678,-180.664062,25000000.000
8699,1683,-178.222656,25000000.000
8700,1740,-150.390625,25000000.000
8701,1785,-128.417969,25000000.000
8702,1835,-104.003906,25000000.000
8703,1842,-100.585938,25000000.000
8704,1945,-50.292969,25000000.000
8705,2006,-20.507812,25000000.000
8706,2067,9.277344,25000000.000
8707,2073,12.207031,25000000.000
8708,2187,67.871094,25000000.000
8709,2240,93.750000,25000000.000
8710,2291,118.652344,25000000.000
8711,2296,121.093750,25000000.000
8712,2375,159.667969,25000000.000
8713,2404,173.828125,25000000.000
8714,2426,184.570312,25000000.000
8715,2431,187.011719,25000000.000
8716,2440,191.406250,25000000.000
8717,2439,190.917969,25000000.000
8718,2423,183.105469,25000000.000
8719,2422,182.617188,25000000.000
8720,2367,155.761719,25000000.000
8721,2329,137.207031,25000000.000
8722,2284,115.234375,25000000.000
8723,2280,113.281250,25000000.000
8724,2177,62.988281,25000000.000
8725,2114,32.226562,25000000.000
8726,2052,1.953125,25000000.000
8727,2045,-1.464844,25000000.000
8728,1932,-56.640625,25000000.000
8729,1876,-83.984375,25000000.000
8730,1818,-112.304688,25000000.000
8731,1818,-112.304688,25000000.000
8732,1731,-154.785156,25000000.000
8733,1701,-169.433594,25000000.000
8734,1673,-183.105469,25000000.000
8735,1673,-183.105469,25000000.000
8736,1649,-194.824219,25000000.000
8737,1649,-194.824219,25000000.000
8738,1663,-187.988281,25000000.000
8739,1664,-187.500000,25000000.000
8740,1712,-164.062500,25000000.000
8741,1747,-146.972656,25000000.000
8742,1792,-125.000000,25000000.000
8743,1797,-122.558594,25000000.000
8744,1896,-74.218750,25000000.000
8745,1954,-45.898438,25000000.000
8746,2015,-16.113281,25000000.000
8747,2021,-13.183594,25000000.000
8748,2135,42.480469,25000000.000
8749,2196,72.265625,25000000.000
8750,2246,96.679688,25000000.000
8751,2254,100.585938,25000000.000
8752,2344,144.531250,25000000.000
8753,2378,161.132812,25000000.000
8754,2409,176.269531,25000000.000
8755,2412,177.734375,25000000.000
8756,2442,192.382812,25000000.000
8757,2443,192.871094,25000000.000
8758,2437,189.941406,25000000.000
8759,2436,189.453125,25000000.000
8760,2386,165.039062,25000000.000
8761,2348,146.484375,25000000.000
8762,2326,135.742188,25000000.000
8763,2302,124.023438,25000000.000
8764,2216,82.031250,25000000.000
8765,2168,58.593750,25000000.000
8766,2102,26.367188,25000000.000
8767,2098,24.414062,25000000.000
8768,1984,-31.250000,25000000.000
8769,1924,-60.546875,25000000.000
8770,1868,-87.890625,25000000.000
8771,1862,-90.820312,25000000.000
8772,1768,-136.718750,25000000.000
8773,1726,-157.226562,25000000.000
8774,1696,-171.875000,25000000.000
8775,1693,-173.339844,25000000.000
8776,1654,-192.382812,25000000.000
8777,1650,-194.335938,25000000.000
8778,1653,-192.871094,25000000.000
8779,1652,-193.359375,25000000.000
8780,1687,-176.269531,25000000.000
8781,1718,-161.132812,25000000.000
8782,1754,-143.554688,25000000.000
8783,1761,-140.136719,25000000.000
8784,1851,-96.191406,25000000.000
8785,1906,-69.335938,25000000.000
8786,1967,-39.550781,25000000.000
8787,1973,-36.621094,25000000.000
8788,2087,19.042969,25000000.000
8789,2145,47.363281,25000000.000
8790,2204,76.171875,25000000.000
8791,2209,78.613281,25000000.000
8792,2308,126.953125,25000000.000
8793,2349,146.972656,25000000.000
8794,2383,163.574219,25000000.000
8795,2387,165.527344,25000000.000
8796,2431,187.011719,25000000.000
8797,2442,192.382812,25000000.000
8798,2442,192.382812,25000000.000
8799,2443,192.871094,25000000.000
8800,2418,180.664062,25000000.000
8801,2389,166.503906,25000000.000
8802,2358,151.367188,25000000.000
8803,2352,148.437500,25000000.000
8804,2266,106.445312,25000000.000
8805,2215,81.542969,25000000.000
8806,2153,51.269531,25000000.000
8807,2143,46.386719,25000000.000
8808,2035,-6.347656,25000000.000
8809,1976,-35.156250,25000000.000
8810,1914,-65.429688,25000000.000
8811,1907,-68.847656,25000000.000
8812,1806,-118.164062,25000000.000
8813,1763,-139.160156,25000000.000
8814,1722,-159.179688,25000000.000
8815,1720,-160.156250,25000000.000
8816,1666,-186.523438,25000000.000
8817,1653,-192.871094,25000000.000
8818,1648,-195.312500,25000000.000
8819,1649,-194.824219,25000000.000
8820,1668,-185.546875,25000000.000
8821,1690,-174.804688,25000000.000
8822,1723,-158.691406,25000000.000
8823,1725,-157.714844,25000000.000
8824,1809,-116.699219,25000000.000
8825,1858,-92.773438,25000000.000
8826,1912,-66.406250,25000000.000
8827,1918,-63.476562,25000000.000
8828,2033,-7.324219,25000000.000
8829,2094,22.460938,25000000.000
8830,2153,51.269531,25000000.000
8831,2160,54.687500,25000000.000
8832,2264,105.468750,25000000.000
8833,2313,129.394531,25000000.000
8834,2354,149.414062,25000000.000
8835,2359,151.855469,25000000.000
8836,2417,180.175781,25000000.000
8837,2433,187.988281,25000000.000
8838,2442,192.382812,25000000.000
8839,2443,192.871094,25000000.000
8840,2432,187.500000,25000000.000
8841,2413,178.222656,25000000.000
8842,2387,165.527344,25000000.000
8843,2381,162.597656,25000000.000
8844,2307,126.464844,25000000.000
8845,2259,103.027344,25000000.000
8846,2204,76.171875,25000000.000
8847,2198,73.242188,25000000.000
8848,2088,19.531250,25000000.000
8849,2026,-10.742188,25000000.000
8850,1964,-41.015625,25000000.000
8851,1959,-43.457031,25000000.000
8852,1851,-96.191406,25000000.000
8853,1800,-121.093750,25000000.000
8854,1754,-143.554688,25000000.000
8855,1751,-145.019531,25000000.000
8856,1689,-175.292969,25000000.000
8857,1665,-187.011719,25000000.000
8858,1653,-192.871094,25000000.000
8859,1652,-193.359375,25000000.000
8860,1655,-191.894531,25000000.000
8861,1670,-184.570312,25000000.000
8862,1694,-172.851562,25000000.000
8863,1697,-171.386719,25000000.000
8864,1767,-137.207031,25000000.000
8865,1816,-113.281250,25000000.000
8866,1866,-88.867188,25000000.000
8867,1873,-85.449219,25000000.000
8868,1982,-32.226562,25000000.000
8869,2042,-2.929688,25000000.000
8870,2103,26.855469,25000000.000
8871,2110,30.273438,25000000.000
8872,2220,83.984375,25000000.000
8873,2270,108.398438,25000000.000
8874,2320,132.812500,25000000.000
8875,2322,133.789062,25000000.000
8876,2393,168.457031,25000000.000
8877,2419,181.152344,25000000.000
8878,2435,188.964844,25000000.000
8879,2434,188.476562,25000000.000
8880,2441,191.894531,25000000.000
8881,2430,186.523438,25000000.000
8882,2408,175.781250,25000000.000
8883,2407,175.292969,25000000.000
8884,2344,144.531250,25000000.000
8885,2301,123.535156,25000000.000
8886,2252,99.609375,25000000.000
8887,2246,96.679688,25000000.000
8888,2138,43.945312,25000000.000
8889,2075,13.183594,25000000.000
8890,2016,-15.625000,25000000.000
8891,2007,-20.019531,25000000.000
8892,1897,-73.730469,25000000.000
8893,1847,-98.144531,25000000.000
8894,1783,-129.394531,25000000.000
8895,1784,-128.906250,25000000.000
8896,1718,-161.132812,25000000.000
8897,1688,-175.781250,25000000.000
8898,1669,-185.058594,25000000.000
8899,1662,-188.476562,25000000.000
8900,1644,-197.265625,25000000.000
8901,1657,-190.917969,25000000.000
8902,1676,-181.640625,25000000.000
8903,1677,-181.152344,25000000.000
8904,1732,-154.296875,25000000.000
8905,1772,-134.765625,25000000.000
8906,1824,-109.375000,25000000.000
8907,1828,-107.421875,25000000.000
8908,1931,-57.128906,25000000.000
8909,1995,-25.878906,25000000.000
8910,2054,2.929688,25000000.000
8911,2059,5.371094,25000000.000
8912,2170,59.570312,25000000.000
8913,2231,89.355469,25000000.000
8914,2279,112.792969,25000000.000
8915,2286,116.210938,25000000.000
8916,2365,154.785156,25000000.000
8917,2399,171.386719,25000000.000
8918,2424,183.593750,25000000.000
8919,2424,183.593750,25000000.000
8920,2445,193.847656,25000000.000
8921,2438,190.429688,25000000.000
8922,2428,185.546875,25000000.000
8923,2425,184.082031,25000000.000
8924,2377,160.644531,25000000.000
8925,2336,140.625000,25000000.000
8926,2292,119.140625,25000000.000
8927,2288,117.187500,25000000.000
8928,2186,67.382812,25000000.000
8929,2128,39.062500,25000000.000
8930,2066,8.789062,25000000.000
8931,2061,6.347656,25000000.000
8932,1946,-49.804688,25000000.000
8933,1890,-77.148438,25000000.000
8934,1836,-103.515625,25000000.000
8935,1830,-106.445312,25000000.000
8936,1744,-148.437500,25000000.000
8937,1708,-166.015625,25000000.000
8938,1680,-179.687500,25000000.000
8939,1678,-180.664062,25000000.000
8940,1653,-192.871094,25000000.000
8941,1648,-195.312500,25000000.000
8942,1658,-190.429688,25000000.000
8943,1662,-188.476562,25000000.000
8944,1704,-167.968750,25000000.000
8945,1739,-150.878906,25000000.000
8946,1780,-130.859375,25000000.000
8947,1785,-128.417969,25000000.000
8948,1886,-79.101562,25000000.000
8949,1943,-51.269531,25000000.000
8950,1995,-25.878906,25000000.000
8951,2002,-22.460938,25000000.000
8952,2124,37.109375,25000000.000
8953,2178,63.476562,25000000.000
8954,2236,91.796875,25000000.000
8955,2241,94.238281,25000000.000
8956,2335,140.136719,25000000.000
8957,2370,157.226562,25000000.000
8958,2402,172.851562,25000000.000
8959,2404,173.828125,25000000.000
8960,2438,190.429688,25000000.000
8961,2444,193.359375,25000000.000
8962,2439,190.917969,25000000.000
8963,2438,190.429688,25000000.000
8964,2400,171.875000,25000000.000
8965,2372,158.203125,25000000.000
8966,2330,137.695312,25000000.000
8967,2329,137.207031,25000000.000
8968,2235,91.308594,25000000.000
8969,2179,63.964844,25000000.000
8970,2120,35.156250,25000000.000
8971,2115,32.714844,25000000.000
8972,1999,-23.925781,25000000.000
8973,1938,-53.710938,25000000.000
8974,1881,-81.542969,25000000.000
8975,1874,-84.960938,25000000.000
8976,1778,-131.835938,25000000.000
8977,1738,-151.367188,25000000.000
8978,1704,-167.968750,25000000.000
8979,1701,-169.433594,25000000.000
8980,1657,-190.917969,25000000.000
8981,1652,-193.359375,25000000.000
8982,1650,-194.335938,25000000.000
8983,1654,-192.382812,25000000.000
8984,1681,-179.199219,25000000.000
8985,1709,-165.527344,25000000.000
8986,1745,-147.949219,25000000.000
8987,1751,-145.019531,25000000.000
8988,1837,-103.027344,25000000.000
8989,1890,-77.148438,25000000.000
8990,1949,-48.339844,25000000.000
8991,1955,-45.410156,25000000.000
8992,2070,10.742188,25000000.000
8993,2130,40.039062,25000000.000
8994,2188,68.359375,25000000.000
8995,2194,71.289062,25000000.000
8996,2292,119.140625,25000000.000
8997,2341,143.066406,25000000.000
8998,2375,159.667969,25000000.000
8999,2380,162.109375,25000000.000
9000,2427,185.058594,25000000.000
9001,2440,191.406250,25000000.000
9002,2444,193.359375,25000000.000
9003,2445,193.847656,25000000.000
9004,2422,182.617188,25000000.000
9005,2398,170.898438,25000000.000
9006,2369,156.738281,25000000.000
9007,2364,154.296875,25000000.000
9008,2281,113.769531,25000000.000
9009,2229,88.378906,25000000.000
9010,2168,58.593750,25000000.000
9011,2163,56.152344,25000000.000
9012,2050,0.976562,25000000.000
9013,1991,-27.832031,25000000.000
9014,1928,-58.593750,25000000.000
9015,1925,-60.058594,25000000.000
9016,1822,-110.351562,25000000.000
9017,1772,-134.765625,25000000.000
9018,1730,-155.273438,25000000.000
9019,1729,-155.761719,25000000.000
9020,1646,-196.289062,25000000.000
9021,1662,-188.476562,25000000.000
9022,1643,-197.753906,25000000.000
9023,1653,-192.871094,25000000.000
9024,1661,-188.964844,25000000.000
9025,1687,-176.269531,25000000.000
9026,1712,-164.062500,25000000.000
9027,1717,-161.621094,25000000.000
9028,1796,-123.046875,25000000.000
9029,1848,-97.656250,25000000.000
9030,1899,-72.753906,25000000.000
9031,1905,-69.824219,25000000.000
9032,2018,-14.648438,25000000.000
9033,2081,16.113281,25000000.000
9034,2140,44.921875,25000000.000
9035,2148,48.828125,25000000.000
9036,2253,100.097656,25000000.000
9037,2302,124.023438,25000000.000
9038,2347,145.996094,25000000.000
9039,2349,146.972656,25000000.000
9040,2412,177.734375,25000000.000
9041,2430,186.523438,25000000.000
9042,2442,192.382812,25000000.000
9043,2442,192.382812,25000000.000
9044,2436,189.453125,25000000.000
9045,2419,181.152344,25000000.000
9046,2393,168.457031,25000000.000
9047,2391,167.480469,25000000.000
9048,2318,131.835938,25000000.000
9049,2271,108.886719,25000000.000
9050,2218,83.007812,25000000.000
9051,2215,81.542969,25000000.000
9052,2103,26.855469,25000000.000
9053,2044,-1.953125,25000000.000
9054,1981,-32.714844,25000000.000
9055,1972,-37.109375,25000000.000
9056,1857,-93.261719,25000000.000
9057,1805,-118.652344,25000000.000
9058,1759,-141.113281,25000000.000
9059,1755,-143.066406,25000000.000
9060,1698,-170.898438,25000000.000
9061,1674,-182.617188,25000000.000
9062,1650,-194.335938,25000000.000
9063,1651,-193.847656,25000000.000
9064,1653,-192.871094,25000000.000
9065,1668,-185.546875,25000000.000
9066,1688,-175.781250,25000000.000
9067,1691,-174.316406,25000000.000
9068,1758,-141.601562,25000000.000
9069,1801,-120.605469,25000000.000
9070,1852,-95.703125,25000000.000
9071,1859,-92.285156,25000000.000
9072,1970,-38.085938,25000000.000
9073,2025,-11.230469,25000000.000
9074,2088,19.531250,25000000.000
9075,2093,21.972656,25000000.000
9076,2205,76.660156,25000000.000
9077,2260,103.515625,25000000.000
9078,2307,126.464844,25000000.000
9079,2310,127.929688,25000000.000
9080,2386,165.039062,25000000.000
9081,2413,178.222656,25000000.000
9082,2432,187.500000,25000000.000
9083,2433,187.988281,25000000.000
9084,2445,193.847656,25000000.000
9085,2432,187.500000,25000000.000
9086,2416,179.687500,25000000.000
9087,2413,178.222656,25000000.000
9088,2355,149.902344,25000000.000
9089,2310,127.929688,25000000.000
9090,2263,104.980469,25000000.000
9091,2257,102.050781,25000000.000
9092,2153,51.269531,25000000.000
9093,2092,21.484375,25000000.000
9094,2030,-8.789062,25000000.000
9095,2023,-12.207031,25000000.000
9096,1910,-67.382812,25000000.000
9097,1857,-93.261719,25000000.000
9098,1803,-119.628906,25000000.000
9099,1800,-121.093750,25000000.000
9100,1720,-160.156250,25000000.000
9101,1689,-175.292969,25000000.000
9102,1666,-186.523438,25000000.000
9103,1667,-186.035156,25000000.000
9104,1652,-193.359375,25000000.000
9105,1652,-193.359375,25000000.000
9106,1675,-182.128906,25000000.000
9107,1669,-185.058594,25000000.000
9108,1709,-165.527344,25000000.000
9109,1761,-140.136719,25000000.000
9110,1811,-115.722656,25000000.000
9111,1807,-117.675781,25000000.000
9112,1918,-63.476562,25000000.000
9113,1976,-35.156250,25000000.000
9114,2035,-6.347656,25000000.000
9115,2042,-2.929688,25000000.000
9116,2157,53.222656,25000000.000
9117,2214,81.054688,25000000.000
9118,2267,106.933594,25000000.000
9119,2272,109.375000,25000000.000
9120,2357,150.878906,25000000.000
9121,2389,166.503906,25000000.000
9122,2418,180.664062,25000000.000
9123,2416,179.687500,25000000.000
9124,2443,192.871094,25000000.000
9125,2441,191.894531,25000000.000
9126,2427,185.058594,25000000.000
9127,2430,186.523438,25000000.000
9128,2372,158.203125,25000000.000
9129,2319,132.324219,25000000.000
9130,2317,131.347656,25000000.000
9131,2286,116.210938,25000000.000
9132,2201,74.707031,25000000.000
9133,2144,46.875000,25000000.000
9134,2081,16.113281,25000000.000
9135,2079,15.136719,25000000.000
9136,1962,-41.992188,25000000.000
9137,1901,-71.777344,25000000.000
9138,1849,-97.167969,25000000.000
9139,1841,-101.074219,25000000.000
9140,1753,-144.042969,25000000.000
9141,1716,-162.109375,25000000.000
9142,1686,-176.757812,25000000.000
9143,1683,-178.222656,25000000.000
9144,1652,-193.359375,25000000.000
9145,1651,-193.847656,25000000.000
9146,1656,-191.406250,25000000.000
9147,1657,-190.917969,25000000.000
9148,1697,-171.386719,25000000.000
9149,1728,-156.250000,25000000.000
9150,1771,-135.253906,25000000.000
9151,1775,-133.300781,25000000.000
9152,1870,-86.914062,25000000.000
9153,1926,-59.570312,25000000.000
9154,1988,-29.296875,25000000.000
9155,1992,-27.343750,25000000.000
9156,2109,29.785156,25000000.000
9157,2165,57.128906,25000000.000
9158,2223,85.449219,25000000.000
9159,2227,87.402344,25000000.000
9160,2323,134.277344,25000000.000
9161,2364,154.296875,25000000.000
9162,2395,169.433594,25000000.000
9163,2399,171.386719,25000000.000
9164,2437,189.941406,25000000.000
9165,2446,194.335938,25000000.000
9166,2442,192.382812,25000000.000
9167,2441,191.894531,25000000.000
9168,2409,176.269531,25000000.000
9169,2379,161.621094,25000000.000
9170,2342,143.554688,25000000.000
9171,2337,141.113281,25000000.000
9172,2251,99.121094,25000000.000
9173,2191,69.824219,25000000.000
9174,2135,42.480469,25000000.000
9175,2127,38.574219,25000000.000
9176,2013,-17.089844,25000000.000
9177,1954,-45.898438,25000000.000
9178,1894,-75.195312,25000000.000
9179,1888,-78.125000,25000000.000
9180,1789,-126.464844,25000000.000
9181,1749,-145.996094,25000000.000
9182,1710,-165.039062,25000000.000
9183,1709,-165.527344,25000000.000
9184,1663,-187.988281,25000000.000
9185,1652,-193.359375,25000000.000
9186,1651,-193.847656,25000000.000
9187,1652,-193.359375,25000000.000
9188,1678,-180.664062,25000000.000
9189,1701,-169.433594,25000000.000
9190,1736,-152.343750,25000000.000
9191,1740,-150.390625,25000000.000
9192,1825,-108.886719,25000000.000
9193,1879,-82.519531,25000000.000
9194,1936,-54.687500,25000000.000
9195,1940,-52.734375,25000000.000
9196,2055,3.417969,25000000.000
9197,2116,33.203125,25000000.000
9198,2175,62.011719,25000000.000
9199,2181,64.941406,25000000.000
9200,2283,114.746094,25000000.000
9201,2327,136.230469,25000000.000
9202,2369,156.738281,25000000.000
9203,2372,158.203125,25000000.000
9204,2422,182.617188,25000000.000
9205,2439,190.917969,25000000.000
9206,2444,193.359375,25000000.000
9207,2442,192.382812,25000000.000
9208,2426,184.570312,25000000.000
9209,2410,176.757812,25000000.000
9210,2382,163.085938,25000000.000
9211,2375,159.667969,25000000.000
9212,2290,118.164062,25000000.000
9213,2239,93.261719,25000000.000
9214,2183,65.917969,25000000.000
9215,2180,64.453125,25000000.000
9216,2064,7.812500,25000000.000
9217,2003,-21.972656,25000000.000
9218,1946,-49.804688,25000000.000
9219,1941,-52.246094,25000000.000
9220,1831,-105.957031,25000000.000
9221,1782,-129.882812,25000000.000
9222,1743,-148.925781,25000000.000
9223,1737,-151.855469,25000000.000
9224,1679,-180.175781,25000000.000
9225,1662,-188.476562,25000000.000
9226,1650,-194.335938,25000000.000
9227,1649,-194.824219,25000000.000
9228,1658,-190.429688,25000000.000
9229,1680,-179.687500,25000000.000
9230,1707,-166.503906,25000000.000
9231,1714,-163.085938,25000000.000
9232,1779,-131.347656,25000000.000
9233,1838,-102.539062,25000000.000
9234,1887,-78.613281,25000000.000
9235,1895,-74.707031,25000000.000
9236,2007,-20.019531,25000000.000
9237,2065,8.300781,25000000.000
9238,2124,37.109375,25000000.000
9239,2130,40.039062,25000000.000
9240,2239,93.261719,25000000.000
9241,2292,119.140625,25000000.000
9242,2334,139.648438,25000000.000
9243,2337,141.113281,25000000.000
9244,2403,173.339844,25000000.000
9245,2425,184.082031,25000000.000
9246,2438,190.429688,25000000.000
9247,2437,189.941406,25000000.000
9248,2436,189.453125,25000000.000
9249,2425,184.082031,25000000.000
9250,2402,172.851562,25000000.000
9251,2397,170.410156,25000000.000
9252,2330,137.695312,25000000.000
9253,2281,113.769531,25000000.000
9254,2234,90.820312,25000000.000
9255,2226,86.914062,25000000.000
9256,2117,33.691406,25000000.000
9257,2061,6.347656,25000000.000
9258,2005,-20.996094,25000000.000
9259,1990,-28.320312,25000000.000
9260,1882,-81.054688,25000000.000
9261,1792,-125.000000,25000000.000
9262,1786,-127.929688,25000000.000
9263,1762,-139.648438,25000000.000
9264,1705,-167.480469,25000000.000
9265,1667,-186.035156,25000000.000
9266,1658,-190.429688,25000000.000
9267,1654,-192.382812,25000000.000
9268,1653,-192.871094,25000000.000
9269,1658,-190.429688,25000000.000
9270,1683,-178.222656,25000000.000
9271,1683,-178.222656,25000000.000
9272,1747,-146.972656,25000000.000
9273,1787,-127.441406,25000000.000
9274,1840,-101.562500,25000000.000
9275,1843,-100.097656,25000000.000
9276,1950,-47.851562,25000000.000
9277,2012,-17.578125,25000000.000
9278,2074,12.695312,25000000.000
9279,2079,15.136719,25000000.000
9280,2190,69.335938,25000000.000
9281,2246,96.679688,25000000.000
9282,2296,121.093750,25000000.000
9283,2301,123.535156,25000000.000
9284,2378,161.132812,25000000.000
9285,2406,174.804688,25000000.000
9286,2427,185.058594,25000000.000
9287,2429,186.035156,25000000.000
9288,2445,193.847656,25000000.000
9289,2432,187.500000,25000000.000
9290,2422,182.617188,25000000.000
9291,2419,181.152344,25000000.000
9292,2360,152.343750,25000000.000
9293,2323,134.277344,25000000.000
9294,2276,111.328125,25000000.000
9295,2271,108.886719,25000000.000
9296,2167,58.105469,25000000.000
9297,2108,29.296875,25000000.000
9298,2046,-0.976562,25000000.000
9299,2040,-3.906250,25000000.000
9300,1925,-60.058594,25000000.000
9301,1870,-86.914062,25000000.000
9302,1817,-112.792969,25000000.000
9303,1813,-114.746094,25000000.000
9304,1731,-154.785156,25000000.000
9305,1694,-172.851562,25000000.000
9306,1673,-183.105469,25000000.000
9307,1669,-185.058594,25000000.000
9308,1650,-194.335938,25000000.000
9309,1653,-192.871094,25000000.000
9310,1664,-187.500000,25000000.000
9311,1663,-187.988281,25000000.000
9312,1716,-162.109375,25000000.000
9313,1753,-144.042969,25000000.000
9314,1797,-122.558594,25000000.000
9315,1803,-119.628906,25000000.000
9316,1902,-71.289062,25000000.000
9317,1961,-42.480469,25000000.000
9318,2022,-12.695312,25000000.000
9319,2028,-9.765625,25000000.000
9320,2143,46.386719,25000000.000
9321,2198,73.242188,25000000.000
9322,2255,101.074219,25000000.000
9323,2259,103.027344,25000000.000
9324,2346,145.507812,25000000.000
9325,2382,163.085938,25000000.000
9326,2409,176.269531,25000000.000
9327,2411,177.246094,25000000.000
9328,2441,191.894531,25000000.000
9329,2442,192.382812,25000000.000
9330,2432,187.500000,25000000.000
9331,2432,187.500000,25000000.000
9332,2391,167.480469,25000000.000
9333,2356,150.390625,25000000.000
9334,2316,130.859375,25000000.000
9335,2313,129.394531,25000000.000
9336,2215,81.542969,25000000.000
9337,2156,52.734375,25000000.000
9338,2101,25.878906,25000000.000
9339,2093,21.972656,25000000.000
9340,1977,-34.667969,25000000.000
9341,1916,-64.453125,25000000.000
9342,1861,-91.308594,25000000.000
9343,1853,-95.214844,25000000.000
9344,1766,-137.695312,25000000.000
9345,1723,-158.691406,25000000.000
9346,1692,-173.828125,25000000.000
9347,1690,-174.804688,25000000.000
9348,1656,-191.406250,25000000.000
9349,1649,-194.824219,25000000.000
9350,1656,-191.406250,25000000.000
9351,1658,-190.429688,25000000.000
9352,1692,-173.828125,25000000.000
9353,1722,-159.179688,25000000.000
9354,1762,-139.648438,25000000.000
9355,1763,-139.160156,25000000.000
9356,1858,-92.773438,25000000.000
9357,1911,-66.894531,25000000.000
9358,1971,-37.597656,25000000.000
9359,1977,-34.667969,25000000.000
9360,2092,21.484375,25000000.000
9361,2152,50.781250,25000000.000
9362,2209,78.613281,25000000.000
9363,2215,81.542969,25000000.000
9364,2308,126.953125,25000000.000
9365,2356,150.390625,25000000.000
9366,2388,166.015625,25000000.000
9367,2392,167.968750,25000000.000
9368,2433,187.988281,25000000.000
9369,2444,193.359375,25000000.000
9370,2441,191.894531,25000000.000
9371,2441,191.894531,25000000.000
9372,2415,179.199219,25000000.000
9373,2386,165.039062,25000000.000
9374,2353,148.925781,25000000.000
9375,2349,146.972656,25000000.000
9376,2259,103.027344,25000000.000
9377,2210,79.101562,25000000.000
9378,2146,47.851562,25000000.000
9379,2142,45.898438,25000000.000
9380,2027,-10.253906,25000000.000
9381,1969,-38.574219,25000000.000
9382,1909,-67.871094,25000000.000
9383,1905,-69.824219,25000000.000
9384,1803,-119.628906,25000000.000
9385,1757,-142.089844,25000000.000
9386,1719,-160.644531,25000000.000
9387,1716,-162.109375,25000000.000
9388,1669,-185.058594,25000000.000
9389,1653,-192.871094,25000000.000
9390,1650,-194.335938,25000000.000
9391,1651,-193.847656,25000000.000
9392,1670,-184.570312,25000000.000
9393,1694,-172.851562,25000000.000
9394,1728,-156.250000,25000000.000
9395,1730,-155.273438,25000000.000
9396,1811,-115.722656,25000000.000
9397,1866,-88.867188,25000000.000
9398,1921,-62.011719,25000000.000
9399,1927,-59.082031,25000000.000
9400,2041,-3.417969,25000000.000
9401,2101,25.878906,25000000.000
9402,2162,55.664062,25000000.000
9403,2168,58.593750,25000000.000
9404,2272,109.375000,25000000.000
9405,2317,131.347656,25000000.000
9406,2362,153.320312,25000000.000
9407,2362,153.320312,25000000.000
9408,2417,180.175781,25000000.000
9409,2436,189.453125,25000000.000
9410,2443,192.871094,25000000.000
9411,2444,193.359375,25000000.000
9412,2430,186.523438,25000000.000
9413,2413,178.222656,25000000.000
9414,2382,163.085938,25000000.000
9415,2381,162.597656,25000000.000
9416,2303,124.511719,25000000.000
9417,2253,100.097656,25000000.000
9418,2200,74.218750,25000000.000
9419,2194,71.289062,25000000.000
9420,2082,16.601562,25000000.000
9421,2018,-14.648438,25000000.000
9422,1961,-42.480469,25000000.000
9423,1954,-45.898438,25000000.000
9424,1845,-99.121094,25000000.000
9425,1796,-123.046875,25000000.000
9426,1750,-145.507812,25000000.000
9427,1748,-146.484375,25000000.000
9428,1684,-177.734375,25000000.000
9429,1665,-187.011719,25000000.000
9430,1651,-193.847656,25000000.000
9431,1653,-192.871094,25000000.000
9432,1658,-190.429688,25000000.000
9433,1674,-182.617188,25000000.000
9434,1698,-170.898438,25000000.000
9435,1700,-169.921875,25000000.000
9436,1774,-133.789062,25000000.000
9437,1820,-111.328125,25000000.000
9438,1874,-84.960938,25000000.000
9439,1877,-83.496094,25000000.000
9440,1990,-28.320312,25000000.000
9441,2050,0.976562,25000000.000
9442,2105,27.832031,25000000.000
9443,2114,32.226562,25000000.000
9444,2233,90.332031,25000000.000
9445,2290,118.164062,25000000.000
9446,2313,129.394531,25000000.000
9447,2326,135.742188,25000000.000
9448,2397,170.410156,25000000.000
9449,2429,186.035156,25000000.000
9450,2431,187.011719,25000000.000
9451,2437,189.941406,25000000.000
9452,2441,191.894531,25000000.000
9453,2441,191.894531,25000000.000
9454,2407,175.292969,25000000.000
9455,2405,174.316406,25000000.000
9456,2343,144.042969,25000000.000
9457,2294,120.117188,25000000.000
9458,2244,95.703125,25000000.000
9459,2232,89.843750,25000000.000
9460,2132,41.015625,25000000.000
9461,2070,10.742188,25000000.000
9462,2007,-20.019531,25000000.000
9463,2002,-22.460938,25000000.000
9464,1890,-77.148438,25000000.000
9465,1837,-103.027344,25000000.000
9466,1788,-126.953125,25000000.000
9467,1783,-129.394531,25000000.000
9468,1710,-165.039062,25000000.000
9469,1679,-180.175781,25000000.000
9470,1661,-188.964844,25000000.000
9471,1658,-190.429688,25000000.000
9472,1652,-193.359375,25000000.000
9473,1657,-190.917969,25000000.000
9474,1676,-181.640625,25000000.000
9475,1678,-180.664062,25000000.000
9476,1736,-152.343750,25000000.000
9477,1779,-131.347656,25000000.000
9478,1827,-107.910156,25000000.000
9479,1832,-105.468750,25000000.000
9480,1937,-54.199219,25000000.000
9481,2000,-23.437500,25000000.000
9482,2058,4.882812,25000000.000
9483,2065,8.300781,25000000.000
9484,2178,63.476562,25000000.000
9485,2235,91.308594,25000000.000
9486,2285,115.722656,25000000.000
9487,2290,118.164062,25000000.000
9488,2371,157.714844,25000000.000
9489,2398,170.898438,25000000.000
9490,2424,183.593750,25000000.000
9491,2424,183.593750,25000000.000
9492,2442,192.382812,25000000.000
9493,2439,190.917969,25000000.000
9494,2425,184.082031,25000000.000
9495,2423,183.105469,25000000.000
9496,2372,158.203125,25000000.000
9497,2335,140.136719,25000000.000
9498,2290,118.164062,25000000.000
9499,2280,113.281250,25000000.000
9500,2183,65.917969,25000000.000
9501,2120,35.156250,25000000.000
9502,2064,7.812500,25000000.000
9503,2058,4.882812,25000000.000
9504,1942,-51.757812,25000000.000
9505,1882,-81.054688,25000000.000
9506,1829,-106.933594,25000000.000
9507,1823,-109.863281,25000000.000
9508,1739,-150.878906,25000000.000
9509,1700,-169.921875,25000000.000
9510,1677,-181.152344,25000000.000
9511,1673,-183.105469,25000000.000
9512,1643,-197.753906,25000000.000
9513,1652,-193.359375,25000000.000
9514,1664,-187.500000,25000000.000
9515,1665,-187.011719,25000000.000
9516,1707,-166.503906,25000000.000
9517,1742,-149.414062,25000000.000
9518,1787,-127.441406,25000000.000
9519,1792,-125.000000,25000000.000
9520,1890,-77.148438,25000000.000
9521,1946,-49.804688,25000000.000
9522,2008,-19.531250,25000000.000
9523,2013,-17.089844,25000000.000
9524,2128,39.062500,25000000.000
9525,2188,68.359375,25000000.000
9526,2240,93.750000,25000000.000
9527,2246,96.679688,25000000.000
9528,2335,140.136719,25000000.000
9529,2375,159.667969,25000000.000
9530,2404,173.828125,25000000.000
9531,2409,176.269531,25000000.000
9532,2440,191.406250,25000000.000
9533,2443,192.871094,25000000.000
9534,2438,190.429688,25000000.000
9535,2439,190.917969,25000000.000
9536,2399,171.386719,25000000.000
9537,2366,155.273438,25000000.000
9538,2330,137.695312,25000000.000
9539,2324,134.765625,25000000.000
9540,2229,88.378906,25000000.000
9541,2173,61.035156,25000000.000
9542,2115,32.714844,25000000.000
9543,2107,28.808594,25000000.000
9544,1991,-27.832031,25000000.000
9545,1933,-56.152344,25000000.000
9546,1873,-85.449219,25000000.000
9547,1870,-86.914062,25000000.000
9548,1773,-134.277344,25000000.000
9549,1733,-153.808594,25000000.000
9550,1700,-169.921875,25000000.000
9551,1696,-171.875000,25000000.000
9552,1657,-190.917969,25000000.000
9553,1649,-194.824219,25000000.000
9554,1652,-193.359375,25000000.000
9555,1651,-193.847656,25000000.000
9556,1685,-177.246094,25000000.000
9557,1715,-162.597656,25000000.000
9558,1749,-145.996094,25000000.000
9559,1753,-144.042969,25000000.000
9560,1842,-100.585938,25000000.000
9561,1898,-73.242188,25000000.000
9562,1955,-45.410156,25000000.000
9563,1963,-41.503906,25000000.000
9564,2077,14.160156,25000000.000
9565,2140,44.921875,25000000.000
9566,2195,71.777344,25000000.000
9567,2205,76.660156,25000000.000
9568,2300,123.046875,25000000.000
9569,2342,143.554688,25000000.000
9570,2379,161.621094,25000000.000
9571,2382,163.085938,25000000.000
9572,2430,186.523438,25000000.000
9573,2438,190.429688,25000000.000
9574,2442,192.382812,25000000.000
9575,2442,192.382812,25000000.000
9576,2419,181.152344,25000000.000
9577,2395,169.433594,25000000.000
9578,2361,152.832031,25000000.000
9579,2359,151.855469,25000000.000
9580,2272,109.375000,25000000.000
9581,2222,84.960938,25000000.000
9582,2165,57.128906,25000000.000
9583,2160,54.687500,25000000.000
9584,2044,-1.953125,25000000.000
9585,1983,-31.738281,25000000.000
9586,1923,-61.035156,25000000.000
9587,1919,-62.988281,25000000.000
9588,1817,-112.792969,25000000.000
9589,1768,-136.718750,25000000.000
9590,1727,-156.738281,25000000.000
9591,1724,-158.203125,25000000.000
9592,1671,-184.082031,25000000.000
9593,1656,-191.406250,25000000.000
9594,1649,-194.824219,25000000.000
9595,1649,-194.824219,25000000.000
9596,1666,-186.523438,25000000.000
9597,1688,-175.781250,25000000.000
9598,1717,-161.621094,25000000.000
9599,1721,-159.667969,25000000.000
9600,1802,-120.117188,25000000.000
9601,1851,-96.191406,25000000.000
9602,1906,-69.335938,25000000.000
9603,1912,-66.406250,25000000.000
9604,2027,-10.253906,25000000.000
9605,2086,18.554688,25000000.000
9606,2146,47.851562,25000000.000
9607,2152,50.781250,25000000.000
9608,2256,101.562500,25000000.000
9609,2307,126.464844,25000000.000
9610,2347,145.996094,25000000.000
9611,2353,148.925781,25000000.000
9612,2411,177.246094,25000000.000
9613,2433,187.988281,25000000.000
9614,2440,191.406250,25000000.000
9615,2443,192.871094,25000000.000
9616,2434,188.476562,25000000.000
9617,2416,179.687500,25000000.000
9618,2390,166.992188,25000000.000
9619,2387,165.527344,25000000.000
9620,2314,129.882812,25000000.000
9621,2264,105.468750,25000000.000
9622,2214,81.054688,25000000.000
9623,2208,78.125000,25000000.000
9624,2094,22.460938,25000000.000
9625,2034,-6.835938,25000000.000
9626,1973,-36.621094,25000000.000
9627,1966,-40.039062,25000000.000
9628,1859,-92.285156,25000000.000
9629,1808,-117.187500,25000000.000
9630,1762,-139.648438,25000000.000
9631,1758,-141.601562,25000000.000
9632,1692,-173.828125,25000000.000
9633,1669,-185.058594,25000000.000
9634,1655,-191.894531,25000000.000
9635,1654,-192.382812,25000000.000
9636,1654,-192.382812,25000000.000
9637,1667,-186.035156,25000000.000
9638,1692,-173.828125,25000000.000
9639,1692,-173.828125,25000000.000
9640,1761,-140.136719,25000000.000
9641,1809,-116.699219,25000000.000
9642,1858,-92.773438,25000000.000
9643,1861,-91.308594,25000000.000
9644,1972,-37.109375,25000000.000
9645,2033,-7.324219,25000000.000
9646,2093,21.972656,25000000.000
9647,2101,25.878906,25000000.000
9648,2210,79.101562,25000000.000
9649,2263,104.980469,25000000.000
9650,2311,128.417969,25000000.000
9651,2312,128.906250,25000000.000
9652,2392,167.968750,25000000.000
9653,2413,178.222656,25000000.000
9654,2435,188.964844,25000000.000
9655,2434,188.476562,25000000.000
9656,2442,192.382812,25000000.000
9657,2429,186.035156,25000000.000
9658,2413,178.222656,25000000.000
9659,2409,176.269531,25000000.000
9660,2349,146.972656,25000000.000
9661,2306,125.976562,25000000.000
9662,2257,102.050781,25000000.000
9663,2252,99.609375,25000000.000
9664,2145,47.363281,25000000.000
9665,2086,18.554688,25000000.000
9666,2025,-11.230469,25000000.000
9667,2020,-13.671875,25000000.000
9668,1906,-69.335938,25000000.000
9669,1849,-97.167969,25000000.000
9670,1799,-121.582031,25000000.000
9671,1794,-124.023438,25000000.000
9672,1718,-161.132812,25000000.000
9673,1687,-176.269531,25000000.000
9674,1665,-187.011719,25000000.000
9675,1663,-187.988281,25000000.000
9676,1646,-196.289062,25000000.000
9677,1659,-189.941406,25000000.000
9678,1667,-186.035156,25000000.000
9679,1672,-183.593750,25000000.000
9680,1727,-156.738281,25000000.000
9681,1769,-136.230469,25000000.000
9682,1816,-113.281250,25000000.000
9683,1820,-111.328125,25000000.000
9684,1923,-61.035156,25000000.000
9685,1984,-31.250000,25000000.000
9686,2043,-2.441406,25000000.000
9687,2049,0.488281,25000000.000
9688,2165,57.128906,25000000.000
9689,2220,83.984375,25000000.000
9690,2272,109.375000,25000000.000
9691,2278,112.304688,25000000.000
9692,2359,151.855469,25000000.000
9693,2394,168.945312,25000000.000
9694,2418,180.664062,25000000.000
9695,2421,182.128906,25000000.000
9696,2441,191.894531,25000000.000
9697,2442,192.382812,25000000.000
9698,2430,186.523438,25000000.000
9699,2428,185.546875,25000000.000
9700,2381,162.597656,25000000.000
9701,2343,144.042969,25000000.000
9702,2301,123.535156,25000000.000
9703,2296,121.093750,25000000.000
9704,2197,72.753906,25000000.000
9705,2135,42.480469,25000000.000
9706,2076,13.671875,25000000.000
9707,2069,10.253906,25000000.000
9708,1955,-45.410156,25000000.000
9709,1896,-74.218750,25000000.000
9710,1843,-100.097656,25000000.000
9711,1837,-103.027344,25000000.000
9712,1747,-146.972656,25000000.000
9713,1713,-163.574219,25000000.000
9714,1681,-179.199219,25000000.000
9715,1681,-179.199219,25000000.000
9716,1652,-193.359375,25000000.000
9717,1649,-194.824219,25000000.000
9718,1657,-190.917969,25000000.000
9719,1658,-190.429688,25000000.000
9720,1699,-170.410156,25000000.000
9721,1732,-154.296875,25000000.000
9722,1775,-133.300781,25000000.000
9723,1778,-131.835938,25000000.000
9724,1876,-83.984375,25000000.000
9725,1932,-56.640625,25000000.000
9726,1990,-28.320312,25000000.000
9727,1997,-24.902344,25000000.000
9728,2111,30.761719,25000000.000
9729,2173,61.035156,25000000.000
9730,2227,87.402344,25000000.000
9731,2235,91.308594,25000000.000
9732,2326,135.742188,25000000.000
9733,2365,154.785156,25000000.000
9734,2399,171.386719,25000000.000
9735,2402,172.851562,25000000.000
9736,2437,189.941406,25000000.000
9737,2442,192.382812,25000000.000
9738,2441,191.894531,25000000.000
9739,2439,190.917969,25000000.000
9740,2405,174.316406,25000000.000
9741,2377,160.644531,25000000.000
9742,2337,141.113281,25000000.000
9743,2330,137.695312,25000000.000
9744,2242,94.726562,25000000.000
9745,2188,68.359375,25000000.000
9746,2127,38.574219,25000000.000
9747,2122,36.132812,25000000.000
9748,2006,-20.507812,25000000.000
9749,1946,-49.804688,25000000.000
9750,1889,-77.636719,25000000.000
9751,1884,-80.078125,25000000.000
9752,1787,-127.441406,25000000.000
9753,1742,-149.414062,25000000.000
9754,1710,-165.039062,25000000.000
9755,1704,-167.968750,25000000.000
9756,1661,-188.964844,25000000.000
9757,1653,-192.871094,25000000.000
9758,1651,-193.847656,25000000.000
9759,1650,-194.335938,25000000.000
9760,1678,-180.664062,25000000.000
9761,1707,-166.503906,25000000.000
9762,1739,-150.878906,25000000.000
9763,1746,-147.460938,25000000.000
9764,1830,-106.445312,25000000.000
9765,1884,-80.078125,25000000.000
9766,1943,-51.269531,25000000.000
9767,1950,-47.851562,25000000.000
9768,2062,6.835938,25000000.000
9769,2122,36.132812,25000000.000
9770,2183,65.917969,25000000.000
9771,2188,68.359375,25000000.000
9772,2288,117.187500,25000000.000
9773,2332,138.671875,25000000.000
9774,2371,157.714844,25000000.000
9775,2374,159.179688,25000000.000
9776,2424,183.593750,25000000.000
9777,2440,191.406250,25000000.000
9778,2441,191.894531,25000000.000
9779,2443,192.871094,25000000.000
9780,2426,184.570312,25000000.000
9781,2402,172.851562,25000000.000
9782,2372,158.203125,25000000.000
9783,2369,156.738281,25000000.000
9784,2287,116.699219,25000000.000
9785,2234,90.820312,25000000.000
9786,2180,64.453125,25000000.000
9787,2172,60.546875,25000000.000
9788,2062,6.835938,25000000.000
9789,1996,-25.390625,25000000.000
9790,1939,-53.222656,25000000.000
9791,1932,-56.640625,25000000.000
9792,1828,-107.421875,25000000.000
9793,1779,-131.347656,25000000.000
9794,1736,-152.343750,25000000.000
9795,1733,-153.808594,25000000.000
9796,1676,-181.640625,25000000.000
9797,1658,-190.429688,25000000.000
9798,1650,-194.335938,25000000.000
9799,1651,-193.847656,25000000.000
9800,1673,-183.105469,25000000.000
9801,1671,-184.082031,25000000.000
9802,1706,-166.992188,25000000.000
9803,1713,-163.574219,25000000.000
9804,1789,-126.464844,25000000.000
9805,1838,-102.539062,25000000.000
9806,1892,-76.171875,25000000.000
9807,1897,-73.730469,25000000.000
9808,2010,-18.554688,25000000.000
9809,2072,11.718750,25000000.000
9810,2131,40.527344,25000000.000
9811,2136,42.968750,25000000.000
9812,2244,95.703125,25000000.000
9813,2295,120.605469,25000000.000
9814,2339,142.089844,25000000.000
9815,2344,144.531250,25000000.000
9816,2407,175.292969,25000000.000
9817,2428,185.546875,25000000.000
9818,2439,190.917969,25000000.000
9819,2440,191.406250,25000000.000
9820,2440,191.406250,25000000.000
9821,2420,181.640625,25000000.000
9822,2397,170.410156,25000000.000
9823,2394,168.945312,25000000.000
9824,2324,134.765625,25000000.000
9825,2277,111.816406,25000000.000
9826,2225,86.425781,25000000.000
9827,2219,83.496094,25000000.000
9828,2109,29.785156,25000000.000
9829,2052,1.953125,25000000.000
9830,1985,-30.761719,25000000.000
9831,1982,-32.226562,25000000.000
9832,1873,-85.449219,25000000.000
9833,1818,-112.304688,25000000.000
9834,1770,-135.742188,25000000.000
9835,1767,-137.207031,25000000.000
9836,1692,-173.828125,25000000.000
9837,1671,-184.082031,25000000.000
9838,1663,-187.988281,25000000.000
9839,1659,-189.941406,25000000.000
9840,1652,-193.359375,25000000.000
9841,1665,-187.011719,25000000.000
9842,1685,-177.246094,25000000.000
9843,1687,-176.269531,25000000.000
9844,1744,-148.437500,25000000.000
9845,1801,-120.605469,25000000.000
9846,1842,-100.585938,25000000.000
9847,1851,-96.191406,25000000.000
9848,1959,-43.457031,25000000.000
9849,2017,-15.136719,25000000.000
9850,2081,16.113281,25000000.000
9851,2087,19.042969,25000000.000
9852,2198,73.242188,25000000.000
9853,2253,100.097656,25000000.000
9854,2307,126.464844,25000000.000
9855,2301,123.535156,25000000.000
9856,2382,163.085938,25000000.000
9857,2409,176.269531,25000000.000
9858,2430,186.523438,25000000.000
9859,2428,185.546875,25000000.000
9860,2443,192.871094,25000000.000
9861,2436,189.453125,25000000.000
9862,2416,179.687500,25000000.000
9863,2415,179.199219,25000000.000
9864,2360,152.343750,25000000.000
9865,2318,131.835938,25000000.000
9866,2270,108.398438,25000000.000
9867,2265,105.957031,25000000.000
9868,2162,55.664062,25000000.000
9869,2101,25.878906,25000000.000
9870,2041,-3.417969,25000000.000
9871,2033,-7.324219,25000000.000
9872,1920,-62.500000,25000000.000
9873,1863,-90.332031,25000000.000
9874,1812,-115.234375,25000000.000
9875,1805,-118.652344,25000000.000
9876,1725,-157.714844,25000000.000
9877,1694,-172.851562,25000000.000
9878,1669,-185.058594,25000000.000
9879,1670,-184.570312,25000000.000
9880,1649,-194.824219,25000000.000
9881,1653,-192.871094,25000000.000
9882,1667,-186.035156,25000000.000
9883,1669,-185.058594,25000000.000
9884,1718,-161.132812,25000000.000
9885,1756,-142.578125,25000000.000
9886,1806,-118.164062,25000000.000
9887,1806,-118.164062,25000000.000
9888,1911,-66.894531,25000000.000
9889,1966,-40.039062,25000000.000
9890,2030,-8.789062,25000000.000
9891,2031,-8.300781,25000000.000
9892,2149,49.316406,25000000.000
9893,2205,76.660156,25000000.000
9894,2251,99.121094,25000000.000
9895,2269,107.910156,25000000.000
9896,2349,146.972656,25000000.000
9897,2388,166.015625,25000000.000
9898,2413,178.222656,25000000.000
9899,2417,180.175781,25000000.000
9900,2442,192.382812,25000000.000
9901,2443,192.871094,25000000.000
9902,2432,187.500000,25000000.000
9903,2431,187.011719,25000000.000
9904,2388,166.015625,25000000.000
9905,2352,148.437500,25000000.000
9906,2310,127.929688,25000000.000
9907,2305,125.488281,25000000.000
9908,2210,79.101562,25000000.000
9909,2152,50.781250,25000000.000
9910,2092,21.484375,25000000.000
9911,2084,17.578125,25000000.000
9912,1968,-39.062500,25000000.000
9913,1912,-66.406250,25000000.000
9914,1855,-94.238281,25000000.000
9915,1850,-96.679688,25000000.000
9916,1759,-141.113281,25000000.000
9917,1721,-159.667969,25000000.000
9918,1690,-174.804688,25000000.000
9919,1686,-176.757812,25000000.000
9920,1654,-192.382812,25000000.000
9921,1648,-195.312500,25000000.000
9922,1654,-192.382812,25000000.000
9923,1655,-191.894531,25000000.000
9924,1693,-173.339844,25000000.000
9925,1725,-157.714844,25000000.000
9926,1764,-138.671875,25000000.000
9927,1770,-135.742188,25000000.000
9928,1860,-91.796875,25000000.000
9929,1919,-62.988281,25000000.000
9930,1977,-34.667969,25000000.000
9931,1986,-30.273438,25000000.000
9932,2099,24.902344,25000000.000
9933,2158,53.710938,25000000.000
9934,2216,82.031250,25000000.000
9935,2222,84.960938,25000000.000
9936,2316,130.859375,25000000.000
9937,2356,150.390625,25000000.000
9938,2393,168.457031,25000000.000
9939,2393,168.457031,25000000.000
9940,2433,187.988281,25000000.000
9941,2443,192.871094,25000000.000
9942,2442,192.382812,25000000.000
9943,2440,191.406250,25000000.000
9944,2414,178.710938,25000000.000
9945,2386,165.039062,25000000.000
9946,2358,151.367188,25000000.000
9947,2352,148.437500,25000000.000
9948,2248,97.656250,25000000.000
9949,2197,72.753906,25000000.000
9950,2144,46.875000,25000000.000
9951,2139,44.433594,25000000.000
9952,2027,-10.253906,25000000.000
9953,1961,-42.480469,25000000.000
9954,1905,-69.824219,25000000.000
9955,1895,-74.707031,25000000.000
9956,1798,-122.070312,25000000.000
9957,1754,-143.554688,25000000.000
9958,1716,-162.109375,25000000.000
9959,1712,-164.062500,25000000.000
9960,1665,-187.011719,25000000.000
9961,1654,-192.382812,25000000.000
9962,1648,-195.312500,25000000.000
9963,1651,-193.847656,25000000.000
9964,1673,-183.105469,25000000.000
9965,1697,-171.386719,25000000.000
9966,1731,-154.785156,25000000.000
9967,1737,-151.855469,25000000.000
9968,1819,-111.816406,25000000.000
9969,1870,-86.914062,25000000.000
9970,1928,-58.593750,25000000.000
9971,1933,-56.152344,25000000.000
9972,2048,0.000000,25000000.000
9973,2109,29.785156,25000000.000
9974,2167,58.105469,25000000.000
9975,2170,59.570312,25000000.000
9976,2274,110.351562,25000000.000
9977,2324,134.765625,25000000.000
9978,2361,152.832031,25000000.000
9979,2369,156.738281,25000000.000
9980,2421,182.128906,25000000.000
9981,2436,189.453125,25000000.000
9982,2444,193.359375,25000000.000
9983,2445,193.847656,25000000.000
9984,2428,185.546875,25000000.000
9985,2409,176.269531,25000000.000
9986,2379,161.621094,25000000.000
9987,2374,159.179688,25000000.000
9988,2299,122.558594,25000000.000
9989,2247,97.167969,25000000.000
9990,2191,69.824219,25000000.000
9991,2186,67.382812,25000000.000
9992,2074,12.695312,25000000.000
9993,2014,-16.601562,25000000.000
9994,1952,-46.875000,25000000.000
9995,1947,-49.316406,25000000.000
9996,1844,-99.609375,25000000.000
9997,1790,-125.976562,25000000.000
9998,1757,-142.089844,25000000.000
9999,1716,-162.109375,25000000.000
10000,1676,-181.640625,25000000.000
10001,1663,-187.988281,25000000.000
10002,1651,-193.847656,25000000.000
10003,1654,-192.382812,25000000.000
10004,1655,-191.894531,25000000.000
10005,1673,-183.105469,25000000.000
10006,1703,-168.457031,25000000.000
10007,1702,-168.945312,25000000.000
10008,1775,-133.300781,25000000.000
10009,1824,-109.375000,25000000.000
10010,1879,-82.519531,25000000.000
10011,1884,-80.078125,25000000.000
10012,1993,-26.855469,25000000.000
10013,2057,4.394531,25000000.000
10014,2119,34.667969,25000000.000
10015,2124,37.109375,25000000.000
10016,2232,89.843750,25000000.000
10017,2283,114.746094,25000000.000
10018,2330,137.695312,25000000.000
10019,2333,139.160156,25000000.000
10020,2399,171.386719,25000000.000
10021,2422,182.617188,25000000.000
10022,2438,190.429688,25000000.000
10023,2438,190.429688,25000000.000
10024,2439,190.917969,25000000.000
10025,2427,185.058594,25000000.000
10026,2403,173.339844,25000000.000
10027,2400,171.875000,25000000.000
10028,2334,139.648438,25000000.000
10029,2290,118.164062,25000000.000
10030,2239,93.261719,25000000.000
10031,2234,90.820312,25000000.000
10032,2126,38.085938,25000000.000
10033,2063,7.324219,25000000.000
10034,2004,-21.484375,25000000.000
10035,1996,-25.390625,25000000.000
10036,1886,-79.101562,25000000.000
10037,1829,-106.933594,25000000.000
10038,1783,-129.394531,25000000.000
10039,1778,-131.835938,25000000.000
10040,1704,-167.968750,25000000.000
10041,1679,-180.175781,25000000.000
10042,1658,-190.429688,25000000.000
10043,1657,-190.917969,25000000.000
10044,1646,-196.289062,25000000.000
10045,1661,-188.964844,25000000.000
10046,1675,-182.128906,25000000.000
10047,1681,-179.199219,25000000.000
10048,1742,-149.414062,25000000.000
10049,1784,-128.906250,25000000.000
10050,1832,-105.468750,25000000.000
10051,1838,-102.539062,25000000.000
10052,1947,-49.316406,25000000.000
10053,2002,-22.460938,25000000.000
10054,2067,9.277344,25000000.000
10055,2072,11.718750,25000000.000
10056,2183,65.917969,25000000.000
10057,2240,93.750000,25000000.000
10058,2290,118.164062,25000000.000
10059,2293,119.628906,25000000.000
10060,2373,158.691406,25000000.000
10061,2403,173.339844,25000000.000
10062,2424,183.593750,25000000.000
10063,2427,185.058594,25000000.000
10064,2443,192.871094,25000000.000
10065,2437,189.941406,25000000.000
10066,2423,183.105469,25000000.000
10067,2422,182.617188,25000000.000
10068,2369,156.738281,25000000.000
10069,2327,136.230469,25000000.000
10070,2283,114.746094,25000000.000
10071,2276,111.328125,25000000.000
10072,2175,62.011719,25000000.000
10073,2115,32.714844,25000000.000
10074,2054,2.929688,25000000.000
10075,2047,-0.488281,25000000.000
10076,1932,-56.640625,25000000.000
10077,1877,-83.496094,25000000.000
10078,1823,-109.863281,25000000.000
10079,1820,-111.328125,25000000.000
10080,1733,-153.808594,25000000.000
10081,1702,-168.945312,25000000.000
10082,1676,-181.640625,25000000.000
10083,1674,-182.617188,25000000.000
10084,1650,-194.335938,25000000.000
10085,1650,-194.335938,25000000.000
10086,1665,-187.011719,25000000.000
10087,1664,-187.500000,25000000.000
10088,1712,-164.062500,25000000.000
10089,1749,-145.996094,25000000.000
10090,1790,-125.976562,25000000.000
10091,1796,-123.046875,25000000.000
10092,1895,-74.707031,25000000.000
10093,1954,-45.898438,25000000.000
10094,2011,-18.066406,25000000.000
10095,2021,-13.183594,25000000.000
10096,2132,41.015625,25000000.000
10097,2193,70.800781,25000000.000
10098,2250,98.632812,25000000.000
10099,2253,100.097656,25000000.000
10100,2343,144.042969,25000000.000
10101,2378,161.132812,25000000.000
10102,2408,175.781250,25000000.000
10103,2409,176.269531,25000000.000
10104,2445,193.847656,25000000.000
10105,2441,191.894531,25000000.000
10106,2435,188.964844,25000000.000
10107,2433,187.988281,25000000.000
10108,2398,170.898438,25000000.000
10109,2368,156.250000,25000000.000
10110,2332,138.671875,25000000.000
10111,2322,133.789062,25000000.000
10112,2215,81.542969,25000000.000
10113,2164,56.640625,25000000.000
10114,2116,33.203125,25000000.000
10115,2102,26.367188,25000000.000
10116,1986,-30.273438,25000000.000
10117,1923,-61.035156,25000000.000
10118,1868,-87.890625,25000000.000
10119,1860,-91.796875,25000000.000
10120,1772,-134.765625,25000000.000
10121,1724,-158.203125,25000000.000
10122,1697,-171.386719,25000000.000
10123,1692,-173.828125,25000000.000
10124,1655,-191.894531,25000000.000
10125,1649,-194.824219,25000000.000
10126,1653,-192.871094,25000000.000
10127,1654,-192.382812,25000000.000
10128,1684,-177.734375,25000000.000
10129,1718,-161.132812,25000000.000
10130,1754,-143.554688,25000000.000
10131,1760,-140.625000,25000000.000
10132,1849,-97.167969,25000000.000
10133,1904,-70.312500,25000000.000
10134,1962,-41.992188,25000000.000
10135,1970,-38.085938,25000000.000
10136,2083,17.089844,25000000.000
10137,2145,47.363281,25000000.000
10138,2202,75.195312,25000000.000
10139,2203,75.683594,25000000.000
10140,2305,125.488281,25000000.000
10141,2347,145.996094,25000000.000
10142,2383,163.574219,25000000.000
10143,2388,166.015625,25000000.000
10144,2430,186.523438,25000000.000
10145,2444,193.359375,25000000.000
10146,2424,183.593750,25000000.000
10147,2461,201.660156,25000000.000
10148,2420,181.640625,25000000.000
10149,2393,168.457031,25000000.000
10150,2359,151.855469,25000000.000
10151,2355,149.902344,25000000.000
10152,2267,106.933594,25000000.000
10153,2214,81.054688,25000000.000
10154,2158,53.710938,25000000.000
10155,2151,50.292969,25000000.000
10156,2036,-5.859375,25000000.000
10157,1976,-35.156250,25000000.000
10158,1916,-64.453125,25000000.000
10159,1911,-66.894531,25000000.000
10160,1808,-117.187500,25000000.000
10161,1763,-139.160156,25000000.000
10162,1722,-159.179688,25000000.000
10163,1721,-159.667969,25000000.000
10164,1668,-185.546875,25000000.000
10165,1652,-193.359375,25000000.000
10166,1649,-194.824219,25000000.000
10167,1650,-194.335938,25000000.000
10168,1668,-185.546875,25000000.000
10169,1689,-175.292969,25000000.000
10170,1722,-159.179688,25000000.000
10171,1724,-158.203125,25000000.000
10172,1803,-119.628906,25000000.000
10173,1860,-91.796875,25000000.000
10174,1915,-64.941406,25000000.000
10175,1922,-61.523438,25000000.000
10176,2032,-7.812500,25000000.000
10177,2096,23.437500,25000000.000
10178,2149,49.316406,25000000.000
10179,2157,53.222656,25000000.000
10180,2264,105.468750,25000000.000
10181,2313,129.394531,25000000.000
10182,2355,149.902344,25000000.000
10183,2359,151.855469,25000000.000
10184,2417,180.175781,25000000.000
10185,2433,187.988281,25000000.000
10186,2441,191.894531,25000000.000
10187,2442,192.382812,25000000.000
10188,2436,189.453125,25000000.000
10189,2420,181.640625,25000000.000
10190,2379,161.621094,25000000.000
10191,2386,165.039062,25000000.000
10192,2309,127.441406,25000000.000
10193,2262,104.492188,25000000.000
10194,2204,76.171875,25000000.000
10195,2201,74.707031,25000000.000
10196,2087,19.042969,25000000.000
10197,2027,-10.253906,25000000.000
10198,1967,-39.550781,25000000.000
10199,1963,-41.503906,25000000.000
10200,1853,-95.214844,25000000.000
10201,1801,-120.605469,25000000.000
10202,1758,-141.601562,25000000.000
10203,1754,-143.554688,25000000.000
10204,1689,-175.292969,25000000.000
10205,1666,-186.523438,25000000.000
10206,1652,-193.359375,25000000.000
10207,1652,-193.359375,25000000.000
10208,1656,-191.406250,25000000.000
10209,1671,-184.082031,25000000.000
10210,1694,-172.851562,25000000.000
10211,1699,-170.410156,25000000.000
10212,1767,-137.207031,25000000.000
10213,1814,-114.257812,25000000.000
10214,1863,-90.332031,25000000.000
10215,1875,-84.472656,25000000.000
10216,1983,-31.738281,25000000.000
10217,2026,-10.742188,25000000.000
10218,2095,22.949219,25000000.000
10219,2114,32.226562,25000000.000
10220,2220,83.984375,25000000.000
10221,2275,110.839844,25000000.000
10222,2316,130.859375,25000000.000
10223,2329,137.207031,25000000.000
10224,2393,168.457031,25000000.000
10225,2422,182.617188,25000000.000
10226,2433,187.988281,25000000.000
10227,2436,189.453125,25000000.000
10228,2440,191.406250,25000000.000
10229,2432,187.500000,25000000.000
10230,2409,176.269531,25000000.000
10231,2409,176.269531,25000000.000
10232,2346,145.507812,25000000.000
10233,2302,124.023438,25000000.000
10234,2252,99.609375,25000000.000
10235,2247,97.167969,25000000.000
10236,2139,44.433594,25000000.000
10237,2079,15.136719,25000000.000
10238,2017,-15.136719,25000000.000
10239,2010,-18.554688,25000000.000
10240,1899,-72.753906,25000000.000
10241,1844,-99.609375,25000000.000
10242,1795,-123.535156,25000000.000
10243,1789,-126.464844,25000000.000
10244,1713,-163.574219,25000000.000
10245,1685,-177.246094,25000000.000
10246,1663,-187.988281,25000000.000
10247,1662,-188.476562,25000000.000
10248,1649,-194.824219,25000000.000
10249,1657,-190.917969,25000000.000
10250,1672,-183.593750,25000000.000
10251,1675,-182.128906,25000000.000
10252,1733,-153.808594,25000000.000
10253,1770,-135.742188,25000000.000
10254,1821,-110.839844,25000000.000
10255,1825,-108.886719,25000000.000
10256,1929,-58.105469,25000000.000
10257,1990,-28.320312,25000000.000
10258,2050,0.976562,25000000.000
10259,2054,2.929688,25000000.000
10260,2169,59.082031,25000000.000
10261,2228,87.890625,25000000.000
10262,2278,112.304688,25000000.000
10263,2284,115.234375,25000000.000
10264,2364,154.296875,25000000.000
10265,2397,170.410156,25000000.000
10266,2421,182.128906,25000000.000
10267,2423,183.105469,25000000.000
10268,2444,193.359375,25000000.000
10269,2438,190.429688,25000000.000
10270,2429,186.035156,25000000.000
10271,2426,184.570312,25000000.000
10272,2377,160.644531,25000000.000
10273,2339,142.089844,25000000.000
10274,2294,120.117188,25000000.000
10275,2289,117.675781,25000000.000
10276,2186,67.382812,25000000.000
10277,2132,41.015625,25000000.000
10278,2067,9.277344,25000000.000
10279,2063,7.324219,25000000.000
10280,1948,-48.828125,25000000.000
10281,1889,-77.636719,25000000.000
10282,1837,-103.027344,25000000.000
10283,1832,-105.468750,25000000.000
10284,1744,-148.437500,25000000.000
10285,1707,-166.503906,25000000.000
10286,1681,-179.199219,25000000.000
10287,1678,-180.664062,25000000.000
10288,1650,-194.335938,25000000.000
10289,1650,-194.335938,25000000.000
10290,1658,-190.429688,25000000.000
10291,1659,-189.941406,25000000.000
10292,1702,-168.945312,25000000.000
10293,1738,-151.367188,25000000.000
10294,1778,-131.835938,25000000.000
10295,1784,-128.906250,25000000.000
10296,1880,-82.031250,25000000.000
10297,1938,-53.710938,25000000.000
10298,2001,-22.949219,25000000.000
10299,2005,-20.996094,25000000.000
10300,2118,34.179688,25000000.000
10301,2177,62.988281,25000000.000
10302,2236,91.796875,25000000.000
10303,2240,93.750000,25000000.000
10304,2332,138.671875,25000000.000
10305,2370,157.226562,25000000.000
10306,2401,172.363281,25000000.000
10307,2403,173.339844,25000000.000
10308,2437,189.941406,25000000.000
10309,2444,193.359375,25000000.000
10310,2438,190.429688,25000000.000
10311,2438,190.429688,25000000.000
10312,2401,172.363281,25000000.000
10313,2371,157.714844,25000000.000
10314,2334,139.648438,25000000.000
10315,2330,137.695312,25000000.000
10316,2235,91.308594,25000000.000
10317,2180,64.453125,25000000.000
10318,2122,36.132812,25000000.000
10319,2113,31.738281,25000000.000
10320,2001,-22.949219,25000000.000
10321,1938,-53.710938,25000000.000
10322,1883,-80.566406,25000000.000
10323,1873,-85.449219,25000000.000
10324,1782,-129.882812,25000000.000
10325,1736,-152.343750,25000000.000
10326,1701,-169.433594,25000000.000
10327,1701,-169.433594,25000000.000
10328,1658,-190.429688,25000000.000
10329,1651,-193.847656,25000000.000
10330,1650,-194.335938,25000000.000
10331,1652,-193.359375,25000000.000
10332,1682,-178.710938,25000000.000
10333,1710,-165.039062,25000000.000
10334,1746,-147.460938,25000000.000
10335,1749,-145.996094,25000000.000
10336,1838,-102.539062,25000000.000
10337,1890,-77.148438,25000000.000
10338,1949,-48.339844,25000000.000
10339,1953,-46.386719,25000000.000
10340,2068,9.765625,25000000.000
10341,2130,40.039062,25000000.000
10342,2189,68.847656,25000000.000
10343,2194,71.289062,25000000.000
10344,2292,119.140625,25000000.000
10345,2339,142.089844,25000000.000
10346,2376,160.156250,25000000.000
10347,2379,161.621094,25000000.000
10348,2428,185.546875,25000000.000
10349,2440,191.406250,25000000.000
10350,2444,193.359375,25000000.000
10351,2443,192.871094,25000000.000
10352,2424,183.593750,25000000.000
10353,2398,170.898438,25000000.000
10354,2367,155.761719,25000000.000
10355,2363,153.808594,25000000.000
10356,2280,113.281250,25000000.000
10357,2230,88.867188,25000000.000
10358,2170,59.570312,25000000.000
10359,2166,57.617188,25000000.000
10360,2049,0.488281,25000000.000
10361,1992,-27.343750,25000000.000
10362,1930,-57.617188,25000000.000
10363,1925,-60.058594,25000000.000
10364,1822,-110.351562,25000000.000
10365,1773,-134.277344,25000000.000
10366,1733,-153.808594,25000000.000
10367,1730,-155.273438,25000000.000
10368,1676,-181.640625,25000000.000
10369,1658,-190.429688,25000000.000
10370,1650,-194.335938,25000000.000
10371,1652,-193.359375,25000000.000
10372,1664,-187.500000,25000000.000
10373,1685,-177.246094,25000000.000
10374,1713,-163.574219,25000000.000
10375,1714,-163.085938,25000000.000
10376,1793,-124.511719,25000000.000
10377,1847,-98.144531,25000000.000
10378,1897,-73.730469,25000000.000
10379,1904,-70.312500,25000000.000
10380,2018,-14.648438,25000000.000
10381,2078,14.648438,25000000.000
10382,2139,44.433594,25000000.000
10383,2145,47.363281,25000000.000
10384,2251,99.121094,25000000.000
10385,2299,122.558594,25000000.000
10386,2346,145.507812,25000000.000
10387,2347,145.996094,25000000.000
10388,2408,175.781250,25000000.000
10389,2430,186.523438,25000000.000
10390,2439,190.917969,25000000.000
10391,2440,191.406250,25000000.000
10392,2435,188.964844,25000000.000
10393,2420,181.640625,25000000.000
10394,2392,167.968750,25000000.000
10395,2392,167.968750,25000000.000
10396,2317,131.347656,25000000.000
10397,2269,107.910156,25000000.000
10398,2225,86.425781,25000000.000
10399,2221,84.472656,25000000.000
10400,2102,26.367188,25000000.000
10401,2047,-0.488281,25000000.000
10402,1982,-32.226562,25000000.000
10403,1976,-35.156250,25000000.000
10404,1867,-88.378906,25000000.000
10405,1813,-114.746094,25000000.000
10406,1758,-141.601562,25000000.000
10407,1745,-147.949219,25000000.000
10408,1699,-170.410156,25000000.000
10409,1677,-181.152344,25000000.000
10410,1659,-189.941406,25000000.000
10411,1632,-203.125000,25000000.000
10412,1660,-189.453125,25000000.000
10413,1663,-187.988281,25000000.000
10414,1687,-176.269531,25000000.000
10415,1686,-176.757812,25000000.000
10416,1759,-141.113281,25000000.000
10417,1799,-121.582031,25000000.000
10418,1851,-96.191406,25000000.000
10419,1854,-94.726562,25000000.000
10420,1968,-39.062500,25000000.000
10421,2024,-11.718750,25000000.000
10422,2086,18.554688,25000000.000
10423,2091,20.996094,25000000.000
10424,2203,75.683594,25000000.000
10425,2258,102.539062,25000000.000
10426,2305,125.488281,25000000.000
10427,2311,128.417969,25000000.000
10428,2384,164.062500,25000000.000
10429,2413,178.222656,25000000.000
10430,2431,187.011719,25000000.000
10431,2434,188.476562,25000000.000
10432,2442,192.382812,25000000.000
10433,2433,187.988281,25000000.000
10434,2416,179.687500,25000000.000
10435,2413,178.222656,25000000.000
10436,2357,150.878906,25000000.000
10437,2312,128.906250,25000000.000
10438,2265,105.957031,25000000.000
10439,2259,103.027344,25000000.000
10440,2153,51.269531,25000000.000
10441,2094,22.460938,25000000.000
10442,2032,-7.812500,25000000.000
10443,2027,-10.253906,25000000.000
10444,1911,-66.894531,25000000.000
10445,1858,-92.773438,25000000.000
10446,1805,-118.652344,25000000.000
10447,1801,-120.605469,25000000.000
10448,1721,-159.667969,25000000.000
10449,1690,-174.804688,25000000.000
10450,1668,-185.546875,25000000.000
10451,1664,-187.500000,25000000.000
10452,1651,-193.847656,25000000.000
10453,1652,-193.359375,25000000.000
10454,1669,-185.058594,25000000.000
10455,1669,-185.058594,25000000.000
10456,1723,-158.691406,25000000.000
10457,1763,-139.160156,25000000.000
10458,1808,-117.187500,25000000.000
10459,1813,-114.746094,25000000.000
10460,1915,-64.941406,25000000.000
10461,1975,-35.644531,25000000.000
10462,2034,-6.835938,25000000.000
10463,2042,-2.929688,25000000.000
10464,2157,53.222656,25000000.000
10465,2212,80.078125,25000000.000
10466,2266,106.445312,25000000.000
10467,2270,108.398438,25000000.000
10468,2356,150.390625,25000000.000
10469,2388,166.015625,25000000.000
10470,2417,180.175781,25000000.000
10471,2417,180.175781,25000000.000
10472,2441,191.894531,25000000.000
10473,2442,192.382812,25000000.000
10474,2431,187.011719,25000000.000
10475,2428,185.546875,25000000.000
10476,2385,164.550781,25000000.000
10477,2350,147.460938,25000000.000
10478,2304,125.000000,25000000.000
10479,2302,124.023438,25000000.000
10480,2202,75.195312,25000000.000
10481,2142,45.898438,25000000.000
10482,2085,18.066406,25000000.000
10483,2080,15.625000,25000000.000
10484,1963,-41.503906,25000000.000
10485,1904,-70.312500,25000000.000
10486,1850,-96.679688,25000000.000
10487,1843,-100.097656,25000000.000
10488,1753,-144.042969,25000000.000
10489,1718,-161.132812,25000000.000
10490,1686,-176.757812,25000000.000
10491,1681,-179.199219,25000000.000
10492,1653,-192.871094,25000000.000
10493,1635,-201.660156,25000000.000
10494,1645,-196.777344,25000000.000
10495,1661,-188.964844,25000000.000
10496,1696,-171.875000,25000000.000
10497,1729,-155.761719,25000000.000
10498,1776,-132.812500,25000000.000
10499,1778,-131.835938,25000000.000
10500,1871,-86.425781,25000000.000
10501,1921,-62.011719,25000000.000
10502,1983,-31.738281,25000000.000
10503,1988,-29.296875,25000000.000
10504,2104,27.343750,25000000.000
10505,2164,56.640625,25000000.000
10506,2221,84.472656,25000000.000
10507,2226,86.914062,25000000.000
10508,2318,131.835938,25000000.000
10509,2359,151.855469,25000000.000
10510,2395,169.433594,25000000.000
10511,2396,169.921875,25000000.000
10512,2437,189.941406,25000000.000
10513,2443,192.871094,25000000.000
10514,2441,191.894531,25000000.000
10515,2442,192.382812,25000000.000
10516,2409,176.269531,25000000.000
10517,2379,161.621094,25000000.000
10518,2344,144.531250,25000000.000
10519,2338,141.601562,25000000.000
10520,2249,98.144531,25000000.000
10521,2194,71.289062,25000000.000
10522,2134,41.992188,25000000.000
10523,2129,39.550781,25000000.000
10524,2016,-15.625000,25000000.000
10525,1955,-45.410156,25000000.000
10526,1896,-74.218750,25000000.000
10527,1893,-75.683594,25000000.000
10528,1791,-125.488281,25000000.000
10529,1748,-146.484375,25000000.000
10530,1712,-164.062500,25000000.000
10531,1711,-164.550781,25000000.000
10532,1662,-188.476562,25000000.000
10533,1655,-191.894531,25000000.000
10534,1652,-193.359375,25000000.000
10535,1649,-194.824219,25000000.000
10536,1669,-185.058594,25000000.000
10537,1706,-166.992188,25000000.000
10538,1733,-153.808594,25000000.000
10539,1736,-152.343750,25000000.000
10540,1821,-110.839844,25000000.000
10541,1877,-83.496094,25000000.000
10542,1932,-56.640625,25000000.000
10543,1939,-53.222656,25000000.000
10544,2052,1.953125,25000000.000
10545,2116,33.203125,25000000.000
10546,2172,60.546875,25000000.000
10547,2179,63.964844,25000000.000
10548,2280,113.281250,25000000.000
10549,2326,135.742188,25000000.000
10550,2366,155.273438,25000000.000
10551,2369,156.738281,25000000.000
10552,2423,183.105469,25000000.000
10553,2435,188.964844,25000000.000
10554,2444,193.359375,25000000.000
10555,2442,192.382812,25000000.000
10556,2426,184.570312,25000000.000
10557,2407,175.292969,25000000.000
10558,2375,159.667969,25000000.000
10559,2371,157.714844,25000000.000
10560,2290,118.164062,25000000.000
10561,2242,94.726562,25000000.000
10562,2186,67.382812,25000000.000
10563,2182,65.429688,25000000.000
10564,2069,10.253906,25000000.000
10565,2006,-20.507812,25000000.000
10566,1946,-49.804688,25000000.000
10567,1940,-52.734375,25000000.000
10568,1835,-104.003906,25000000.000
10569,1785,-128.417969,25000000.000
10570,1741,-149.902344,25000000.000
10571,1738,-151.367188,25000000.000
10572,1679,-180.175781,25000000.000
10573,1661,-188.964844,25000000.000
10574,1651,-193.847656,25000000.000
10575,1649,-194.824219,25000000.000
10576,1659,-189.941406,25000000.000
10577,1679,-180.175781,25000000.000
10578,1705,-167.480469,25000000.000
10579,1708,-166.015625,25000000.000
10580,1783,-129.394531,25000000.000
10581,1832,-105.468750,25000000.000
10582,1887,-78.613281,25000000.000
10583,1892,-76.171875,25000000.000
10584,2004,-21.484375,25000000.000
10585,2063,7.324219,25000000.000
10586,2124,37.109375,25000000.000
10587,2130,40.039062,25000000.000
10588,2237,92.285156,25000000.000
10589,2288,117.187500,25000000.000
10590,2333,139.160156,25000000.000
10591,2338,141.601562,25000000.000
10592,2401,172.363281,25000000.000
10593,2429,186.035156,25000000.000
10594,2438,190.429688,25000000.000
10595,2441,191.894531,25000000.000
10596,2439,190.917969,25000000.000
10597,2423,183.105469,25000000.000
10598,2403,173.339844,25000000.000
10599,2401,172.363281,25000000.000
10600,2332,138.671875,25000000.000
10601,2283,114.746094,25000000.000
10602,2235,91.308594,25000000.000
10603,2228,87.890625,25000000.000
10604,2119,34.667969,25000000.000
10605,2058,4.882812,25000000.000
10606,1995,-25.878906,25000000.000
10607,1987,-29.785156,25000000.000
10608,1881,-81.542969,25000000.000
10609,1827,-107.910156,25000000.000
10610,1778,-131.835938,25000000.000
10611,1773,-134.277344,25000000.000
10612,1702,-168.945312,25000000.000
10613,1675,-182.128906,25000000.000
10614,1660,-189.453125,25000000.000
10615,1659,-189.941406,25000000.000
10616,1650,-194.335938,25000000.000
10617,1659,-189.941406,25000000.000
10618,1682,-178.710938,25000000.000
10619,1684,-177.734375,25000000.000
10620,1746,-147.460938,25000000.000
10621,1788,-126.953125,25000000.000
10622,1836,-103.515625,25000000.000
10623,1841,-101.074219,25000000.000
10624,1952,-46.875000,25000000.000
10625,2011,-18.066406,25000000.000
10626,2070,10.742188,25000000.000
10627,2077,14.160156,25000000.000
10628,2188,68.359375,25000000.000
10629,2245,96.191406,25000000.000
10630,2295,120.605469,25000000.000
10631,2302,124.023438,25000000.000
10632,2376,160.156250,25000000.000
10633,2407,175.292969,25000000.000
10634,2429,186.035156,25000000.000
10635,2428,185.546875,25000000.000
10636,2444,193.359375,25000000.000
10637,2437,189.941406,25000000.000
10638,2421,182.128906,25000000.000
10639,2417,180.175781,25000000.000
10640,2363,153.808594,25000000.000
10641,2324,134.765625,25000000.000
10642,2277,111.816406,25000000.000
10643,2272,109.375000,25000000.000
10644,2167,58.105469,25000000.000
10645,2110,30.273438,25000000.000
10646,2049,0.488281,25000000.000
10647,2042,-2.929688,25000000.000
10648,1926,-59.570312,25000000.000
10649,1872,-85.937500,25000000.000
10650,1819,-111.816406,25000000.000
10651,1813,-114.746094,25000000.000
10652,1731,-154.785156,25000000.000
10653,1697,-171.386719,25000000.000
10654,1671,-184.082031,25000000.000
10655,1668,-185.546875,25000000.000
10656,1649,-194.824219,25000000.000
10657,1652,-193.359375,25000000.000
10658,1664,-187.500000,25000000.000
10659,1666,-186.523438,25000000.000
10660,1712,-164.062500,25000000.000
10661,1752,-144.531250,25000000.000
10662,1797,-122.558594,25000000.000
10663,1801,-120.605469,25000000.000
10664,1902,-71.289062,25000000.000
10665,1958,-43.945312,25000000.000
10666,2021,-13.183594,25000000.000
10667,2026,-10.742188,25000000.000
10668,2141,45.410156,25000000.000
10669,2198,73.242188,25000000.000
10670,2252,99.609375,25000000.000
10671,2257,102.050781,25000000.000
10672,2345,145.019531,25000000.000
10673,2382,163.085938,25000000.000
10674,2409,176.269531,25000000.000
10675,2411,177.246094,25000000.000
10676,2438,190.429688,25000000.000
10677,2444,193.359375,25000000.000
10678,2433,187.988281,25000000.000
10679,2433,187.988281,25000000.000
10680,2393,168.457031,25000000.000
10681,2359,151.855469,25000000.000
10682,2318,131.835938,25000000.000
10683,2313,129.394531,25000000.000
10684,2219,83.496094,25000000.000
10685,2159,54.199219,25000000.000
10686,2100,25.390625,25000000.000
10687,2093,21.972656,25000000.000
10688,1979,-33.691406,25000000.000
10689,1919,-62.988281,25000000.000
10690,1860,-91.796875,25000000.000
10691,1856,-93.750000,25000000.000
10692,1764,-138.671875,25000000.000
10693,1726,-157.226562,25000000.000
10694,1692,-173.828125,25000000.000
10695,1691,-174.316406,25000000.000
10696,1655,-191.894531,25000000.000
10697,1649,-194.824219,25000000.000
10698,1655,-191.894531,25000000.000
10699,1656,-191.406250,25000000.000
10700,1690,-174.804688,25000000.000
10701,1719,-160.644531,25000000.000
10702,1761,-140.136719,25000000.000
10703,1763,-139.160156,25000000.000
10704,1854,-94.726562,25000000.000
10705,1912,-66.406250,25000000.000
10706,1969,-38.574219,25000000.000
10707,1974,-36.132812,25000000.000
10708,2090,20.507812,25000000.000
10709,2151,50.292969,25000000.000
10710,2207,77.636719,25000000.000
10711,2214,81.054688,25000000.000
10712,2310,127.929688,25000000.000
10713,2352,148.437500,25000000.000
10714,2388,166.015625,25000000.000
10715,2391,167.480469,25000000.000
10716,2432,187.500000,25000000.000
10717,2442,192.382812,25000000.000
10718,2443,192.871094,25000000.000
10719,2441,191.894531,25000000.000
10720,2414,178.710938,25000000.000
10721,2387,165.527344,25000000.000
10722,2355,149.902344,25000000.000
10723,2345,145.019531,25000000.000
10724,2257,102.050781,25000000.000
10725,2212,80.078125,25000000.000
10726,2153,51.269531,25000000.000
10727,2151,50.292969,25000000.000
10728,2029,-9.277344,25000000.000
10729,1970,-38.085938,25000000.000
10730,1913,-65.917969,25000000.000
10731,1907,-68.847656,25000000.000
10732,1805,-118.652344,25000000.000
10733,1759,-141.113281,25000000.000
10734,1722,-159.179688,25000000.000
10735,1717,-161.621094,25000000.000
10736,1668,-185.546875,25000000.000
10737,1655,-191.894531,25000000.000
10738,1649,-194.824219,25000000.000
10739,1649,-194.824219,25000000.000
10740,1670,-184.570312,25000000.000
10741,1694,-172.851562,25000000.000
10742,1724,-158.203125,25000000.000
10743,1729,-155.761719,25000000.000
10744,1812,-115.234375,25000000.000
10745,1863,-90.332031,25000000.000
10746,1919,-62.988281,25000000.000
10747,1926,-59.570312,25000000.000
10748,2040,-3.906250,25000000.000
10749,2100,25.390625,25000000.000
10750,2159,54.199219,25000000.000
10751,2164,56.640625,25000000.000
10752,2270,108.398438,25000000.000
10753,2315,130.371094,25000000.000
10754,2356,150.390625,25000000.000
10755,2360,152.343750,25000000.000
10756,2416,179.687500,25000000.000
10757,2435,188.964844,25000000.000
10758,2442,192.382812,25000000.000
10759,2443,192.871094,25000000.000
10760,2430,186.523438,25000000.000
10761,2412,177.734375,25000000.000
10762,2384,164.062500,25000000.000
10763,2381,162.597656,25000000.000
10764,2305,125.488281,25000000.000
10765,2253,100.097656,25000000.000
10766,2201,74.707031,25000000.000
10767,2195,71.777344,25000000.000
10768,2083,17.089844,25000000.000
10769,2020,-13.671875,25000000.000
10770,1960,-42.968750,25000000.000
10771,1954,-45.898438,25000000.000
10772,1847,-98.144531,25000000.000
10773,1797,-122.558594,25000000.000
10774,1752,-144.531250,25000000.000
10775,1747,-146.972656,25000000.000
10776,1686,-176.757812,25000000.000
10777,1665,-187.011719,25000000.000
10778,1651,-193.847656,25000000.000
10779,1654,-192.382812,25000000.000
10780,1657,-190.917969,25000000.000
10781,1673,-183.105469,25000000.000
10782,1697,-171.386719,25000000.000
10783,1701,-169.433594,25000000.000
10784,1774,-133.789062,25000000.000
10785,1817,-112.792969,25000000.000
10786,1871,-86.425781,25000000.000
10787,1877,-83.496094,25000000.000
10788,1985,-30.761719,25000000.000
10789,2050,0.976562,25000000.000
10790,2108,29.296875,25000000.000
10791,2113,31.738281,25000000.000
10792,2224,85.937500,25000000.000
10793,2277,111.816406,25000000.000
10794,2322,133.789062,25000000.000
10795,2327,136.230469,25000000.000
10796,2397,170.410156,25000000.000
10797,2419,181.152344,25000000.000
10798,2437,189.941406,25000000.000
10799,2439,190.917969,25000000.000
10800,2442,192.382812,25000000.000
10801,2427,185.058594,25000000.000
10802,2409,176.269531,25000000.000
10803,2405,174.316406,25000000.000
10804,2341,143.066406,25000000.000
10805,2298,122.070312,25000000.000
10806,2246,96.679688,25000000.000
10807,2239,93.261719,25000000.000
10808,2133,41.503906,25000000.000
10809,2074,12.695312,25000000.000
10810,2009,-19.042969,25000000.000
10811,2003,-21.972656,25000000.000
10812,1894,-75.195312,25000000.000
10813,1836,-103.515625,25000000.000
10814,1790,-125.976562,25000000.000
10815,1783,-129.394531,25000000.000
10816,1711,-164.550781,25000000.000
10817,1679,-180.175781,25000000.000
10818,1662,-188.476562,25000000.000
10819,1657,-190.917969,25000000.000
10820,1650,-194.335938,25000000.000
10821,1657,-190.917969,25000000.000
10822,1674,-182.617188,25000000.000
10823,1677,-181.152344,25000000.000
10824,1736,-152.343750,25000000.000
10825,1778,-131.835938,25000000.000
10826,1824,-109.375000,25000000.000
10827,1831,-105.957031,25000000.000
10828,1936,-54.687500,25000000.000
10829,1995,-25.878906,25000000.000
10830,2058,4.882812,25000000.000
10831,2064,7.812500,25000000.000
10832,2176,62.500000,25000000.000
10833,2231,89.355469,25000000.000
10834,2283,114.746094,25000000.000
10835,2287,116.699219,25000000.000
10836,2367,155.761719,25000000.000
10837,2399,171.386719,25000000.000
10838,2422,182.617188,25000000.000
10839,2430,186.523438,25000000.000
10840,2456,199.218750,25000000.000
10841,2443,192.871094,25000000.000
10842,2423,183.105469,25000000.000
10843,2423,183.105469,25000000.000
10844,2370,157.226562,25000000.000
10845,2334,139.648438,25000000.000
10846,2288,117.187500,25000000.000
10847,2284,115.234375,25000000.000
10848,2182,65.429688,25000000.000
10849,2121,35.644531,25000000.000
10850,2064,7.812500,25000000.000
10851,2055,3.417969,25000000.000
10852,1944,-50.781250,25000000.000
10853,1885,-79.589844,25000000.000
10854,1830,-106.445312,25000000.000
10855,1825,-108.886719,25000000.000
10856,1738,-151.367188,25000000.000
10857,1705,-167.480469,25000000.000
10858,1678,-180.664062,25000000.000
10859,1676,-181.640625,25000000.000
10860,1649,-194.824219,25000000.000
10861,1651,-193.847656,25000000.000
10862,1660,-189.453125,25000000.000
10863,1662,-188.476562,25000000.000
10864,1706,-166.992188,25000000.000
10865,1741,-149.902344,25000000.000
10866,1784,-128.906250,25000000.000
10867,1788,-126.953125,25000000.000
10868,1889,-77.636719,25000000.000
10869,1952,-46.875000,25000000.000
10870,2012,-17.578125,25000000.000
10871,2013,-17.089844,25000000.000
10872,2116,33.203125,25000000.000
10873,2174,61.523438,25000000.000
10874,2228,87.890625,25000000.000
10875,2248,97.656250,25000000.000
10876,2330,137.695312,25000000.000
10877,2374,159.179688,25000000.000
10878,2402,172.851562,25000000.000
10879,2404,173.828125,25000000.000
10880,2440,191.406250,25000000.000
10881,2445,193.847656,25000000.000
10882,2416,179.687500,25000000.000
10883,2441,191.894531,25000000.000
10884,2389,166.503906,25000000.000
10885,2363,153.808594,25000000.000
10886,2319,132.324219,25000000.000
10887,2311,128.417969,25000000.000
10888,2231,89.355469,25000000.000
10889,2173,61.035156,25000000.000
10890,2113,31.738281,25000000.000
10891,2105,27.832031,25000000.000
10892,1992,-27.343750,25000000.000
10893,1934,-55.664062,25000000.000
10894,1877,-83.496094,25000000.000
10895,1870,-86.914062,25000000.000
10896,1776,-132.812500,25000000.000
10897,1733,-153.808594,25000000.000
10898,1700,-169.921875,25000000.000
10899,1697,-171.386719,25000000.000
10900,1660,-189.453125,25000000.000
10901,1650,-194.335938,25000000.000
10902,1652,-193.359375,25000000.000
10903,1650,-194.335938,25000000.000
10904,1682,-178.710938,25000000.000
10905,1709,-165.527344,25000000.000
10906,1749,-145.996094,25000000.000
10907,1751,-145.019531,25000000.000
10908,1840,-101.562500,25000000.000
10909,1896,-74.218750,25000000.000
10910,1952,-46.875000,25000000.000
10911,1942,-51.757812,25000000.000
10912,2059,5.371094,25000000.000
10913,2131,40.527344,25000000.000
10914,2183,65.917969,25000000.000
10915,2220,83.984375,25000000.000
10916,2291,118.652344,25000000.000
10917,2346,145.507812,25000000.000
10918,2379,161.621094,25000000.000
10919,2379,161.621094,25000000.000
10920,2425,184.082031,25000000.000
10921,2440,191.406250,25000000.000
10922,2441,191.894531,25000000.000
10923,2442,192.382812,25000000.000
10924,2419,181.152344,25000000.000
10925,2396,169.921875,25000000.000
10926,2360,152.343750,25000000.000
10927,2360,152.343750,25000000.000
10928,2275,110.839844,25000000.000
10929,2221,84.472656,25000000.000
10930,2167,58.105469,25000000.000
10931,2161,55.175781,25000000.000
10932,2046,-0.976562,25000000.000
10933,1984,-31.250000,25000000.000
10934,1927,-59.082031,25000000.000
10935,1918,-63.476562,25000000.000
10936,1816,-113.281250,25000000.000
10937,1771,-135.253906,25000000.000
10938,1730,-155.273438,25000000.000
10939,1724,-158.203125,25000000.000
10940,1672,-183.593750,25000000.000
10941,1657,-190.917969,25000000.000
10942,1649,-194.824219,25000000.000
10943,1650,-194.335938,25000000.000
10944,1665,-187.011719,25000000.000
10945,1686,-176.757812,25000000.000
10946,1717,-161.621094,25000000.000
10947,1722,-159.179688,25000000.000
10948,1800,-121.093750,25000000.000
10949,1849,-97.167969,25000000.000
10950,1906,-69.335938,25000000.000
10951,1910,-67.382812,25000000.000
10952,2025,-11.230469,25000000.000
10953,2084,17.578125,25000000.000
10954,2144,46.875000,25000000.000
10955,2149,49.316406,25000000.000
10956,2255,101.074219,25000000.000
10957,2305,125.488281,25000000.000
10958,2347,145.996094,25000000.000
10959,2353,148.925781,25000000.000
10960,2411,177.246094,25000000.000
10961,2431,187.011719,25000000.000
10962,2443,192.871094,25000000.000
10963,2443,192.871094,25000000.000
10964,2436,189.453125,25000000.000
10965,2417,180.175781,25000000.000
10966,2392,167.968750,25000000.000
10967,2388,166.015625,25000000.000
10968,2317,131.347656,25000000.000
10969,2268,107.421875,25000000.000
10970,2214,81.054688,25000000.000
10971,2207,77.636719,25000000.000
10972,2097,23.925781,25000000.000
10973,2037,-5.371094,25000000.000
10974,1973,-36.621094,25000000.000
10975,1969,-38.574219,25000000.000
10976,1859,-92.285156,25000000.000
10977,1807,-117.675781,25000000.000
10978,1764,-138.671875,25000000.000
10979,1758,-141.601562,25000000.000
10980,1692,-173.828125,25000000.000
10981,1667,-186.035156,25000000.000
10982,1654,-192.382812,25000000.000
10983,1653,-192.871094,25000000.000
10984,1655,-191.894531,25000000.000
10985,1668,-185.546875,25000000.000
10986,1691,-174.316406,25000000.000
10987,1695,-172.363281,25000000.000
10988,1762,-139.648438,25000000.000
10989,1807,-117.675781,25000000.000
10990,1857,-93.261719,25000000.000
10991,1863,-90.332031,25000000.000
10992,1972,-37.109375,25000000.000
10993,2034,-6.835938,25000000.000
10994,2093,21.972656,25000000.000
10995,2101,25.878906,25000000.000
10996,2212,80.078125,25000000.000
10997,2264,105.468750,25000000.000
10998,2312,128.906250,25000000.000
10999,2317,131.347656,25000000.000
11000,2390,166.992188,25000000.000
11001,2414,178.710938,25000000.000
11002,2435,188.964844,25000000.000
11003,2436,189.453125,25000000.000
11004,2441,191.894531,25000000.000
11005,2435,188.964844,25000000.000
11006,2411,177.246094,25000000.000
11007,2410,176.757812,25000000.000
11008,2355,149.902344,25000000.000
11009,2307,126.464844,25000000.000
11010,2255,101.074219,25000000.000
11011,2250,98.632812,25000000.000
11012,2149,49.316406,25000000.000
11013,2086,18.554688,25000000.000
11014,2026,-10.742188,25000000.000
11015,2020,-13.671875,25000000.000
11016,1909,-67.871094,25000000.000
11017,1850,-96.679688,25000000.000
11018,1802,-120.117188,25000000.000
11019,1795,-123.535156,25000000.000
11020,1718,-161.132812,25000000.000
11021,1688,-175.781250,25000000.000
11022,1666,-186.523438,25000000.000
11023,1663,-187.988281,25000000.000
11024,1649,-194.824219,25000000.000
11025,1654,-192.382812,25000000.000
11026,1667,-186.035156,25000000.000
11027,1672,-183.593750,25000000.000
11028,1727,-156.738281,25000000.000
11029,1765,-138.183594,25000000.000
11030,1813,-114.746094,25000000.000
11031,1819,-111.816406,25000000.000
11032,1921,-62.011719,25000000.000
11033,1979,-33.691406,25000000.000
11034,2042,-2.929688,25000000.000
11035,2048,0.000000,25000000.000
11036,2160,54.687500,25000000.000
11037,2218,83.007812,25000000.000
11038,2270,108.398438,25000000.000
11039,2274,110.351562,25000000.000
11040,2358,151.367188,25000000.000
11041,2394,168.945312,25000000.000
11042,2416,179.687500,25000000.000
11043,2420,181.640625,25000000.000
11044,2442,192.382812,25000000.000
11045,2440,191.406250,25000000.000
11046,2431,187.011719,25000000.000
11047,2430,186.523438,25000000.000
11048,2382,163.085938,25000000.000
11049,2344,144.531250,25000000.000
11050,2302,124.023438,25000000.000
11051,2295,120.605469,25000000.000
11052,2197,72.753906,25000000.000
11053,2140,44.921875,25000000.000
11054,2076,13.671875,25000000.000
11055,2068,9.765625,25000000.000
11056,1956,-44.921875,25000000.000
11057,1897,-73.730469,25000000.000
11058,1844,-99.609375,25000000.000
11059,1837,-103.027344,25000000.000
11060,1750,-145.507812,25000000.000
11061,1712,-164.062500,25000000.000
11062,1684,-177.734375,25000000.000
11063,1688,-175.781250,25000000.000
11064,1648,-195.312500,25000000.000
11065,1651,-193.847656,25000000.000
11066,1660,-189.453125,25000000.000
11067,1659,-189.941406,25000000.000
11068,1700,-169.921875,25000000.000
11069,1734,-153.320312,25000000.000
11070,1772,-134.765625,25000000.000
11071,1776,-132.812500,25000000.000
11072,1874,-84.960938,25000000.000
11073,1932,-56.640625,25000000.000
11074,1990,-28.320312,25000000.000
11075,1998,-24.414062,25000000.000
11076,2110,30.273438,25000000.000
11077,2171,60.058594,25000000.000
11078,2227,87.402344,25000000.000
11079,2233,90.332031,25000000.000
11080,2326,135.742188,25000000.000
11081,2363,153.808594,25000000.000
11082,2397,170.410156,25000000.000
11083,2397,170.410156,25000000.000
11084,2437,189.941406,25000000.000
11085,2441,191.894531,25000000.000
11086,2438,190.429688,25000000.000
11087,2437,189.941406,25000000.000
11088,2405,174.316406,25000000.000
11089,2377,160.644531,25000000.000
11090,2339,142.089844,25000000.000
11091,2332,138.671875,25000000.000
11092,2241,94.238281,25000000.000
11093,2191,69.824219,25000000.000
11094,2130,40.039062,25000000.000
11095,2126,38.085938,25000000.000
11096,2008,-19.531250,25000000.000
11097,1947,-49.316406,25000000.000
11098,1891,-76.660156,25000000.000
11099,1884,-80.078125,25000000.000
11100,1787,-127.441406,25000000.000
11101,1743,-148.925781,25000000.000
11102,1709,-165.527344,25000000.000
11103,1705,-167.480469,25000000.000
11104,1660,-189.453125,25000000.000
11105,1656,-191.406250,25000000.000
11106,1650,-194.335938,25000000.000
11107,1652,-193.359375,25000000.000
11108,1667,-186.035156,25000000.000
11109,1719,-160.644531,25000000.000
11110,1738,-151.367188,25000000.000
11111,1748,-146.484375,25000000.000
11112,1803,-119.628906,25000000.000
11113,1874,-84.960938,25000000.000
11114,1945,-50.292969,25000000.000
11115,1945,-50.292969,25000000.000
11116,2059,5.371094,25000000.000
11117,2118,34.179688,25000000.000
11118,2181,64.941406,25000000.000
11119,2183,65.917969,25000000.000
11120,2284,115.234375,25000000.000
11121,2330,137.695312,25000000.000
11122,2373,158.691406,25000000.000
11123,2374,159.179688,25000000.000
11124,2422,182.617188,25000000.000
11125,2440,191.406250,25000000.000
11126,2443,192.871094,25000000.000
11127,2444,193.359375,25000000.000
11128,2425,184.082031,25000000.000
11129,2403,173.339844,25000000.000
11130,2373,158.691406,25000000.000
11131,2371,157.714844,25000000.000
11132,2287,116.699219,25000000.000
11133,2235,91.308594,25000000.000
11134,2182,65.429688,25000000.000
11135,2174,61.523438,25000000.000
11136,2058,4.882812,25000000.000
11137,2002,-22.460938,25000000.000
11138,1939,-53.222656,25000000.000
11139,1935,-55.175781,25000000.000
11140,1830,-106.445312,25000000.000
11141,1780,-130.859375,25000000.000
11142,1739,-150.878906,25000000.000
11143,1737,-151.855469,25000000.000
11144,1682,-178.710938,25000000.000
11145,1658,-190.429688,25000000.000
11146,1653,-192.871094,25000000.000
11147,1650,-194.335938,25000000.000
11148,1662,-188.476562,25000000.000
11149,1680,-179.687500,25000000.000
11150,1710,-165.039062,25000000.000
11151,1713,-163.574219,25000000.000
11152,1788,-126.953125,25000000.000
11153,1837,-103.027344,25000000.000
11154,1889,-77.636719,25000000.000
11155,1895,-74.707031,25000000.000
11156,2009,-19.042969,25000000.000
11157,2071,11.230469,25000000.000
11158,2129,39.550781,25000000.000
11159,2136,42.968750,25000000.000
11160,2244,95.703125,25000000.000
11161,2293,119.628906,25000000.000
11162,2339,142.089844,25000000.000
11163,2344,144.531250,25000000.000
11164,2405,174.316406,25000000.000
11165,2425,184.082031,25000000.000
11166,2443,192.871094,25000000.000
11167,2441,191.894531,25000000.000
11168,2437,189.941406,25000000.000
11169,2423,183.105469,25000000.000
11170,2397,170.410156,25000000.000
11171,2394,168.945312,25000000.000
11172,2325,135.253906,25000000.000
11173,2278,112.304688,25000000.000
11174,2227,87.402344,25000000.000
11175,2222,84.960938,25000000.000
11176,2101,25.878906,25000000.000
11177,2049,0.488281,25000000.000
11178,1986,-30.273438,25000000.000
11179,1987,-29.785156,25000000.000
11180,1860,-91.796875,25000000.000
11181,1817,-112.792969,25000000.000
11182,1774,-133.789062,25000000.000
11183,1767,-137.207031,25000000.000
11184,1697,-171.386719,25000000.000
11185,1675,-182.128906,25000000.000
11186,1673,-183.105469,25000000.000
11187,1645,-196.777344,25000000.000
11188,1650,-194.335938,25000000.000
11189,1663,-187.988281,25000000.000
11190,1686,-176.757812,25000000.000
11191,1689,-175.292969,25000000.000
11192,1750,-145.507812,25000000.000
11193,1795,-123.535156,25000000.000
11194,1847,-98.144531,25000000.000
11195,1851,-96.191406,25000000.000
11196,1958,-43.945312,25000000.000
11197,2017,-15.136719,25000000.000
11198,2081,16.113281,25000000.000
11199,2084,17.578125,25000000.000
11200,2196,72.265625,25000000.000
11201,2250,98.632812,25000000.000
11202,2301,123.535156,25000000.000
11203,2305,125.488281,25000000.000
11204,2379,161.621094,25000000.000
11205,2410,176.757812,25000000.000
11206,2430,186.523438,25000000.000
11207,2431,187.011719,25000000.000
11208,2442,192.382812,25000000.000
11209,2438,190.429688,25000000.000
11210,2418,180.664062,25000000.000
11211,2419,181.152344,25000000.000
11212,2360,152.343750,25000000.000
11213,2319,132.324219,25000000.000
11214,2273,109.863281,25000000.000
11215,2268,107.421875,25000000.000
11216,2162,55.664062,25000000.000
11217,2102,26.367188,25000000.000
11218,2041,-3.417969,25000000.000
11219,2035,-6.347656,25000000.000
11220,1920,-62.500000,25000000.000
11221,1865,-89.355469,25000000.000
11222,1813,-114.746094,25000000.000
11223,1808,-117.187500,25000000.000
11224,1725,-157.714844,25000000.000
11225,1693,-173.339844,25000000.000
11226,1668,-185.546875,25000000.000
11227,1670,-184.570312,25000000.000
11228,1642,-198.242188,25000000.000
11229,1657,-190.917969,25000000.000
11230,1661,-188.964844,25000000.000
11231,1672,-183.593750,25000000.000
11232,1717,-161.621094,25000000.000
11233,1757,-142.089844,25000000.000
11234,1802,-120.117188,25000000.000
11235,1806,-118.164062,25000000.000
11236,1906,-69.335938,25000000.000
11237,1966,-40.039062,25000000.000
11238,2027,-10.253906,25000000.000
11239,2031,-8.300781,25000000.000
11240,2148,48.828125,25000000.000
11241,2207,77.636719,25000000.000
11242,2257,102.050781,25000000.000
11243,2264,105.468750,25000000.000
11244,2350,147.460938,25000000.000
11245,2385,164.550781,25000000.000
11246,2413,178.222656,25000000.000
11247,2416,179.687500,25000000.000
11248,2442,192.382812,25000000.000
11249,2442,192.382812,25000000.000
11250,2435,188.964844,25000000.000
11251,2431,187.011719,25000000.000
11252,2389,166.503906,25000000.000
11253,2354,149.414062,25000000.000
11254,2311,128.417969,25000000.000
11255,2306,125.976562,25000000.000
11256,2209,78.613281,25000000.000
11257,2153,51.269531,25000000.000
11258,2091,20.996094,25000000.000
11259,2087,19.042969,25000000.000
11260,1971,-37.597656,25000000.000
11261,1912,-66.406250,25000000.000
11262,1854,-94.726562,25000000.000
11263,1853,-95.214844,25000000.000
11264,1759,-141.113281,25000000.000
11265,1720,-160.156250,25000000.000
11266,1691,-174.316406,25000000.000
11267,1686,-176.757812,25000000.000
11268,1655,-191.894531,25000000.000
11269,1649,-194.824219,25000000.000
11270,1654,-192.382812,25000000.000
11271,1655,-191.894531,25000000.000
11272,1693,-173.339844,25000000.000
11273,1724,-158.203125,25000000.000
11274,1762,-139.648438,25000000.000
11275,1767,-137.207031,25000000.000
11276,1862,-90.820312,25000000.000
11277,1914,-65.429688,25000000.000
11278,1975,-35.644531,25000000.000
11279,1982,-32.226562,25000000.000
11280,2097,23.925781,25000000.000
11281,2155,52.246094,25000000.000
11282,2214,81.054688,25000000.000
11283,2218,83.007812,25000000.000
11284,2311,128.417969,25000000.000
11285,2355,149.902344,25000000.000
11286,2397,170.410156,25000000.000
11287,2400,171.875000,25000000.000
11288,2432,187.500000,25000000.000
11289,2447,194.824219,25000000.000
11290,2441,191.894531,25000000.000
11291,2441,191.894531,25000000.000
11292,2411,177.246094,25000000.000
11293,2386,165.039062,25000000.000
11294,2349,146.972656,25000000.000
11295,2347,145.996094,25000000.000
11296,2257,102.050781,25000000.000
11297,2203,75.683594,25000000.000
11298,2144,46.875000,25000000.000
11299,2136,42.968750,25000000.000
11300,2024,-11.718750,25000000.000
11301,1962,-41.992188,25000000.000
11302,1903,-70.800781,25000000.000
11303,1897,-73.730469,25000000.000
11304,1797,-122.558594,25000000.000
11305,1754,-143.554688,25000000.000
11306,1715,-162.597656,25000000.000
11307,1714,-163.085938,25000000.000
11308,1665,-187.011719,25000000.000
11309,1655,-191.894531,25000000.000
11310,1650,-194.335938,25000000.000
11311,1651,-193.847656,25000000.000
11312,1671,-184.082031,25000000.000
11313,1698,-170.898438,25000000.000
11314,1730,-155.273438,25000000.000
11315,1734,-153.320312,25000000.000
11316,1821,-110.839844,25000000.000
11317,1867,-88.378906,25000000.000
11318,1926,-59.570312,25000000.000
11319,1930,-57.617188,25000000.000
11320,2045,-1.464844,25000000.000
11321,2105,27.832031,25000000.000
11322,2162,55.664062,25000000.000
11323,2174,61.523438,25000000.000
11324,2275,110.839844,25000000.000
11325,2323,134.277344,25000000.000
11326,2361,152.832031,25000000.000
11327,2366,155.273438,25000000.000
11328,2420,181.640625,25000000.000
11329,2437,189.941406,25000000.000
11330,2443,192.871094,25000000.000
11331,2444,193.359375,25000000.000
11332,2431,187.011719,25000000.000
11333,2408,175.781250,25000000.000
11334,2380,162.109375,25000000.000
11335,2376,160.156250,25000000.000
11336,2298,122.070312,25000000.000
11337,2250,98.632812,25000000.000
11338,2193,70.800781,25000000.000
11339,2187,67.871094,25000000.000
11340,2075,13.183594,25000000.000
11341,2016,-15.625000,25000000.000
11342,1950,-47.851562,25000000.000
11343,1944,-50.781250,25000000.000
11344,1841,-101.074219,25000000.000
11345,1788,-126.953125,25000000.000
11346,1748,-146.484375,25000000.000
11347,1745,-147.949219,25000000.000
11348,1684,-177.734375,25000000.000
11349,1661,-188.964844,25000000.000
11350,1652,-193.359375,25000000.000
11351,1650,-194.335938,25000000.000
11352,1659,-189.941406,25000000.000
11353,1675,-182.128906,25000000.000
11354,1701,-169.433594,25000000.000
11355,1704,-167.968750,25000000.000
11356,1777,-132.324219,25000000.000
11357,1827,-107.910156,25000000.000
11358,1877,-83.496094,25000000.000
11359,1884,-80.078125,25000000.000
11360,1996,-25.390625,25000000.000
11361,2055,3.417969,25000000.000
11362,2117,33.691406,25000000.000
11363,2123,36.621094,25000000.000
11364,2233,90.332031,25000000.000
11365,2282,114.257812,25000000.000
11366,2330,137.695312,25000000.000
11367,2332,138.671875,25000000.000
11368,2399,171.386719,25000000.000
11369,2424,183.593750,25000000.000
11370,2438,190.429688,25000000.000
11371,2437,189.941406,25000000.000
11372,2438,190.429688,25000000.000
11373,2428,185.546875,25000000.000
11374,2402,172.851562,25000000.000
11375,2402,172.851562,25000000.000
11376,2334,139.648438,25000000.000
11377,2294,120.117188,25000000.000
11378,2242,94.726562,25000000.000
11379,2238,92.773438,25000000.000
11380,2128,39.062500,25000000.000
11381,2050,0.976562,25000000.000
11382,2024,-11.718750,25000000.000
11383,1997,-24.902344,25000000.000
11384,1893,-75.683594,25000000.000
11385,1822,-110.351562,25000000.000
11386,1783,-129.394531,25000000.000
11387,1774,-133.789062,25000000.000
11388,1714,-163.085938,25000000.000
11389,1676,-181.640625,25000000.000
11390,1660,-189.453125,25000000.000
11391,1660,-189.453125,25000000.000
11392,1652,-193.359375,25000000.000
11393,1660,-189.453125,25000000.000
11394,1678,-180.664062,25000000.000
11395,1681,-179.199219,25000000.000
11396,1740,-150.390625,25000000.000
11397,1783,-129.394531,25000000.000
11398,1831,-105.957031,25000000.000
11399,1836,-103.515625,25000000.000
11400,1944,-50.781250,25000000.000
11401,2001,-22.949219,25000000.000
11402,2063,7.324219,25000000.000
11403,2069,10.253906,25000000.000
11404,2182,65.429688,25000000.000
11405,2238,92.773438,25000000.000
11406,2289,117.675781,25000000.000
11407,2292,119.140625,25000000.000
11408,2372,158.203125,25000000.000
11409,2404,173.828125,25000000.000
11410,2423,183.105469,25000000.000
11411,2427,185.058594,25000000.000
11412,2443,192.871094,25000000.000
11413,2439,190.917969,25000000.000
11414,2423,183.105469,25000000.000
11415,2421,182.128906,25000000.000
11416,2371,157.714844,25000000.000
11417,2329,137.207031,25000000.000
11418,2283,114.746094,25000000.000
11419,2278,112.304688,25000000.000
11420,2175,62.011719,25000000.000
11421,2117,33.691406,25000000.000
11422,2055,3.417969,25000000.000
11423,2050,0.976562,25000000.000
11424,1934,-55.664062,25000000.000
11425,1879,-82.519531,25000000.000
11426,1825,-108.886719,25000000.000
11427,1820,-111.328125,25000000.000
11428,1735,-152.832031,25000000.000
11429,1700,-169.921875,25000000.000
11430,1675,-182.128906,25000000.000
11431,1674,-182.617188,25000000.000
11432,1651,-193.847656,25000000.000
11433,1649,-194.824219,25000000.000
11434,1662,-188.476562,25000000.000
11435,1662,-188.476562,25000000.000
11436,1710,-165.039062,25000000.000
11437,1747,-146.972656,25000000.000
11438,1789,-126.464844,25000000.000
11439,1794,-124.023438,25000000.000
11440,1892,-76.171875,25000000.000
11441,1953,-46.386719,25000000.000
11442,2011,-18.066406,25000000.000
11443,2019,-14.160156,25000000.000
11444,2133,41.503906,25000000.000
11445,2190,69.335938,25000000.000
11446,2246,96.679688,25000000.000
11447,2250,98.632812,25000000.000
11448,2341,143.066406,25000000.000
11449,2375,159.667969,25000000.000
11450,2408,175.781250,25000000.000
11451,2409,176.269531,25000000.000
11452,2439,190.917969,25000000.000
11453,2444,193.359375,25000000.000
11454,2434,188.476562,25000000.000
11455,2433,187.988281,25000000.000
11456,2396,169.921875,25000000.000
11457,2364,154.296875,25000000.000
11458,2320,132.812500,25000000.000
11459,2319,132.324219,25000000.000
11460,2225,86.425781,25000000.000
11461,2165,57.128906,25000000.000
11462,2108,29.296875,25000000.000
11463,2103,26.855469,25000000.000
11464,1987,-29.785156,25000000.000
11465,1925,-60.058594,25000000.000
11466,1871,-86.425781,25000000.000
11467,1864,-89.843750,25000000.000
11468,1771,-135.253906,25000000.000
11469,1732,-154.296875,25000000.000
11470,1694,-172.851562,25000000.000
11471,1694,-172.851562,25000000.000
11472,1656,-191.406250,25000000.000
11473,1652,-193.359375,25000000.000
11474,1652,-193.359375,25000000.000
11475,1650,-194.335938,25000000.000
11476,1685,-177.246094,25000000.000
11477,1716,-162.109375,25000000.000
11478,1752,-144.531250,25000000.000
11479,1757,-142.089844,25000000.000
11480,1848,-97.656250,25000000.000
11481,1902,-71.289062,25000000.000
11482,1963,-41.503906,25000000.000
11483,1966,-40.039062,25000000.000
11484,2082,16.601562,25000000.000
11485,2141,45.410156,25000000.000
11486,2199,73.730469,25000000.000
11487,2205,76.660156,25000000.000
11488,2302,124.023438,25000000.000
11489,2347,145.996094,25000000.000
11490,2380,162.109375,25000000.000
11491,2385,164.550781,25000000.000
11492,2428,185.546875,25000000.000
11493,2441,191.894531,25000000.000
11494,2442,192.382812,25000000.000
11495,2443,192.871094,25000000.000
11496,2418,180.664062,25000000.000
11497,2390,166.992188,25000000.000
11498,2359,151.855469,25000000.000
11499,2354,149.414062,25000000.000
11500,2269,107.910156,25000000.000
11501,2216,82.031250,25000000.000
11502,2158,53.710938,25000000.000
11503,2151,50.292969,25000000.000
11504,2037,-5.371094,25000000.000
11505,1979,-33.691406,25000000.000
11506,1917,-63.964844,25000000.000
11507,1912,-66.406250,25000000.000
11508,1809,-116.699219,25000000.000
11509,1767,-137.207031,25000000.000
11510,1724,-158.203125,25000000.000
11511,1723,-158.691406,25000000.000
11512,1670,-184.570312,25000000.000
11513,1656,-191.406250,25000000.000
11514,1650,-194.335938,25000000.000
11515,1649,-194.824219,25000000.000
11516,1673,-183.105469,25000000.000
11517,1690,-174.804688,25000000.000
11518,1722,-159.179688,25000000.000
11519,1722,-159.179688,25000000.000
11520,1804,-119.140625,25000000.000
11521,1855,-94.238281,25000000.000
11522,1911,-66.894531,25000000.000
11523,1917,-63.964844,25000000.000
11524,2030,-8.789062,25000000.000
11525,2091,20.996094,25000000.000
11526,2151,50.292969,25000000.000
11527,2158,53.710938,25000000.000
11528,2263,104.980469,25000000.000
11529,2310,127.929688,25000000.000
11530,2354,149.414062,25000000.000
11531,2355,149.902344,25000000.000
11532,2423,183.105469,25000000.000
11533,2446,194.335938,25000000.000
11534,2440,191.406250,25000000.000
11535,2446,194.335938,25000000.000
11536,2433,187.988281,25000000.000
11537,2415,179.199219,25000000.000
11538,2386,165.039062,25000000.000
11539,2384,164.062500,25000000.000
11540,2308,126.953125,25000000.000
11541,2263,104.980469,25000000.000
11542,2206,77.148438,25000000.000
11543,2202,75.195312,25000000.000
11544,2091,20.996094,25000000.000
11545,2029,-9.277344,25000000.000
11546,1969,-38.574219,25000000.000
11547,1965,-40.527344,25000000.000
11548,1855,-94.238281,25000000.000
11549,1802,-120.117188,25000000.000
11550,1759,-141.113281,25000000.000
11551,1754,-143.554688,25000000.000
11552,1689,-175.292969,25000000.000
11553,1667,-186.035156,25000000.000
11554,1655,-191.894531,25000000.000
11555,1652,-193.359375,25000000.000
11556,1652,-193.359375,25000000.000
11557,1673,-183.105469,25000000.000
11558,1692,-173.828125,25000000.000
11559,1701,-169.433594,25000000.000
11560,1769,-136.230469,25000000.000
11561,1814,-114.257812,25000000.000
11562,1858,-92.773438,25000000.000
11563,1865,-89.355469,25000000.000
11564,1982,-32.226562,25000000.000
11565,2036,-5.859375,25000000.000
11566,2101,25.878906,25000000.000
11567,2106,28.320312,25000000.000
11568,2217,82.519531,25000000.000
11569,2269,107.910156,25000000.000
11570,2318,131.835938,25000000.000
11571,2318,131.835938,25000000.000
11572,2391,167.480469,25000000.000
11573,2421,182.128906,25000000.000
11574,2432,187.500000,25000000.000
11575,2428,185.546875,25000000.000
11576,2442,192.382812,25000000.000
11577,2430,186.523438,25000000.000
11578,2412,177.734375,25000000.000
11579,2409,176.269531,25000000.000
11580,2346,145.507812,25000000.000
11581,2301,123.535156,25000000.000
11582,2255,101.074219,25000000.000
11583,2247,97.167969,25000000.000
11584,2143,46.386719,25000000.000
11585,2083,17.089844,25000000.000
11586,2020,-13.671875,25000000.000
11587,2013,-17.089844,25000000.000
11588,1902,-71.289062,25000000.000
11589,1850,-96.679688,25000000.000
11590,1796,-123.046875,25000000.000
11591,1797,-122.558594,25000000.000
11592,1715,-162.597656,25000000.000
11593,1686,-176.757812,25000000.000
11594,1665,-187.011719,25000000.000
11595,1665,-187.011719,25000000.000
11596,1651,-193.847656,25000000.000
11597,1658,-190.429688,25000000.000
11598,1673,-183.105469,25000000.000
11599,1675,-182.128906,25000000.000
11600,1732,-154.296875,25000000.000
11601,1773,-134.277344,25000000.000
11602,1819,-111.816406,25000000.000
11603,1823,-109.863281,25000000.000
11604,1928,-58.593750,25000000.000
11605,1989,-28.808594,25000000.000
11606,2048,0.000000,25000000.000
11607,2054,2.929688,25000000.000
11608,2169,59.082031,25000000.000
11609,2224,85.937500,25000000.000
11610,2276,111.328125,25000000.000
11611,2283,114.746094,25000000.000
11612,2362,153.320312,25000000.000
11613,2393,168.457031,25000000.000
11614,2424,183.593750,25000000.000
11615,2422,182.617188,25000000.000
11616,2443,192.871094,25000000.000
11617,2440,191.406250,25000000.000
11618,2428,185.546875,25000000.000
11619,2427,185.058594,25000000.000
11620,2376,160.156250,25000000.000
11621,2339,142.089844,25000000.000
11622,2296,121.093750,25000000.000
11623,2292,119.140625,25000000.000
11624,2189,68.847656,25000000.000
11625,2132,41.015625,25000000.000
11626,2071,11.230469,25000000.000
11627,2064,7.812500,25000000.000
11628,1951,-47.363281,25000000.000
11629,1891,-76.660156,25000000.000
11630,1838,-102.539062,25000000.000
11631,1832,-105.468750,25000000.000
11632,1746,-147.460938,25000000.000
11633,1708,-166.015625,25000000.000
11634,1682,-178.710938,25000000.000
11635,1677,-181.152344,25000000.000
11636,1650,-194.335938,25000000.000
11637,1650,-194.335938,25000000.000
11638,1659,-189.941406,25000000.000
11639,1661,-188.964844,25000000.000
11640,1700,-169.921875,25000000.000
11641,1738,-151.367188,25000000.000
11642,1778,-131.835938,25000000.000
11643,1783,-129.394531,25000000.000
11644,1880,-82.031250,25000000.000
11645,1936,-54.687500,25000000.000
11646,1997,-24.902344,25000000.000
11647,2002,-22.460938,25000000.000
11648,2118,34.179688,25000000.000
11649,2176,62.500000,25000000.000
11650,2233,90.332031,25000000.000
11651,2237,92.285156,25000000.000
11652,2329,137.207031,25000000.000
11653,2369,156.738281,25000000.000
11654,2398,170.898438,25000000.000
11655,2400,171.875000,25000000.000
11656,2435,188.964844,25000000.000
11657,2445,193.847656,25000000.000
11658,2437,189.941406,25000000.000
11659,2439,190.917969,25000000.000
11660,2403,173.339844,25000000.000
11661,2372,158.203125,25000000.000
11662,2332,138.671875,25000000.000
11663,2330,137.695312,25000000.000
11664,2237,92.285156,25000000.000
11665,2179,63.964844,25000000.000
11666,2123,36.621094,25000000.000
11667,2116,33.203125,25000000.000
11668,2002,-22.460938,25000000.000
11669,1941,-52.246094,25000000.000
11670,1883,-80.566406,25000000.000
11671,1876,-83.984375,25000000.000
11672,1781,-130.371094,25000000.000
11673,1741,-149.902344,25000000.000
11674,1703,-168.457031,25000000.000
11675,1701,-169.433594,25000000.000
11676,1660,-189.453125,25000000.000
11677,1652,-193.359375,25000000.000
11678,1652,-193.359375,25000000.000
11679,1652,-193.359375,25000000.000
11680,1679,-180.175781,25000000.000
11681,1707,-166.503906,25000000.000
11682,1742,-149.414062,25000000.000
11683,1744,-148.437500,25000000.000
11684,1835,-104.003906,25000000.000
11685,1888,-78.125000,25000000.000
11686,1944,-50.781250,25000000.000
11687,1951,-47.363281,25000000.000
11688,2067,9.277344,25000000.000
11689,2127,38.574219,25000000.000
11690,2185,66.894531,25000000.000
11691,2192,70.312500,25000000.000
11692,2291,118.652344,25000000.000
11693,2335,140.136719,25000000.000
11694,2374,159.179688,25000000.000
11695,2378,161.132812,25000000.000
11696,2424,183.593750,25000000.000
11697,2438,190.429688,25000000.000
11698,2446,194.335938,25000000.000
11699,2442,192.382812,25000000.000
11700,2423,183.105469,25000000.000
11701,2398,170.898438,25000000.000
11702,2366,155.273438,25000000.000
11703,2362,153.320312,25000000.000
11704,2282,114.257812,25000000.000
11705,2230,88.867188,25000000.000
11706,2173,61.035156,25000000.000
11707,2169,59.082031,25000000.000
11708,2052,1.953125,25000000.000
11709,1993,-26.855469,25000000.000
11710,1935,-55.175781,25000000.000
11711,1930,-57.617188,25000000.000
11712,1823,-109.863281,25000000.000
11713,1775,-133.300781,25000000.000
11714,1736,-152.343750,25000000.000
11715,1729,-155.761719,25000000.000
11716,1675,-182.128906,25000000.000
11717,1657,-190.917969,25000000.000
11718,1649,-194.824219,25000000.000
11719,1649,-194.824219,25000000.000
11720,1662,-188.476562,25000000.000
11721,1684,-177.734375,25000000.000
11722,1711,-164.550781,25000000.000
11723,1714,-163.085938,25000000.000
11724,1791,-125.488281,25000000.000
11725,1842,-100.585938,25000000.000
11726,1897,-73.730469,25000000.000
11727,1903,-70.800781,25000000.000
11728,2016,-15.625000,25000000.000
11729,2076,13.671875,25000000.000
11730,2136,42.968750,25000000.000
11731,2143,46.386719,25000000.000
11732,2249,98.144531,25000000.000
11733,2298,122.070312,25000000.000
11734,2343,144.042969,25000000.000
11735,2345,145.019531,25000000.000
11736,2408,175.781250,25000000.000
11737,2430,186.523438,25000000.000
11738,2440,191.406250,25000000.000
11739,2442,192.382812,25000000.000
11740,2436,189.453125,25000000.000
11741,2421,182.128906,25000000.000
11742,2396,169.921875,25000000.000
11743,2394,168.945312,25000000.000
11744,2322,133.789062,25000000.000
11745,2274,110.351562,25000000.000
11746,2222,84.960938,25000000.000
11747,2214,81.054688,25000000.000
11748,2106,28.320312,25000000.000
11749,2042,-2.929688,25000000.000
11750,1983,-31.738281,25000000.000
11751,1978,-34.179688,25000000.000
11752,1867,-88.378906,25000000.000
11753,1817,-112.792969,25000000.000
11754,1768,-136.718750,25000000.000
11755,1764,-138.671875,25000000.000
11756,1694,-172.851562,25000000.000
11757,1674,-182.617188,25000000.000
11758,1656,-191.406250,25000000.000
11759,1656,-191.406250,25000000.000
11760,1653,-192.871094,25000000.000
11761,1668,-185.546875,25000000.000
11762,1689,-175.292969,25000000.000
11763,1692,-173.828125,25000000.000
11764,1756,-142.578125,25000000.000
11765,1799,-121.582031,25000000.000
11766,1854,-94.726562,25000000.000
11767,1857,-93.261719,25000000.000
11768,1966,-40.039062,25000000.000
11769,2027,-10.253906,25000000.000
11770,2085,18.066406,25000000.000
11771,2090,20.507812,25000000.000
11772,2203,75.683594,25000000.000
11773,2258,102.539062,25000000.000
11774,2304,125.000000,25000000.000
11775,2310,127.929688,25000000.000
11776,2385,164.550781,25000000.000
11777,2412,177.734375,25000000.000
11778,2435,188.964844,25000000.000
11779,2435,188.964844,25000000.000
11780,2444,193.359375,25000000.000
11781,2433,187.988281,25000000.000
11782,2418,180.664062,25000000.000
11783,2418,180.664062,25000000.000
11784,2353,148.925781,25000000.000
11785,2316,130.859375,25000000.000
11786,2266,106.445312,25000000.000
11787,2260,103.515625,25000000.000
11788,2149,49.316406,25000000.000
11789,2096,23.437500,25000000.000
11790,2034,-6.835938,25000000.000
11791,2032,-7.812500,25000000.000
11792,1915,-64.941406,25000000.000
11793,1861,-91.308594,25000000.000
11794,1807,-117.675781,25000000.000
11795,1802,-120.117188,25000000.000
11796,1723,-158.691406,25000000.000
11797,1691,-174.316406,25000000.000
11798,1669,-185.058594,25000000.000
11799,1666,-186.523438,25000000.000
11800,1654,-192.382812,25000000.000
11801,1660,-189.453125,25000000.000
11802,1672,-183.593750,25000000.000
11803,1667,-186.035156,25000000.000
11804,1716,-162.109375,25000000.000
11805,1776,-132.812500,25000000.000
11806,1804,-119.140625,25000000.000
11807,1807,-117.675781,25000000.000
11808,1908,-68.359375,25000000.000
11809,1977,-34.667969,25000000.000
11810,2032,-7.812500,25000000.000
11811,2041,-3.417969,25000000.000
11812,2153,51.269531,25000000.000
11813,2211,79.589844,25000000.000
11814,2265,105.957031,25000000.000
11815,2268,107.421875,25000000.000
11816,2354,149.414062,25000000.000
11817,2388,166.015625,25000000.000
11818,2413,178.222656,25000000.000
11819,2416,179.687500,25000000.000
11820,2441,191.894531,25000000.000
11821,2443,192.871094,25000000.000
11822,2431,187.011719,25000000.000
11823,2430,186.523438,25000000.000
11824,2383,163.574219,25000000.000
11825,2349,146.972656,25000000.000
11826,2307,126.464844,25000000.000
11827,2303,124.511719,25000000.000
11828,2204,76.171875,25000000.000
11829,2146,47.851562,25000000.000
11830,2087,19.042969,25000000.000
11831,2081,16.113281,25000000.000
11832,1966,-40.039062,25000000.000
11833,1906,-69.335938,25000000.000
11834,1853,-95.214844,25000000.000
11835,1845,-99.121094,25000000.000
11836,1754,-143.554688,25000000.000
11837,1718,-161.132812,25000000.000
11838,1687,-176.269531,25000000.000
11839,1685,-177.246094,25000000.000
11840,1652,-193.359375,25000000.000
11841,1653,-192.871094,25000000.000
11842,1657,-190.917969,25000000.000
11843,1643,-197.753906,25000000.000
11844,1710,-165.039062,25000000.000
11845,1741,-149.902344,25000000.000
11846,1766,-137.695312,25000000.000
11847,1763,-139.160156,25000000.000
11848,1860,-91.796875,25000000.000
11849,1919,-62.988281,25000000.000
11850,1980,-33.203125,25000000.000
11851,1986,-30.273438,25000000.000
11852,2102,26.367188,25000000.000
11853,2162,55.664062,25000000.000
11854,2220,83.984375,25000000.000
11855,2222,84.960938,25000000.000
11856,2318,131.835938,25000000.000
11857,2360,152.343750,25000000.000
11858,2393,168.457031,25000000.000
11859,2396,169.921875,25000000.000
11860,2435,188.964844,25000000.000
11861,2441,191.894531,25000000.000
11862,2440,191.406250,25000000.000
11863,2441,191.894531,25000000.000
11864,2411,177.246094,25000000.000
11865,2378,161.132812,25000000.000
11866,2345,145.019531,25000000.000
11867,2340,142.578125,25000000.000
11868,2250,98.632812,25000000.000
11869,2197,72.753906,25000000.000
11870,2129,39.550781,25000000.000
11871,2131,40.527344,25000000.000
11872,2014,-16.601562,25000000.000
11873,1969,-38.574219,25000000.000
11874,1892,-76.171875,25000000.000
11875,1891,-76.660156,25000000.000
11876,1790,-125.976562,25000000.000
11877,1750,-145.507812,25000000.000
11878,1720,-160.156250,25000000.000
11879,1713,-163.574219,25000000.000
11880,1659,-189.941406,25000000.000
11881,1651,-193.847656,25000000.000
11882,1652,-193.359375,25000000.000
11883,1648,-195.312500,25000000.000
11884,1674,-182.617188,25000000.000
11885,1700,-169.921875,25000000.000
11886,1734,-153.320312,25000000.000
11887,1735,-152.832031,25000000.000
11888,1821,-110.839844,25000000.000
11889,1875,-84.472656,25000000.000
11890,1930,-57.617188,25000000.000
11891,1939,-53.222656,25000000.000
11892,2051,1.464844,25000000.000
11893,2112,31.250000,25000000.000
11894,2172,60.546875,25000000.000
11895,2179,63.964844,25000000.000
11896,2280,113.281250,25000000.000
11897,2323,134.277344,25000000.000
11898,2367,155.761719,25000000.000
11899,2369,156.738281,25000000.000
11900,2421,182.128906,25000000.000
11901,2438,190.429688,25000000.000
11902,2443,192.871094,25000000.000
11903,2442,192.382812,25000000.000
11904,2428,185.546875,25000000.000
11905,2406,174.804688,25000000.000
11906,2375,159.667969,25000000.000
11907,2373,158.691406,25000000.000
11908,2292,119.140625,25000000.000
11909,2243,95.214844,25000000.000
11910,2191,69.824219,25000000.000
11911,2184,66.406250,25000000.000
11912,2068,9.765625,25000000.000
11913,2008,-19.531250,25000000.000
11914,1949,-48.339844,25000000.000
11915,1940,-52.734375,25000000.000
11916,1838,-102.539062,25000000.000
11917,1790,-125.976562,25000000.000
11918,1743,-148.925781,25000000.000
11919,1737,-151.855469,25000000.000
11920,1681,-179.199219,25000000.000
11921,1661,-188.964844,25000000.000
11922,1653,-192.871094,25000000.000
11923,1649,-194.824219,25000000.000
11924,1660,-189.453125,25000000.000
11925,1677,-181.152344,25000000.000
11926,1705,-167.480469,25000000.000
11927,1709,-165.527344,25000000.000
11928,1782,-129.882812,25000000.000
11929,1830,-106.445312,25000000.000
11930,1885,-79.589844,25000000.000
11931,1890,-77.148438,25000000.000
11932,2000,-23.437500,25000000.000
11933,2061,6.347656,25000000.000
11934,2120,35.156250,25000000.000
11935,2125,37.597656,25000000.000
11936,2230,88.867188,25000000.000
11937,2285,115.722656,25000000.000
11938,2338,141.601562,25000000.000
11939,2342,143.554688,25000000.000
11940,2398,170.898438,25000000.000
11941,2427,185.058594,25000000.000
11942,2439,190.917969,25000000.000
11943,2441,191.894531,25000000.000
11944,2438,190.429688,25000000.000
11945,2425,184.082031,25000000.000
11946,2404,173.828125,25000000.000
11947,2400,171.875000,25000000.000
11948,2333,139.160156,25000000.000
11949,2286,116.210938,25000000.000
11950,2234,90.820312,25000000.000
11951,2228,87.890625,25000000.000
11952,2121,35.644531,25000000.000
11953,2060,5.859375,25000000.000
11954,1998,-24.414062,25000000.000
11955,1992,-27.343750,25000000.000
11956,1881,-81.542969,25000000.000
11957,1830,-106.445312,25000000.000
11958,1780,-130.859375,25000000.000
11959,1775,-133.300781,25000000.000
11960,1704,-167.968750,25000000.000
11961,1677,-181.152344,25000000.000
11962,1659,-189.941406,25000000.000
11963,1658,-190.429688,25000000.000
11964,1652,-193.359375,25000000.000
11965,1660,-189.453125,25000000.000
11966,1682,-178.710938,25000000.000
11967,1684,-177.734375,25000000.000
11968,1744,-148.437500,25000000.000
11969,1789,-126.464844,25000000.000
11970,1837,-103.027344,25000000.000
11971,1843,-100.097656,25000000.000
11972,1948,-48.828125,25000000.000
11973,2010,-18.554688,25000000.000
11974,2069,10.253906,25000000.000
11975,2078,14.648438,25000000.000
11976,2189,68.847656,25000000.000
11977,2244,95.703125,25000000.000
11978,2295,120.605469,25000000.000
11979,2301,123.535156,25000000.000
11980,2376,160.156250,25000000.000
11981,2404,173.828125,25000000.000
11982,2428,185.546875,25000000.000
11983,2428,185.546875,25000000.000
11984,2443,192.871094,25000000.000
11985,2438,190.429688,25000000.000
11986,2420,181.640625,25000000.000
11987,2418,180.664062,25000000.000
11988,2365,154.785156,25000000.000
11989,2325,135.253906,25000000.000
11990,2277,111.816406,25000000.000
11991,2276,111.328125,25000000.000
11992,2169,59.082031,25000000.000
11993,2108,29.296875,25000000.000
11994,2052,1.953125,25000000.000
11995,2041,-3.417969,25000000.000
11996,1933,-56.152344,25000000.000
11997,1872,-85.937500,25000000.000
11998,1820,-111.328125,25000000.000
11999,1813,-114.746094,25000000.000
12000,1733,-153.808594,25000000.000
12001,1697,-171.386719,25000000.000
12002,1670,-184.570312,25000000.000
12003,1670,-184.570312,25000000.000
12004,1649,-194.824219,25000000.000
12005,1652,-193.359375,25000000.000
12006,1662,-188.476562,25000000.000
12007,1666,-186.523438,25000000.000
12008,1713,-163.574219,25000000.000
12009,1752,-144.531250,25000000.000
12010,1795,-123.535156,25000000.000
12011,1801,-120.605469,25000000.000
12012,1902,-71.289062,25000000.000
12013,1958,-43.945312,25000000.000
12014,2020,-13.671875,25000000.000
12015,2025,-11.230469,25000000.000
12016,2140,44.921875,25000000.000
12017,2199,73.730469,25000000.000
12018,2251,99.121094,25000000.000
12019,2256,101.562500,25000000.000
12020,2345,145.019531,25000000.000
12021,2381,162.597656,25000000.000
12022,2407,175.292969,25000000.000
12023,2413,178.222656,25000000.000
12024,2440,191.406250,25000000.000
12025,2442,192.382812,25000000.000
12026,2435,188.964844,25000000.000
12027,2434,188.476562,25000000.000
12028,2393,168.457031,25000000.000
12029,2359,151.855469,25000000.000
12030,2320,132.812500,25000000.000
12031,2315,130.371094,25000000.000
12032,2218,83.007812,25000000.000
12033,2162,55.664062,25000000.000
12034,2102,26.367188,25000000.000
12035,2094,22.460938,25000000.000
12036,1980,-33.203125,25000000.000
12037,1921,-62.011719,25000000.000
12038,1863,-90.332031,25000000.000
12039,1856,-93.750000,25000000.000
12040,1764,-138.671875,25000000.000
12041,1727,-156.738281,25000000.000
12042,1694,-172.851562,25000000.000
12043,1692,-173.828125,25000000.000
12044,1654,-192.382812,25000000.000
12045,1647,-195.800781,25000000.000
12046,1654,-192.382812,25000000.000
12047,1654,-192.382812,25000000.000
12048,1690,-174.804688,25000000.000
12049,1719,-160.644531,25000000.000
12050,1756,-142.578125,25000000.000
12051,1761,-140.136719,25000000.000
12052,1853,-95.214844,25000000.000
12053,1908,-68.359375,25000000.000
12054,1966,-40.039062,25000000.000
12055,1973,-36.621094,25000000.000
12056,2086,18.554688,25000000.000
12057,2149,49.316406,25000000.000
12058,2206,77.148438,25000000.000
12059,2211,79.589844,25000000.000
12060,2307,126.464844,25000000.000
12061,2350,147.460938,25000000.000
12062,2385,164.550781,25000000.000
12063,2390,166.992188,25000000.000
12064,2434,188.476562,25000000.000
12065,2440,191.406250,25000000.000
12066,2442,192.382812,25000000.000
12067,2440,191.406250,25000000.000
12068,2415,179.199219,25000000.000
12069,2390,166.992188,25000000.000
12070,2353,148.925781,25000000.000
12071,2348,146.484375,25000000.000
12072,2263,104.980469,25000000.000
12073,2212,80.078125,25000000.000
12074,2153,51.269531,25000000.000
12075,2146,47.851562,25000000.000
12076,2032,-7.812500,25000000.000
12077,1971,-37.597656,25000000.000
12078,1913,-65.917969,25000000.000
12079,1906,-69.335938,25000000.000
12080,1803,-119.628906,25000000.000
12081,1755,-143.066406,25000000.000
12082,1723,-158.691406,25000000.000
12083,1715,-162.597656,25000000.000
12084,1666,-186.523438,25000000.000
12085,1653,-192.871094,25000000.000
12086,1649,-194.824219,25000000.000
12087,1649,-194.824219,25000000.000
12088,1668,-185.546875,25000000.000
12089,1693,-173.339844,25000000.000
12090,1723,-158.691406,25000000.000
12091,1728,-156.250000,25000000.000
12092,1811,-115.722656,25000000.000
12093,1861,-91.308594,25000000.000
12094,1917,-63.964844,25000000.000
12095,1924,-60.546875,25000000.000
12096,2039,-4.394531,25000000.000
12097,2096,23.437500,25000000.000
12098,2158,53.710938,25000000.000
12099,2163,56.152344,25000000.000
12100,2267,106.933594,25000000.000
12101,2315,130.371094,25000000.000
12102,2356,150.390625,25000000.000
12103,2358,151.367188,25000000.000
12104,2416,179.687500,25000000.000
12105,2437,189.941406,25000000.000
12106,2441,191.894531,25000000.000
12107,2444,193.359375,25000000.000
12108,2431,187.011719,25000000.000
12109,2413,178.222656,25000000.000
12110,2384,164.062500,25000000.000
12111,2380,162.109375,25000000.000
12112,2298,122.070312,25000000.000
12113,2262,104.492188,25000000.000
12114,2211,79.589844,25000000.000
12115,2178,63.476562,25000000.000
12116,2067,9.277344,25000000.000
12117,2020,-13.671875,25000000.000
12118,1968,-39.062500,25000000.000
12119,1954,-45.898438,25000000.000
12120,1849,-97.167969,25000000.000
12121,1797,-122.558594,25000000.000
12122,1757,-142.089844,25000000.000
12123,1751,-145.019531,25000000.000
12124,1681,-179.199219,25000000.000
12125,1668,-185.546875,25000000.000
12126,1661,-188.964844,25000000.000
12127,1657,-190.917969,25000000.000
12128,1641,-198.730469,25000000.000
12129,1686,-176.757812,25000000.000
12130,1695,-172.363281,25000000.000
12131,1708,-166.015625,25000000.000
12132,1768,-136.718750,25000000.000
12133,1824,-109.375000,25000000.000
12134,1867,-88.378906,25000000.000
12135,1875,-84.472656,25000000.000
12136,1984,-31.250000,25000000.000
12137,2048,0.000000,25000000.000
12138,2107,28.808594,25000000.000
12139,2116,33.203125,25000000.000
12140,2222,84.960938,25000000.000
12141,2277,111.816406,25000000.000
12142,2322,133.789062,25000000.000
12143,2329,137.207031,25000000.000
12144,2395,169.433594,25000000.000
12145,2420,181.640625,25000000.000
12146,2437,189.941406,25000000.000
12147,2437,189.941406,25000000.000
12148,2445,193.847656,25000000.000
12149,2428,185.546875,25000000.000
12150,2408,175.781250,25000000.000
12151,2405,174.316406,25000000.000
12152,2343,144.042969,25000000.000
12153,2299,122.558594,25000000.000
12154,2248,97.656250,25000000.000
12155,2242,94.726562,25000000.000
12156,2134,41.992188,25000000.000
12157,2074,12.695312,25000000.000
12158,2014,-16.601562,25000000.000
12159,2008,-19.531250,25000000.000
12160,1896,-74.218750,25000000.000
12161,1840,-101.562500,25000000.000
12162,1792,-125.000000,25000000.000
12163,1787,-127.441406,25000000.000
12164,1712,-164.062500,25000000.000
12165,1681,-179.199219,25000000.000
12166,1663,-187.988281,25000000.000
12167,1659,-189.941406,25000000.000
12168,1649,-194.824219,25000000.000
12169,1659,-189.941406,25000000.000
12170,1675,-182.128906,25000000.000
12171,1679,-180.175781,25000000.000
12172,1735,-152.832031,25000000.000
12173,1779,-131.347656,25000000.000
12174,1824,-109.375000,25000000.000
12175,1830,-106.445312,25000000.000
12176,1935,-55.175781,25000000.000
12177,1995,-25.878906,25000000.000
12178,2056,3.906250,25000000.000
12179,2062,6.835938,25000000.000
12180,2176,62.500000,25000000.000
12181,2230,88.867188,25000000.000
12182,2283,114.746094,25000000.000
12183,2286,116.210938,25000000.000
12184,2368,156.250000,25000000.000
12185,2399,171.386719,25000000.000
12186,2423,183.105469,25000000.000
12187,2423,183.105469,25000000.000
12188,2442,192.382812,25000000.000
12189,2440,191.406250,25000000.000
12190,2426,184.570312,25000000.000
12191,2425,184.082031,25000000.000
12192,2374,159.179688,25000000.000
12193,2334,139.648438,25000000.000
12194,2291,118.652344,25000000.000
12195,2287,116.699219,25000000.000
12196,2184,66.406250,25000000.000
12197,2123,36.621094,25000000.000
12198,2064,7.812500,25000000.000
12199,2057,4.394531,25000000.000
12200,1943,-51.269531,25000000.000
12201,1886,-79.101562,25000000.000
12202,1831,-105.957031,25000000.000
12203,1826,-108.398438,25000000.000
12204,1740,-150.390625,25000000.000
12205,1707,-166.503906,25000000.000
12206,1678,-180.664062,25000000.000
12207,1674,-182.617188,25000000.000
12208,1651,-193.847656,25000000.000
12209,1649,-194.824219,25000000.000
12210,1661,-188.964844,25000000.000
12211,1663,-187.988281,25000000.000
12212,1706,-166.992188,25000000.000
12213,1741,-149.902344,25000000.000
12214,1785,-128.417969,25000000.000
12215,1788,-126.953125,25000000.000
12216,1885,-79.589844,25000000.000
12217,1944,-50.781250,25000000.000
12218,2008,-19.531250,25000000.000
12219,2012,-17.578125,25000000.000
12220,2124,37.109375,25000000.000
12221,2188,68.359375,25000000.000
12222,2233,90.332031,25000000.000
12223,2243,95.214844,25000000.000
12224,2345,145.019531,25000000.000
12225,2365,154.785156,25000000.000
12226,2394,168.945312,25000000.000
12227,2408,175.781250,25000000.000
12228,2439,190.917969,25000000.000
12229,2443,192.871094,25000000.000
12230,2438,190.429688,25000000.000
12231,2435,188.964844,25000000.000
12232,2399,171.386719,25000000.000
12233,2369,156.738281,25000000.000
12234,2330,137.695312,25000000.000
12235,2325,135.253906,25000000.000
12236,2232,89.843750,25000000.000
12237,2176,62.500000,25000000.000
12238,2115,32.714844,25000000.000
12239,2111,30.761719,25000000.000
12240,1994,-26.367188,25000000.000
12241,1933,-56.152344,25000000.000
12242,1878,-83.007812,25000000.000
12243,1875,-84.472656,25000000.000
12244,1777,-132.324219,25000000.000
12245,1735,-152.832031,25000000.000
12246,1702,-168.945312,25000000.000
12247,1697,-171.386719,25000000.000
12248,1658,-190.429688,25000000.000
12249,1650,-194.335938,25000000.000
12250,1650,-194.335938,25000000.000
12251,1651,-193.847656,25000000.000
12252,1681,-179.199219,25000000.000
12253,1710,-165.039062,25000000.000
12254,1747,-146.972656,25000000.000
12255,1753,-144.042969,25000000.000
12256,1839,-102.050781,25000000.000
12257,1894,-75.195312,25000000.000
12258,1953,-46.386719,25000000.000
12259,1959,-43.457031,25000000.000
12260,2074,12.695312,25000000.000
12261,2132,41.015625,25000000.000
12262,2192,70.312500,25000000.000
12263,2194,71.289062,25000000.000
12264,2297,121.582031,25000000.000
12265,2346,145.507812,25000000.000
12266,2375,159.667969,25000000.000
12267,2371,157.714844,25000000.000
12268,2427,185.058594,25000000.000
12269,2441,191.894531,25000000.000
12270,2441,191.894531,25000000.000
12271,2441,191.894531,25000000.000
12272,2419,181.152344,25000000.000
12273,2398,170.898438,25000000.000
12274,2362,153.320312,25000000.000
12275,2358,151.367188,25000000.000
12276,2275,110.839844,25000000.000
12277,2222,84.960938,25000000.000
12278,2168,58.593750,25000000.000
12279,2163,56.152344,25000000.000
12280,2047,-0.488281,25000000.000
12281,1986,-30.273438,25000000.000
12282,1925,-60.058594,25000000.000
12283,1920,-62.500000,25000000.000
12284,1818,-112.304688,25000000.000
12285,1770,-135.742188,25000000.000
12286,1731,-154.785156,25000000.000
12287,1728,-156.250000,25000000.000
12288,1671,-184.082031,25000000.000
12289,1658,-190.429688,25000000.000
12290,1649,-194.824219,25000000.000
12291,1650,-194.335938,25000000.000
12292,1664,-187.500000,25000000.000
12293,1687,-176.269531,25000000.000
12294,1718,-161.132812,25000000.000
12295,1721,-159.667969,25000000.000
12296,1798,-122.070312,25000000.000
12297,1847,-98.144531,25000000.000
12298,1904,-70.312500,25000000.000
12299,1909,-67.871094,25000000.000
12300,2021,-13.183594,25000000.000
12301,2086,18.554688,25000000.000
12302,2142,45.898438,25000000.000
12303,2147,48.339844,25000000.000
12304,2255,101.074219,25000000.000
12305,2306,125.976562,25000000.000
12306,2347,145.996094,25000000.000
12307,2351,147.949219,25000000.000
12308,2412,177.734375,25000000.000
12309,2431,187.011719,25000000.000
12310,2441,191.894531,25000000.000
12311,2443,192.871094,25000000.000
12312,2436,189.453125,25000000.000
12313,2417,180.175781,25000000.000
12314,2393,168.457031,25000000.000
12315,2389,166.503906,25000000.000
12316,2315,130.371094,25000000.000
12317,2271,108.886719,25000000.000
12318,2214,81.054688,25000000.000
12319,2208,78.125000,25000000.000
12320,2098,24.414062,25000000.000
12321,2038,-4.882812,25000000.000
12322,1975,-35.644531,25000000.000
12323,1971,-37.597656,25000000.000
12324,1863,-90.332031,25000000.000
12325,1808,-117.187500,25000000.000
12326,1767,-137.207031,25000000.000
12327,1762,-139.648438,25000000.000
12328,1693,-173.339844,25000000.000
12329,1669,-185.058594,25000000.000
12330,1655,-191.894531,25000000.000
12331,1654,-192.382812,25000000.000
12332,1653,-192.871094,25000000.000
12333,1668,-185.546875,25000000.000
12334,1690,-174.804688,25000000.000
12335,1692,-173.828125,25000000.000
12336,1759,-141.113281,25000000.000
12337,1806,-118.164062,25000000.000
12338,1856,-93.750000,25000000.000
12339,1863,-90.332031,25000000.000
12340,1970,-38.085938,25000000.000
12341,2032,-7.812500,25000000.000
12342,2094,22.460938,25000000.000
12343,2100,25.390625,25000000.000
12344,2210,79.101562,25000000.000
12345,2262,104.492188,25000000.000
12346,2312,128.906250,25000000.000
12347,2314,129.882812,25000000.000
12348,2388,166.015625,25000000.000
12349,2414,178.710938,25000000.000
12350,2432,187.500000,25000000.000
12351,2434,188.476562,25000000.000
12352,2442,192.382812,25000000.000
12353,2433,187.988281,25000000.000
12354,2413,178.222656,25000000.000
12355,2411,177.246094,25000000.000
12356,2352,148.437500,25000000.000
12357,2308,126.953125,25000000.000
12358,2260,103.515625,25000000.000
12359,2255,101.074219,25000000.000
12360,2151,50.292969,25000000.000
12361,2088,19.531250,25000000.000
12362,2028,-9.765625,25000000.000
12363,2022,-12.695312,25000000.000
12364,1911,-66.894531,25000000.000
12365,1853,-95.214844,25000000.000
12366,1799,-121.582031,25000000.000
12367,1796,-123.046875,25000000.000
12368,1724,-158.203125,25000000.000
12369,1706,-166.992188,25000000.000
12370,1673,-183.105469,25000000.000
12371,1675,-182.128906,25000000.000
12372,1643,-197.753906,25000000.000
12373,1663,-187.988281,25000000.000
12374,1670,-184.570312,25000000.000
12375,1677,-181.152344,25000000.000
12376,1726,-157.226562,25000000.000
12377,1769,-136.230469,25000000.000
12378,1813,-114.746094,25000000.000
12379,1819,-111.816406,25000000.000
12380,1921,-62.011719,25000000.000
12381,1981,-32.714844,25000000.000
12382,2039,-4.394531,25000000.000
12383,2046,-0.976562,25000000.000
12384,2161,55.175781,25000000.000
12385,2218,83.007812,25000000.000
12386,2269,107.910156,25000000.000
12387,2275,110.839844,25000000.000
12388,2358,151.367188,25000000.000
12389,2394,168.945312,25000000.000
12390,2416,179.687500,25000000.000
12391,2419,181.152344,25000000.000
12392,2445,193.847656,25000000.000
12393,2439,190.917969,25000000.000
12394,2432,187.500000,25000000.000
12395,2428,185.546875,25000000.000
12396,2383,163.574219,25000000.000
12397,2345,145.019531,25000000.000
12398,2302,124.023438,25000000.000
12399,2296,121.093750,25000000.000
12400,2198,73.242188,25000000.000
12401,2140,44.921875,25000000.000
12402,2078,14.648438,25000000.000
12403,2074,12.695312,25000000.000
12404,1959,-43.457031,25000000.000
12405,1900,-72.265625,25000000.000
12406,1844,-99.609375,25000000.000
12407,1840,-101.562500,25000000.000
12408,1748,-146.484375,25000000.000
12409,1712,-164.062500,25000000.000
12410,1684,-177.734375,25000000.000
12411,1683,-178.222656,25000000.000
12412,1650,-194.335938,25000000.000
12413,1649,-194.824219,25000000.000
12414,1657,-190.917969,25000000.000
12415,1657,-190.917969,25000000.000
12416,1698,-170.898438,25000000.000
12417,1732,-154.296875,25000000.000
12418,1771,-135.253906,25000000.000
12419,1776,-132.812500,25000000.000
12420,1871,-86.425781,25000000.000
12421,1931,-57.128906,25000000.000
12422,1987,-29.785156,25000000.000
12423,1995,-25.878906,25000000.000
12424,2111,30.761719,25000000.000
12425,2169,59.082031,25000000.000
12426,2227,87.402344,25000000.000
12427,2231,89.355469,25000000.000
12428,2325,135.253906,25000000.000
12429,2360,152.343750,25000000.000
12430,2397,170.410156,25000000.000
12431,2399,171.386719,25000000.000
12432,2434,188.476562,25000000.000
12433,2436,189.453125,25000000.000
12434,2437,189.941406,25000000.000
12435,2433,187.988281,25000000.000
12436,2410,176.757812,25000000.000
12437,2377,160.644531,25000000.000
12438,2339,142.089844,25000000.000
12439,2336,140.625000,25000000.000
12440,2244,95.703125,25000000.000
12441,2188,68.359375,25000000.000
12442,2132,41.015625,25000000.000
12443,2128,39.062500,25000000.000
12444,2011,-18.066406,25000000.000
12445,1947,-49.316406,25000000.000
12446,1893,-75.683594,25000000.000
12447,1885,-79.589844,25000000.000
12448,1786,-127.929688,25000000.000
12449,1744,-148.437500,25000000.000
12450,1707,-166.503906,25000000.000
12451,1704,-167.968750,25000000.000
12452,1660,-189.453125,25000000.000
12453,1652,-193.359375,25000000.000
12454,1649,-194.824219,25000000.000
12455,1652,-193.359375,25000000.000
12456,1675,-182.128906,25000000.000
12457,1703,-168.457031,25000000.000
12458,1738,-151.367188,25000000.000
12459,1743,-148.925781,25000000.000
12460,1826,-108.398438,25000000.000
12461,1880,-82.031250,25000000.000
12462,1939,-53.222656,25000000.000
12463,1944,-50.781250,25000000.000
12464,2059,5.371094,25000000.000
12465,2120,35.156250,25000000.000
12466,2178,63.476562,25000000.000
12467,2182,65.429688,25000000.000
12468,2285,115.722656,25000000.000
12469,2331,138.183594,25000000.000
12470,2369,156.738281,25000000.000
12471,2373,158.691406,25000000.000
12472,2423,183.105469,25000000.000
12473,2439,190.917969,25000000.000
12474,2443,192.871094,25000000.000
12475,2444,193.359375,25000000.000
12476,2427,185.058594,25000000.000
12477,2402,172.851562,25000000.000
12478,2372,158.203125,25000000.000
12479,2367,155.761719,25000000.000
12480,2288,117.187500,25000000.000
12481,2235,91.308594,25000000.000
12482,2181,64.941406,25000000.000
12483,2175,62.011719,25000000.000
12484,2063,7.324219,25000000.000
12485,2000,-23.437500,25000000.000
12486,1941,-52.246094,25000000.000
12487,1937,-54.199219,25000000.000
12488,1829,-106.933594,25000000.000
12489,1782,-129.882812,25000000.000
12490,1739,-150.878906,25000000.000
12491,1737,-151.855469,25000000.000
12492,1678,-180.664062,25000000.000
12493,1660,-189.453125,25000000.000
12494,1651,-193.847656,25000000.000
12495,1651,-193.847656,25000000.000
12496,1664,-187.500000,25000000.000
12497,1675,-182.128906,25000000.000
12498,1714,-163.085938,25000000.000
12499,1715,-162.597656,25000000.000
12500,1781,-130.371094,25000000.000
12501,1838,-102.539062,25000000.000
12502,1891,-76.660156,25000000.000
12503,1896,-74.218750,25000000.000
12504,2006,-20.507812,25000000.000
12505,2070,10.742188,25000000.000
12506,2128,39.062500,25000000.000
12507,2133,41.503906,25000000.000
12508,2241,94.238281,25000000.000
12509,2293,119.628906,25000000.000
12510,2338,141.601562,25000000.000
12511,2341,143.066406,25000000.000
12512,2405,174.316406,25000000.000
12513,2427,185.058594,25000000.000
12514,2441,191.894531,25000000.000
12515,2440,191.406250,25000000.000
12516,2437,189.941406,25000000.000
12517,2423,183.105469,25000000.000
12518,2398,170.898438,25000000.000
12519,2394,168.945312,25000000.000
12520,2325,135.253906,25000000.000
12521,2279,112.792969,25000000.000
12522,2227,87.402344,25000000.000
12523,2223,85.449219,25000000.000
12524,2112,31.250000,25000000.000
12525,2051,1.464844,25000000.000
12526,1992,-27.343750,25000000.000
12527,1985,-30.761719,25000000.000
12528,1876,-83.984375,25000000.000
12529,1821,-110.839844,25000000.000
12530,1776,-132.812500,25000000.000
12531,1770,-135.742188,25000000.000
12532,1699,-170.410156,25000000.000
12533,1673,-183.105469,25000000.000
12534,1659,-189.941406,25000000.000
12535,1656,-191.406250,25000000.000
12536,1651,-193.847656,25000000.000
12537,1666,-186.523438,25000000.000
12538,1684,-177.734375,25000000.000
12539,1687,-176.269531,25000000.000
12540,1750,-145.507812,25000000.000
12541,1793,-124.511719,25000000.000
12542,1847,-98.144531,25000000.000
12543,1852,-95.703125,25000000.000
12544,1959,-43.457031,25000000.000
12545,2014,-16.601562,25000000.000
12546,2080,15.625000,25000000.000
12547,2083,17.089844,25000000.000
12548,2196,72.265625,25000000.000
12549,2250,98.632812,25000000.000
12550,2300,123.046875,25000000.000
12551,2303,124.511719,25000000.000
12552,2378,161.132812,25000000.000
12553,2412,177.734375,25000000.000
12554,2428,185.546875,25000000.000
12555,2433,187.988281,25000000.000
12556,2443,192.871094,25000000.000
12557,2435,188.964844,25000000.000
12558,2420,181.640625,25000000.000
12559,2419,181.152344,25000000.000
12560,2362,153.320312,25000000.000
12561,2320,132.812500,25000000.000
12562,2275,110.839844,25000000.000
12563,2270,108.398438,25000000.000
12564,2165,57.128906,25000000.000
12565,2104,27.343750,25000000.000
12566,2043,-2.441406,25000000.000
12567,2037,-5.371094,25000000.000
12568,1926,-59.570312,25000000.000
12569,1867,-88.378906,25000000.000
12570,1818,-112.304688,25000000.000
12571,1790,-125.976562,25000000.000
12572,1730,-155.273438,25000000.000
12573,1690,-174.804688,25000000.000
12574,1675,-182.128906,25000000.000
12575,1668,-185.546875,25000000.000
12576,1652,-193.359375,25000000.000
12577,1652,-193.359375,25000000.000
12578,1670,-184.570312,25000000.000
12579,1668,-185.546875,25000000.000
12580,1717,-161.621094,25000000.000
12581,1755,-143.066406,25000000.000
12582,1799,-121.582031,25000000.000
12583,1805,-118.652344,25000000.000
12584,1905,-69.824219,25000000.000
12585,1966,-40.039062,25000000.000
12586,2025,-11.230469,25000000.000
12587,2031,-8.300781,25000000.000
12588,2145,47.363281,25000000.000
12589,2204,76.171875,25000000.000
12590,2256,101.562500,25000000.000
12591,2262,104.492188,25000000.000
12592,2350,147.460938,25000000.000
12593,2383,163.574219,25000000.000
12594,2413,178.222656,25000000.000
12595,2414,178.710938,25000000.000
12596,2442,192.382812,25000000.000
12597,2442,192.382812,25000000.000
12598,2433,187.988281,25000000.000
12599,2432,187.500000,25000000.000
12600,2388,166.015625,25000000.000
12601,2355,149.902344,25000000.000
12602,2313,129.394531,25000000.000
12603,2309,127.441406,25000000.000
12604,2210,79.101562,25000000.000
12605,2155,52.246094,25000000.000
12606,2093,21.972656,25000000.000
12607,2088,19.531250,25000000.000
12608,1973,-36.621094,25000000.000
12609,1914,-65.429688,25000000.000
12610,1857,-93.261719,25000000.000
12611,1854,-94.726562,25000000.000
12612,1751,-145.019531,25000000.000
12613,1725,-157.714844,25000000.000
12614,1689,-175.292969,25000000.000
12615,1688,-175.781250,25000000.000
12616,1652,-193.359375,25000000.000
12617,1650,-194.335938,25000000.000
12618,1654,-192.382812,25000000.000
12619,1653,-192.871094,25000000.000
12620,1689,-175.292969,25000000.000
12621,1723,-158.691406,25000000.000
12622,1761,-140.136719,25000000.000
12623,1768,-136.718750,25000000.000
12624,1859,-92.285156,25000000.000
12625,1914,-65.429688,25000000.000
12626,1974,-36.132812,25000000.000
12627,1981,-32.714844,25000000.000
12628,2096,23.437500,25000000.000
12629,2152,50.781250,25000000.000
12630,2211,79.589844,25000000.000
12631,2216,82.031250,25000000.000
12632,2311,128.417969,25000000.000
12633,2355,149.902344,25000000.000
12634,2388,166.015625,25000000.000
12635,2390,166.992188,25000000.000
12636,2431,187.011719,25000000.000
12637,2445,193.847656,25000000.000
12638,2440,191.406250,25000000.000
12639,2442,192.382812,25000000.000
12640,2412,177.734375,25000000.000
12641,2385,164.550781,25000000.000
12642,2348,146.484375,25000000.000
12643,2348,146.484375,25000000.000
12644,2258,102.539062,25000000.000
12645,2202,75.195312,25000000.000
12646,2147,48.339844,25000000.000
12647,2139,44.433594,25000000.000
12648,2025,-11.230469,25000000.000
12649,1964,-41.015625,25000000.000
12650,1905,-69.824219,25000000.000
12651,1899,-72.753906,25000000.000
12652,1799,-121.582031,25000000.000
12653,1756,-142.578125,25000000.000
12654,1715,-162.597656,25000000.000
12655,1713,-163.574219,25000000.000
12656,1665,-187.011719,25000000.000
12657,1651,-193.847656,25000000.000
12658,1650,-194.335938,25000000.000
12659,1650,-194.335938,25000000.000
12660,1672,-183.593750,25000000.000
12661,1694,-172.851562,25000000.000
12662,1728,-156.250000,25000000.000
12663,1731,-154.785156,25000000.000
12664,1817,-112.792969,25000000.000
12665,1867,-88.378906,25000000.000
12666,1923,-61.035156,25000000.000
12667,1928,-58.593750,25000000.000
12668,2043,-2.441406,25000000.000
12669,2106,28.320312,25000000.000
12670,2161,55.175781,25000000.000
12671,2170,59.570312,25000000.000
12672,2274,110.351562,25000000.000
12673,2320,132.812500,25000000.000
12674,2360,152.343750,25000000.000
12675,2365,154.785156,25000000.000
12676,2419,181.152344,25000000.000
12677,2435,188.964844,25000000.000
12678,2446,194.335938,25000000.000
12679,2444,193.359375,25000000.000
12680,2430,186.523438,25000000.000
12681,2407,175.292969,25000000.000
12682,2379,161.621094,25000000.000
12683,2376,160.156250,25000000.000
12684,2299,122.558594,25000000.000
12685,2249,98.144531,25000000.000
12686,2195,71.777344,25000000.000
12687,2191,69.824219,25000000.000
12688,2076,13.671875,25000000.000
12689,2015,-16.113281,25000000.000
12690,1956,-44.921875,25000000.000
12691,1951,-47.363281,25000000.000
12692,1842,-100.585938,25000000.000
12693,1794,-124.023438,25000000.000
12694,1751,-145.019531,25000000.000
12695,1745,-147.949219,25000000.000
12696,1685,-177.246094,25000000.000
12697,1664,-187.500000,25000000.000
12698,1653,-192.871094,25000000.000
12699,1651,-193.847656,25000000.000
12700,1657,-190.917969,25000000.000
12701,1678,-180.664062,25000000.000
12702,1702,-168.945312,25000000.000
12703,1704,-167.968750,25000000.000
12704,1774,-133.789062,25000000.000
12705,1823,-109.863281,25000000.000
12706,1876,-83.984375,25000000.000
12707,1883,-80.566406,25000000.000
12708,1993,-26.855469,25000000.000
12709,2052,1.953125,25000000.000
12710,2114,32.226562,25000000.000
12711,2119,34.667969,25000000.000
12712,2232,89.843750,25000000.000
12713,2280,113.281250,25000000.000
12714,2325,135.253906,25000000.000
12715,2330,137.695312,25000000.000
12716,2398,170.898438,25000000.000
12717,2424,183.593750,25000000.000
12718,2439,190.917969,25000000.000
12719,2439,190.917969,25000000.000
12720,2438,190.429688,25000000.000
12721,2428,185.546875,25000000.000
12722,2399,171.386719,25000000.000
12723,2401,172.363281,25000000.000
12724,2342,143.554688,25000000.000
12725,2305,125.488281,25000000.000
12726,2235,91.308594,25000000.000
12727,2222,84.960938,25000000.000
12728,2125,37.597656,25000000.000
12729,2066,8.789062,25000000.000
12730,2006,-20.507812,25000000.000
12731,2001,-22.949219,25000000.000
12732,1889,-77.636719,25000000.000
12733,1835,-104.003906,25000000.000
12734,1789,-126.464844,25000000.000
12735,1780,-130.859375,25000000.000
12736,1707,-166.503906,25000000.000
12737,1681,-179.199219,25000000.000
12738,1661,-188.964844,25000000.000
12739,1662,-188.476562,25000000.000
12740,1650,-194.335938,25000000.000
12741,1659,-189.941406,25000000.000
12742,1679,-180.175781,25000000.000
12743,1681,-179.199219,25000000.000
12744,1741,-149.902344,25000000.000
12745,1780,-130.859375,25000000.000
12746,1832,-105.468750,25000000.000
12747,1835,-104.003906,25000000.000
12748,1943,-51.269531,25000000.000
12749,1999,-23.925781,25000000.000
12750,2062,6.835938,25000000.000
12751,2067,9.277344,25000000.000
12752,2180,64.453125,25000000.000
12753,2237,92.285156,25000000.000
12754,2287,116.699219,25000000.000
12755,2293,119.628906,25000000.000
12756,2370,157.226562,25000000.000
12757,2401,172.363281,25000000.000
12758,2426,184.570312,25000000.000
12759,2428,185.546875,25000000.000
12760,2444,193.359375,25000000.000
12761,2436,189.453125,25000000.000
12762,2427,185.058594,25000000.000
12763,2422,182.617188,25000000.000
12764,2371,157.714844,25000000.000
12765,2330,137.695312,25000000.000
12766,2285,115.722656,25000000.000
12767,2279,112.792969,25000000.000
12768,2178,63.476562,25000000.000
12769,2120,35.156250,25000000.000
12770,2059,5.371094,25000000.000
12771,2054,2.929688,25000000.000
12772,1943,-51.269531,25000000.000
12773,1884,-80.078125,25000000.000
12774,1835,-104.003906,25000000.000
12775,1809,-116.699219,25000000.000
12776,1747,-146.972656,25000000.000
12777,1693,-173.339844,25000000.000
12778,1677,-181.152344,25000000.000
12779,1670,-184.570312,25000000.000
12780,1654,-192.382812,25000000.000
12781,1649,-194.824219,25000000.000
12782,1661,-188.964844,25000000.000
12783,1660,-189.453125,25000000.000
12784,1713,-163.574219,25000000.000
12785,1744,-148.437500,25000000.000
12786,1788,-126.953125,25000000.000
12787,1796,-123.046875,25000000.000
12788,1891,-76.660156,25000000.000
12789,1950,-47.851562,25000000.000
12790,2010,-18.554688,25000000.000
12791,2017,-15.136719,25000000.000
12792,2133,41.503906,25000000.000
12793,2188,68.359375,25000000.000
12794,2244,95.703125,25000000.000
12795,2248,97.656250,25000000.000
12796,2339,142.089844,25000000.000
12797,2376,160.156250,25000000.000
12798,2406,174.804688,25000000.000
12799,2407,175.292969,25000000.000
12800,2438,190.429688,25000000.000
12801,2442,192.382812,25000000.000
12802,2436,189.453125,25000000.000
12803,2436,189.453125,25000000.000
12804,2394,168.945312,25000000.000
12805,2364,154.296875,25000000.000
12806,2324,134.765625,25000000.000
12807,2319,132.324219,25000000.000
12808,2227,87.402344,25000000.000
12809,2169,59.082031,25000000.000
12810,2111,30.761719,25000000.000
12811,2103,26.855469,25000000.000
12812,1989,-28.808594,25000000.000
12813,1928,-58.593750,25000000.000
12814,1871,-86.425781,25000000.000
12815,1866,-88.867188,25000000.000
12816,1771,-135.253906,25000000.000
12817,1731,-154.785156,25000000.000
12818,1698,-170.898438,25000000.000
12819,1693,-173.339844,25000000.000
12820,1655,-191.894531,25000000.000
12821,1651,-193.847656,25000000.000
12822,1652,-193.359375,25000000.000
12823,1654,-192.382812,25000000.000
12824,1685,-177.246094,25000000.000
12825,1713,-163.574219,25000000.000
12826,1749,-145.996094,25000000.000
12827,1753,-144.042969,25000000.000
12828,1845,-99.121094,25000000.000
12829,1898,-73.242188,25000000.000
12830,1960,-42.968750,25000000.000
12831,1966,-40.039062,25000000.000
12832,2079,15.136719,25000000.000
12833,2140,44.921875,25000000.000
12834,2197,72.753906,25000000.000
12835,2203,75.683594,25000000.000
12836,2300,123.046875,25000000.000
12837,2345,145.019531,25000000.000
12838,2381,162.597656,25000000.000
12839,2387,165.527344,25000000.000
12840,2429,186.035156,25000000.000
12841,2440,191.406250,25000000.000
12842,2444,193.359375,25000000.000
12843,2445,193.847656,25000000.000
12844,2418,180.664062,25000000.000
12845,2391,167.480469,25000000.000
12846,2361,152.832031,25000000.000
12847,2354,149.414062,25000000.000
12848,2271,108.886719,25000000.000
12849,2216,82.031250,25000000.000
12850,2161,55.175781,25000000.000
12851,2154,51.757812,25000000.000
12852,2039,-4.394531,25000000.000
12853,1980,-33.203125,25000000.000
12854,1918,-63.476562,25000000.000
12855,1915,-64.941406,25000000.000
12856,1812,-115.234375,25000000.000
12857,1764,-138.671875,25000000.000
12858,1725,-157.714844,25000000.000
12859,1723,-158.691406,25000000.000
12860,1671,-184.082031,25000000.000
12861,1653,-192.871094,25000000.000
12862,1652,-193.359375,25000000.000
12863,1650,-194.335938,25000000.000
12864,1667,-186.035156,25000000.000
12865,1689,-175.292969,25000000.000
12866,1719,-160.644531,25000000.000
12867,1722,-159.179688,25000000.000
12868,1789,-126.464844,25000000.000
12869,1850,-96.679688,25000000.000
12870,1900,-72.265625,25000000.000
12871,1931,-57.128906,25000000.000
12872,2029,-9.277344,25000000.000
12873,2092,21.484375,25000000.000
12874,2141,45.410156,25000000.000
12875,2150,49.804688,25000000.000
12876,2262,104.492188,25000000.000
12877,2307,126.464844,25000000.000
12878,2350,147.460938,25000000.000
12879,2354,149.414062,25000000.000
12880,2413,178.222656,25000000.000
12881,2431,187.011719,25000000.000
12882,2442,192.382812,25000000.000
12883,2440,191.406250,25000000.000
12884,2433,187.988281,25000000.000
12885,2414,178.710938,25000000.000
12886,2387,165.527344,25000000.000
12887,2385,164.550781,25000000.000
12888,2311,128.417969,25000000.000
12889,2262,104.492188,25000000.000
12890,2211,79.589844,25000000.000
12891,2204,76.171875,25000000.000
12892,2092,21.484375,25000000.000
12893,2031,-8.300781,25000000.000
12894,1972,-37.109375,25000000.000
12895,1965,-40.527344,25000000.000
12896,1856,-93.750000,25000000.000
12897,1804,-119.140625,25000000.000
12898,1758,-141.601562,25000000.000
12899,1753,-144.042969,25000000.000
12900,1689,-175.292969,25000000.000
12901,1668,-185.546875,25000000.000
12902,1652,-193.359375,25000000.000
12903,1650,-194.335938,25000000.000
12904,1654,-192.382812,25000000.000
12905,1670,-184.570312,25000000.000
12906,1694,-172.851562,25000000.000
12907,1696,-171.875000,25000000.000
12908,1766,-137.695312,25000000.000
12909,1810,-116.210938,25000000.000
12910,1863,-90.332031,25000000.000
12911,1868,-87.890625,25000000.000
12912,1978,-34.179688,25000000.000
12913,2036,-5.859375,25000000.000
12914,2099,24.902344,25000000.000
12915,2103,26.855469,25000000.000
12916,2219,83.496094,25000000.000
12917,2272,109.375000,25000000.000
12918,2301,123.535156,25000000.000
12919,2331,138.183594,25000000.000
12920,2383,163.574219,25000000.000
12921,2421,182.128906,25000000.000
12922,2433,187.988281,25000000.000
12923,2435,188.964844,25000000.000
12924,2442,192.382812,25000000.000
12925,2434,188.476562,25000000.000
12926,2412,177.734375,25000000.000
12927,2411,177.246094,25000000.000
12928,2347,145.996094,25000000.000
12929,2305,125.488281,25000000.000
12930,2255,101.074219,25000000.000
12931,2249,98.144531,25000000.000
12932,2142,45.898438,25000000.000
12933,2084,17.578125,25000000.000
12934,2020,-13.671875,25000000.000
12935,2014,-16.601562,25000000.000
12936,1902,-71.289062,25000000.000
12937,1849,-97.167969,25000000.000
12938,1797,-122.558594,25000000.000
12939,1792,-125.000000,25000000.000
12940,1714,-163.085938,25000000.000
12941,1685,-177.246094,25000000.000
12942,1664,-187.500000,25000000.000
12943,1663,-187.988281,25000000.000
12944,1653,-192.871094,25000000.000
12945,1655,-191.894531,25000000.000
12946,1675,-182.128906,25000000.000
12947,1675,-182.128906,25000000.000
12948,1730,-155.273438,25000000.000
12949,1771,-135.253906,25000000.000
12950,1819,-111.816406,25000000.000
12951,1822,-110.351562,25000000.000
12952,1926,-59.570312,25000000.000
12953,1988,-29.296875,25000000.000
12954,2046,-0.976562,25000000.000
12955,2054,2.929688,25000000.000
12956,2167,58.105469,25000000.000
12957,2231,89.355469,25000000.000
12958,2273,109.863281,25000000.000
12959,2270,108.398438,25000000.000
12960,2365,154.785156,25000000.000
12961,2396,169.921875,25000000.000
12962,2421,182.128906,25000000.000
12963,2421,182.128906,25000000.000
12964,2443,192.871094,25000000.000
12965,2443,192.871094,25000000.000
12966,2430,186.523438,25000000.000
12967,2426,184.570312,25000000.000
12968,2378,161.132812,25000000.000
12969,2342,143.554688,25000000.000
12970,2295,120.605469,25000000.000
12971,2294,120.117188,25000000.000
12972,2192,70.312500,25000000.000
12973,2134,41.992188,25000000.000
12974,2074,12.695312,25000000.000
12975,2067,9.277344,25000000.000
12976,1951,-47.363281,25000000.000
12977,1893,-75.683594,25000000.000
12978,1840,-101.562500,25000000.000
12979,1832,-105.468750,25000000.000
12980,1747,-146.972656,25000000.000
12981,1709,-165.527344,25000000.000
12982,1681,-179.199219,25000000.000
12983,1679,-180.175781,25000000.000
12984,1650,-194.335938,25000000.000
12985,1651,-193.847656,25000000.000
12986,1658,-190.429688,25000000.000
12987,1661,-188.964844,25000000.000
12988,1701,-169.433594,25000000.000
12989,1736,-152.343750,25000000.000
12990,1778,-131.835938,25000000.000
12991,1784,-128.906250,25000000.000
12992,1878,-83.007812,25000000.000
12993,1935,-55.175781,25000000.000
12994,1994,-26.367188,25000000.000
12995,2000,-23.437500,25000000.000
12996,2117,33.691406,25000000.000
12997,2175,62.011719,25000000.000
12998,2230,88.867188,25000000.000
12999,2235,91.308594,25000000.000
13000,2329,137.207031,25000000.000
13001,2367,155.761719,25000000.000
13002,2398,170.898438,25000000.000
13003,2401,172.363281,25000000.000
13004,2436,189.453125,25000000.000
13005,2443,192.871094,25000000.000
13006,2438,190.429688,25000000.000
13007,2439,190.917969,25000000.000
13008,2403,173.339844,25000000.000
13009,2371,157.714844,25000000.000
13010,2335,140.136719,25000000.000
13011,2329,137.207031,25000000.000
13012,2240,93.750000,25000000.000
13013,2183,65.917969,25000000.000
13014,2125,37.597656,25000000.000
13015,2118,34.179688,25000000.000
13016,2003,-21.972656,25000000.000
13017,1943,-51.269531,25000000.000
13018,1886,-79.101562,25000000.000
13019,1880,-82.031250,25000000.000
13020,1782,-129.882812,25000000.000
13021,1741,-149.902344,25000000.000
13022,1704,-167.968750,25000000.000
13023,1702,-168.945312,25000000.000
13024,1660,-189.453125,25000000.000
13025,1650,-194.335938,25000000.000
13026,1651,-193.847656,25000000.000
13027,1650,-194.335938,25000000.000
13028,1682,-178.710938,25000000.000
13029,1705,-167.480469,25000000.000
13030,1742,-149.414062,25000000.000
13031,1746,-147.460938,25000000.000
13032,1829,-106.933594,25000000.000
13033,1887,-78.613281,25000000.000
13034,1943,-51.269531,25000000.000
13035,1949,-48.339844,25000000.000
13036,2065,8.300781,25000000.000
13037,2126,38.085938,25000000.000
13038,2184,66.406250,25000000.000
13039,2190,69.335938,25000000.000
13040,2290,118.164062,25000000.000
13041,2334,139.648438,25000000.000
13042,2373,158.691406,25000000.000
13043,2376,160.156250,25000000.000
13044,2427,185.058594,25000000.000
13045,2436,189.453125,25000000.000
13046,2444,193.359375,25000000.000
13047,2442,192.382812,25000000.000
13048,2422,182.617188,25000000.000
13049,2400,171.875000,25000000.000
13050,2368,156.250000,25000000.000
13051,2364,154.296875,25000000.000
13052,2281,113.769531,25000000.000
13053,2233,90.332031,25000000.000
13054,2173,61.035156,25000000.000
13055,2169,59.082031,25000000.000
13056,2055,3.417969,25000000.000
13057,1993,-26.855469,25000000.000
13058,1935,-55.175781,25000000.000
13059,1929,-58.105469,25000000.000
13060,1825,-108.886719,25000000.000
13061,1776,-132.812500,25000000.000
13062,1736,-152.343750,25000000.000
13063,1732,-154.296875,25000000.000
13064,1674,-182.617188,25000000.000
13065,1657,-190.917969,25000000.000
13066,1653,-192.871094,25000000.000
13067,1650,-194.335938,25000000.000
13068,1663,-187.988281,25000000.000
13069,1685,-177.246094,25000000.000
13070,1711,-164.550781,25000000.000
13071,1716,-162.109375,25000000.000
13072,1791,-125.488281,25000000.000
13073,1843,-100.097656,25000000.000
13074,1895,-74.707031,25000000.000
13075,1900,-72.265625,25000000.000
13076,2015,-16.113281,25000000.000
13077,2069,10.253906,25000000.000
13078,2143,46.386719,25000000.000
13079,2134,41.992188,25000000.000
13080,2246,96.679688,25000000.000
13081,2297,121.582031,25000000.000
13082,2341,143.066406,25000000.000
13083,2344,144.531250,25000000.000
13084,2408,175.781250,25000000.000
13085,2430,186.523438,25000000.000
13086,2438,190.429688,25000000.000
13087,2441,191.894531,25000000.000
13088,2437,189.941406,25000000.000
13089,2420,181.640625,25000000.000
13090,2396,169.921875,25000000.000
13091,2394,168.945312,25000000.000
13092,2325,135.253906,25000000.000
13093,2276,111.328125,25000000.000
13094,2226,86.914062,25000000.000
13095,2217,82.519531,25000000.000
13096,2106,28.320312,25000000.000
13097,2052,1.953125,25000000.000
13098,1984,-31.250000,25000000.000
13099,1979,-33.691406,25000000.000
13100,1873,-85.449219,25000000.000
13101,1818,-112.304688,25000000.000
13102,1766,-137.695312,25000000.000
13103,1763,-139.160156,25000000.000
13104,1688,-175.781250,25000000.000
13105,1670,-184.570312,25000000.000
13106,1658,-190.429688,25000000.000
13107,1661,-188.964844,25000000.000
13108,1673,-183.105469,25000000.000
13109,1667,-186.035156,25000000.000
13110,1680,-179.687500,25000000.000
13111,1693,-173.339844,25000000.000
13112,1753,-144.042969,25000000.000
13113,1808,-117.187500,25000000.000
13114,1849,-97.167969,25000000.000
13115,1854,-94.726562,25000000.000
13116,1939,-53.222656,25000000.000
13117,2014,-16.601562,25000000.000
13118,2086,18.554688,25000000.000
13119,2089,20.019531,25000000.000
13120,2200,74.218750,25000000.000
13121,2254,100.585938,25000000.000
13122,2304,125.000000,25000000.000
13123,2308,126.953125,25000000.000
13124,2383,163.574219,25000000.000
13125,2409,176.269531,25000000.000
13126,2433,187.988281,25000000.000
13127,2432,187.500000,25000000.000
13128,2445,193.847656,25000000.000
13129,2432,187.500000,25000000.000
13130,2418,180.664062,25000000.000
13131,2414,178.710938,25000000.000
13132,2355,149.902344,25000000.000
13133,2316,130.859375,25000000.000
13134,2267,106.933594,25000000.000
13135,2262,104.492188,25000000.000
13136,2153,51.269531,25000000.000
13137,2100,25.390625,25000000.000
13138,2036,-5.859375,25000000.000
13139,2030,-8.789062,25000000.000
13140,1917,-63.964844,25000000.000
13141,1860,-91.796875,25000000.000
13142,1809,-116.699219,25000000.000
13143,1805,-118.652344,25000000.000
13144,1725,-157.714844,25000000.000
13145,1691,-174.316406,25000000.000
13146,1669,-185.058594,25000000.000
13147,1665,-187.011719,25000000.000
13148,1650,-194.335938,25000000.000
13149,1654,-192.382812,25000000.000
13150,1666,-186.523438,25000000.000
13151,1668,-185.546875,25000000.000
13152,1722,-159.179688,25000000.000
13153,1763,-139.160156,25000000.000
13154,1803,-119.628906,25000000.000
13155,1810,-116.210938,25000000.000
13156,1911,-66.894531,25000000.000
13157,1971,-37.597656,25000000.000
13158,2032,-7.812500,25000000.000
13159,2039,-4.394531,25000000.000
13160,2153,51.269531,25000000.000
13161,2209,78.613281,25000000.000
13162,2265,105.957031,25000000.000
13163,2268,107.421875,25000000.000
13164,2352,148.437500,25000000.000
13165,2389,166.503906,25000000.000
13166,2415,179.199219,25000000.000
13167,2415,179.199219,25000000.000
13168,2442,192.382812,25000000.000
13169,2443,192.871094,25000000.000
13170,2430,186.523438,25000000.000
13171,2430,186.523438,25000000.000
13172,2386,165.039062,25000000.000
13173,2350,147.460938,25000000.000
13174,2309,127.441406,25000000.000
13175,2305,125.488281,25000000.000
13176,2207,77.636719,25000000.000
13177,2147,48.339844,25000000.000
13178,2089,20.019531,25000000.000
13179,2083,17.089844,25000000.000
13180,1966,-40.039062,25000000.000
13181,1908,-68.359375,25000000.000
13182,1850,-96.679688,25000000.000
13183,1846,-98.632812,25000000.000
13184,1755,-143.066406,25000000.000
13185,1719,-160.644531,25000000.000
13186,1687,-176.269531,25000000.000
13187,1687,-176.269531,25000000.000
13188,1651,-193.847656,25000000.000
13189,1650,-194.335938,25000000.000
13190,1656,-191.406250,25000000.000
13191,1659,-189.941406,25000000.000
13192,1693,-173.339844,25000000.000
13193,1725,-157.714844,25000000.000
13194,1767,-137.207031,25000000.000
13195,1770,-135.742188,25000000.000
13196,1866,-88.867188,25000000.000
13197,1920,-62.500000,25000000.000
13198,1979,-33.691406,25000000.000
13199,1985,-30.761719,25000000.000
13200,2100,25.390625,25000000.000
13201,2160,54.687500,25000000.000
13202,2216,82.031250,25000000.000
13203,2223,85.449219,25000000.000
13204,2317,131.347656,25000000.000
13205,2358,151.367188,25000000.000
13206,2393,168.457031,25000000.000
13207,2396,169.921875,25000000.000
13208,2435,188.964844,25000000.000
13209,2442,192.382812,25000000.000
13210,2443,192.871094,25000000.000
13211,2441,191.894531,25000000.000
13212,2411,177.246094,25000000.000
13213,2381,162.597656,25000000.000
13214,2345,145.019531,25000000.000
13215,2340,142.578125,25000000.000
13216,2252,99.609375,25000000.000
13217,2197,72.753906,25000000.000
13218,2139,44.433594,25000000.000
13219,2133,41.503906,25000000.000
13220,2017,-15.136719,25000000.000
13221,1956,-44.921875,25000000.000
13222,1898,-73.242188,25000000.000
13223,1894,-75.195312,25000000.000
13224,1794,-124.023438,25000000.000
13225,1750,-145.507812,25000000.000
13226,1713,-163.574219,25000000.000
13227,1708,-166.015625,25000000.000
13228,1665,-187.011719,25000000.000
13229,1649,-194.824219,25000000.000
13230,1647,-195.800781,25000000.000
13231,1650,-194.335938,25000000.000
13232,1672,-183.593750,25000000.000
13233,1700,-169.921875,25000000.000
13234,1730,-155.273438,25000000.000
13235,1735,-152.832031,25000000.000
13236,1818,-112.304688,25000000.000
13237,1874,-84.960938,25000000.000
13238,1930,-57.617188,25000000.000
13239,1935,-55.175781,25000000.000
13240,2050,0.976562,25000000.000
13241,2110,30.273438,25000000.000
13242,2169,59.082031,25000000.000
13243,2176,62.500000,25000000.000
13244,2278,112.304688,25000000.000
13245,2325,135.253906,25000000.000
13246,2365,154.785156,25000000.000
13247,2366,155.273438,25000000.000
13248,2420,181.640625,25000000.000
13249,2437,189.941406,25000000.000
13250,2443,192.871094,25000000.000
13251,2442,192.382812,25000000.000
13252,2427,185.058594,25000000.000
13253,2407,175.292969,25000000.000
13254,2376,160.156250,25000000.000
13255,2373,158.691406,25000000.000
13256,2295,120.605469,25000000.000
13257,2243,95.214844,25000000.000
13258,2190,69.335938,25000000.000
13259,2184,66.406250,25000000.000
13260,2071,11.230469,25000000.000
13261,2008,-19.531250,25000000.000
13262,1949,-48.339844,25000000.000
13263,1940,-52.734375,25000000.000
13264,1844,-99.609375,25000000.000
13265,1794,-124.023438,25000000.000
13266,1740,-150.390625,25000000.000
13267,1739,-150.878906,25000000.000
13268,1680,-179.687500,25000000.000
13269,1663,-187.988281,25000000.000
13270,1649,-194.824219,25000000.000
13271,1651,-193.847656,25000000.000
13272,1660,-189.453125,25000000.000
13273,1678,-180.664062,25000000.000
13274,1704,-167.968750,25000000.000
13275,1709,-165.527344,25000000.000
13276,1782,-129.882812,25000000.000
13277,1827,-107.910156,25000000.000
13278,1883,-80.566406,25000000.000
13279,1887,-78.613281,25000000.000
13280,2000,-23.437500,25000000.000
13281,2060,5.859375,25000000.000
13282,2120,35.156250,25000000.000
13283,2126,38.085938,25000000.000
13284,2234,90.820312,25000000.000
13285,2288,117.187500,25000000.000
13286,2331,138.183594,25000000.000
13287,2336,140.625000,25000000.000
13288,2400,171.875000,25000000.000
13289,2426,184.570312,25000000.000
13290,2439,190.917969,25000000.000
13291,2439,190.917969,25000000.000
13292,2439,190.917969,25000000.000
13293,2426,184.570312,25000000.000
13294,2405,174.316406,25000000.000
13295,2400,171.875000,25000000.000
13296,2332,138.671875,25000000.000
13297,2288,117.187500,25000000.000
13298,2236,91.796875,25000000.000
13299,2228,87.890625,25000000.000
13300,2123,36.621094,25000000.000
13301,2061,6.347656,25000000.000
13302,1998,-24.414062,25000000.000
13303,1995,-25.878906,25000000.000
13304,1883,-80.566406,25000000.000
13305,1826,-108.398438,25000000.000
13306,1782,-129.882812,25000000.000
13307,1779,-131.347656,25000000.000
13308,1704,-167.968750,25000000.000
13309,1675,-182.128906,25000000.000
13310,1660,-189.453125,25000000.000
13311,1658,-190.429688,25000000.000
13312,1650,-194.335938,25000000.000
13313,1660,-189.453125,25000000.000
13314,1681,-179.199219,25000000.000
13315,1683,-178.222656,25000000.000
13316,1744,-148.437500,25000000.000
13317,1788,-126.953125,25000000.000
13318,1835,-104.003906,25000000.000
13319,1843,-100.097656,25000000.000
13320,1948,-48.828125,25000000.000
13321,2009,-19.042969,25000000.000
13322,2068,9.765625,25000000.000
13323,2076,13.671875,25000000.000
13324,2188,68.359375,25000000.000
13325,2243,95.214844,25000000.000
13326,2294,120.117188,25000000.000
13327,2299,122.558594,25000000.000
13328,2376,160.156250,25000000.000
13329,2408,175.781250,25000000.000
13330,2430,186.523438,25000000.000
13331,2430,186.523438,25000000.000
13332,2443,192.871094,25000000.000
13333,2440,191.406250,25000000.000
13334,2425,184.082031,25000000.000
13335,2421,182.128906,25000000.000
13336,2366,155.273438,25000000.000
13337,2327,136.230469,25000000.000
13338,2281,113.769531,25000000.000
13339,2276,111.328125,25000000.000
13340,2173,61.035156,25000000.000
13341,2111,30.761719,25000000.000
13342,2052,1.953125,25000000.000
13343,2046,-0.976562,25000000.000
13344,1934,-55.664062,25000000.000
13345,1872,-85.937500,25000000.000
13346,1821,-110.839844,25000000.000
13347,1817,-112.792969,25000000.000
13348,1734,-153.320312,25000000.000
13349,1699,-170.410156,25000000.000
13350,1684,-177.734375,25000000.000
13351,1670,-184.570312,25000000.000
13352,1647,-195.800781,25000000.000
13353,1633,-202.636719,25000000.000
13354,1678,-180.664062,25000000.000
13355,1656,-191.406250,25000000.000
13356,1717,-161.621094,25000000.000
13357,1746,-147.460938,25000000.000
13358,1795,-123.535156,25000000.000
13359,1800,-121.093750,25000000.000
13360,1900,-72.265625,25000000.000
13361,1955,-45.410156,25000000.000
13362,2019,-14.160156,25000000.000
13363,2022,-12.695312,25000000.000
13364,2136,42.968750,25000000.000
13365,2197,72.753906,25000000.000
13366,2249,98.144531,25000000.000
13367,2255,101.074219,25000000.000
13368,2342,143.554688,25000000.000
13369,2381,162.597656,25000000.000
13370,2407,175.292969,25000000.000
13371,2411,177.246094,25000000.000
13372,2441,191.894531,25000000.000
13373,2442,192.382812,25000000.000
13374,2435,188.964844,25000000.000
13375,2433,187.988281,25000000.000
13376,2396,169.921875,25000000.000
13377,2358,151.367188,25000000.000
13378,2321,133.300781,25000000.000
13379,2312,128.906250,25000000.000
13380,2219,83.496094,25000000.000
13381,2162,55.664062,25000000.000
13382,2102,26.367188,25000000.000
13383,2096,23.437500,25000000.000
13384,1979,-33.691406,25000000.000
13385,1923,-61.035156,25000000.000
13386,1863,-90.332031,25000000.000
13387,1860,-91.796875,25000000.000
13388,1766,-137.695312,25000000.000
13389,1726,-157.226562,25000000.000
13390,1694,-172.851562,25000000.000
13391,1694,-172.851562,25000000.000
13392,1655,-191.894531,25000000.000
13393,1648,-195.312500,25000000.000
13394,1654,-192.382812,25000000.000
13395,1652,-193.359375,25000000.000
13396,1687,-176.269531,25000000.000
13397,1718,-161.132812,25000000.000
13398,1756,-142.578125,25000000.000
13399,1758,-141.601562,25000000.000
13400,1851,-96.191406,25000000.000
13401,1907,-68.847656,25000000.000
13402,1963,-41.503906,25000000.000
13403,1970,-38.085938,25000000.000
13404,2086,18.554688,25000000.000
13405,2147,48.339844,25000000.000
13406,2205,76.660156,25000000.000
13407,2211,79.589844,25000000.000
13408,2307,126.464844,25000000.000
13409,2348,146.484375,25000000.000
13410,2387,165.527344,25000000.000
13411,2387,165.527344,25000000.000
13412,2434,188.476562,25000000.000
13413,2442,192.382812,25000000.000
13414,2443,192.871094,25000000.000
13415,2441,191.894531,25000000.000
13416,2416,179.687500,25000000.000
13417,2389,166.503906,25000000.000
13418,2353,148.925781,25000000.000
13419,2352,148.437500,25000000.000
13420,2261,104.003906,25000000.000
13421,2214,81.054688,25000000.000
13422,2154,51.757812,25000000.000
13423,2153,51.269531,25000000.000
13424,2036,-5.859375,25000000.000
13425,1973,-36.621094,25000000.000
13426,1912,-66.406250,25000000.000
13427,1904,-70.312500,25000000.000
13428,1808,-117.187500,25000000.000
13429,1759,-141.113281,25000000.000
13430,1719,-160.644531,25000000.000
13431,1719,-160.644531,25000000.000
13432,1667,-186.035156,25000000.000
13433,1653,-192.871094,25000000.000
13434,1649,-194.824219,25000000.000
13435,1648,-195.312500,25000000.000
13436,1665,-187.011719,25000000.000
13437,1693,-173.339844,25000000.000
13438,1724,-158.203125,25000000.000
13439,1728,-156.250000,25000000.000
13440,1808,-117.187500,25000000.000
13441,1860,-91.796875,25000000.000
13442,1916,-64.453125,25000000.000
13443,1920,-62.500000,25000000.000
13444,2037,-5.371094,25000000.000
13445,2094,22.460938,25000000.000
13446,2156,52.734375,25000000.000
13447,2159,54.199219,25000000.000
13448,2264,105.468750,25000000.000
13449,2313,129.394531,25000000.000
13450,2355,149.902344,25000000.000
13451,2359,151.855469,25000000.000
13452,2414,178.710938,25000000.000
13453,2435,188.964844,25000000.000
13454,2441,191.894531,25000000.000
13455,2442,192.382812,25000000.000
13456,2432,187.500000,25000000.000
13457,2412,177.734375,25000000.000
13458,2386,165.039062,25000000.000
13459,2383,163.574219,25000000.000
13460,2305,125.488281,25000000.000
13461,2256,101.562500,25000000.000
13462,2204,76.171875,25000000.000
13463,2198,73.242188,25000000.000
13464,2084,17.578125,25000000.000
13465,2025,-11.230469,25000000.000
13466,1963,-41.503906,25000000.000
13467,1958,-43.945312,25000000.000
13468,1848,-97.656250,25000000.000
13469,1802,-120.117188,25000000.000
13470,1755,-143.066406,25000000.000
13471,1752,-144.531250,25000000.000
13472,1688,-175.781250,25000000.000
13473,1666,-186.523438,25000000.000
13474,1653,-192.871094,25000000.000
13475,1654,-192.382812,25000000.000
13476,1658,-190.429688,25000000.000
13477,1671,-184.082031,25000000.000
13478,1701,-169.433594,25000000.000
13479,1701,-169.433594,25000000.000
13480,1769,-136.230469,25000000.000
13481,1818,-112.304688,25000000.000
13482,1868,-87.890625,25000000.000
13483,1873,-85.449219,25000000.000
13484,1982,-32.226562,25000000.000
13485,2046,-0.976562,25000000.000
13486,2104,27.343750,25000000.000
13487,2112,31.250000,25000000.000
13488,2222,84.960938,25000000.000
13489,2272,109.375000,25000000.000
13490,2321,133.300781,25000000.000
13491,2327,136.230469,25000000.000
13492,2395,169.433594,25000000.000
13493,2419,181.152344,25000000.000
13494,2436,189.453125,25000000.000
13495,2437,189.941406,25000000.000
13496,2442,192.382812,25000000.000
13497,2428,185.546875,25000000.000
13498,2408,175.781250,25000000.000
13499,2404,173.828125,25000000.000
13500,2341,143.066406,25000000.000
13501,2301,123.535156,25000000.000
13502,2249,98.144531,25000000.000
13503,2243,95.214844,25000000.000
13504,2137,43.457031,25000000.000
13505,2077,14.160156,25000000.000
13506,2016,-15.625000,25000000.000
13507,2011,-18.066406,25000000.000
13508,1897,-73.730469,25000000.000
13509,1840,-101.562500,25000000.000
13510,1792,-125.000000,25000000.000
13511,1788,-126.953125,25000000.000
13512,1713,-163.574219,25000000.000
13513,1684,-177.734375,25000000.000
13514,1663,-187.988281,25000000.000
13515,1661,-188.964844,25000000.000
13516,1649,-194.824219,25000000.000
13517,1659,-189.941406,25000000.000
13518,1674,-182.617188,25000000.000
13519,1678,-180.664062,25000000.000
13520,1733,-153.808594,25000000.000
13521,1775,-133.300781,25000000.000
13522,1823,-109.863281,25000000.000
13523,1833,-104.980469,25000000.000
13524,1933,-56.152344,25000000.000
13525,1991,-27.832031,25000000.000
13526,2054,2.929688,25000000.000
13527,2057,4.394531,25000000.000
13528,2173,61.035156,25000000.000
13529,2229,88.378906,25000000.000
13530,2280,113.281250,25000000.000
13531,2282,114.257812,25000000.000
13532,2368,156.250000,25000000.000
13533,2399,171.386719,25000000.000
13534,2421,182.128906,25000000.000
13535,2424,183.593750,25000000.000
13536,2442,192.382812,25000000.000
13537,2440,191.406250,25000000.000
13538,2426,184.570312,25000000.000
13539,2425,184.082031,25000000.000
13540,2376,160.156250,25000000.000
13541,2337,141.113281,25000000.000
13542,2293,119.628906,25000000.000
13543,2287,116.699219,25000000.000
13544,2187,67.871094,25000000.000
13545,2126,38.085938,25000000.000
13546,2067,9.277344,25000000.000
13547,2061,6.347656,25000000.000
13548,1945,-50.292969,25000000.000
13549,1889,-77.636719,25000000.000
13550,1832,-105.468750,25000000.000
13551,1829,-106.933594,25000000.000
13552,1741,-149.902344,25000000.000
13553,1708,-166.015625,25000000.000
13554,1680,-179.687500,25000000.000
13555,1679,-180.175781,25000000.000
13556,1652,-193.359375,25000000.000
13557,1655,-191.894531,25000000.000
13558,1660,-189.453125,25000000.000
13559,1662,-188.476562,25000000.000
13560,1709,-165.527344,25000000.000
13561,1740,-150.390625,25000000.000
13562,1784,-128.906250,25000000.000
13563,1787,-127.441406,25000000.000
13564,1885,-79.589844,25000000.000
13565,1944,-50.781250,25000000.000
13566,2002,-22.460938,25000000.000
13567,2008,-19.531250,25000000.000
13568,2121,35.644531,25000000.000
13569,2182,65.429688,25000000.000
13570,2237,92.285156,25000000.000
13571,2244,95.703125,25000000.000
13572,2334,139.648438,25000000.000
13573,2370,157.226562,25000000.000
13574,2403,173.339844,25000000.000
13575,2407,175.292969,25000000.000
13576,2438,190.429688,25000000.000
13577,2441,191.894531,25000000.000
13578,2439,190.917969,25000000.000
13579,2436,189.453125,25000000.000
13580,2402,172.851562,25000000.000
13581,2369,156.738281,25000000.000
13582,2328,136.718750,25000000.000
13583,2325,135.253906,25000000.000
13584,2230,88.867188,25000000.000
13585,2177,62.988281,25000000.000
13586,2116,33.203125,25000000.000
13587,2112,31.250000,25000000.000
13588,1996,-25.390625,25000000.000
13589,1935,-55.175781,25000000.000
13590,1878,-83.007812,25000000.000
13591,1874,-84.960938,25000000.000
13592,1779,-131.347656,25000000.000
13593,1736,-152.343750,25000000.000
13594,1705,-167.480469,25000000.000
13595,1700,-169.921875,25000000.000
13596,1653,-192.871094,25000000.000
13597,1649,-194.824219,25000000.000
13598,1653,-192.871094,25000000.000
13599,1650,-194.335938,25000000.000
13600,1680,-179.687500,25000000.000
13601,1712,-164.062500,25000000.000
13602,1745,-147.949219,25000000.000
13603,1750,-145.507812,25000000.000
13604,1838,-102.539062,25000000.000
13605,1893,-75.683594,25000000.000
13606,1950,-47.851562,25000000.000
13607,1957,-44.433594,25000000.000
13608,2072,11.718750,25000000.000
13609,2135,42.480469,25000000.000
13610,2211,79.589844,25000000.000
13611,2190,69.335938,25000000.000
13612,2289,117.675781,25000000.000
13613,2342,143.554688,25000000.000
13614,2374,159.179688,25000000.000
13615,2381,162.597656,25000000.000
13616,2426,184.570312,25000000.000
13617,2440,191.406250,25000000.000
13618,2441,191.894531,25000000.000
13619,2444,193.359375,25000000.000
13620,2419,181.152344,25000000.000
13621,2396,169.921875,25000000.000
13622,2362,153.320312,25000000.000
13623,2361,152.832031,25000000.000
13624,2277,111.816406,25000000.000
13625,2224,85.937500,25000000.000
13626,2169,59.082031,25000000.000
13627,2162,55.664062,25000000.000
13628,2049,0.488281,25000000.000
13629,1987,-29.785156,25000000.000
13630,1927,-59.082031,25000000.000
13631,1921,-62.011719,25000000.000
13632,1818,-112.304688,25000000.000
13633,1772,-134.765625,25000000.000
13634,1731,-154.785156,25000000.000
13635,1728,-156.250000,25000000.000
13636,1671,-184.082031,25000000.000
13637,1657,-190.917969,25000000.000
13638,1650,-194.335938,25000000.000
13639,1651,-193.847656,25000000.000
13640,1665,-187.011719,25000000.000
13641,1684,-177.734375,25000000.000
13642,1716,-162.109375,25000000.000
13643,1716,-162.109375,25000000.000
13644,1796,-123.046875,25000000.000
13645,1845,-99.121094,25000000.000
13646,1899,-72.753906,25000000.000
13647,1906,-69.335938,25000000.000
13648,2022,-12.695312,25000000.000
13649,2071,11.230469,25000000.000
13650,2142,45.898438,25000000.000
13651,2148,48.828125,25000000.000
13652,2249,98.144531,25000000.000
13653,2306,125.976562,25000000.000
13654,2349,146.972656,25000000.000
13655,2351,147.949219,25000000.000
13656,2410,176.757812,25000000.000
13657,2445,193.847656,25000000.000
13658,2441,191.894531,25000000.000
13659,2435,188.964844,25000000.000
13660,2436,189.453125,25000000.000
13661,2415,179.199219,25000000.000
13662,2391,167.480469,25000000.000
13663,2389,166.503906,25000000.000
13664,2317,131.347656,25000000.000
13665,2268,107.421875,25000000.000
13666,2217,82.519531,25000000.000
13667,2213,80.566406,25000000.000
13668,2098,24.414062,25000000.000
13669,2040,-3.906250,25000000.000
13670,1978,-34.179688,25000000.000
13671,1973,-36.621094,25000000.000
13672,1863,-90.332031,25000000.000
13673,1811,-115.722656,25000000.000
13674,1766,-137.695312,25000000.000
13675,1760,-140.625000,25000000.000
13676,1694,-172.851562,25000000.000
13677,1667,-186.035156,25000000.000
13678,1656,-191.406250,25000000.000
13679,1654,-192.382812,25000000.000
13680,1652,-193.359375,25000000.000
13681,1670,-184.570312,25000000.000
13682,1689,-175.292969,25000000.000
13683,1690,-174.804688,25000000.000
13684,1757,-142.089844,25000000.000
13685,1806,-118.164062,25000000.000
13686,1855,-94.238281,25000000.000
13687,1859,-92.285156,25000000.000
13688,1970,-38.085938,25000000.000
13689,2030,-8.789062,25000000.000
13690,2091,20.996094,25000000.000
13691,2097,23.925781,25000000.000
13692,2209,78.613281,25000000.000
13693,2261,104.003906,25000000.000
13694,2309,127.441406,25000000.000
13695,2314,129.882812,25000000.000
13696,2385,164.550781,25000000.000
13697,2414,178.710938,25000000.000
13698,2431,187.011719,25000000.000
13699,2432,187.500000,25000000.000
13700,2442,192.382812,25000000.000
13701,2423,183.105469,25000000.000
13702,2418,180.664062,25000000.000
13703,2420,181.640625,25000000.000
13704,2340,142.578125,25000000.000
13705,2297,121.582031,25000000.000
13706,2257,102.050781,25000000.000
13707,2256,101.562500,25000000.000
13708,2151,50.292969,25000000.000
13709,2090,20.507812,25000000.000
13710,2032,-7.812500,25000000.000
13711,2022,-12.695312,25000000.000
13712,1910,-67.382812,25000000.000
13713,1855,-94.238281,25000000.000
13714,1807,-117.675781,25000000.000
13715,1799,-121.582031,25000000.000
13716,1719,-160.644531,25000000.000
13717,1690,-174.804688,25000000.000
13718,1664,-187.500000,25000000.000
13719,1668,-185.546875,25000000.000
13720,1650,-194.335938,25000000.000
13721,1654,-192.382812,25000000.000
13722,1677,-181.152344,25000000.000
13723,1671,-184.082031,25000000.000
13724,1731,-154.785156,25000000.000
13725,1767,-137.207031,25000000.000
13726,1814,-114.257812,25000000.000
13727,1816,-113.281250,25000000.000
13728,1920,-62.500000,25000000.000
13729,1978,-34.179688,25000000.000
13730,2040,-3.906250,25000000.000
13731,2044,-1.953125,25000000.000
13732,2159,54.199219,25000000.000
13733,2215,81.542969,25000000.000
13734,2268,107.421875,25000000.000
13735,2274,110.351562,25000000.000
13736,2356,150.390625,25000000.000
13737,2391,167.480469,25000000.000
13738,2418,180.664062,25000000.000
13739,2420,181.640625,25000000.000
13740,2444,193.359375,25000000.000
13741,2441,191.894531,25000000.000
13742,2432,187.500000,25000000.000
13743,2430,186.523438,25000000.000
13744,2383,163.574219,25000000.000
13745,2344,144.531250,25000000.000
13746,2309,127.441406,25000000.000
13747,2302,124.023438,25000000.000
13748,2197,72.753906,25000000.000
13749,2148,48.828125,25000000.000
13750,2079,15.136719,25000000.000
13751,2078,14.648438,25000000.000
13752,1962,-41.992188,25000000.000
13753,1902,-71.289062,25000000.000
13754,1848,-97.656250,25000000.000
13755,1844,-99.609375,25000000.000
13756,1751,-145.019531,25000000.000
13757,1715,-162.597656,25000000.000
13758,1686,-176.757812,25000000.000
13759,1682,-178.710938,25000000.000
13760,1655,-191.894531,25000000.000
13761,1650,-194.335938,25000000.000
13762,1657,-190.917969,25000000.000
13763,1658,-190.429688,25000000.000
13764,1697,-171.386719,25000000.000
13765,1732,-154.296875,25000000.000
13766,1771,-135.253906,25000000.000
13767,1776,-132.812500,25000000.000
13768,1869,-87.402344,25000000.000
13769,1928,-58.593750,25000000.000
13770,1988,-29.296875,25000000.000
13771,1994,-26.367188,25000000.000
13772,2108,29.296875,25000000.000
13773,2168,58.593750,25000000.000
13774,2225,86.425781,25000000.000
13775,2230,88.867188,25000000.000
13776,2324,134.765625,25000000.000
13777,2360,152.343750,25000000.000
13778,2395,169.433594,25000000.000
13779,2397,170.410156,25000000.000
13780,2434,188.476562,25000000.000
13781,2441,191.894531,25000000.000
13782,2436,189.453125,25000000.000
13783,2438,190.429688,25000000.000
13784,2404,173.828125,25000000.000
13785,2378,161.132812,25000000.000
13786,2338,141.601562,25000000.000
13787,2336,140.625000,25000000.000
13788,2246,96.679688,25000000.000
13789,2190,69.335938,25000000.000
13790,2132,41.015625,25000000.000
13791,2127,38.574219,25000000.000
13792,2012,-17.578125,25000000.000
13793,1950,-47.851562,25000000.000
13794,1894,-75.195312,25000000.000
13795,1888,-78.125000,25000000.000
13796,1789,-126.464844,25000000.000
13797,1747,-146.972656,25000000.000
13798,1709,-165.527344,25000000.000
13799,1706,-166.992188,25000000.000
13800,1662,-188.476562,25000000.000
13801,1654,-192.382812,25000000.000
13802,1647,-195.800781,25000000.000
13803,1648,-195.312500,25000000.000
13804,1677,-181.152344,25000000.000
13805,1701,-169.433594,25000000.000
13806,1737,-151.855469,25000000.000
13807,1743,-148.925781,25000000.000
13808,1827,-107.910156,25000000.000
13809,1879,-82.519531,25000000.000
13810,1937,-54.199219,25000000.000
13811,1941,-52.246094,25000000.000
13812,2057,4.394531,25000000.000
13813,2117,33.691406,25000000.000
13814,2175,62.011719,25000000.000
13815,2181,64.941406,25000000.000
13816,2283,114.746094,25000000.000
13817,2331,138.183594,25000000.000
13818,2364,154.296875,25000000.000
13819,2372,158.203125,25000000.000
13820,2423,183.105469,25000000.000
13821,2436,189.453125,25000000.000
13822,2442,192.382812,25000000.000
13823,2445,193.847656,25000000.000
13824,2425,184.082031,25000000.000
13825,2401,172.363281,25000000.000
13826,2373,158.691406,25000000.000
13827,2368,156.250000,25000000.000
13828,2288,117.187500,25000000.000
13829,2238,92.773438,25000000.000
13830,2182,65.429688,25000000.000
13831,2174,61.523438,25000000.000
13832,2063,7.324219,25000000.000
13833,2003,-21.972656,25000000.000
13834,1941,-52.246094,25000000.000
13835,1937,-54.199219,25000000.000
13836,1830,-106.445312,25000000.000
13837,1782,-129.882812,25000000.000
13838,1741,-149.902344,25000000.000
13839,1736,-152.343750,25000000.000
13840,1679,-180.175781,25000000.000
13841,1658,-190.429688,25000000.000
13842,1652,-193.359375,25000000.000
13843,1648,-195.312500,25000000.000
13844,1660,-189.453125,25000000.000
13845,1678,-180.664062,25000000.000
13846,1705,-167.480469,25000000.000
13847,1708,-166.015625,25000000.000
13848,1784,-128.906250,25000000.000
13849,1828,-107.421875,25000000.000
13850,1883,-80.566406,25000000.000
13851,1894,-75.195312,25000000.000
13852,2004,-21.484375,25000000.000
13853,2066,8.789062,25000000.000
13854,2127,38.574219,25000000.000
13855,2132,41.015625,25000000.000
13856,2239,93.261719,25000000.000
13857,2290,118.164062,25000000.000
13858,2337,141.113281,25000000.000
13859,2340,142.578125,25000000.000
13860,2404,173.828125,25000000.000
13861,2426,184.570312,25000000.000
13862,2440,191.406250,25000000.000
13863,2439,190.917969,25000000.000
13864,2438,190.429688,25000000.000
13865,2423,183.105469,25000000.000
13866,2398,170.898438,25000000.000
13867,2398,170.898438,25000000.000
13868,2326,135.742188,25000000.000
13869,2283,114.746094,25000000.000
13870,2231,89.355469,25000000.000
13871,2226,86.914062,25000000.000
13872,2116,33.203125,25000000.000
13873,2055,3.417969,25000000.000
13874,1995,-25.878906,25000000.000
13875,1999,-23.925781,25000000.000
13876,1871,-86.425781,25000000.000
13877,1813,-114.746094,25000000.000
13878,1786,-127.929688,25000000.000
13879,1767,-137.207031,25000000.000
13880,1701,-169.433594,25000000.000
13881,1671,-184.082031,25000000.000
13882,1660,-189.453125,25000000.000
13883,1656,-191.406250,25000000.000
13884,1650,-194.335938,25000000.000
13885,1663,-187.988281,25000000.000
13886,1684,-177.734375,25000000.000
13887,1686,-176.757812,25000000.000
13888,1750,-145.507812,25000000.000
13889,1791,-125.488281,25000000.000
13890,1843,-100.097656,25000000.000
13891,1848,-97.656250,25000000.000
13892,1956,-44.921875,25000000.000
13893,2015,-16.113281,25000000.000
13894,2077,14.160156,25000000.000
13895,2082,16.601562,25000000.000
13896,2196,72.265625,25000000.000
13897,2247,97.167969,25000000.000
13898,2300,123.046875,25000000.000
13899,2303,124.511719,25000000.000
13900,2378,161.132812,25000000.000
13901,2408,175.781250,25000000.000
13902,2429,186.035156,25000000.000
13903,2431,187.011719,25000000.000
13904,2442,192.382812,25000000.000
13905,2436,189.453125,25000000.000
13906,2421,182.128906,25000000.000
13907,2419,181.152344,25000000.000
13908,2364,154.296875,25000000.000
13909,2320,132.812500,25000000.000
13910,2276,111.328125,25000000.000
13911,2271,108.886719,25000000.000
13912,2166,57.617188,25000000.000
13913,2107,28.808594,25000000.000
13914,2045,-1.464844,25000000.000
13915,2038,-4.882812,25000000.000
13916,1924,-60.546875,25000000.000
13917,1870,-86.914062,25000000.000
13918,1814,-114.257812,25000000.000
13919,1812,-115.234375,25000000.000
13920,1730,-155.273438,25000000.000
13921,1695,-172.363281,25000000.000
13922,1672,-183.593750,25000000.000
13923,1671,-184.082031,25000000.000
13924,1651,-193.847656,25000000.000
13925,1652,-193.359375,25000000.000
13926,1667,-186.035156,25000000.000
13927,1667,-186.035156,25000000.000
13928,1717,-161.621094,25000000.000
13929,1756,-142.578125,25000000.000
13930,1798,-122.070312,25000000.000
13931,1803,-119.628906,25000000.000
13932,1906,-69.335938,25000000.000
13933,1965,-40.527344,25000000.000
13934,2023,-12.207031,25000000.000
13935,2030,-8.789062,25000000.000
13936,2145,47.363281,25000000.000
13937,2202,75.195312,25000000.000
13938,2257,102.050781,25000000.000
13939,2261,104.003906,25000000.000
13940,2348,146.484375,25000000.000
13941,2383,163.574219,25000000.000
13942,2412,177.734375,25000000.000
13943,2415,179.199219,25000000.000
13944,2442,192.382812,25000000.000
13945,2442,192.382812,25000000.000
13946,2434,188.476562,25000000.000
13947,2432,187.500000,25000000.000
13948,2389,166.503906,25000000.000
13949,2357,150.878906,25000000.000
13950,2313,129.394531,25000000.000
13951,2311,128.417969,25000000.000
13952,2214,81.054688,25000000.000
13953,2157,53.222656,25000000.000
13954,2098,24.414062,25000000.000
13955,2092,21.484375,25000000.000
13956,1972,-37.109375,25000000.000
13957,1925,-60.058594,25000000.000
13958,1860,-91.796875,25000000.000
13959,1858,-92.773438,25000000.000
13960,1764,-138.671875,25000000.000
13961,1725,-157.714844,25000000.000
13962,1690,-174.804688,25000000.000
13963,1690,-174.804688,25000000.000
13964,1654,-192.382812,25000000.000
13965,1650,-194.335938,25000000.000
13966,1653,-192.871094,25000000.000
13967,1656,-191.406250,25000000.000
13968,1690,-174.804688,25000000.000
13969,1722,-159.179688,25000000.000
13970,1761,-140.136719,25000000.000
13971,1767,-137.207031,25000000.000
13972,1857,-93.261719,25000000.000
13973,1913,-65.917969,25000000.000
13974,1972,-37.109375,25000000.000
13975,1976,-35.156250,25000000.000
13976,2094,22.460938,25000000.000
13977,2151,50.292969,25000000.000
13978,2210,79.101562,25000000.000
13979,2214,81.054688,25000000.000
13980,2311,128.417969,25000000.000
13981,2353,148.925781,25000000.000
13982,2388,166.015625,25000000.000
13983,2391,167.480469,25000000.000
13984,2432,187.500000,25000000.000
13985,2443,192.871094,25000000.000
13986,2440,191.406250,25000000.000
13987,2442,192.382812,25000000.000
13988,2414,178.710938,25000000.000
13989,2385,164.550781,25000000.000
13990,2349,146.972656,25000000.000
13991,2346,145.507812,25000000.000
13992,2258,102.539062,25000000.000
13993,2203,75.683594,25000000.000
13994,2148,48.828125,25000000.000
13995,2138,43.945312,25000000.000
13996,2032,-7.812500,25000000.000
13997,1969,-38.574219,25000000.000
13998,1910,-67.382812,25000000.000
13999,1899,-72.753906,25000000.000
14000,1800,-121.093750,25000000.000
14001,1756,-142.578125,25000000.000
14002,1718,-161.132812,25000000.000
14003,1715,-162.597656,25000000.000
14004,1667,-186.035156,25000000.000
14005,1654,-192.382812,25000000.000
14006,1648,-195.312500,25000000.000
14007,1650,-194.335938,25000000.000
14008,1671,-184.082031,25000000.000
14009,1693,-173.339844,25000000.000
14010,1728,-156.250000,25000000.000
14011,1731,-154.785156,25000000.000
14012,1813,-114.746094,25000000.000
14013,1866,-88.867188,25000000.000
14014,1922,-61.523438,25000000.000
14015,1928,-58.593750,25000000.000
14016,2041,-3.417969,25000000.000
14017,2103,26.855469,25000000.000
14018,2161,55.175781,25000000.000
14019,2168,58.593750,25000000.000
14020,2271,108.886719,25000000.000
14021,2317,131.347656,25000000.000
14022,2359,151.855469,25000000.000
14023,2363,153.808594,25000000.000
14024,2418,180.664062,25000000.000
14025,2433,187.988281,25000000.000
14026,2443,192.871094,25000000.000
14027,2443,192.871094,25000000.000
14028,2429,186.035156,25000000.000
14029,2410,176.757812,25000000.000
14030,2380,162.109375,25000000.000
14031,2377,160.644531,25000000.000
14032,2301,123.535156,25000000.000
14033,2252,99.609375,25000000.000
14034,2195,71.777344,25000000.000
14035,2193,70.800781,25000000.000
14036,2077,14.160156,25000000.000
14037,2017,-15.136719,25000000.000
14038,1957,-44.433594,25000000.000
14039,1952,-46.875000,25000000.000
14040,1843,-100.097656,25000000.000
14041,1793,-124.511719,25000000.000
14042,1751,-145.019531,25000000.000
14043,1746,-147.460938,25000000.000
14044,1684,-177.734375,25000000.000
14045,1664,-187.500000,25000000.000
14046,1651,-193.847656,25000000.000
14047,1650,-194.335938,25000000.000
14048,1657,-190.917969,25000000.000
14049,1675,-182.128906,25000000.000
14050,1699,-170.410156,25000000.000
14051,1702,-168.945312,25000000.000
14052,1773,-134.277344,25000000.000
14053,1822,-110.351562,25000000.000
14054,1874,-84.960938,25000000.000
14055,1881,-81.542969,25000000.000
14056,1986,-30.273438,25000000.000
14057,2050,0.976562,25000000.000
14058,2117,33.691406,25000000.000
14059,2118,34.179688,25000000.000
14060,2232,89.843750,25000000.000
14061,2268,107.421875,25000000.000
14062,2327,136.230469,25000000.000
14063,2322,133.789062,25000000.000
14064,2403,173.339844,25000000.000
14065,2417,180.175781,25000000.000
14066,2434,188.476562,25000000.000
14067,2437,189.941406,25000000.000
14068,2440,191.406250,25000000.000
14069,2424,183.593750,25000000.000
14070,2406,174.804688,25000000.000
14071,2404,173.828125,25000000.000
14072,2340,142.578125,25000000.000
14073,2293,119.628906,25000000.000
14074,2244,95.703125,25000000.000
14075,2236,91.796875,25000000.000
14076,2132,41.015625,25000000.000
14077,2068,9.765625,25000000.000
14078,2007,-20.019531,25000000.000
14079,2000,-23.437500,25000000.000
14080,1889,-77.636719,25000000.000
14081,1835,-104.003906,25000000.000
14082,1786,-127.929688,25000000.000
14083,1781,-130.371094,25000000.000
14084,1707,-166.503906,25000000.000
14085,1677,-181.152344,25000000.000
14086,1661,-188.964844,25000000.000
14087,1656,-191.406250,25000000.000
14088,1650,-194.335938,25000000.000
14089,1659,-189.941406,25000000.000
14090,1678,-180.664062,25000000.000
14091,1679,-180.175781,25000000.000
14092,1740,-150.390625,25000000.000
14093,1779,-131.347656,25000000.000
14094,1830,-106.445312,25000000.000
14095,1835,-104.003906,25000000.000
14096,1938,-53.710938,25000000.000
14097,2001,-22.949219,25000000.000
14098,2061,6.347656,25000000.000
14099,2067,9.277344,25000000.000
14100,2179,63.964844,25000000.000
14101,2237,92.285156,25000000.000
14102,2286,116.210938,25000000.000
14103,2293,119.628906,25000000.000
14104,2372,158.203125,25000000.000
14105,2402,172.851562,25000000.000
14106,2425,184.082031,25000000.000
14107,2427,185.058594,25000000.000
14108,2446,194.335938,25000000.000
14109,2437,189.941406,25000000.000
14110,2425,184.082031,25000000.000
14111,2422,182.617188,25000000.000
14112,2371,157.714844,25000000.000
14113,2326,135.742188,25000000.000
14114,2290,118.164062,25000000.000
14115,2270,108.398438,25000000.000
14116,2188,68.359375,25000000.000
14117,2128,39.062500,25000000.000
14118,2055,3.417969,25000000.000
14119,2041,-3.417969,25000000.000
14120,1951,-47.363281,25000000.000
14121,1879,-82.519531,25000000.000
14122,1823,-109.863281,25000000.000
14123,1824,-109.375000,25000000.000
14124,1751,-145.019531,25000000.000
14125,1700,-169.921875,25000000.000
14126,1676,-181.640625,25000000.000
14127,1672,-183.593750,25000000.000
14128,1650,-194.335938,25000000.000
14129,1653,-192.871094,25000000.000
14130,1661,-188.964844,25000000.000
14131,1661,-188.964844,25000000.000
14132,1710,-165.039062,25000000.000
14133,1745,-147.949219,25000000.000
14134,1784,-128.906250,25000000.000
14135,1792,-125.000000,25000000.000
14136,1892,-76.171875,25000000.000
14137,1948,-48.828125,25000000.000
14138,2009,-19.042969,25000000.000
14139,2016,-15.625000,25000000.000
14140,2130,40.039062,25000000.000
14141,2186,67.382812,25000000.000
14142,2245,96.191406,25000000.000
14143,2248,97.656250,25000000.000
14144,2338,141.601562,25000000.000
14145,2376,160.156250,25000000.000
14146,2406,174.804688,25000000.000
14147,2405,174.316406,25000000.000
14148,2440,191.406250,25000000.000
14149,2444,193.359375,25000000.000
14150,2435,188.964844,25000000.000
14151,2436,189.453125,25000000.000
14152,2397,170.410156,25000000.000
14153,2365,154.785156,25000000.000
14154,2326,135.742188,25000000.000
14155,2322,133.789062,25000000.000
14156,2227,87.402344,25000000.000
14157,2171,60.058594,25000000.000
14158,2113,31.738281,25000000.000
14159,2105,27.832031,25000000.000
14160,1991,-27.832031,25000000.000
14161,1932,-56.640625,25000000.000
14162,1873,-85.449219,25000000.000
14163,1867,-88.378906,25000000.000
14164,1772,-134.765625,25000000.000
14165,1734,-153.320312,25000000.000
14166,1699,-170.410156,25000000.000
14167,1696,-171.875000,25000000.000
14168,1656,-191.406250,25000000.000
14169,1652,-193.359375,25000000.000
14170,1653,-192.871094,25000000.000
14171,1655,-191.894531,25000000.000
14172,1685,-177.246094,25000000.000
14173,1712,-164.062500,25000000.000
14174,1751,-145.019531,25000000.000
14175,1754,-143.554688,25000000.000
14176,1845,-99.121094,25000000.000
14177,1898,-73.242188,25000000.000
14178,1957,-44.433594,25000000.000
14179,1962,-41.992188,25000000.000
14180,2074,12.695312,25000000.000
14181,2139,44.433594,25000000.000
14182,2196,72.265625,25000000.000
14183,2203,75.683594,25000000.000
14184,2297,121.582031,25000000.000
14185,2344,144.531250,25000000.000
14186,2380,162.109375,25000000.000
14187,2384,164.062500,25000000.000
14188,2429,186.035156,25000000.000
14189,2441,191.894531,25000000.000
14190,2444,193.359375,25000000.000
14191,2443,192.871094,25000000.000
14192,2421,182.128906,25000000.000
14193,2393,168.457031,25000000.000
14194,2361,152.832031,25000000.000
14195,2356,150.390625,25000000.000
14196,2272,109.375000,25000000.000
14197,2220,83.984375,25000000.000
14198,2163,56.152344,25000000.000
14199,2157,53.222656,25000000.000
14200,2040,-3.906250,25000000.000
14201,1981,-32.714844,25000000.000
14202,1922,-61.523438,25000000.000
14203,1916,-64.453125,25000000.000
14204,1812,-115.234375,25000000.000
14205,1767,-137.207031,25000000.000
14206,1727,-156.738281,25000000.000
14207,1724,-158.203125,25000000.000
14208,1671,-184.082031,25000000.000
14209,1653,-192.871094,25000000.000
14210,1649,-194.824219,25000000.000
14211,1648,-195.312500,25000000.000
14212,1666,-186.523438,25000000.000
14213,1690,-174.804688,25000000.000
14214,1718,-161.132812,25000000.000
14215,1722,-159.179688,25000000.000
14216,1799,-121.582031,25000000.000
14217,1853,-95.214844,25000000.000
14218,1907,-68.847656,25000000.000
14219,1913,-65.917969,25000000.000
14220,2026,-10.742188,25000000.000
14221,2086,18.554688,25000000.000
14222,2147,48.339844,25000000.000
14223,2153,51.269531,25000000.000
14224,2259,103.027344,25000000.000
14225,2306,125.976562,25000000.000
14226,2349,146.972656,25000000.000
14227,2353,148.925781,25000000.000
14228,2412,177.734375,25000000.000
14229,2430,186.523438,25000000.000
14230,2441,191.894531,25000000.000
14231,2441,191.894531,25000000.000
14232,2432,187.500000,25000000.000
14233,2418,180.664062,25000000.000
14234,2388,166.015625,25000000.000
14235,2387,165.527344,25000000.000
14236,2313,129.394531,25000000.000
14237,2264,105.468750,25000000.000
14238,2212,80.078125,25000000.000
14239,2206,77.148438,25000000.000
14240,2094,22.460938,25000000.000
14241,2035,-6.347656,25000000.000
14242,1972,-37.109375,25000000.000
14243,1964,-41.015625,25000000.000
14244,1857,-93.261719,25000000.000
14245,1807,-117.675781,25000000.000
14246,1759,-141.113281,25000000.000
14247,1754,-143.554688,25000000.000
14248,1690,-174.804688,25000000.000
14249,1667,-186.035156,25000000.000
14250,1653,-192.871094,25000000.000
14251,1655,-191.894531,25000000.000
14252,1654,-192.382812,25000000.000
14253,1670,-184.570312,25000000.000
14254,1694,-172.851562,25000000.000
14255,1697,-171.386719,25000000.000
14256,1765,-138.183594,25000000.000
14257,1810,-116.210938,25000000.000
14258,1864,-89.843750,25000000.000
14259,1864,-89.843750,25000000.000
14260,1977,-34.667969,25000000.000
14261,2036,-5.859375,25000000.000
14262,2098,24.414062,25000000.000
14263,2101,25.878906,25000000.000
14264,2214,81.054688,25000000.000
14265,2268,107.421875,25000000.000
14266,2313,129.394531,25000000.000
14267,2320,132.812500,25000000.000
14268,2388,166.015625,25000000.000
14269,2416,179.687500,25000000.000
14270,2435,188.964844,25000000.000
14271,2437,189.941406,25000000.000
14272,2442,192.382812,25000000.000
14273,2431,187.011719,25000000.000
14274,2413,178.222656,25000000.000
14275,2410,176.757812,25000000.000
14276,2350,147.460938,25000000.000
14277,2306,125.976562,25000000.000
14278,2255,101.074219,25000000.000
14279,2251,99.121094,25000000.000
14280,2143,46.386719,25000000.000
14281,2084,17.578125,25000000.000
14282,2023,-12.207031,25000000.000
14283,2018,-14.648438,25000000.000
14284,1903,-70.800781,25000000.000
14285,1849,-97.167969,25000000.000
14286,1800,-121.093750,25000000.000
14287,1795,-123.535156,25000000.000
14288,1717,-161.621094,25000000.000
14289,1686,-176.757812,25000000.000
14290,1666,-186.523438,25000000.000
14291,1664,-187.500000,25000000.000
14292,1650,-194.335938,25000000.000
14293,1657,-190.917969,25000000.000
14294,1672,-183.593750,25000000.000
14295,1674,-182.617188,25000000.000
14296,1728,-156.250000,25000000.000
14297,1769,-136.230469,25000000.000
14298,1816,-113.281250,25000000.000
14299,1822,-110.351562,25000000.000
14300,1925,-60.058594,25000000.000
14301,1984,-31.250000,25000000.000
14302,2039,-4.394531,25000000.000
14303,2062,6.835938,25000000.000
14304,2162,55.664062,25000000.000
14305,2234,90.820312,25000000.000
14306,2271,108.886719,25000000.000
14307,2281,113.769531,25000000.000
14308,2360,152.343750,25000000.000
14309,2396,169.921875,25000000.000
14310,2418,180.664062,25000000.000
14311,2423,183.105469,25000000.000
14312,2442,192.382812,25000000.000
14313,2442,192.382812,25000000.000
14314,2429,186.035156,25000000.000
14315,2427,185.058594,25000000.000
14316,2379,161.621094,25000000.000
14317,2344,144.531250,25000000.000
14318,2299,122.558594,25000000.000
14319,2294,120.117188,25000000.000
14320,2195,71.777344,25000000.000
14321,2136,42.968750,25000000.000
14322,2075,13.183594,25000000.000
14323,2072,11.718750,25000000.000
14324,1955,-45.410156,25000000.000
14325,1894,-75.195312,25000000.000
14326,1841,-101.074219,25000000.000
14327,1836,-103.515625,25000000.000
14328,1750,-145.507812,25000000.000
14329,1715,-162.597656,25000000.000
14330,1682,-178.710938,25000000.000
14331,1678,-180.664062,25000000.000
14332,1651,-193.847656,25000000.000
14333,1654,-192.382812,25000000.000
14334,1655,-191.894531,25000000.000
14335,1671,-184.082031,25000000.000
14336,1692,-173.828125,25000000.000
14337,1727,-156.738281,25000000.000
14338,1771,-135.253906,25000000.000
14339,1785,-128.417969,25000000.000
14340,1878,-83.007812,25000000.000
14341,1931,-57.128906,25000000.000
14342,1989,-28.808594,25000000.000
14343,1988,-29.296875,25000000.000
14344,2113,31.738281,25000000.000
14345,2176,62.500000,25000000.000
14346,2228,87.890625,25000000.000
14347,2232,89.843750,25000000.000
14348,2327,136.230469,25000000.000
14349,2367,155.761719,25000000.000
14350,2398,170.898438,25000000.000
14351,2402,172.851562,25000000.000
14352,2437,189.941406,25000000.000
14353,2443,192.871094,25000000.000
14354,2439,190.917969,25000000.000
14355,2438,190.429688,25000000.000
14356,2405,174.316406,25000000.000
14357,2373,158.691406,25000000.000
14358,2337,141.113281,25000000.000
14359,2331,138.183594,25000000.000
14360,2241,94.238281,25000000.000
14361,2186,67.382812,25000000.000
14362,2123,36.621094,25000000.000
14363,2117,33.691406,25000000.000
14364,2004,-21.484375,25000000.000
14365,1947,-49.316406,25000000.000
14366,1884,-80.078125,25000000.000
14367,1883,-80.566406,25000000.000
14368,1775,-133.300781,25000000.000
14369,1742,-149.414062,25000000.000
14370,1708,-166.015625,25000000.000
14371,1709,-165.527344,25000000.000
14372,1659,-189.941406,25000000.000
14373,1650,-194.335938,25000000.000
14374,1652,-193.359375,25000000.000
14375,1650,-194.335938,25000000.000
14376,1676,-181.640625,25000000.000
14377,1705,-167.480469,25000000.000
14378,1740,-150.390625,25000000.000
14379,1745,-147.949219,25000000.000
14380,1830,-106.445312,25000000.000
14381,1886,-79.101562,25000000.000
14382,1941,-52.246094,25000000.000
14383,1949,-48.339844,25000000.000
14384,2061,6.347656,25000000.000
14385,2124,37.109375,25000000.000
14386,2183,65.917969,25000000.000
14387,2188,68.359375,25000000.000
14388,2289,117.675781,25000000.000
14389,2334,139.648438,25000000.000
14390,2373,158.691406,25000000.000
14391,2375,159.667969,25000000.000
14392,2427,185.058594,25000000.000
14393,2438,190.429688,25000000.000
14394,2442,192.382812,25000000.000
14395,2441,191.894531,25000000.000
14396,2424,183.593750,25000000.000
14397,2402,172.851562,25000000.000
14398,2367,155.761719,25000000.000
14399,2366,155.273438,25000000.000
14400,2283,114.746094,25000000.000
14401,2233,90.332031,25000000.000
14402,2177,62.988281,25000000.000
14403,2171,60.058594,25000000.000
14404,2053,2.441406,25000000.000
14405,1999,-23.925781,25000000.000
14406,1938,-53.710938,25000000.000
14407,1933,-56.152344,25000000.000
14408,1829,-106.933594,25000000.000
14409,1777,-132.324219,25000000.000
14410,1732,-154.296875,25000000.000
14411,1729,-155.761719,25000000.000
14412,1675,-182.128906,25000000.000
14413,1659,-189.941406,25000000.000
14414,1647,-195.800781,25000000.000
14415,1649,-194.824219,25000000.000
14416,1662,-188.476562,25000000.000
14417,1681,-179.199219,25000000.000
14418,1709,-165.527344,25000000.000
14419,1714,-163.085938,25000000.000
14420,1790,-125.976562,25000000.000
14421,1840,-101.562500,25000000.000
14422,1893,-75.683594,25000000.000
14423,1898,-73.242188,25000000.000
14424,2014,-16.601562,25000000.000
14425,2071,11.230469,25000000.000
14426,2133,41.503906,25000000.000
14427,2137,43.457031,25000000.000
14428,2246,96.679688,25000000.000
14429,2296,121.093750,25000000.000
14430,2339,142.089844,25000000.000
14431,2344,144.531250,25000000.000
14432,2406,174.804688,25000000.000
14433,2431,187.011719,25000000.000
14434,2440,191.406250,25000000.000
14435,2440,191.406250,25000000.000
14436,2437,189.941406,25000000.000
14437,2420,181.640625,25000000.000
14438,2399,171.386719,25000000.000
14439,2394,168.945312,25000000.000
14440,2325,135.253906,25000000.000
14441,2275,110.839844,25000000.000
14442,2226,86.914062,25000000.000
14443,2219,83.496094,25000000.000
14444,2107,28.808594,25000000.000
14445,2048,0.000000,25000000.000
14446,1987,-29.785156,25000000.000
14447,1980,-33.203125,25000000.000
14448,1868,-87.890625,25000000.000
14449,1819,-111.816406,25000000.000
14450,1769,-136.230469,25000000.000
14451,1766,-137.695312,25000000.000
14452,1697,-171.386719,25000000.000
14453,1673,-183.105469,25000000.000
14454,1657,-190.917969,25000000.000
14455,1656,-191.406250,25000000.000
14456,1655,-191.894531,25000000.000
14457,1663,-187.988281,25000000.000
14458,1688,-175.781250,25000000.000
14459,1689,-175.292969,25000000.000
14460,1754,-143.554688,25000000.000
14461,1796,-123.046875,25000000.000
14462,1849,-97.167969,25000000.000
14463,1852,-95.703125,25000000.000
14464,1959,-43.457031,25000000.000
14465,2025,-11.230469,25000000.000
14466,2082,16.601562,25000000.000
14467,2090,20.507812,25000000.000
14468,2201,74.707031,25000000.000
14469,2253,100.097656,25000000.000
14470,2305,125.488281,25000000.000
14471,2309,127.441406,25000000.000
14472,2385,164.550781,25000000.000
14473,2410,176.757812,25000000.000
14474,2431,187.011719,25000000.000
14475,2432,187.500000,25000000.000
14476,2443,192.871094,25000000.000
14477,2434,188.476562,25000000.000
14478,2418,180.664062,25000000.000
14479,2414,178.710938,25000000.000
14480,2358,151.367188,25000000.000
14481,2318,131.835938,25000000.000
14482,2268,107.421875,25000000.000
14483,2264,105.468750,25000000.000
14484,2159,54.199219,25000000.000
14485,2100,25.390625,25000000.000
14486,2039,-4.394531,25000000.000
14487,2035,-6.347656,25000000.000
14488,1918,-63.476562,25000000.000
14489,1862,-90.820312,25000000.000
14490,1812,-115.234375,25000000.000
14491,1806,-118.164062,25000000.000
14492,1727,-156.738281,25000000.000
14493,1692,-173.828125,25000000.000
14494,1669,-185.058594,25000000.000
14495,1668,-185.546875,25000000.000
14496,1649,-194.824219,25000000.000
14497,1655,-191.894531,25000000.000
14498,1667,-186.035156,25000000.000
14499,1670,-184.570312,25000000.000
14500,1720,-160.156250,25000000.000
14501,1760,-140.625000,25000000.000
14502,1805,-118.652344,25000000.000
14503,1810,-116.210938,25000000.000
14504,1912,-66.406250,25000000.000
14505,1970,-38.085938,25000000.000
14506,2032,-7.812500,25000000.000
14507,2036,-5.859375,25000000.000
14508,2153,51.269531,25000000.000
14509,2209,78.613281,25000000.000
14510,2261,104.003906,25000000.000
14511,2266,106.445312,25000000.000
14512,2352,148.437500,25000000.000
14513,2389,166.503906,25000000.000
14514,2414,178.710938,25000000.000
14515,2416,179.687500,25000000.000
14516,2442,192.382812,25000000.000
14517,2443,192.871094,25000000.000
14518,2433,187.988281,25000000.000
14519,2431,187.011719,25000000.000
14520,2389,166.503906,25000000.000
14521,2353,148.925781,25000000.000
14522,2311,128.417969,25000000.000
14523,2305,125.488281,25000000.000
14524,2209,78.613281,25000000.000
14525,2149,49.316406,25000000.000
14526,2089,20.019531,25000000.000
14527,2083,17.089844,25000000.000
14528,1969,-38.574219,25000000.000
14529,1909,-67.871094,25000000.000
14530,1854,-94.726562,25000000.000
14531,1848,-97.656250,25000000.000
14532,1758,-141.601562,25000000.000
14533,1721,-159.667969,25000000.000
14534,1688,-175.781250,25000000.000
14535,1688,-175.781250,25000000.000
14536,1656,-191.406250,25000000.000
14537,1650,-194.335938,25000000.000
14538,1655,-191.894531,25000000.000
14539,1656,-191.406250,25000000.000
14540,1696,-171.875000,25000000.000
14541,1729,-155.761719,25000000.000
14542,1761,-140.136719,25000000.000
14543,1765,-138.183594,25000000.000
14544,1863,-90.332031,25000000.000
14545,1922,-61.523438,25000000.000
14546,1978,-34.179688,25000000.000
14547,1984,-31.250000,25000000.000
14548,2101,25.878906,25000000.000
14549,2161,55.175781,25000000.000
14550,2213,80.566406,25000000.000
14551,2221,84.472656,25000000.000
14552,2317,131.347656,25000000.000
14553,2358,151.367188,25000000.000
14554,2391,167.480469,25000000.000
14555,2393,168.457031,25000000.000
14556,2435,188.964844,25000000.000
14557,2440,191.406250,25000000.000
14558,2442,192.382812,25000000.000
14559,2438,190.429688,25000000.000
14560,2410,176.757812,25000000.000
14561,2380,162.109375,25000000.000
14562,2346,145.507812,25000000.000
14563,2341,143.066406,25000000.000
14564,2252,99.609375,25000000.000
14565,2200,74.218750,25000000.000
14566,2139,44.433594,25000000.000
14567,2135,42.480469,25000000.000
14568,2020,-13.671875,25000000.000
14569,1959,-43.457031,25000000.000
14570,1901,-71.777344,25000000.000
14571,1896,-74.218750,25000000.000
14572,1796,-123.046875,25000000.000
14573,1750,-145.507812,25000000.000
14574,1715,-162.597656,25000000.000
14575,1710,-165.039062,25000000.000
14576,1663,-187.988281,25000000.000
14577,1651,-193.847656,25000000.000
14578,1649,-194.824219,25000000.000
14579,1648,-195.312500,25000000.000
14580,1672,-183.593750,25000000.000
14581,1698,-170.898438,25000000.000
14582,1730,-155.273438,25000000.000
14583,1735,-152.832031,25000000.000
14584,1819,-111.816406,25000000.000
14585,1870,-86.914062,25000000.000
14586,1927,-59.082031,25000000.000
14587,1936,-54.687500,25000000.000
14588,2054,2.929688,25000000.000
14589,2106,28.320312,25000000.000
14590,2162,55.664062,25000000.000
14591,2196,72.265625,25000000.000
14592,2275,110.839844,25000000.000
14593,2328,136.718750,25000000.000
14594,2362,153.320312,25000000.000
14595,2361,152.832031,25000000.000
14596,2421,182.128906,25000000.000
14597,2435,188.964844,25000000.000
14598,2438,190.429688,25000000.000
14599,2441,191.894531,25000000.000
14600,2426,184.570312,25000000.000
14601,2407,175.292969,25000000.000
14602,2376,160.156250,25000000.000
14603,2373,158.691406,25000000.000
14604,2295,120.605469,25000000.000
14605,2244,95.703125,25000000.000
14606,2190,69.335938,25000000.000
14607,2183,65.917969,25000000.000
14608,2072,11.718750,25000000.000
14609,2010,-18.554688,25000000.000
14610,1949,-48.339844,25000000.000
14611,1943,-51.269531,25000000.000
14612,1837,-103.027344,25000000.000
14613,1788,-126.953125,25000000.000
14614,1744,-148.437500,25000000.000
14615,1741,-149.902344,25000000.000
14616,1680,-179.687500,25000000.000
14617,1661,-188.964844,25000000.000
14618,1651,-193.847656,25000000.000
14619,1651,-193.847656,25000000.000
14620,1659,-189.941406,25000000.000
14621,1675,-182.128906,25000000.000
14622,1703,-168.457031,25000000.000
14623,1705,-167.480469,25000000.000
14624,1779,-131.347656,25000000.000
14625,1825,-108.886719,25000000.000
14626,1881,-81.542969,25000000.000
14627,1869,-87.402344,25000000.000
14628,1996,-25.390625,25000000.000
14629,2043,-2.441406,25000000.000
14630,2113,31.738281,25000000.000
14631,2102,26.367188,25000000.000
14632,2230,88.867188,25000000.000
14633,2291,118.652344,25000000.000
14634,2329,137.207031,25000000.000
14635,2328,136.718750,25000000.000
14636,2398,170.898438,25000000.000
14637,2423,183.105469,25000000.000
14638,2439,190.917969,25000000.000
14639,2437,189.941406,25000000.000
14640,2440,191.406250,25000000.000
14641,2423,183.105469,25000000.000
14642,2406,174.804688,25000000.000
14643,2402,172.851562,25000000.000
14644,2332,138.671875,25000000.000
14645,2288,117.187500,25000000.000
14646,2238,92.773438,25000000.000
14647,2232,89.843750,25000000.000
14648,2144,46.875000,25000000.000
14649,2049,0.488281,25000000.000
14650,1996,-25.390625,25000000.000
14651,1999,-23.925781,25000000.000
14652,1893,-75.683594,25000000.000
14653,1826,-108.398438,25000000.000
14654,1785,-128.417969,25000000.000
14655,1780,-130.859375,25000000.000
14656,1708,-166.015625,25000000.000
14657,1675,-182.128906,25000000.000
14658,1661,-188.964844,25000000.000
14659,1659,-189.941406,25000000.000
14660,1651,-193.847656,25000000.000
14661,1661,-188.964844,25000000.000
14662,1680,-179.687500,25000000.000
14663,1682,-178.710938,25000000.000
14664,1742,-149.414062,25000000.000
14665,1787,-127.441406,25000000.000
14666,1834,-104.492188,25000000.000
14667,1841,-101.074219,25000000.000
14668,1946,-49.804688,25000000.000
14669,2008,-19.531250,25000000.000
14670,2068,9.765625,25000000.000
14671,2074,12.695312,25000000.000
14672,2188,68.359375,25000000.000
14673,2241,94.238281,25000000.000
14674,2293,119.628906,25000000.000
14675,2296,121.093750,25000000.000
14676,2373,158.691406,25000000.000
14677,2407,175.292969,25000000.000
14678,2426,184.570312,25000000.000
14679,2427,185.058594,25000000.000
14680,2444,193.359375,25000000.000
14681,2439,190.917969,25000000.000
14682,2422,182.617188,25000000.000
14683,2421,182.128906,25000000.000
14684,2364,154.296875,25000000.000
14685,2326,135.742188,25000000.000
14686,2288,117.187500,25000000.000
14687,2283,114.746094,25000000.000
14688,2177,62.988281,25000000.000
14689,2106,28.320312,25000000.000
14690,2058,4.882812,25000000.000
14691,2049,0.488281,25000000.000
14692,1937,-54.199219,25000000.000
14693,1875,-84.472656,25000000.000
14694,1823,-109.863281,25000000.000
14695,1818,-112.304688,25000000.000
14696,1735,-152.832031,25000000.000
14697,1700,-169.921875,25000000.000
14698,1674,-182.617188,25000000.000
14699,1673,-183.105469,25000000.000
14700,1649,-194.824219,25000000.000
14701,1652,-193.359375,25000000.000
14702,1663,-187.988281,25000000.000
14703,1667,-186.035156,25000000.000
14704,1714,-163.085938,25000000.000
14705,1748,-146.484375,25000000.000
14706,1794,-124.023438,25000000.000
14707,1798,-122.070312,25000000.000
14708,1898,-73.242188,25000000.000
14709,1956,-44.921875,25000000.000
14710,2015,-16.113281,25000000.000
14711,2020,-13.671875,25000000.000
14712,2135,42.480469,25000000.000
14713,2193,70.800781,25000000.000
14714,2247,97.167969,25000000.000
14715,2253,100.097656,25000000.000
14716,2341,143.066406,25000000.000
14717,2380,162.109375,25000000.000
14718,2406,174.804688,25000000.000
14719,2413,178.222656,25000000.000
14720,2441,191.894531,25000000.000
14721,2442,192.382812,25000000.000
14722,2437,189.941406,25000000.000
14723,2434,188.476562,25000000.000
14724,2397,170.410156,25000000.000
14725,2360,152.343750,25000000.000
14726,2321,133.300781,25000000.000
14727,2316,130.859375,25000000.000
14728,2221,84.472656,25000000.000
14729,2166,57.617188,25000000.000
14730,2105,27.832031,25000000.000
14731,2099,24.902344,25000000.000
14732,1983,-31.738281,25000000.000
14733,1925,-60.058594,25000000.000
14734,1867,-88.378906,25000000.000
14735,1863,-90.332031,25000000.000
14736,1770,-135.742188,25000000.000
14737,1729,-155.761719,25000000.000
14738,1697,-171.386719,25000000.000
14739,1691,-174.316406,25000000.000
14740,1659,-189.941406,25000000.000
14741,1648,-195.312500,25000000.000
14742,1652,-193.359375,25000000.000
14743,1652,-193.359375,25000000.000
14744,1686,-176.757812,25000000.000
14745,1717,-161.621094,25000000.000
14746,1756,-142.578125,25000000.000
14747,1759,-141.113281,25000000.000
14748,1850,-96.679688,25000000.000
14749,1906,-69.335938,25000000.000
14750,1963,-41.503906,25000000.000
14751,1970,-38.085938,25000000.000
14752,2086,18.554688,25000000.000
14753,2143,46.386719,25000000.000
14754,2204,76.171875,25000000.000
14755,2209,78.613281,25000000.000
14756,2307,126.464844,25000000.000
14757,2347,145.996094,25000000.000
14758,2383,163.574219,25000000.000
14759,2385,164.550781,25000000.000
14760,2430,186.523438,25000000.000
14761,2442,192.382812,25000000.000
14762,2441,191.894531,25000000.000
14763,2441,191.894531,25000000.000
14764,2416,179.687500,25000000.000
14765,2390,166.992188,25000000.000
14766,2354,149.414062,25000000.000
14767,2351,147.949219,25000000.000
14768,2266,106.445312,25000000.000
14769,2211,79.589844,25000000.000
14770,2154,51.757812,25000000.000
14771,2149,49.316406,25000000.000
14772,2036,-5.859375,25000000.000
14773,1972,-37.109375,25000000.000
14774,1916,-64.453125,25000000.000
14775,1908,-68.359375,25000000.000
14776,1806,-118.164062,25000000.000
14777,1762,-139.648438,25000000.000
14778,1722,-159.179688,25000000.000
14779,1720,-160.156250,25000000.000
14780,1666,-186.523438,25000000.000
14781,1655,-191.894531,25000000.000
14782,1648,-195.312500,25000000.000
14783,1649,-194.824219,25000000.000
14784,1664,-187.500000,25000000.000
14785,1689,-175.292969,25000000.000
14786,1721,-159.667969,25000000.000
14787,1728,-156.250000,25000000.000
14788,1805,-118.652344,25000000.000
14789,1858,-92.773438,25000000.000
14790,1915,-64.941406,25000000.000
14791,1919,-62.988281,25000000.000
14792,2032,-7.812500,25000000.000
14793,2094,22.460938,25000000.000
14794,2152,50.781250,25000000.000
14795,2158,53.710938,25000000.000
14796,2263,104.980469,25000000.000
14797,2314,129.882812,25000000.000
14798,2351,147.949219,25000000.000
14799,2357,150.878906,25000000.000
14800,2415,179.199219,25000000.000
14801,2432,187.500000,25000000.000
14802,2441,191.894531,25000000.000
14803,2443,192.871094,25000000.000
14804,2432,187.500000,25000000.000
14805,2412,177.734375,25000000.000
14806,2385,164.550781,25000000.000
14807,2382,163.085938,25000000.000
14808,2307,126.464844,25000000.000
14809,2258,102.539062,25000000.000
14810,2203,75.683594,25000000.000
14811,2197,72.753906,25000000.000
14812,2085,18.066406,25000000.000
14813,2025,-11.230469,25000000.000
14814,1964,-41.015625,25000000.000
14815,1959,-43.457031,25000000.000
14816,1849,-97.167969,25000000.000
14817,1800,-121.093750,25000000.000
14818,1757,-142.089844,25000000.000
14819,1754,-143.554688,25000000.000
14820,1688,-175.781250,25000000.000
14821,1664,-187.500000,25000000.000
14822,1656,-191.406250,25000000.000
14823,1651,-193.847656,25000000.000
14824,1657,-190.917969,25000000.000
14825,1671,-184.082031,25000000.000
14826,1696,-171.875000,25000000.000
14827,1698,-170.898438,25000000.000
14828,1767,-137.207031,25000000.000
14829,1815,-113.769531,25000000.000
14830,1866,-88.867188,25000000.000
14831,1874,-84.960938,25000000.000
14832,1979,-33.691406,25000000.000
14833,2044,-1.953125,25000000.000
14834,2103,26.855469,25000000.000
14835,2110,30.273438,25000000.000
14836,2220,83.984375,25000000.000
14837,2269,107.910156,25000000.000
14838,2320,132.812500,25000000.000
14839,2323,134.277344,25000000.000
14840,2393,168.457031,25000000.000
14841,2417,180.175781,25000000.000
14842,2435,188.964844,25000000.000
14843,2438,190.429688,25000000.000
14844,2441,191.894531,25000000.000
14845,2430,186.523438,25000000.000
14846,2410,176.757812,25000000.000
14847,2408,175.781250,25000000.000
14848,2344,144.531250,25000000.000
14849,2301,123.535156,25000000.000
14850,2251,99.121094,25000000.000
14851,2247,97.167969,25000000.000
14852,2138,43.945312,25000000.000
14853,2076,13.671875,25000000.000
14854,2017,-15.136719,25000000.000
14855,2012,-17.578125,25000000.000
14856,1898,-73.242188,25000000.000
14857,1842,-100.585938,25000000.000
14858,1796,-123.046875,25000000.000
14859,1790,-125.976562,25000000.000
14860,1712,-164.062500,25000000.000
14861,1684,-177.734375,25000000.000
14862,1663,-187.988281,25000000.000
14863,1660,-189.453125,25000000.000
14864,1649,-194.824219,25000000.000
14865,1659,-189.941406,25000000.000
14866,1674,-182.617188,25000000.000
14867,1677,-181.152344,25000000.000
14868,1734,-153.320312,25000000.000
14869,1775,-133.300781,25000000.000
14870,1823,-109.863281,25000000.000
14871,1827,-107.910156,25000000.000
14872,1939,-53.222656,25000000.000
14873,1997,-24.902344,25000000.000
14874,2061,6.347656,25000000.000
14875,2064,7.812500,25000000.000
14876,2159,54.199219,25000000.000
14877,2226,86.914062,25000000.000
14878,2281,113.769531,25000000.000
14879,2285,115.722656,25000000.000
14880,2361,152.832031,25000000.000
14881,2396,169.921875,25000000.000
14882,2421,182.128906,25000000.000
14883,2424,183.593750,25000000.000
14884,2441,191.894531,25000000.000
14885,2440,191.406250,25000000.000
14886,2429,186.035156,25000000.000
14887,2427,185.058594,25000000.000
14888,2376,160.156250,25000000.000
14889,2336,140.625000,25000000.000
14890,2295,120.605469,25000000.000
14891,2288,117.187500,25000000.000
14892,2189,68.847656,25000000.000
14893,2129,39.550781,25000000.000
14894,2069,10.253906,25000000.000
14895,2061,6.347656,25000000.000
14896,1948,-48.828125,25000000.000
14897,1891,-76.660156,25000000.000
14898,1834,-104.492188,25000000.000
14899,1831,-105.957031,25000000.000
14900,1744,-148.437500,25000000.000
14901,1708,-166.015625,25000000.000
14902,1680,-179.687500,25000000.000
14903,1679,-180.175781,25000000.000
14904,1650,-194.335938,25000000.000
14905,1651,-193.847656,25000000.000
14906,1663,-187.988281,25000000.000
14907,1661,-188.964844,25000000.000
14908,1705,-167.480469,25000000.000
14909,1739,-150.878906,25000000.000
14910,1781,-130.371094,25000000.000
14911,1785,-128.417969,25000000.000
14912,1883,-80.566406,25000000.000
14913,1942,-51.757812,25000000.000
14914,1998,-24.414062,25000000.000
14915,2008,-19.531250,25000000.000
14916,2121,35.644531,25000000.000
14917,2181,64.941406,25000000.000
14918,2236,91.796875,25000000.000
14919,2243,95.214844,25000000.000
14920,2334,139.648438,25000000.000
14921,2371,157.714844,25000000.000
14922,2402,172.851562,25000000.000
14923,2405,174.316406,25000000.000
14924,2440,191.406250,25000000.000
14925,2444,193.359375,25000000.000
14926,2438,190.429688,25000000.000
14927,2438,190.429688,25000000.000
14928,2401,172.363281,25000000.000
14929,2371,157.714844,25000000.000
14930,2332,138.671875,25000000.000
14931,2329,137.207031,25000000.000
14932,2233,90.332031,25000000.000
14933,2179,63.964844,25000000.000
14934,2119,34.667969,25000000.000
14935,2116,33.203125,25000000.000
14936,1998,-24.414062,25000000.000
14937,1939,-53.222656,25000000.000
14938,1883,-80.566406,25000000.000
14939,1873,-85.449219,25000000.000
14940,1782,-129.882812,25000000.000
14941,1738,-151.367188,25000000.000
14942,1702,-168.945312,25000000.000
14943,1700,-169.921875,25000000.000
14944,1659,-189.941406,25000000.000
14945,1650,-194.335938,25000000.000
14946,1651,-193.847656,25000000.000
14947,1651,-193.847656,25000000.000
14948,1680,-179.687500,25000000.000
14949,1710,-165.039062,25000000.000
14950,1745,-147.949219,25000000.000
14951,1749,-145.996094,25000000.000
14952,1837,-103.027344,25000000.000
14953,1890,-77.148438,25000000.000
14954,1950,-47.851562,25000000.000
14955,1955,-45.410156,25000000.000
14956,2071,11.230469,25000000.000
14957,2129,39.550781,25000000.000
14958,2191,69.824219,25000000.000
14959,2194,71.289062,25000000.000
14960,2293,119.628906,25000000.000
14961,2338,141.601562,25000000.000
14962,2374,159.179688,25000000.000
14963,2377,160.644531,25000000.000
14964,2425,184.082031,25000000.000
14965,2442,192.382812,25000000.000
14966,2441,191.894531,25000000.000
14967,2443,192.871094,25000000.000
14968,2422,182.617188,25000000.000
14969,2396,169.921875,25000000.000
14970,2365,154.785156,25000000.000
14971,2362,153.320312,25000000.000
14972,2279,112.792969,25000000.000
14973,2224,85.937500,25000000.000
14974,2170,59.570312,25000000.000
14975,2162,55.664062,25000000.000
14976,2049,0.488281,25000000.000
14977,1991,-27.832031,25000000.000
14978,1931,-57.128906,25000000.000
14979,1919,-62.988281,25000000.000
14980,1819,-111.816406,25000000.000
14981,1773,-134.277344,25000000.000
14982,1730,-155.273438,25000000.000
14983,1727,-156.738281,25000000.000
14984,1673,-183.105469,25000000.000
14985,1656,-191.406250,25000000.000
14986,1651,-193.847656,25000000.000
14987,1650,-194.335938,25000000.000
14988,1667,-186.035156,25000000.000
14989,1683,-178.222656,25000000.000
14990,1715,-162.597656,25000000.000
14991,1717,-161.621094,25000000.000
14992,1795,-123.535156,25000000.000
14993,1844,-99.609375,25000000.000
14994,1899,-72.753906,25000000.000
14995,1913,-65.917969,25000000.000
14996,2031,-8.300781,25000000.000
14997,2073,12.207031,25000000.000
14998,2145,47.363281,25000000.000
14999,2144,46.875000,25000000.000
15000,2254,100.585938,25000000.000
15001,2298,122.070312,25000000.000
15002,2346,145.507812,25000000.000
15003,2350,147.460938,25000000.000
15004,2410,176.757812,25000000.000
15005,2428,185.546875,25000000.000
15006,2442,192.382812,25000000.000
15007,2440,191.406250,25000000.000
15008,2433,187.988281,25000000.000
15009,2419,181.152344,25000000.000
15010,2400,171.875000,25000000.000
15011,2389,166.503906,25000000.000
15012,2337,141.113281,25000000.000
15013,2264,105.468750,25000000.000
15014,2223,85.449219,25000000.000
15015,2216,82.031250,25000000.000
15016,2102,26.367188,25000000.000
15017,2039,-4.394531,25000000.000
15018,1985,-30.761719,25000000.000
15019,1974,-36.132812,25000000.000
15020,1864,-89.843750,25000000.000
15021,1812,-115.234375,25000000.000
15022,1770,-135.742188,25000000.000
15023,1763,-139.160156,25000000.000
15024,1694,-172.851562,25000000.000
15025,1670,-184.570312,25000000.000
15026,1656,-191.406250,25000000.000
15027,1654,-192.382812,25000000.000
15028,1652,-193.359375,25000000.000
15029,1667,-186.035156,25000000.000
15030,1689,-175.292969,25000000.000
15031,1692,-173.828125,25000000.000
15032,1757,-142.089844,25000000.000
15033,1804,-119.140625,25000000.000
15034,1867,-88.378906,25000000.000
15035,1849,-97.167969,25000000.000
15036,1973,-36.621094,25000000.000
15037,2025,-11.230469,25000000.000
15038,2092,21.484375,25000000.000
15039,2095,22.949219,25000000.000
15040,2206,77.148438,25000000.000
15041,2260,103.515625,25000000.000
15042,2308,126.953125,25000000.000
15043,2312,128.906250,25000000.000
15044,2387,165.527344,25000000.000
15045,2413,178.222656,25000000.000
15046,2431,187.011719,25000000.000
15047,2431,187.011719,25000000.000
15048,2441,191.894531,25000000.000
15049,2436,189.453125,25000000.000
15050,2415,179.199219,25000000.000
15051,2414,178.710938,25000000.000
15052,2354,149.414062,25000000.000
15053,2310,127.929688,25000000.000
15054,2265,105.957031,25000000.000
15055,2259,103.027344,25000000.000
15056,2154,51.757812,25000000.000
15057,2092,21.484375,25000000.000
15058,2033,-7.324219,25000000.000
15059,2026,-10.742188,25000000.000
15060,1911,-66.894531,25000000.000
15061,1858,-92.773438,25000000.000
15062,1805,-118.652344,25000000.000
15063,1801,-120.605469,25000000.000
15064,1721,-159.667969,25000000.000
15065,1694,-172.851562,25000000.000
15066,1667,-186.035156,25000000.000
15067,1666,-186.523438,25000000.000
15068,1653,-192.871094,25000000.000
15069,1654,-192.382812,25000000.000
15070,1669,-185.058594,25000000.000
15071,1670,-184.570312,25000000.000
15072,1727,-156.738281,25000000.000
15073,1763,-139.160156,25000000.000
15074,1810,-116.210938,25000000.000
15075,1815,-113.769531,25000000.000
15076,1920,-62.500000,25000000.000
15077,1976,-35.156250,25000000.000
15078,2036,-5.859375,25000000.000
15079,2043,-2.441406,25000000.000
15080,2154,51.757812,25000000.000
15081,2213,80.566406,25000000.000
15082,2267,106.933594,25000000.000
15083,2274,110.351562,25000000.000
15084,2357,150.878906,25000000.000
15085,2389,166.503906,25000000.000
15086,2417,180.175781,25000000.000
15087,2418,180.664062,25000000.000
15088,2444,193.359375,25000000.000
15089,2438,190.429688,25000000.000
15090,2432,187.500000,25000000.000
15091,2430,186.523438,25000000.000
15092,2382,163.085938,25000000.000
15093,2349,146.972656,25000000.000
15094,2304,125.000000,25000000.000
15095,2300,123.046875,25000000.000
15096,2202,75.195312,25000000.000
15097,2145,47.363281,25000000.000
15098,2082,16.601562,25000000.000
15099,2078,14.648438,25000000.000
15100,1962,-41.992188,25000000.000
15101,1904,-70.312500,25000000.000
15102,1850,-96.679688,25000000.000
15103,1844,-99.609375,25000000.000
15104,1754,-143.554688,25000000.000
15105,1715,-162.597656,25000000.000
15106,1687,-176.269531,25000000.000
15107,1684,-177.734375,25000000.000
15108,1653,-192.871094,25000000.000
15109,1651,-193.847656,25000000.000
15110,1655,-191.894531,25000000.000
15111,1656,-191.406250,25000000.000
15112,1697,-171.386719,25000000.000
15113,1727,-156.738281,25000000.000
15114,1760,-140.625000,25000000.000
15115,1769,-136.230469,25000000.000
15116,1875,-84.472656,25000000.000
15117,1933,-56.152344,25000000.000
15118,1978,-34.179688,25000000.000
15119,1973,-36.621094,25000000.000
15120,2118,34.179688,25000000.000
15121,2161,55.175781,25000000.000
15122,2221,84.472656,25000000.000
15123,2227,87.402344,25000000.000
15124,2327,136.230469,25000000.000
15125,2359,151.855469,25000000.000
15126,2394,168.945312,25000000.000
15127,2395,169.433594,25000000.000
15128,2436,189.453125,25000000.000
15129,2442,192.382812,25000000.000
15130,2436,189.453125,25000000.000
15131,2438,190.429688,25000000.000
15132,2406,174.804688,25000000.000
15133,2380,162.109375,25000000.000
15134,2342,143.554688,25000000.000
15135,2340,142.578125,25000000.000
15136,2248,97.656250,25000000.000
15137,2192,70.312500,25000000.000
15138,2137,43.457031,25000000.000
15139,2128,39.062500,25000000.000
15140,2014,-16.601562,25000000.000
15141,1954,-45.898438,25000000.000
15142,1894,-75.195312,25000000.000
15143,1889,-77.636719,25000000.000
15144,1793,-124.511719,25000000.000
15145,1747,-146.972656,25000000.000
15146,1711,-164.550781,25000000.000
15147,1708,-166.015625,25000000.000
15148,1661,-188.964844,25000000.000
15149,1653,-192.871094,25000000.000
15150,1650,-194.335938,25000000.000
15151,1650,-194.335938,25000000.000
15152,1677,-181.152344,25000000.000
15153,1702,-168.945312,25000000.000
15154,1735,-152.832031,25000000.000
15155,1738,-151.367188,25000000.000
15156,1826,-108.398438,25000000.000
15157,1877,-83.496094,25000000.000
15158,1934,-55.664062,25000000.000
15159,1939,-53.222656,25000000.000
15160,2052,1.953125,25000000.000
15161,2116,33.203125,25000000.000
15162,2173,61.035156,25000000.000
15163,2180,64.453125,25000000.000
15164,2279,112.792969,25000000.000
15165,2329,137.207031,25000000.000
15166,2366,155.273438,25000000.000
15167,2370,157.226562,25000000.000
15168,2422,182.617188,25000000.000
15169,2437,189.941406,25000000.000
15170,2442,192.382812,25000000.000
15171,2443,192.871094,25000000.000
15172,2426,184.570312,25000000.000
15173,2402,172.851562,25000000.000
15174,2373,158.691406,25000000.000
15175,2370,157.226562,25000000.000
15176,2290,118.164062,25000000.000
15177,2240,93.750000,25000000.000
15178,2184,66.406250,25000000.000
15179,2179,63.964844,25000000.000
15180,2063,7.324219,25000000.000
15181,2005,-20.996094,25000000.000
15182,1943,-51.269531,25000000.000
15183,1937,-54.199219,25000000.000
15184,1832,-105.468750,25000000.000
15185,1783,-129.394531,25000000.000
15186,1740,-150.390625,25000000.000
15187,1736,-152.343750,25000000.000
15188,1681,-179.199219,25000000.000
15189,1660,-189.453125,25000000.000
15190,1650,-194.335938,25000000.000
15191,1648,-195.312500,25000000.000
15192,1662,-188.476562,25000000.000
15193,1678,-180.664062,25000000.000
15194,1705,-167.480469,25000000.000
15195,1708,-166.015625,25000000.000
15196,1785,-128.417969,25000000.000
15197,1833,-104.980469,25000000.000
15198,1885,-79.589844,25000000.000
15199,1892,-76.171875,25000000.000
15200,2004,-21.484375,25000000.000
15201,2063,7.324219,25000000.000
15202,2125,37.597656,25000000.000
15203,2132,41.015625,25000000.000
15204,2237,92.285156,25000000.000
15205,2287,116.699219,25000000.000
15206,2338,141.601562,25000000.000
15207,2339,142.089844,25000000.000
15208,2403,173.339844,25000000.000
15209,2427,185.058594,25000000.000
15210,2441,191.894531,25000000.000
15211,2442,192.382812,25000000.000
15212,2436,189.453125,25000000.000
15213,2422,182.617188,25000000.000
15214,2399,171.386719,25000000.000
15215,2397,170.410156,25000000.000
15216,2328,136.718750,25000000.000
15217,2282,114.257812,25000000.000
15218,2232,89.843750,25000000.000
15219,2228,87.890625,25000000.000
15220,2116,33.203125,25000000.000
15221,2055,3.417969,25000000.000
15222,1996,-25.390625,25000000.000
15223,1989,-28.808594,25000000.000
15224,1878,-83.007812,25000000.000
15225,1824,-109.375000,25000000.000
15226,1777,-132.324219,25000000.000
15227,1771,-135.253906,25000000.000
15228,1699,-170.410156,25000000.000
15229,1677,-181.152344,25000000.000
15230,1656,-191.406250,25000000.000
15231,1657,-190.917969,25000000.000
15232,1654,-192.382812,25000000.000
15233,1662,-188.476562,25000000.000
15234,1684,-177.734375,25000000.000
15235,1688,-175.781250,25000000.000
15236,1746,-147.460938,25000000.000
15237,1791,-125.488281,25000000.000
15238,1841,-101.074219,25000000.000
15239,1845,-99.121094,25000000.000
15240,1953,-46.386719,25000000.000
15241,2013,-17.089844,25000000.000
15242,2072,11.718750,25000000.000
15243,2079,15.136719,25000000.000
15244,2191,69.824219,25000000.000
15245,2247,97.167969,25000000.000
15246,2296,121.093750,25000000.000
15247,2302,124.023438,25000000.000
15248,2376,160.156250,25000000.000
15249,2409,176.269531,25000000.000
15250,2427,185.058594,25000000.000
15251,2431,187.011719,25000000.000
15252,2444,193.359375,25000000.000
15253,2436,189.453125,25000000.000
15254,2421,182.128906,25000000.000
15255,2418,180.664062,25000000.000
15256,2364,154.296875,25000000.000
15257,2322,133.789062,25000000.000
15258,2275,110.839844,25000000.000
15259,2271,108.886719,25000000.000
15260,2166,57.617188,25000000.000
15261,2107,28.808594,25000000.000
15262,2046,-0.976562,25000000.000
15263,2041,-3.417969,25000000.000
15264,1927,-59.082031,25000000.000
15265,1870,-86.914062,25000000.000
15266,1817,-112.792969,25000000.000
15267,1813,-114.746094,25000000.000
15268,1730,-155.273438,25000000.000
15269,1696,-171.875000,25000000.000
15270,1672,-183.593750,25000000.000
15271,1670,-184.570312,25000000.000
15272,1652,-193.359375,25000000.000
15273,1653,-192.871094,25000000.000
15274,1666,-186.523438,25000000.000
15275,1666,-186.523438,25000000.000
15276,1716,-162.109375,25000000.000
15277,1752,-144.531250,25000000.000
15278,1798,-122.070312,25000000.000
15279,1803,-119.628906,25000000.000
15280,1900,-72.265625,25000000.000
15281,1963,-41.503906,25000000.000
15282,2023,-12.207031,25000000.000
15283,2029,-9.277344,25000000.000
15284,2145,47.363281,25000000.000
15285,2200,74.218750,25000000.000
15286,2252,99.609375,25000000.000
15287,2257,102.050781,25000000.000
15288,2348,146.484375,25000000.000
15289,2367,155.761719,25000000.000
15290,2407,175.292969,25000000.000
15291,2401,172.363281,25000000.000
15292,2454,198.242188,25000000.000
15293,2434,188.476562,25000000.000
15294,2427,185.058594,25000000.000
15295,2427,185.058594,25000000.000
15296,2401,172.363281,25000000.000
15297,2354,149.414062,25000000.000
15298,2316,130.859375,25000000.000
15299,2309,127.441406,25000000.000
15300,2219,83.496094,25000000.000
15301,2156,52.734375,25000000.000
15302,2099,24.902344,25000000.000
15303,2093,21.972656,25000000.000
15304,1980,-33.203125,25000000.000
15305,1916,-64.453125,25000000.000
15306,1863,-90.332031,25000000.000
15307,1856,-93.750000,25000000.000
15308,1764,-138.671875,25000000.000
15309,1725,-157.714844,25000000.000
15310,1692,-173.828125,25000000.000
15311,1687,-176.269531,25000000.000
15312,1653,-192.871094,25000000.000
15313,1650,-194.335938,25000000.000
15314,1653,-192.871094,25000000.000
15315,1654,-192.382812,25000000.000
15316,1691,-174.316406,25000000.000
15317,1720,-160.156250,25000000.000
15318,1761,-140.136719,25000000.000
15319,1766,-137.695312,25000000.000
15320,1857,-93.261719,25000000.000
15321,1912,-66.406250,25000000.000
15322,1972,-37.109375,25000000.000
15323,1978,-34.179688,25000000.000
15324,2092,21.484375,25000000.000
15325,2153,51.269531,25000000.000
15326,2209,78.613281,25000000.000
15327,2212,80.078125,25000000.000
15328,2309,127.441406,25000000.000
15329,2352,148.437500,25000000.000
15330,2384,164.062500,25000000.000
15331,2391,167.480469,25000000.000
15332,2432,187.500000,25000000.000
15333,2441,191.894531,25000000.000
15334,2441,191.894531,25000000.000
15335,2441,191.894531,25000000.000
15336,2414,178.710938,25000000.000
15337,2384,164.062500,25000000.000
15338,2353,148.925781,25000000.000
15339,2348,146.484375,25000000.000
15340,2257,102.050781,25000000.000
15341,2217,82.519531,25000000.000
15342,2157,53.222656,25000000.000
15343,2137,43.457031,25000000.000
15344,2028,-9.765625,25000000.000
15345,1972,-37.109375,25000000.000
15346,1905,-69.824219,25000000.000
15347,1902,-71.289062,25000000.000
15348,1800,-121.093750,25000000.000
15349,1759,-141.113281,25000000.000
15350,1718,-161.132812,25000000.000
15351,1716,-162.109375,25000000.000
15352,1667,-186.035156,25000000.000
15353,1652,-193.359375,25000000.000
15354,1652,-193.359375,25000000.000
15355,1650,-194.335938,25000000.000
15356,1670,-184.570312,25000000.000
15357,1693,-173.339844,25000000.000
15358,1725,-157.714844,25000000.000
15359,1729,-155.761719,25000000.000
15360,1811,-115.722656,25000000.000
15361,1864,-89.843750,25000000.000
15362,1919,-62.988281,25000000.000
15363,1925,-60.058594,25000000.000
15364,2038,-4.882812,25000000.000
15365,2100,25.390625,25000000.000
15366,2159,54.199219,25000000.000
15367,2167,58.105469,25000000.000
15368,2270,108.398438,25000000.000
15369,2316,130.859375,25000000.000
15370,2358,151.367188,25000000.000
15371,2362,153.320312,25000000.000
15372,2418,180.664062,25000000.000
15373,2433,187.988281,25000000.000
15374,2441,191.894531,25000000.000
15375,2443,192.871094,25000000.000
15376,2429,186.035156,25000000.000
15377,2410,176.757812,25000000.000
15378,2380,162.109375,25000000.000
15379,2377,160.644531,25000000.000
15380,2296,121.093750,25000000.000
15381,2266,106.445312,25000000.000
15382,2196,72.265625,25000000.000
15383,2192,70.312500,25000000.000
15384,2077,14.160156,25000000.000
15385,2018,-14.648438,25000000.000
15386,1959,-43.457031,25000000.000
15387,1952,-46.875000,25000000.000
15388,1846,-98.632812,25000000.000
15389,1794,-124.023438,25000000.000
15390,1751,-145.019531,25000000.000
15391,1746,-147.460938,25000000.000
15392,1684,-177.734375,25000000.000
15393,1664,-187.500000,25000000.000
15394,1653,-192.871094,25000000.000
15395,1651,-193.847656,25000000.000
15396,1655,-191.894531,25000000.000
15397,1676,-181.640625,25000000.000
15398,1697,-171.386719,25000000.000
15399,1703,-168.457031,25000000.000
15400,1772,-134.765625,25000000.000
15401,1819,-111.816406,25000000.000
15402,1872,-85.937500,25000000.000
15403,1878,-83.007812,25000000.000
15404,1989,-28.808594,25000000.000
15405,2047,-0.488281,25000000.000
15406,2109,29.785156,25000000.000
15407,2114,32.226562,25000000.000
15408,2224,85.937500,25000000.000
15409,2277,111.816406,25000000.000
15410,2322,133.789062,25000000.000
15411,2327,136.230469,25000000.000
15412,2395,169.433594,25000000.000
15413,2421,182.128906,25000000.000
15414,2437,189.941406,25000000.000
15415,2437,189.941406,25000000.000
15416,2439,190.917969,25000000.000
15417,2427,185.058594,25000000.000
15418,2406,174.804688,25000000.000
15419,2405,174.316406,25000000.000
15420,2340,142.578125,25000000.000
15421,2294,120.117188,25000000.000
15422,2248,97.656250,25000000.000
15423,2239,93.261719,25000000.000
15424,2131,40.527344,25000000.000
15425,2072,11.718750,25000000.000
15426,2010,-18.554688,25000000.000
15427,2002,-22.460938,25000000.000
15428,1891,-76.660156,25000000.000
15429,1839,-102.050781,25000000.000
15430,1788,-126.953125,25000000.000
15431,1785,-128.417969,25000000.000
15432,1708,-166.015625,25000000.000
15433,1680,-179.687500,25000000.000
15434,1662,-188.476562,25000000.000
15435,1662,-188.476562,25000000.000
15436,1650,-194.335938,25000000.000
15437,1660,-189.453125,25000000.000
15438,1678,-180.664062,25000000.000
15439,1678,-180.664062,25000000.000
15440,1737,-151.855469,25000000.000
15441,1781,-130.371094,25000000.000
15442,1826,-108.398438,25000000.000
15443,1832,-105.468750,25000000.000
15444,1938,-53.710938,25000000.000
15445,1999,-23.925781,25000000.000
15446,2058,4.882812,25000000.000
15447,2066,8.789062,25000000.000
15448,2176,62.500000,25000000.000
15449,2234,90.820312,25000000.000
15450,2282,114.257812,25000000.000
15451,2290,118.164062,25000000.000
15452,2369,156.738281,25000000.000
15453,2400,171.875000,25000000.000
15454,2425,184.082031,25000000.000
15455,2427,185.058594,25000000.000
15456,2444,193.359375,25000000.000
15457,2440,191.406250,25000000.000
15458,2424,183.593750,25000000.000
15459,2424,183.593750,25000000.000
15460,2372,158.203125,25000000.000
15461,2333,139.160156,25000000.000
15462,2287,116.699219,25000000.000
15463,2283,114.746094,25000000.000
15464,2181,64.941406,25000000.000
15465,2121,35.644531,25000000.000
15466,2062,6.835938,25000000.000
15467,2057,4.394531,25000000.000
15468,1940,-52.734375,25000000.000
15469,1882,-81.054688,25000000.000
15470,1831,-105.957031,25000000.000
15471,1825,-108.886719,25000000.000
15472,1741,-149.902344,25000000.000
15473,1704,-167.968750,25000000.000
15474,1678,-180.664062,25000000.000
15475,1675,-182.128906,25000000.000
15476,1651,-193.847656,25000000.000
15477,1652,-193.359375,25000000.000
15478,1660,-189.453125,25000000.000
15479,1664,-187.500000,25000000.000
15480,1708,-166.015625,25000000.000
15481,1745,-147.949219,25000000.000
15482,1787,-127.441406,25000000.000
15483,1793,-124.511719,25000000.000
15484,1889,-77.636719,25000000.000
15485,1946,-49.804688,25000000.000
15486,2005,-20.996094,25000000.000
15487,2013,-17.089844,25000000.000
15488,2130,40.039062,25000000.000
15489,2185,66.894531,25000000.000
15490,2240,93.750000,25000000.000
15491,2247,97.167969,25000000.000
15492,2336,140.625000,25000000.000
15493,2373,158.691406,25000000.000
15494,2404,173.828125,25000000.000
15495,2406,174.804688,25000000.000
15496,2440,191.406250,25000000.000
15497,2448,195.312500,25000000.000
15498,2436,189.453125,25000000.000
15499,2434,188.476562,25000000.000
15500,2400,171.875000,25000000.000
15501,2367,155.761719,25000000.000
15502,2329,137.207031,25000000.000
15503,2323,134.277344,25000000.000
15504,2232,89.843750,25000000.000
15505,2172,60.546875,25000000.000
15506,2115,32.714844,25000000.000
15507,2107,28.808594,25000000.000
15508,1990,-28.320312,25000000.000
15509,1934,-55.664062,25000000.000
15510,1875,-84.472656,25000000.000
15511,1869,-87.402344,25000000.000
15512,1774,-133.789062,25000000.000
15513,1736,-152.343750,25000000.000
15514,1698,-170.898438,25000000.000
15515,1697,-171.386719,25000000.000
15516,1656,-191.406250,25000000.000
15517,1649,-194.824219,25000000.000
15518,1651,-193.847656,25000000.000
15519,1652,-193.359375,25000000.000
15520,1684,-177.734375,25000000.000
15521,1708,-166.015625,25000000.000
15522,1755,-143.066406,25000000.000
15523,1729,-155.761719,25000000.000
15524,1840,-101.562500,25000000.000
15525,1883,-80.566406,25000000.000
15526,1959,-43.457031,25000000.000
15527,1976,-35.156250,25000000.000
15528,2067,9.277344,25000000.000
15529,2140,44.921875,25000000.000
15530,2192,70.312500,25000000.000
15531,2199,73.730469,25000000.000
15532,2298,122.070312,25000000.000
15533,2344,144.531250,25000000.000
15534,2378,161.132812,25000000.000
15535,2384,164.062500,25000000.000
15536,2429,186.035156,25000000.000
15537,2441,191.894531,25000000.000
15538,2443,192.871094,25000000.000
15539,2441,191.894531,25000000.000
15540,2419,181.152344,25000000.000
15541,2395,169.433594,25000000.000
15542,2360,152.343750,25000000.000
15543,2356,150.390625,25000000.000
15544,2272,109.375000,25000000.000
15545,2220,83.984375,25000000.000
15546,2161,55.175781,25000000.000
15547,2157,53.222656,25000000.000
15548,2043,-2.441406,25000000.000
15549,1983,-31.738281,25000000.000
15550,1923,-61.035156,25000000.000
15551,1918,-63.476562,25000000.000
15552,1814,-114.257812,25000000.000
15553,1767,-137.207031,25000000.000
15554,1727,-156.738281,25000000.000
15555,1724,-158.203125,25000000.000
15556,1671,-184.082031,25000000.000
15557,1655,-191.894531,25000000.000
15558,1652,-193.359375,25000000.000
15559,1642,-198.242188,25000000.000
15560,1657,-190.917969,25000000.000
15561,1669,-185.058594,25000000.000
15562,1731,-154.785156,25000000.000
15563,1723,-158.691406,25000000.000
15564,1811,-115.722656,25000000.000
15565,1847,-98.144531,25000000.000
15566,1914,-65.429688,25000000.000
15567,1911,-66.894531,25000000.000
15568,2028,-9.765625,25000000.000
15569,2083,17.089844,25000000.000
15570,2148,48.828125,25000000.000
15571,2151,50.292969,25000000.000
15572,2259,103.027344,25000000.000
15573,2306,125.976562,25000000.000
15574,2351,147.949219,25000000.000
15575,2353,148.925781,25000000.000
15576,2411,177.246094,25000000.000
15577,2432,187.500000,25000000.000
15578,2440,191.406250,25000000.000
15579,2442,192.382812,25000000.000
15580,2433,187.988281,25000000.000
15581,2416,179.687500,25000000.000
15582,2389,166.503906,25000000.000
15583,2387,165.527344,25000000.000
15584,2314,129.882812,25000000.000
15585,2265,105.957031,25000000.000
15586,2211,79.589844,25000000.000
15587,2205,76.660156,25000000.000
15588,2096,23.437500,25000000.000
15589,2033,-7.324219,25000000.000
15590,1972,-37.109375,25000000.000
15591,1965,-40.527344,25000000.000
15592,1857,-93.261719,25000000.000
15593,1807,-117.675781,25000000.000
15594,1760,-140.625000,25000000.000
15595,1756,-142.578125,25000000.000
15596,1688,-175.781250,25000000.000
15597,1669,-185.058594,25000000.000
15598,1653,-192.871094,25000000.000
15599,1653,-192.871094,25000000.000
15600,1655,-191.894531,25000000.000
15601,1668,-185.546875,25000000.000
15602,1692,-173.828125,25000000.000
15603,1695,-172.363281,25000000.000
15604,1762,-139.648438,25000000.000
15605,1805,-118.652344,25000000.000
15606,1858,-92.773438,25000000.000
15607,1864,-89.843750,25000000.000
15608,1973,-36.621094,25000000.000
15609,2036,-5.859375,25000000.000
15610,2096,23.437500,25000000.000
15611,2100,25.390625,25000000.000
15612,2211,79.589844,25000000.000
15613,2266,106.445312,25000000.000
15614,2313,129.394531,25000000.000
15615,2318,131.835938,25000000.000
15616,2391,167.480469,25000000.000
15617,2414,178.710938,25000000.000
15618,2435,188.964844,25000000.000
15619,2435,188.964844,25000000.000
15620,2442,192.382812,25000000.000
15621,2431,187.011719,25000000.000
15622,2413,178.222656,25000000.000
15623,2408,175.781250,25000000.000
15624,2349,146.972656,25000000.000
15625,2308,126.953125,25000000.000
15626,2257,102.050781,25000000.000
15627,2252,99.609375,25000000.000
15628,2144,46.875000,25000000.000
15629,2088,19.531250,25000000.000
15630,2023,-12.207031,25000000.000
15631,2019,-14.160156,25000000.000
15632,1906,-69.335938,25000000.000
15633,1850,-96.679688,25000000.000
15634,1800,-121.093750,25000000.000
15635,1796,-123.046875,25000000.000
15636,1718,-161.132812,25000000.000
15637,1686,-176.757812,25000000.000
15638,1668,-185.546875,25000000.000
15639,1664,-187.500000,25000000.000
15640,1651,-193.847656,25000000.000
15641,1656,-191.406250,25000000.000
15642,1672,-183.593750,25000000.000
15643,1674,-182.617188,25000000.000
15644,1729,-155.761719,25000000.000
15645,1770,-135.742188,25000000.000
15646,1817,-112.792969,25000000.000
15647,1820,-111.328125,25000000.000
15648,1925,-60.058594,25000000.000
15649,1983,-31.738281,25000000.000
15650,2045,-1.464844,25000000.000
15651,2052,1.953125,25000000.000
15652,2162,55.664062,25000000.000
15653,2224,85.937500,25000000.000
15654,2275,110.839844,25000000.000
15655,2279,112.792969,25000000.000
15656,2361,152.832031,25000000.000
15657,2396,169.921875,25000000.000
15658,2411,177.246094,25000000.000
15659,2421,182.128906,25000000.000
15660,2443,192.871094,25000000.000
15661,2448,195.312500,25000000.000
15662,2430,186.523438,25000000.000
15663,2433,187.988281,25000000.000
15664,2383,163.574219,25000000.000
15665,2347,145.996094,25000000.000
15666,2297,121.582031,25000000.000
15667,2294,120.117188,25000000.000
15668,2197,72.753906,25000000.000
15669,2137,43.457031,25000000.000
15670,2078,14.648438,25000000.000
15671,2070,10.742188,25000000.000
15672,1959,-43.457031,25000000.000
15673,1898,-73.242188,25000000.000
15674,1841,-101.074219,25000000.000
15675,1834,-104.492188,25000000.000
15676,1749,-145.996094,25000000.000
15677,1713,-163.574219,25000000.000
15678,1683,-178.222656,25000000.000
15679,1682,-178.710938,25000000.000
15680,1649,-194.824219,25000000.000
15681,1651,-193.847656,25000000.000
15682,1656,-191.406250,25000000.000
15683,1659,-189.941406,25000000.000
15684,1701,-169.433594,25000000.000
15685,1734,-153.320312,25000000.000
15686,1775,-133.300781,25000000.000
15687,1780,-130.859375,25000000.000
15688,1891,-76.660156,25000000.000
15689,1928,-58.593750,25000000.000
15690,1983,-31.738281,25000000.000
15691,2002,-22.460938,25000000.000
15692,2112,31.250000,25000000.000
15693,2175,62.011719,25000000.000
15694,2226,86.914062,25000000.000
15695,2236,91.796875,25000000.000
15696,2324,134.765625,25000000.000
15697,2368,156.250000,25000000.000
15698,2397,170.410156,25000000.000
15699,2403,173.339844,25000000.000
15700,2437,189.941406,25000000.000
15701,2442,192.382812,25000000.000
15702,2439,190.917969,25000000.000
15703,2439,190.917969,25000000.000
15704,2407,175.292969,25000000.000
15705,2374,159.179688,25000000.000
15706,2337,141.113281,25000000.000
15707,2333,139.160156,25000000.000
15708,2242,94.726562,25000000.000
15709,2189,68.847656,25000000.000
15710,2129,39.550781,25000000.000
15711,2121,35.644531,25000000.000
15712,2005,-20.996094,25000000.000
15713,1949,-48.339844,25000000.000
15714,1887,-78.613281,25000000.000
15715,1882,-81.054688,25000000.000
15716,1789,-126.464844,25000000.000
15717,1745,-147.949219,25000000.000
15718,1706,-166.992188,25000000.000
15719,1704,-167.968750,25000000.000
15720,1662,-188.476562,25000000.000
15721,1649,-194.824219,25000000.000
15722,1651,-193.847656,25000000.000
15723,1653,-192.871094,25000000.000
15724,1674,-182.617188,25000000.000
15725,1706,-166.992188,25000000.000
15726,1736,-152.343750,25000000.000
15727,1743,-148.925781,25000000.000
15728,1821,-110.839844,25000000.000
15729,1887,-78.613281,25000000.000
15730,1938,-53.710938,25000000.000
15731,1945,-50.292969,25000000.000
15732,2061,6.347656,25000000.000
15733,2121,35.644531,25000000.000
15734,2181,64.941406,25000000.000
15735,2187,67.871094,25000000.000
15736,2286,116.210938,25000000.000
15737,2331,138.183594,25000000.000
15738,2371,157.714844,25000000.000
15739,2373,158.691406,25000000.000
15740,2425,184.082031,25000000.000
15741,2440,191.406250,25000000.000
15742,2443,192.871094,25000000.000
15743,2441,191.894531,25000000.000
15744,2426,184.570312,25000000.000
15745,2402,172.851562,25000000.000
15746,2365,154.785156,25000000.000
15747,2366,155.273438,25000000.000
15748,2287,116.699219,25000000.000
15749,2234,90.820312,25000000.000
15750,2176,62.500000,25000000.000
15751,2172,60.546875,25000000.000
15752,2056,3.906250,25000000.000
15753,1997,-24.902344,25000000.000
15754,1939,-53.222656,25000000.000
15755,1930,-57.617188,25000000.000
15756,1827,-107.910156,25000000.000
15757,1779,-131.347656,25000000.000
15758,1734,-153.320312,25000000.000
15759,1731,-154.785156,25000000.000
15760,1675,-182.128906,25000000.000
15761,1658,-190.429688,25000000.000
15762,1647,-195.800781,25000000.000
15763,1650,-194.335938,25000000.000
15764,1660,-189.453125,25000000.000
15765,1680,-179.687500,25000000.000
15766,1709,-165.527344,25000000.000
15767,1714,-163.085938,25000000.000
15768,1789,-126.464844,25000000.000
15769,1838,-102.539062,25000000.000
15770,1893,-75.683594,25000000.000
15771,1897,-73.730469,25000000.000
15772,2010,-18.554688,25000000.000
15773,2072,11.718750,25000000.000
15774,2130,40.039062,25000000.000
15775,2137,43.457031,25000000.000
15776,2245,96.191406,25000000.000
15777,2296,121.093750,25000000.000
15778,2338,141.601562,25000000.000
15779,2346,145.507812,25000000.000
15780,2405,174.316406,25000000.000
15781,2426,184.570312,25000000.000
15782,2440,191.406250,25000000.000
15783,2441,191.894531,25000000.000
15784,2436,189.453125,25000000.000
15785,2421,182.128906,25000000.000
15786,2398,170.898438,25000000.000
15787,2393,168.457031,25000000.000
15788,2325,135.253906,25000000.000
15789,2277,111.816406,25000000.000
15790,2225,86.425781,25000000.000
15791,2218,83.007812,25000000.000
15792,2109,29.785156,25000000.000
15793,2049,0.488281,25000000.000
15794,1986,-30.273438,25000000.000
15795,1983,-31.738281,25000000.000
15796,1869,-87.402344,25000000.000
15797,1820,-111.328125,25000000.000
15798,1772,-134.765625,25000000.000
15799,1768,-136.718750,25000000.000
15800,1698,-170.898438,25000000.000
15801,1673,-183.105469,25000000.000
15802,1657,-190.917969,25000000.000
15803,1657,-190.917969,25000000.000
15804,1653,-192.871094,25000000.000
15805,1663,-187.988281,25000000.000
15806,1685,-177.246094,25000000.000
15807,1689,-175.292969,25000000.000
15808,1751,-145.019531,25000000.000
15809,1796,-123.046875,25000000.000
15810,1846,-98.632812,25000000.000
15811,1850,-96.679688,25000000.000
15812,1958,-43.945312,25000000.000
15813,2021,-13.183594,25000000.000
15814,2080,15.625000,25000000.000
15815,2088,19.531250,25000000.000
15816,2197,72.753906,25000000.000
15817,2251,99.121094,25000000.000
15818,2301,123.535156,25000000.000
15819,2306,125.976562,25000000.000
15820,2382,163.085938,25000000.000
15821,2408,175.781250,25000000.000
15822,2430,186.523438,25000000.000
15823,2430,186.523438,25000000.000
15824,2441,191.894531,25000000.000
15825,2436,189.453125,25000000.000
15826,2417,180.175781,25000000.000
15827,2415,179.199219,25000000.000
15828,2358,151.367188,25000000.000
15829,2319,132.324219,25000000.000
15830,2269,107.910156,25000000.000
15831,2265,105.957031,25000000.000
15832,2162,55.664062,25000000.000
15833,2102,26.367188,25000000.000
15834,2040,-3.906250,25000000.000
15835,2035,-6.347656,25000000.000
15836,1922,-61.523438,25000000.000
15837,1862,-90.820312,25000000.000
15838,1813,-114.746094,25000000.000
15839,1808,-117.187500,25000000.000
15840,1726,-157.226562,25000000.000
15841,1696,-171.875000,25000000.000
15842,1670,-184.570312,25000000.000
15843,1667,-186.035156,25000000.000
15844,1650,-194.335938,25000000.000
15845,1655,-191.894531,25000000.000
15846,1666,-186.523438,25000000.000
15847,1670,-184.570312,25000000.000
15848,1720,-160.156250,25000000.000
15849,1759,-141.113281,25000000.000
15850,1804,-119.140625,25000000.000
15851,1810,-116.210938,25000000.000
15852,1911,-66.894531,25000000.000
15853,1967,-39.550781,25000000.000
15854,2030,-8.789062,25000000.000
15855,2034,-6.835938,25000000.000
15856,2151,50.292969,25000000.000
15857,2208,78.125000,25000000.000
15858,2260,103.515625,25000000.000
15859,2265,105.957031,25000000.000
15860,2351,147.949219,25000000.000
15861,2388,166.015625,25000000.000
15862,2411,177.246094,25000000.000
15863,2415,179.199219,25000000.000
15864,2442,192.382812,25000000.000
15865,2441,191.894531,25000000.000
15866,2434,188.476562,25000000.000
15867,2433,187.988281,25000000.000
15868,2391,167.480469,25000000.000
15869,2354,149.414062,25000000.000
15870,2322,133.789062,25000000.000
15871,2315,130.371094,25000000.000
15872,2210,79.101562,25000000.000
15873,2150,49.804688,25000000.000
15874,2092,21.484375,25000000.000
15875,2085,18.066406,25000000.000
15876,1971,-37.597656,25000000.000
15877,1911,-66.894531,25000000.000
15878,1854,-94.726562,25000000.000
15879,1852,-95.703125,25000000.000
15880,1758,-141.601562,25000000.000
15881,1720,-160.156250,25000000.000
15882,1690,-174.804688,25000000.000
15883,1689,-175.292969,25000000.000
15884,1655,-191.894531,25000000.000
15885,1650,-194.335938,25000000.000
15886,1656,-191.406250,25000000.000
15887,1656,-191.406250,25000000.000
15888,1693,-173.339844,25000000.000
15889,1726,-157.226562,25000000.000
15890,1764,-138.671875,25000000.000
15891,1768,-136.718750,25000000.000
15892,1861,-91.308594,25000000.000
15893,1919,-62.988281,25000000.000
15894,1976,-35.156250,25000000.000
15895,1984,-31.250000,25000000.000
15896,2098,24.414062,25000000.000
15897,2159,54.199219,25000000.000
15898,2217,82.519531,25000000.000
15899,2223,85.449219,25000000.000
15900,2315,130.371094,25000000.000
15901,2356,150.390625,25000000.000
15902,2393,168.457031,25000000.000
15903,2394,168.945312,25000000.000
15904,2434,188.476562,25000000.000
15905,2442,192.382812,25000000.000
15906,2442,192.382812,25000000.000
15907,2440,191.406250,25000000.000
15908,2410,176.757812,25000000.000
15909,2384,164.062500,25000000.000
15910,2346,145.507812,25000000.000
15911,2344,144.531250,25000000.000
15912,2255,101.074219,25000000.000
15913,2202,75.195312,25000000.000
15914,2143,46.386719,25000000.000
15915,2138,43.945312,25000000.000
15916,2022,-12.695312,25000000.000
15917,1961,-42.480469,25000000.000
15918,1903,-70.800781,25000000.000
15919,1899,-72.753906,25000000.000
15920,1798,-122.070312,25000000.000
15921,1751,-145.019531,25000000.000
15922,1715,-162.597656,25000000.000
15923,1713,-163.574219,25000000.000
15924,1663,-187.988281,25000000.000
15925,1652,-193.359375,25000000.000
15926,1648,-195.312500,25000000.000
15927,1648,-195.312500,25000000.000
15928,1671,-184.082031,25000000.000
15929,1698,-170.898438,25000000.000
15930,1729,-155.761719,25000000.000
15931,1734,-153.320312,25000000.000
15932,1818,-112.304688,25000000.000
15933,1868,-87.890625,25000000.000
15934,1927,-59.082031,25000000.000
15935,1931,-57.128906,25000000.000
15936,2048,0.000000,25000000.000
15937,2106,28.320312,25000000.000
15938,2167,58.105469,25000000.000
15939,2172,60.546875,25000000.000
15940,2274,110.351562,25000000.000
15941,2322,133.789062,25000000.000
15942,2363,153.808594,25000000.000
15943,2365,154.785156,25000000.000
15944,2419,181.152344,25000000.000
15945,2432,187.500000,25000000.000
15946,2447,194.824219,25000000.000
15947,2447,194.824219,25000000.000
15948,2425,184.082031,25000000.000
15949,2408,175.781250,25000000.000
15950,2380,162.109375,25000000.000
15951,2377,160.644531,25000000.000
15952,2296,121.093750,25000000.000
15953,2246,96.679688,25000000.000
15954,2194,71.289062,25000000.000
15955,2186,67.382812,25000000.000
15956,2073,12.207031,25000000.000
15957,2013,-17.089844,25000000.000
15958,1952,-46.875000,25000000.000
15959,1946,-49.804688,25000000.000
15960,1838,-102.539062,25000000.000
15961,1791,-125.488281,25000000.000
15962,1750,-145.507812,25000000.000
15963,1741,-149.902344,25000000.000
15964,1689,-175.292969,25000000.000
15965,1670,-184.570312,25000000.000
15966,1645,-196.777344,25000000.000
15967,1667,-186.035156,25000000.000
15968,1654,-192.382812,25000000.000
15969,1681,-179.199219,25000000.000
15970,1705,-167.480469,25000000.000
15971,1707,-166.503906,25000000.000
15972,1777,-132.324219,25000000.000
15973,1828,-107.421875,25000000.000
15974,1877,-83.496094,25000000.000
15975,1884,-80.078125,25000000.000
15976,1992,-27.343750,25000000.000
15977,2060,5.859375,25000000.000
15978,2115,32.714844,25000000.000
15979,2124,37.109375,25000000.000
15980,2230,88.867188,25000000.000
15981,2282,114.257812,25000000.000
15982,2328,136.718750,25000000.000
15983,2335,140.136719,25000000.000
15984,2397,170.410156,25000000.000
15985,2422,182.617188,25000000.000
15986,2438,190.429688,25000000.000
15987,2439,190.917969,25000000.000
15988,2438,190.429688,25000000.000
15989,2425,184.082031,25000000.000
15990,2403,173.339844,25000000.000
15991,2400,171.875000,25000000.000
15992,2334,139.648438,25000000.000
15993,2291,118.652344,25000000.000
15994,2238,92.773438,25000000.000
15995,2235,91.308594,25000000.000
15996,2123,36.621094,25000000.000
15997,2062,6.835938,25000000.000
15998,2005,-20.996094,25000000.000
15999,1999,-23.925781,25000000.000
16000,1884,-80.078125,25000000.000
16001,1832,-105.468750,25000000.000
16002,1782,-129.882812,25000000.000
16003,1777,-132.324219,25000000.000
16004,1706,-166.992188,25000000.000
16005,1677,-181.152344,25000000.000
16006,1660,-189.453125,25000000.000
16007,1658,-190.429688,25000000.000
16008,1649,-194.824219,25000000.000
16009,1662,-188.476562,25000000.000
16010,1677,-181.152344,25000000.000
16011,1679,-180.175781,25000000.000
16012,1741,-149.902344,25000000.000
16013,1784,-128.906250,25000000.000
16014,1832,-105.468750,25000000.000
16015,1838,-102.539062,25000000.000
16016,1946,-49.804688,25000000.000
16017,2004,-21.484375,25000000.000
16018,2065,8.300781,25000000.000
16019,2071,11.230469,25000000.000
16020,2185,66.894531,25000000.000
16021,2238,92.773438,25000000.000
16022,2290,118.164062,25000000.000
16023,2295,120.605469,25000000.000
16024,2370,157.226562,25000000.000
16025,2404,173.828125,25000000.000
16026,2426,184.570312,25000000.000
16027,2428,185.546875,25000000.000
16028,2442,192.382812,25000000.000
16029,2439,190.917969,25000000.000
16030,2424,183.593750,25000000.000
16031,2422,182.617188,25000000.000
16032,2370,157.226562,25000000.000
16033,2334,139.648438,25000000.000
16034,2281,113.769531,25000000.000
16035,2287,116.699219,25000000.000
16036,2175,62.011719,25000000.000
16037,2117,33.691406,25000000.000
16038,2056,3.906250,25000000.000
16039,2056,3.906250,25000000.000
16040,1933,-56.152344,25000000.000
16041,1879,-82.519531,25000000.000
16042,1823,-109.863281,25000000.000
16043,1821,-110.839844,25000000.000
16044,1734,-153.320312,25000000.000
16045,1703,-168.457031,25000000.000
16046,1674,-182.617188,25000000.000
16047,1673,-183.105469,25000000.000
16048,1651,-193.847656,25000000.000
16049,1651,-193.847656,25000000.000
16050,1663,-187.988281,25000000.000
16051,1665,-187.011719,25000000.000
16052,1713,-163.574219,25000000.000
16053,1746,-147.460938,25000000.000
16054,1794,-124.023438,25000000.000
16055,1796,-123.046875,25000000.000
16056,1895,-74.707031,25000000.000
16057,1953,-46.386719,25000000.000
16058,2013,-17.089844,25000000.000
16059,2017,-15.136719,25000000.000
16060,2132,41.015625,25000000.000
16061,2194,71.289062,25000000.000
16062,2246,96.679688,25000000.000
16063,2252,99.609375,25000000.000
16064,2342,143.554688,25000000.000
16065,2378,161.132812,25000000.000
16066,2409,176.269531,25000000.000
16067,2411,177.246094,25000000.000
16068,2441,191.894531,25000000.000
16069,2442,192.382812,25000000.000
16070,2437,189.941406,25000000.000
16071,2435,188.964844,25000000.000
16072,2395,169.433594,25000000.000
16073,2362,153.320312,25000000.000
16074,2319,132.324219,25000000.000
16075,2308,126.953125,25000000.000
16076,2224,85.937500,25000000.000
16077,2164,56.640625,25000000.000
16078,2105,27.832031,25000000.000
16079,2102,26.367188,25000000.000
16080,1986,-30.273438,25000000.000
16081,1923,-61.035156,25000000.000
16082,1870,-86.914062,25000000.000
16083,1865,-89.355469,25000000.000
16084,1770,-135.742188,25000000.000
16085,1729,-155.761719,25000000.000
16086,1699,-170.410156,25000000.000
16087,1694,-172.851562,25000000.000
16088,1658,-190.429688,25000000.000
16089,1650,-194.335938,25000000.000
16090,1654,-192.382812,25000000.000
16091,1654,-192.382812,25000000.000
16092,1687,-176.269531,25000000.000
16093,1720,-160.156250,25000000.000
16094,1755,-143.066406,25000000.000
16095,1760,-140.625000,25000000.000
16096,1850,-96.679688,25000000.000
16097,1906,-69.335938,25000000.000
16098,1964,-41.015625,25000000.000
16099,1969,-38.574219,25000000.000
16100,2085,18.066406,25000000.000
16101,2143,46.386719,25000000.000
16102,2203,75.683594,25000000.000
16103,2208,78.125000,25000000.000
16104,2305,125.488281,25000000.000
16105,2347,145.996094,25000000.000
16106,2383,163.574219,25000000.000
16107,2386,165.039062,25000000.000
16108,2424,183.593750,25000000.000
16109,2431,187.011719,25000000.000
16110,2452,197.265625,25000000.000
16111,2435,188.964844,25000000.000
16112,2424,183.593750,25000000.000
16113,2389,166.503906,25000000.000
16114,2359,151.855469,25000000.000
16115,2354,149.414062,25000000.000
16116,2272,109.375000,25000000.000
16117,2212,80.078125,25000000.000
16118,2156,52.734375,25000000.000
16119,2151,50.292969,25000000.000
16120,2042,-2.929688,25000000.000
16121,1973,-36.621094,25000000.000
16122,1918,-63.476562,25000000.000
16123,1911,-66.894531,25000000.000
16124,1808,-117.187500,25000000.000
16125,1763,-139.160156,25000000.000
16126,1724,-158.203125,25000000.000
16127,1718,-161.132812,25000000.000
16128,1669,-185.058594,25000000.000
16129,1657,-190.917969,25000000.000
16130,1648,-195.312500,25000000.000
16131,1650,-194.335938,25000000.000
16132,1668,-185.546875,25000000.000
16133,1690,-174.804688,25000000.000
16134,1722,-159.179688,25000000.000
16135,1724,-158.203125,25000000.000
16136,1806,-118.164062,25000000.000
16137,1855,-94.238281,25000000.000
16138,1913,-65.917969,25000000.000
16139,1917,-63.964844,25000000.000
16140,2032,-7.812500,25000000.000
16141,2092,21.484375,25000000.000
16142,2151,50.292969,25000000.000
16143,2157,53.222656,25000000.000
16144,2261,104.003906,25000000.000
16145,2311,128.417969,25000000.000
16146,2352,148.437500,25000000.000
16147,2357,150.878906,25000000.000
16148,2415,179.199219,25000000.000
16149,2432,187.500000,25000000.000
16150,2442,192.382812,25000000.000
16151,2443,192.871094,25000000.000
16152,2431,187.011719,25000000.000
16153,2411,177.246094,25000000.000
16154,2386,165.039062,25000000.000
16155,2382,163.085938,25000000.000
16156,2307,126.464844,25000000.000
16157,2261,104.003906,25000000.000
16158,2204,76.171875,25000000.000
16159,2198,73.242188,25000000.000
16160,2087,19.042969,25000000.000
16161,2027,-10.253906,25000000.000
16162,1967,-39.550781,25000000.000
16163,1965,-40.527344,25000000.000
16164,1851,-96.191406,25000000.000
16165,1798,-122.070312,25000000.000
16166,1756,-142.578125,25000000.000
16167,1754,-143.554688,25000000.000
16168,1688,-175.781250,25000000.000
16169,1665,-187.011719,25000000.000
16170,1653,-192.871094,25000000.000
16171,1653,-192.871094,25000000.000
16172,1654,-192.382812,25000000.000
16173,1673,-183.105469,25000000.000
16174,1694,-172.851562,25000000.000
16175,1696,-171.875000,25000000.000
16176,1766,-137.695312,25000000.000
16177,1813,-114.746094,25000000.000
16178,1863,-90.332031,25000000.000
16179,1870,-86.914062,25000000.000
16180,1982,-32.226562,25000000.000
16181,2040,-3.906250,25000000.000
16182,2102,26.367188,25000000.000
16183,2109,29.785156,25000000.000
16184,2218,83.007812,25000000.000
16185,2269,107.910156,25000000.000
16186,2317,131.347656,25000000.000
16187,2319,132.324219,25000000.000
16188,2391,167.480469,25000000.000
16189,2418,180.664062,25000000.000
16190,2433,187.988281,25000000.000
16191,2435,188.964844,25000000.000
16192,2438,190.429688,25000000.000
16193,2431,187.011719,25000000.000
16194,2409,176.269531,25000000.000
16195,2409,176.269531,25000000.000
16196,2343,144.042969,25000000.000
16197,2303,124.511719,25000000.000
16198,2252,99.609375,25000000.000
16199,2247,97.167969,25000000.000
16200,2139,44.433594,25000000.000
16201,2078,14.648438,25000000.000
16202,2019,-14.160156,25000000.000
16203,2010,-18.554688,25000000.000
16204,1900,-72.265625,25000000.000
16205,1844,-99.609375,25000000.000
16206,1794,-124.023438,25000000.000
16207,1790,-125.976562,25000000.000
16208,1713,-163.574219,25000000.000
16209,1685,-177.246094,25000000.000
16210,1661,-188.964844,25000000.000
16211,1661,-188.964844,25000000.000
16212,1649,-194.824219,25000000.000
16213,1658,-190.429688,25000000.000
16214,1672,-183.593750,25000000.000
16215,1676,-181.640625,25000000.000
16216,1732,-154.296875,25000000.000
16217,1774,-133.789062,25000000.000
16218,1821,-110.839844,25000000.000
16219,1825,-108.886719,25000000.000
16220,1931,-57.128906,25000000.000
16221,1989,-28.808594,25000000.000
16222,2049,0.488281,25000000.000
16223,2055,3.417969,25000000.000
16224,2170,59.570312,25000000.000
16225,2228,87.890625,25000000.000
16226,2273,109.863281,25000000.000
16227,2281,113.769531,25000000.000
16228,2367,155.761719,25000000.000
16229,2392,167.968750,25000000.000
16230,2421,182.128906,25000000.000
16231,2422,182.617188,25000000.000
16232,2443,192.871094,25000000.000
16233,2441,191.894531,25000000.000
16234,2428,185.546875,25000000.000
16235,2426,184.570312,25000000.000
16236,2378,161.132812,25000000.000
16237,2336,140.625000,25000000.000
16238,2296,121.093750,25000000.000
16239,2292,119.140625,25000000.000
16240,2188,68.359375,25000000.000
16241,2130,40.039062,25000000.000
16242,2055,3.417969,25000000.000
16243,2063,7.324219,25000000.000
16244,1953,-46.386719,25000000.000
16245,1902,-71.289062,25000000.000
16246,1825,-108.886719,25000000.000
16247,1825,-108.886719,25000000.000
16248,1747,-146.972656,25000000.000
16249,1718,-161.132812,25000000.000
16250,1676,-181.640625,25000000.000
16251,1677,-181.152344,25000000.000
16252,1652,-193.359375,25000000.000
16253,1652,-193.359375,25000000.000
16254,1658,-190.429688,25000000.000
16255,1659,-189.941406,25000000.000
16256,1705,-167.480469,25000000.000
16257,1739,-150.878906,25000000.000
16258,1779,-131.347656,25000000.000
16259,1783,-129.394531,25000000.000
16260,1881,-81.542969,25000000.000
16261,1942,-51.757812,25000000.000
16262,1998,-24.414062,25000000.000
16263,2006,-20.507812,25000000.000
16264,2120,35.156250,25000000.000
16265,2176,62.500000,25000000.000
16266,2236,91.796875,25000000.000
16267,2241,94.238281,25000000.000
16268,2332,138.671875,25000000.000
16269,2369,156.738281,25000000.000
16270,2402,172.851562,25000000.000
16271,2404,173.828125,25000000.000
16272,2439,190.917969,25000000.000
16273,2443,192.871094,25000000.000
16274,2440,191.406250,25000000.000
16275,2436,189.453125,25000000.000
16276,2402,172.851562,25000000.000
16277,2372,158.203125,25000000.000
16278,2331,138.183594,25000000.000
16279,2330,137.695312,25000000.000
16280,2235,91.308594,25000000.000
16281,2180,64.453125,25000000.000
16282,2122,36.132812,25000000.000
16283,2116,33.203125,25000000.000
16284,2003,-21.972656,25000000.000
16285,1940,-52.734375,25000000.000
16286,1882,-81.054688,25000000.000
16287,1875,-84.472656,25000000.000
16288,1782,-129.882812,25000000.000
16289,1739,-150.878906,25000000.000
16290,1704,-167.968750,25000000.000
16291,1699,-170.410156,25000000.000
16292,1658,-190.429688,25000000.000
16293,1652,-193.359375,25000000.000
16294,1650,-194.335938,25000000.000
16295,1652,-193.359375,25000000.000
16296,1681,-179.199219,25000000.000
16297,1707,-166.503906,25000000.000
16298,1745,-147.949219,25000000.000
16299,1748,-146.484375,25000000.000
16300,1836,-103.515625,25000000.000
16301,1888,-78.125000,25000000.000
16302,1949,-48.339844,25000000.000
16303,1948,-48.828125,25000000.000
16304,2064,7.812500,25000000.000
16305,2128,39.062500,25000000.000
16306,2185,66.894531,25000000.000
16307,2191,69.824219,25000000.000
16308,2291,118.652344,25000000.000
16309,2338,141.601562,25000000.000
16310,2371,157.714844,25000000.000
16311,2377,160.644531,25000000.000
16312,2425,184.082031,25000000.000
16313,2438,190.429688,25000000.000
16314,2444,193.359375,25000000.000
16315,2446,194.335938,25000000.000
16316,2423,183.105469,25000000.000
16317,2399,171.386719,25000000.000
16318,2368,156.250000,25000000.000
16319,2362,153.320312,25000000.000
16320,2281,113.769531,25000000.000
16321,2229,88.378906,25000000.000
16322,2174,61.523438,25000000.000
16323,2164,56.640625,25000000.000
16324,2049,0.488281,25000000.000
16325,1992,-27.343750,25000000.000
16326,1931,-57.128906,25000000.000
16327,1926,-59.570312,25000000.000
16328,1819,-111.816406,25000000.000
16329,1774,-133.789062,25000000.000
16330,1734,-153.320312,25000000.000
16331,1730,-155.273438,25000000.000
16332,1675,-182.128906,25000000.000
16333,1657,-190.917969,25000000.000
16334,1652,-193.359375,25000000.000
16335,1648,-195.312500,25000000.000
16336,1665,-187.011719,25000000.000
16337,1683,-178.222656,25000000.000
16338,1712,-164.062500,25000000.000
16339,1717,-161.621094,25000000.000
16340,1793,-124.511719,25000000.000
16341,1844,-99.609375,25000000.000
16342,1898,-73.242188,25000000.000
16343,1904,-70.312500,25000000.000
16344,2017,-15.136719,25000000.000
16345,2078,14.648438,25000000.000
16346,2136,42.968750,25000000.000
16347,2143,46.386719,25000000.000
16348,2250,98.632812,25000000.000
16349,2298,122.070312,25000000.000
16350,2343,144.042969,25000000.000
16351,2347,145.996094,25000000.000
16352,2410,176.757812,25000000.000
16353,2427,185.058594,25000000.000
16354,2440,191.406250,25000000.000
16355,2440,191.406250,25000000.000
16356,2436,189.453125,25000000.000
16357,2418,180.664062,25000000.000
16358,2392,167.968750,25000000.000
16359,2387,165.527344,25000000.000
16360,2318,131.835938,25000000.000
16361,2273,109.863281,25000000.000
16362,2219,83.496094,25000000.000
16363,2215,81.542969,25000000.000
16364,2105,27.832031,25000000.000
16365,2042,-2.929688,25000000.000
16366,1980,-33.203125,25000000.000
16367,1976,-35.156250,25000000.000
16368,1867,-88.378906,25000000.000
16369,1813,-114.746094,25000000.000
16370,1768,-136.718750,25000000.000
16371,1762,-139.648438,25000000.000
16372,1697,-171.386719,25000000.000
16373,1671,-184.082031,25000000.000
16374,1655,-191.894531,25000000.000
16375,1654,-192.382812,25000000.000
16376,1652,-193.359375,25000000.000
16377,1668,-185.546875,25000000.000
16378,1687,-176.269531,25000000.000
16379,1691,-174.316406,25000000.000
16380,1766,-137.695312,25000000.000
16381,1787,-127.441406,25000000.000
16382,1845,-99.121094,25000000.000
16383,1855,-94.238281,25000000.000
16384,1962,-41.992188,25000000.000
16385,2024,-11.718750,25000000.000
16386,2087,19.042969,25000000.000
16387,2094,22.460938,25000000.000
16388,2202,75.195312,25000000.000
16389,2259,103.027344,25000000.000
16390,2305,125.488281,25000000.000
16391,2309,127.441406,25000000.000
16392,2384,164.062500,25000000.000
16393,2413,178.222656,25000000.000
16394,2431,187.011719,25000000.000
16395,2434,188.476562,25000000.000
16396,2442,192.382812,25000000.000
16397,2432,187.500000,25000000.000
16398,2416,179.687500,25000000.000
16399,2416,179.687500,25000000.000
16400,2356,150.390625,25000000.000
16401,2311,128.417969,25000000.000
16402,2266,106.445312,25000000.000
16403,2259,103.027344,25000000.000
16404,2155,52.246094,25000000.000
16405,2094,22.460938,25000000.000
16406,2034,-6.835938,25000000.000
16407,2026,-10.742188,25000000.000
16408,1914,-65.429688,25000000.000
16409,1859,-92.285156,25000000.000
16410,1807,-117.675781,25000000.000
16411,1802,-120.117188,25000000.000
16412,1723,-158.691406,25000000.000
16413,1691,-174.316406,25000000.000
16414,1669,-185.058594,25000000.000
16415,1668,-185.546875,25000000.000
16416,1650,-194.335938,25000000.000
16417,1654,-192.382812,25000000.000
16418,1672,-183.593750,25000000.000
16419,1671,-184.082031,25000000.000
16420,1732,-154.296875,25000000.000
16421,1761,-140.136719,25000000.000
16422,1809,-116.699219,25000000.000
16423,1815,-113.769531,25000000.000
16424,1915,-64.941406,25000000.000
16425,1976,-35.156250,25000000.000
16426,2032,-7.812500,25000000.000
16427,2043,-2.441406,25000000.000
16428,2153,51.269531,25000000.000
16429,2213,80.566406,25000000.000
16430,2265,105.957031,25000000.000
16431,2271,108.886719,25000000.000
16432,2355,149.902344,25000000.000
16433,2390,166.992188,25000000.000
16434,2416,179.687500,25000000.000
16435,2418,180.664062,25000000.000
16436,2443,192.871094,25000000.000
16437,2440,191.406250,25000000.000
16438,2430,186.523438,25000000.000
16439,2428,185.546875,25000000.000
16440,2385,164.550781,25000000.000
16441,2349,146.972656,25000000.000
16442,2307,126.464844,25000000.000
16443,2302,124.023438,25000000.000
16444,2211,79.589844,25000000.000
16445,2140,44.921875,25000000.000
16446,2066,8.789062,25000000.000
16447,2094,22.460938,25000000.000
16448,1965,-40.527344,25000000.000
16449,1894,-75.195312,25000000.000
16450,1853,-95.214844,25000000.000
16451,1846,-98.632812,25000000.000
16452,1761,-140.136719,25000000.000
16453,1715,-162.597656,25000000.000
16454,1687,-176.269531,25000000.000
16455,1685,-177.246094,25000000.000
16456,1654,-192.382812,25000000.000
16457,1651,-193.847656,25000000.000
16458,1655,-191.894531,25000000.000
16459,1655,-191.894531,25000000.000
16460,1697,-171.386719,25000000.000
16461,1730,-155.273438,25000000.000
16462,1769,-136.230469,25000000.000
16463,1775,-133.300781,25000000.000
16464,1870,-86.914062,25000000.000
16465,1924,-60.546875,25000000.000
16466,1985,-30.761719,25000000.000
16467,1990,-28.320312,25000000.000
16468,2106,28.320312,25000000.000
16469,2163,56.152344,25000000.000
16470,2223,85.449219,25000000.000
16471,2229,88.378906,25000000.000
16472,2319,132.324219,25000000.000
16473,2361,152.832031,25000000.000
16474,2393,168.457031,25000000.000
16475,2396,169.921875,25000000.000
16476,2434,188.476562,25000000.000
16477,2445,193.847656,25000000.000
16478,2440,191.406250,25000000.000
16479,2441,191.894531,25000000.000
16480,2409,176.269531,25000000.000
16481,2381,162.597656,25000000.000
16482,2345,145.019531,25000000.000
16483,2341,143.066406,25000000.000
16484,2256,101.562500,25000000.000
16485,2197,72.753906,25000000.000
16486,2157,53.222656,25000000.000
16487,2126,38.085938,25000000.000
16488,2005,-20.996094,25000000.000
16489,1962,-41.992188,25000000.000
16490,1889,-77.636719,25000000.000
16491,1895,-74.707031,25000000.000
16492,1787,-127.441406,25000000.000
16493,1753,-144.042969,25000000.000
16494,1711,-164.550781,25000000.000
16495,1710,-165.039062,25000000.000
16496,1663,-187.988281,25000000.000
16497,1652,-193.359375,25000000.000
16498,1650,-194.335938,25000000.000
16499,1651,-193.847656,25000000.000
16500,1675,-182.128906,25000000.000
16501,1699,-170.410156,25000000.000
16502,1737,-151.855469,25000000.000
16503,1738,-151.367188,25000000.000
16504,1822,-110.351562,25000000.000
16505,1876,-83.984375,25000000.000
16506,1931,-57.128906,25000000.000
16507,1938,-53.710938,25000000.000
16508,2050,0.976562,25000000.000
16509,2118,34.179688,25000000.000
16510,2170,59.570312,25000000.000
16511,2182,65.429688,25000000.000
16512,2281,113.769531,25000000.000
16513,2330,137.695312,25000000.000
16514,2361,152.832031,25000000.000
16515,2368,156.250000,25000000.000
16516,2424,183.593750,25000000.000
16517,2436,189.453125,25000000.000
16518,2442,192.382812,25000000.000
16519,2443,192.871094,25000000.000
16520,2425,184.082031,25000000.000
16521,2405,174.316406,25000000.000
16522,2374,159.179688,25000000.000
16523,2370,157.226562,25000000.000
16524,2291,118.652344,25000000.000
16525,2241,94.238281,25000000.000
16526,2184,66.406250,25000000.000
16527,2180,64.453125,25000000.000
16528,2067,9.277344,25000000.000
16529,2006,-20.507812,25000000.000
16530,1947,-49.316406,25000000.000
16531,1942,-51.757812,25000000.000
16532,1833,-104.980469,25000000.000
16533,1783,-129.394531,25000000.000
16534,1745,-147.949219,25000000.000
16535,1739,-150.878906,25000000.000
16536,1679,-180.175781,25000000.000
16537,1661,-188.964844,25000000.000
16538,1651,-193.847656,25000000.000
16539,1648,-195.312500,25000000.000
16540,1658,-190.429688,25000000.000
16541,1679,-180.175781,25000000.000
16542,1704,-167.968750,25000000.000
16543,1708,-166.015625,25000000.000
16544,1780,-130.859375,25000000.000
16545,1830,-106.445312,25000000.000
16546,1884,-80.078125,25000000.000
16547,1890,-77.148438,25000000.000
16548,2003,-21.972656,25000000.000
16549,2062,6.835938,25000000.000
16550,2122,36.132812,25000000.000
16551,2128,39.062500,25000000.000
16552,2237,92.285156,25000000.000
16553,2287,116.699219,25000000.000
16554,2332,138.671875,25000000.000
16555,2338,141.601562,25000000.000
16556,2401,172.363281,25000000.000
16557,2424,183.593750,25000000.000
16558,2437,189.941406,25000000.000
16559,2438,190.429688,25000000.000
16560,2436,189.453125,25000000.000
16561,2424,183.593750,25000000.000
16562,2400,171.875000,25000000.000
16563,2398,170.898438,25000000.000
16564,2330,137.695312,25000000.000
16565,2284,115.234375,25000000.000
16566,2232,89.843750,25000000.000
16567,2230,88.867188,25000000.000
16568,2118,34.179688,25000000.000
16569,2058,4.882812,25000000.000
16570,1998,-24.414062,25000000.000
16571,1991,-27.832031,25000000.000
16572,1879,-82.519531,25000000.000
16573,1828,-107.421875,25000000.000
16574,1778,-131.835938,25000000.000
16575,1774,-133.789062,25000000.000
16576,1700,-169.921875,25000000.000
16577,1678,-180.664062,25000000.000
16578,1658,-190.429688,25000000.000
16579,1658,-190.429688,25000000.000
16580,1653,-192.871094,25000000.000
16581,1661,-188.964844,25000000.000
16582,1682,-178.710938,25000000.000
16583,1685,-177.246094,25000000.000
16584,1747,-146.972656,25000000.000
16585,1787,-127.441406,25000000.000
16586,1841,-101.074219,25000000.000
16587,1841,-101.074219,25000000.000
16588,1951,-47.363281,25000000.000
16589,2011,-18.066406,25000000.000
16590,2070,10.742188,25000000.000
16591,2075,13.183594,25000000.000
16592,2190,69.335938,25000000.000
16593,2245,96.191406,25000000.000
16594,2294,120.117188,25000000.000
16595,2300,123.046875,25000000.000
16596,2377,160.644531,25000000.000
16597,2405,174.316406,25000000.000
16598,2429,186.035156,25000000.000
16599,2432,187.500000,25000000.000
16600,2445,193.847656,25000000.000
16601,2435,188.964844,25000000.000
16602,2422,182.617188,25000000.000
16603,2418,180.664062,25000000.000
16604,2364,154.296875,25000000.000
16605,2323,134.277344,25000000.000
16606,2276,111.328125,25000000.000
16607,2272,109.375000,25000000.000
16608,2168,58.593750,25000000.000
16609,2110,30.273438,25000000.000
16610,2048,0.000000,25000000.000
16611,2042,-2.929688,25000000.000
16612,1928,-58.593750,25000000.000
16613,1871,-86.425781,25000000.000
16614,1819,-111.816406,25000000.000
16615,1815,-113.769531,25000000.000
16616,1733,-153.808594,25000000.000
16617,1697,-171.386719,25000000.000
16618,1675,-182.128906,25000000.000
16619,1672,-183.593750,25000000.000
16620,1652,-193.359375,25000000.000
16621,1654,-192.382812,25000000.000
16622,1665,-187.011719,25000000.000
16623,1666,-186.523438,25000000.000
16624,1715,-162.597656,25000000.000
16625,1755,-143.066406,25000000.000
16626,1793,-124.511719,25000000.000
16627,1802,-120.117188,25000000.000
16628,1903,-70.800781,25000000.000
16629,1960,-42.968750,25000000.000
16630,2022,-12.695312,25000000.000
16631,2028,-9.765625,25000000.000
16632,2141,45.410156,25000000.000
16633,2199,73.730469,25000000.000
16634,2253,100.097656,25000000.000
16635,2259,103.027344,25000000.000
16636,2348,146.484375,25000000.000
16637,2381,162.597656,25000000.000
16638,2411,177.246094,25000000.000
16639,2410,176.757812,25000000.000
16640,2440,191.406250,25000000.000
16641,2444,193.359375,25000000.000
16642,2434,188.476562,25000000.000
16643,2435,188.964844,25000000.000
16644,2390,166.992188,25000000.000
16645,2359,151.855469,25000000.000
16646,2317,131.347656,25000000.000
16647,2315,130.371094,25000000.000
16648,2218,83.007812,25000000.000
16649,2161,55.175781,25000000.000
16650,2101,25.878906,25000000.000
16651,2093,21.972656,25000000.000
16652,1981,-32.714844,25000000.000
16653,1919,-62.988281,25000000.000
16654,1863,-90.332031,25000000.000
16655,1857,-93.261719,25000000.000
16656,1765,-138.183594,25000000.000
16657,1727,-156.738281,25000000.000
16658,1692,-173.828125,25000000.000
16659,1691,-174.316406,25000000.000
16660,1654,-192.382812,25000000.000
16661,1652,-193.359375,25000000.000
16662,1654,-192.382812,25000000.000
16663,1656,-191.406250,25000000.000
16664,1691,-174.316406,25000000.000
16665,1720,-160.156250,25000000.000
16666,1758,-141.601562,25000000.000
16667,1764,-138.671875,25000000.000
16668,1856,-93.750000,25000000.000
16669,1909,-67.871094,25000000.000
16670,1969,-38.574219,25000000.000
16671,1976,-35.156250,25000000.000
16672,2090,20.507812,25000000.000
16673,2151,50.292969,25000000.000
16674,2207,77.636719,25000000.000
16675,2213,80.566406,25000000.000
16676,2306,125.976562,25000000.000
16677,2353,148.925781,25000000.000
16678,2387,165.527344,25000000.000
16679,2396,169.921875,25000000.000
16680,2432,187.500000,25000000.000
16681,2441,191.894531,25000000.000
16682,2443,192.871094,25000000.000
16683,2442,192.382812,25000000.000
16684,2417,180.175781,25000000.000
16685,2386,165.039062,25000000.000
16686,2354,149.414062,25000000.000
16687,2349,146.972656,25000000.000
16688,2261,104.003906,25000000.000
16689,2210,79.101562,25000000.000
16690,2152,50.781250,25000000.000
16691,2145,47.363281,25000000.000
16692,2030,-8.789062,25000000.000
16693,1973,-36.621094,25000000.000
16694,1910,-67.382812,25000000.000
16695,1906,-69.335938,25000000.000
16696,1805,-118.652344,25000000.000
16697,1759,-141.113281,25000000.000
16698,1721,-159.667969,25000000.000
16699,1717,-161.621094,25000000.000
16700,1669,-185.058594,25000000.000
16701,1653,-192.871094,25000000.000
16702,1650,-194.335938,25000000.000
16703,1649,-194.824219,25000000.000
16704,1669,-185.058594,25000000.000
16705,1693,-173.339844,25000000.000
16706,1723,-158.691406,25000000.000
16707,1727,-156.738281,25000000.000
16708,1809,-116.699219,25000000.000
16709,1862,-90.820312,25000000.000
16710,1917,-63.964844,25000000.000
16711,1922,-61.523438,25000000.000
16712,2037,-5.371094,25000000.000
16713,2096,23.437500,25000000.000
16714,2159,54.199219,25000000.000
16715,2164,56.640625,25000000.000
16716,2270,108.398438,25000000.000
16717,2313,129.394531,25000000.000
16718,2358,151.367188,25000000.000
16719,2360,152.343750,25000000.000
16720,2417,180.175781,25000000.000
16721,2433,187.988281,25000000.000
16722,2443,192.871094,25000000.000
16723,2441,191.894531,25000000.000
16724,2431,187.011719,25000000.000
16725,2411,177.246094,25000000.000
16726,2374,159.179688,25000000.000
16727,2370,157.226562,25000000.000
16728,2300,123.046875,25000000.000
16729,2256,101.562500,25000000.000
16730,2193,70.800781,25000000.000
16731,2197,72.753906,25000000.000
16732,2079,15.136719,25000000.000
16733,2022,-12.695312,25000000.000
16734,1959,-43.457031,25000000.000
16735,1953,-46.386719,25000000.000
16736,1845,-99.121094,25000000.000
16737,1798,-122.070312,25000000.000
16738,1751,-145.019531,25000000.000
16739,1746,-147.460938,25000000.000
16740,1684,-177.734375,25000000.000
16741,1665,-187.011719,25000000.000
16742,1651,-193.847656,25000000.000
16743,1652,-193.359375,25000000.000
16744,1654,-192.382812,25000000.000
16745,1674,-182.617188,25000000.000
16746,1698,-170.898438,25000000.000
16747,1701,-169.433594,25000000.000
16748,1772,-134.765625,25000000.000
16749,1818,-112.304688,25000000.000
16750,1871,-86.425781,25000000.000
16751,1876,-83.984375,25000000.000
16752,1988,-29.296875,25000000.000
16753,2047,-0.488281,25000000.000
16754,2108,29.296875,25000000.000
16755,2114,32.226562,25000000.000
16756,2223,85.449219,25000000.000
16757,2278,112.304688,25000000.000
16758,2321,133.300781,25000000.000
16759,2327,136.230469,25000000.000
16760,2392,167.968750,25000000.000
16761,2421,182.128906,25000000.000
16762,2434,188.476562,25000000.000
16763,2436,189.453125,25000000.000
16764,2437,189.941406,25000000.000
16765,2428,185.546875,25000000.000
16766,2407,175.292969,25000000.000
16767,2401,172.363281,25000000.000
16768,2338,141.601562,25000000.000
16769,2291,118.652344,25000000.000
16770,2249,98.144531,25000000.000
16771,2238,92.773438,25000000.000
16772,2133,41.503906,25000000.000
16773,2071,11.230469,25000000.000
16774,2012,-17.578125,25000000.000
16775,2003,-21.972656,25000000.000
16776,1891,-76.660156,25000000.000
16777,1839,-102.050781,25000000.000
16778,1789,-126.464844,25000000.000
16779,1784,-128.906250,25000000.000
16780,1709,-165.527344,25000000.000
16781,1680,-179.687500,25000000.000
16782,1661,-188.964844,25000000.000
16783,1661,-188.964844,25000000.000
16784,1651,-193.847656,25000000.000
16785,1658,-190.429688,25000000.000
16786,1677,-181.152344,25000000.000
16787,1677,-181.152344,25000000.000
16788,1735,-152.832031,25000000.000
16789,1778,-131.835938,25000000.000
16790,1825,-108.886719,25000000.000
16791,1831,-105.957031,25000000.000
16792,1932,-56.640625,25000000.000
16793,1996,-25.390625,25000000.000
16794,2062,6.835938,25000000.000
16795,2070,10.742188,25000000.000
16796,2173,61.035156,25000000.000
16797,2235,91.308594,25000000.000
16798,2283,114.746094,25000000.000
16799,2289,117.675781,25000000.000
16800,2369,156.738281,25000000.000
16801,2397,170.410156,25000000.000
16802,2424,183.593750,25000000.000
16803,2425,184.082031,25000000.000
16804,2443,192.871094,25000000.000
16805,2438,190.429688,25000000.000
16806,2425,184.082031,25000000.000
16807,2420,181.640625,25000000.000
16808,2373,158.691406,25000000.000
16809,2334,139.648438,25000000.000
16810,2287,116.699219,25000000.000
16811,2282,114.257812,25000000.000
16812,2183,65.917969,25000000.000
16813,2122,36.132812,25000000.000
16814,2065,8.300781,25000000.000
16815,2058,4.882812,25000000.000
16816,1944,-50.781250,25000000.000
16817,1883,-80.566406,25000000.000
16818,1833,-104.980469,25000000.000
16819,1826,-108.398438,25000000.000
16820,1741,-149.902344,25000000.000
16821,1706,-166.992188,25000000.000
16822,1679,-180.175781,25000000.000
16823,1676,-181.640625,25000000.000
16824,1652,-193.359375,25000000.000
16825,1653,-192.871094,25000000.000
16826,1660,-189.453125,25000000.000
16827,1664,-187.500000,25000000.000
16828,1708,-166.015625,25000000.000
16829,1742,-149.414062,25000000.000
16830,1787,-127.441406,25000000.000
16831,1792,-125.000000,25000000.000
16832,1888,-78.125000,25000000.000
16833,1945,-50.292969,25000000.000
16834,2008,-19.531250,25000000.000
16835,2011,-18.066406,25000000.000
16836,2127,38.574219,25000000.000
16837,2186,67.382812,25000000.000
16838,2240,93.750000,25000000.000
16839,2243,95.214844,25000000.000
16840,2337,141.113281,25000000.000
16841,2376,160.156250,25000000.000
16842,2403,173.339844,25000000.000
16843,2408,175.781250,25000000.000
16844,2440,191.406250,25000000.000
16845,2442,192.382812,25000000.000
16846,2439,190.917969,25000000.000
16847,2438,190.429688,25000000.000
16848,2400,171.875000,25000000.000
16849,2368,156.250000,25000000.000
16850,2328,136.718750,25000000.000
16851,2322,133.789062,25000000.000
16852,2231,89.355469,25000000.000
16853,2175,62.011719,25000000.000
16854,2116,33.203125,25000000.000
16855,2108,29.296875,25000000.000
16856,1993,-26.855469,25000000.000
16857,1940,-52.734375,25000000.000
16858,1886,-79.101562,25000000.000
16859,1878,-83.007812,25000000.000
16860,1754,-143.554688,25000000.000
16861,1728,-156.250000,25000000.000
16862,1693,-173.339844,25000000.000
16863,1690,-174.804688,25000000.000
16864,1662,-188.476562,25000000.000
16865,1650,-194.335938,25000000.000
16866,1647,-195.800781,25000000.000
16867,1651,-193.847656,25000000.000
16868,1687,-176.269531,25000000.000
16869,1711,-164.550781,25000000.000
16870,1746,-147.460938,25000000.000
16871,1752,-144.531250,25000000.000
16872,1844,-99.609375,25000000.000
16873,1896,-74.218750,25000000.000
16874,1954,-45.898438,25000000.000
16875,1960,-42.968750,25000000.000
16876,2074,12.695312,25000000.000
16877,2135,42.480469,25000000.000
16878,2194,71.289062,25000000.000
16879,2201,74.707031,25000000.000
16880,2299,122.558594,25000000.000
16881,2342,143.554688,25000000.000
16882,2378,161.132812,25000000.000
16883,2383,163.574219,25000000.000
16884,2430,186.523438,25000000.000
16885,2441,191.894531,25000000.000
16886,2443,192.871094,25000000.000
16887,2443,192.871094,25000000.000
16888,2420,181.640625,25000000.000
16889,2397,170.410156,25000000.000
16890,2361,152.832031,25000000.000
16891,2357,150.878906,25000000.000
16892,2275,110.839844,25000000.000
16893,2223,85.449219,25000000.000
16894,2163,56.152344,25000000.000
16895,2160,54.687500,25000000.000
16896,2046,-0.976562,25000000.000
16897,1984,-31.250000,25000000.000
16898,1925,-60.058594,25000000.000
16899,1919,-62.988281,25000000.000
16900,1817,-112.792969,25000000.000
16901,1767,-137.207031,25000000.000
16902,1730,-155.273438,25000000.000
16903,1725,-157.714844,25000000.000
16904,1670,-184.570312,25000000.000
16905,1656,-191.406250,25000000.000
16906,1649,-194.824219,25000000.000
16907,1648,-195.312500,25000000.000
16908,1663,-187.988281,25000000.000
16909,1688,-175.781250,25000000.000
16910,1715,-162.597656,25000000.000
16911,1721,-159.667969,25000000.000
16912,1799,-121.582031,25000000.000
16913,1848,-97.656250,25000000.000
16914,1904,-70.312500,25000000.000
16915,1910,-67.382812,25000000.000
16916,2024,-11.718750,25000000.000
16917,2083,17.089844,25000000.000
16918,2146,47.851562,25000000.000
16919,2149,49.316406,25000000.000
16920,2254,100.585938,25000000.000
16921,2305,125.488281,25000000.000
16922,2347,145.996094,25000000.000
16923,2349,146.972656,25000000.000
16924,2410,176.757812,25000000.000
16925,2431,187.011719,25000000.000
16926,2441,191.894531,25000000.000
16927,2441,191.894531,25000000.000
16928,2434,188.476562,25000000.000
16929,2417,180.175781,25000000.000
16930,2393,168.457031,25000000.000
16931,2374,159.179688,25000000.000
16932,2319,132.324219,25000000.000
16933,2268,107.421875,25000000.000
16934,2210,79.101562,25000000.000
16935,2214,81.054688,25000000.000
16936,2095,22.949219,25000000.000
16937,2036,-5.859375,25000000.000
16938,1976,-35.156250,25000000.000
16939,1967,-39.550781,25000000.000
16940,1857,-93.261719,25000000.000
16941,1810,-116.210938,25000000.000
16942,1763,-139.160156,25000000.000
16943,1758,-141.601562,25000000.000
16944,1692,-173.828125,25000000.000
16945,1668,-185.546875,25000000.000
16946,1658,-190.429688,25000000.000
16947,1654,-192.382812,25000000.000
16948,1647,-195.800781,25000000.000
16949,1666,-186.523438,25000000.000
16950,1691,-174.316406,25000000.000
16951,1695,-172.363281,25000000.000
16952,1759,-141.113281,25000000.000
16953,1806,-118.164062,25000000.000
16954,1857,-93.261719,25000000.000
16955,1860,-91.796875,25000000.000
16956,1971,-37.597656,25000000.000
16957,2033,-7.324219,25000000.000
16958,2093,21.972656,25000000.000
16959,2100,25.390625,25000000.000
16960,2209,78.613281,25000000.000
16961,2263,104.980469,25000000.000
16962,2311,128.417969,25000000.000
16963,2314,129.882812,25000000.000
16964,2389,166.503906,25000000.000
16965,2413,178.222656,25000000.000
16966,2434,188.476562,25000000.000
16967,2433,187.988281,25000000.000
16968,2443,192.871094,25000000.000
16969,2431,187.011719,25000000.000
16970,2413,178.222656,25000000.000
16971,2410,176.757812,25000000.000
16972,2350,147.460938,25000000.000
16973,2306,125.976562,25000000.000
16974,2258,102.539062,25000000.000
16975,2253,100.097656,25000000.000
16976,2146,47.851562,25000000.000
16977,2087,19.042969,25000000.000
16978,2027,-10.253906,25000000.000
16979,2022,-12.695312,25000000.000
16980,1907,-68.847656,25000000.000
16981,1851,-96.191406,25000000.000
16982,1802,-120.117188,25000000.000
16983,1796,-123.046875,25000000.000
16984,1719,-160.644531,25000000.000
16985,1685,-177.246094,25000000.000
16986,1667,-186.035156,25000000.000
16987,1665,-187.011719,25000000.000
16988,1649,-194.824219,25000000.000
16989,1657,-190.917969,25000000.000
16990,1671,-184.082031,25000000.000
16991,1673,-183.105469,25000000.000
16992,1727,-156.738281,25000000.000
16993,1769,-136.230469,25000000.000
16994,1814,-114.257812,25000000.000
16995,1818,-112.304688,25000000.000
16996,1924,-60.546875,25000000.000
16997,1979,-33.691406,25000000.000
16998,2041,-3.417969,25000000.000
16999,2047,-0.488281,25000000.000
17000,2164,56.640625,25000000.000
17001,2216,82.031250,25000000.000
17002,2272,109.375000,25000000.000
17003,2276,111.328125,25000000.000
17004,2359,151.855469,25000000.000
17005,2393,168.457031,25000000.000
17006,2418,180.664062,25000000.000
17007,2419,181.152344,25000000.000
17008,2441,191.894531,25000000.000
17009,2442,192.382812,25000000.000
17010,2428,185.546875,25000000.000
17011,2428,185.546875,25000000.000
17012,2382,163.085938,25000000.000
17013,2343,144.042969,25000000.000
17014,2300,123.046875,25000000.000
17015,2296,121.093750,25000000.000
17016,2199,73.730469,25000000.000
17017,2137,43.457031,25000000.000
17018,2079,15.136719,25000000.000
17019,2072,11.718750,25000000.000
17020,1958,-43.945312,25000000.000
17021,1899,-72.753906,25000000.000
17022,1844,-99.609375,25000000.000
17023,1838,-102.539062,25000000.000
17024,1750,-145.507812,25000000.000
17025,1716,-162.109375,25000000.000
17026,1683,-178.222656,25000000.000
17027,1683,-178.222656,25000000.000
17028,1653,-192.871094,25000000.000
17029,1650,-194.335938,25000000.000
17030,1659,-189.941406,25000000.000
17031,1661,-188.964844,25000000.000
17032,1701,-169.433594,25000000.000
17033,1732,-154.296875,25000000.000
17034,1775,-133.300781,25000000.000
17035,1779,-131.347656,25000000.000
17036,1875,-84.472656,25000000.000
17037,1932,-56.640625,25000000.000
17038,1991,-27.832031,25000000.000
17039,1995,-25.878906,25000000.000
17040,2111,30.761719,25000000.000
17041,2172,60.546875,25000000.000
17042,2226,86.914062,25000000.000
17043,2233,90.332031,25000000.000
17044,2326,135.742188,25000000.000
17045,2364,154.296875,25000000.000
17046,2399,171.386719,25000000.000
17047,2402,172.851562,25000000.000
17048,2440,191.406250,25000000.000
17049,2441,191.894531,25000000.000
17050,2441,191.894531,25000000.000
17051,2440,191.406250,25000000.000
17052,2407,175.292969,25000000.000
17053,2378,161.132812,25000000.000
17054,2338,141.601562,25000000.000
17055,2333,139.160156,25000000.000
17056,2246,96.679688,25000000.000
17057,2186,67.382812,25000000.000
17058,2129,39.550781,25000000.000
17059,2124,37.109375,25000000.000
17060,2007,-20.019531,25000000.000
17061,1949,-48.339844,25000000.000
17062,1889,-77.636719,25000000.000
17063,1885,-79.589844,25000000.000
17064,1788,-126.953125,25000000.000
17065,1743,-148.925781,25000000.000
17066,1709,-165.527344,25000000.000
17067,1704,-167.968750,25000000.000
17068,1662,-188.476562,25000000.000
17069,1651,-193.847656,25000000.000
17070,1648,-195.312500,25000000.000
17071,1651,-193.847656,25000000.000
17072,1681,-179.199219,25000000.000
17073,1694,-172.851562,25000000.000
17074,1729,-155.761719,25000000.000
17075,1742,-149.414062,25000000.000
17076,1825,-108.886719,25000000.000
17077,1882,-81.054688,25000000.000
17078,1942,-51.757812,25000000.000
17079,1949,-48.339844,25000000.000
17080,2060,5.859375,25000000.000
17081,2120,35.156250,25000000.000
17082,2181,64.941406,25000000.000
17083,2184,66.406250,25000000.000
17084,2289,117.675781,25000000.000
17085,2331,138.183594,25000000.000
17086,2370,157.226562,25000000.000
17087,2374,159.179688,25000000.000
17088,2426,184.570312,25000000.000
17089,2438,190.429688,25000000.000
17090,2441,191.894531,25000000.000
17091,2442,192.382812,25000000.000
17092,2425,184.082031,25000000.000
17093,2403,173.339844,25000000.000
17094,2370,157.226562,25000000.000
17095,2367,155.761719,25000000.000
17096,2288,117.187500,25000000.000
17097,2235,91.308594,25000000.000
17098,2178,63.476562,25000000.000
17099,2173,61.035156,25000000.000
17100,2061,6.347656,25000000.000
17101,1998,-24.414062,25000000.000
17102,1939,-53.222656,25000000.000
17103,1934,-55.664062,25000000.000
17104,1827,-107.910156,25000000.000
17105,1780,-130.859375,25000000.000
17106,1737,-151.855469,25000000.000
17107,1734,-153.320312,25000000.000
17108,1674,-182.617188,25000000.000
17109,1664,-187.500000,25000000.000
17110,1655,-191.894531,25000000.000
17111,1649,-194.824219,25000000.000
17112,1616,-210.937500,25000000.000
17113,1683,-178.222656,25000000.000
17114,1727,-156.738281,25000000.000
17115,1714,-163.085938,25000000.000
17116,1783,-129.394531,25000000.000
17117,1834,-104.492188,25000000.000
17118,1892,-76.171875,25000000.000
17119,1895,-74.707031,25000000.000
17120,2007,-20.019531,25000000.000
17121,2066,8.789062,25000000.000
17122,2132,41.015625,25000000.000
17123,2135,42.480469,25000000.000
17124,2241,94.238281,25000000.000
17125,2294,120.117188,25000000.000
17126,2338,141.601562,25000000.000
17127,2340,142.578125,25000000.000
17128,2404,173.828125,25000000.000
17129,2426,184.570312,25000000.000
17130,2440,191.406250,25000000.000
17131,2440,191.406250,25000000.000
17132,2438,190.429688,25000000.000
17133,2420,181.640625,25000000.000
17134,2399,171.386719,25000000.000
17135,2394,168.945312,25000000.000
17136,2325,135.253906,25000000.000
17137,2280,113.281250,25000000.000
17138,2226,86.914062,25000000.000
17139,2222,84.960938,25000000.000
17140,2110,30.273438,25000000.000
17141,2051,1.464844,25000000.000
17142,1987,-29.785156,25000000.000
17143,1981,-32.714844,25000000.000
17144,1873,-85.449219,25000000.000
17145,1818,-112.304688,25000000.000
17146,1775,-133.300781,25000000.000
17147,1771,-135.253906,25000000.000
17148,1698,-170.898438,25000000.000
17149,1673,-183.105469,25000000.000
17150,1658,-190.429688,25000000.000
17151,1657,-190.917969,25000000.000
17152,1652,-193.359375,25000000.000
17153,1664,-187.500000,25000000.000
17154,1683,-178.222656,25000000.000
17155,1684,-177.734375,25000000.000
17156,1749,-145.996094,25000000.000
17157,1796,-123.046875,25000000.000
17158,1843,-100.097656,25000000.000
17159,1849,-97.167969,25000000.000
17160,1956,-44.921875,25000000.000
17161,2018,-14.648438,25000000.000
17162,2078,14.648438,25000000.000
17163,2084,17.578125,25000000.000
17164,2196,72.265625,25000000.000
17165,2250,98.632812,25000000.000
17166,2301,123.535156,25000000.000
17167,2304,125.000000,25000000.000
17168,2380,162.109375,25000000.000
17169,2408,175.781250,25000000.000
17170,2429,186.035156,25000000.000
17171,2429,186.035156,25000000.000
17172,2442,192.382812,25000000.000
17173,2436,189.453125,25000000.000
17174,2418,180.664062,25000000.000
17175,2417,180.175781,25000000.000
17176,2360,152.343750,25000000.000
17177,2318,131.835938,25000000.000
17178,2271,108.886719,25000000.000
17179,2267,106.933594,25000000.000
17180,2162,55.664062,25000000.000
17181,2100,25.390625,25000000.000
17182,2043,-2.441406,25000000.000
17183,2035,-6.347656,25000000.000
17184,1922,-61.523438,25000000.000
17185,1866,-88.867188,25000000.000
17186,1813,-114.746094,25000000.000
17187,1808,-117.187500,25000000.000
17188,1727,-156.738281,25000000.000
17189,1696,-171.875000,25000000.000
17190,1668,-185.546875,25000000.000
17191,1669,-185.058594,25000000.000
17192,1649,-194.824219,25000000.000
17193,1655,-191.894531,25000000.000
17194,1666,-186.523438,25000000.000
17195,1668,-185.546875,25000000.000
17196,1718,-161.132812,25000000.000
17197,1758,-141.601562,25000000.000
17198,1802,-120.117188,25000000.000
17199,1805,-118.652344,25000000.000
17200,1908,-68.359375,25000000.000
17201,1966,-40.039062,25000000.000
17202,2027,-10.253906,25000000.000
17203,2032,-7.812500,25000000.000
17204,2147,48.339844,25000000.000
17205,2205,76.660156,25000000.000
17206,2258,102.539062,25000000.000
17207,2263,104.980469,25000000.000
17208,2348,146.484375,25000000.000
17209,2385,164.550781,25000000.000
17210,2413,178.222656,25000000.000
17211,2414,178.710938,25000000.000
17212,2442,192.382812,25000000.000
17213,2460,201.171875,25000000.000
17214,2433,187.988281,25000000.000
17215,2443,192.871094,25000000.000
17216,2392,167.968750,25000000.000
17217,2360,152.343750,25000000.000
17218,2318,131.835938,25000000.000
17219,2313,129.394531,25000000.000
17220,2212,80.078125,25000000.000
17221,2153,51.269531,25000000.000
17222,2095,22.949219,25000000.000
17223,2090,20.507812,25000000.000
17224,1974,-36.132812,25000000.000
17225,1914,-65.429688,25000000.000
17226,1854,-94.726562,25000000.000
17227,1853,-95.214844,25000000.000
17228,1760,-140.625000,25000000.000
17229,1723,-158.691406,25000000.000
17230,1689,-175.292969,25000000.000
17231,1689,-175.292969,25000000.000
17232,1655,-191.894531,25000000.000
17233,1650,-194.335938,25000000.000
17234,1656,-191.406250,25000000.000
17235,1653,-192.871094,25000000.000
17236,1692,-173.828125,25000000.000
17237,1724,-158.203125,25000000.000
17238,1762,-139.648438,25000000.000
17239,1766,-137.695312,25000000.000
17240,1860,-91.796875,25000000.000
17241,1917,-63.964844,25000000.000
17242,1976,-35.156250,25000000.000
17243,1982,-32.226562,25000000.000
17244,2099,24.902344,25000000.000
17245,2157,53.222656,25000000.000
17246,2214,81.054688,25000000.000
17247,2222,84.960938,25000000.000
17248,2315,130.371094,25000000.000
17249,2356,150.390625,25000000.000
17250,2393,168.457031,25000000.000
17251,2394,168.945312,25000000.000
17252,2434,188.476562,25000000.000
17253,2443,192.871094,25000000.000
17254,2443,192.871094,25000000.000
17255,2441,191.894531,25000000.000
17256,2410,176.757812,25000000.000
17257,2386,165.039062,25000000.000
17258,2346,145.507812,25000000.000
17259,2344,144.531250,25000000.000
17260,2255,101.074219,25000000.000
17261,2202,75.195312,25000000.000
17262,2145,47.363281,25000000.000
17263,2140,44.921875,25000000.000
17264,2024,-11.718750,25000000.000
17265,1962,-41.992188,25000000.000
17266,1903,-70.800781,25000000.000
17267,1898,-73.242188,25000000.000
17268,1799,-121.582031,25000000.000
17269,1755,-143.066406,25000000.000
17270,1717,-161.621094,25000000.000
17271,1714,-163.085938,25000000.000
17272,1666,-186.523438,25000000.000
17273,1652,-193.359375,25000000.000
17274,1651,-193.847656,25000000.000
17275,1652,-193.359375,25000000.000
17276,1672,-183.593750,25000000.000
17277,1697,-171.386719,25000000.000
17278,1732,-154.296875,25000000.000
17279,1736,-152.343750,25000000.000
17280,1814,-114.257812,25000000.000
17281,1869,-87.402344,25000000.000
17282,1929,-58.105469,25000000.000
17283,1930,-57.617188,25000000.000
17284,2047,-0.488281,25000000.000
17285,2107,28.808594,25000000.000
17286,2165,57.128906,25000000.000
17287,2170,59.570312,25000000.000
17288,2273,109.863281,25000000.000
17289,2321,133.300781,25000000.000
17290,2360,152.343750,25000000.000
17291,2365,154.785156,25000000.000
17292,2419,181.152344,25000000.000
17293,2437,189.941406,25000000.000
17294,2443,192.871094,25000000.000
17295,2443,192.871094,25000000.000
17296,2429,186.035156,25000000.000
17297,2408,175.781250,25000000.000
17298,2380,162.109375,25000000.000
17299,2376,160.156250,25000000.000
17300,2298,122.070312,25000000.000
17301,2248,97.656250,25000000.000
17302,2194,71.289062,25000000.000
17303,2188,68.359375,25000000.000
17304,2074,12.695312,25000000.000
17305,2014,-16.601562,25000000.000
17306,1953,-46.386719,25000000.000
17307,1947,-49.316406,25000000.000
17308,1836,-103.515625,25000000.000
17309,1793,-124.511719,25000000.000
17310,1746,-147.460938,25000000.000
17311,1744,-148.437500,25000000.000
17312,1682,-178.710938,25000000.000
17313,1664,-187.500000,25000000.000
17314,1652,-193.359375,25000000.000
17315,1651,-193.847656,25000000.000
17316,1659,-189.941406,25000000.000
17317,1673,-183.105469,25000000.000
17318,1701,-169.433594,25000000.000
17319,1705,-167.480469,25000000.000
17320,1776,-132.812500,25000000.000
17321,1823,-109.863281,25000000.000
17322,1875,-84.472656,25000000.000
17323,1877,-83.496094,25000000.000
17324,1992,-27.343750,25000000.000
17325,2054,2.929688,25000000.000
17326,2114,32.226562,25000000.000
17327,2121,35.644531,25000000.000
17328,2230,88.867188,25000000.000
17329,2280,113.281250,25000000.000
17330,2327,136.230469,25000000.000
17331,2331,138.183594,25000000.000
17332,2399,171.386719,25000000.000
17333,2420,181.640625,25000000.000
17334,2437,189.941406,25000000.000
17335,2437,189.941406,25000000.000
17336,2438,190.429688,25000000.000
17337,2426,184.570312,25000000.000
17338,2403,173.339844,25000000.000
17339,2401,172.363281,25000000.000
17340,2334,139.648438,25000000.000
17341,2292,119.140625,25000000.000
17342,2239,93.261719,25000000.000
17343,2234,90.820312,25000000.000
17344,2126,38.085938,25000000.000
17345,2063,7.324219,25000000.000
17346,2009,-19.042969,25000000.000
17347,2005,-20.996094,25000000.000
17348,1885,-79.589844,25000000.000
17349,1838,-102.539062,25000000.000
17350,1783,-129.394531,25000000.000
17351,1779,-131.347656,25000000.000
17352,1709,-165.527344,25000000.000
17353,1680,-179.687500,25000000.000
17354,1660,-189.453125,25000000.000
17355,1658,-190.429688,25000000.000
17356,1650,-194.335938,25000000.000
17357,1661,-188.964844,25000000.000
17358,1676,-181.640625,25000000.000
17359,1681,-179.199219,25000000.000
17360,1742,-149.414062,25000000.000
17361,1782,-129.882812,25000000.000
17362,1832,-105.468750,25000000.000
17363,1837,-103.027344,25000000.000
17364,1945,-50.292969,25000000.000
17365,2004,-21.484375,25000000.000
17366,2059,5.371094,25000000.000
17367,2071,11.230469,25000000.000
17368,2173,61.035156,25000000.000
17369,2236,91.796875,25000000.000
17370,2300,123.046875,25000000.000
17371,2285,115.722656,25000000.000
17372,2379,161.621094,25000000.000
17373,2403,173.339844,25000000.000
17374,2428,185.546875,25000000.000
17375,2428,185.546875,25000000.000
17376,2439,190.917969,25000000.000
17377,2436,189.453125,25000000.000
17378,2427,185.058594,25000000.000
17379,2423,183.105469,25000000.000
17380,2369,156.738281,25000000.000
17381,2327,136.230469,25000000.000
17382,2285,115.722656,25000000.000
17383,2277,111.816406,25000000.000
17384,2176,62.500000,25000000.000
17385,2116,33.203125,25000000.000
17386,2056,3.906250,25000000.000
17387,2050,0.976562,25000000.000
17388,1936,-54.687500,25000000.000
17389,1880,-82.031250,25000000.000
17390,1824,-109.375000,25000000.000
17391,1821,-110.839844,25000000.000
17392,1735,-152.832031,25000000.000
17393,1702,-168.945312,25000000.000
17394,1677,-181.152344,25000000.000
17395,1676,-181.640625,25000000.000
17396,1650,-194.335938,25000000.000
17397,1652,-193.359375,25000000.000
17398,1664,-187.500000,25000000.000
17399,1664,-187.500000,25000000.000
17400,1714,-163.085938,25000000.000
17401,1745,-147.949219,25000000.000
17402,1792,-125.000000,25000000.000
17403,1795,-123.535156,25000000.000
17404,1892,-76.171875,25000000.000
17405,1952,-46.875000,25000000.000
17406,2012,-17.578125,25000000.000
17407,2019,-14.160156,25000000.000
17408,2133,41.503906,25000000.000
17409,2192,70.312500,25000000.000
17410,2246,96.679688,25000000.000
17411,2251,99.121094,25000000.000
17412,2341,143.066406,25000000.000
17413,2378,161.132812,25000000.000
17414,2408,175.781250,25000000.000
17415,2410,176.757812,25000000.000
17416,2442,192.382812,25000000.000
17417,2444,193.359375,25000000.000
17418,2438,190.429688,25000000.000
17419,2435,188.964844,25000000.000
17420,2414,178.710938,25000000.000
17421,2370,157.226562,25000000.000
17422,2323,134.277344,25000000.000
17423,2316,130.859375,25000000.000
17424,2232,89.843750,25000000.000
17425,2171,60.058594,25000000.000
17426,2106,28.320312,25000000.000
17427,2108,29.296875,25000000.000
17428,1989,-28.808594,25000000.000
17429,1930,-57.617188,25000000.000
17430,1870,-86.914062,25000000.000
17431,1867,-88.378906,25000000.000
17432,1772,-134.765625,25000000.000
17433,1730,-155.273438,25000000.000
17434,1698,-170.898438,25000000.000
17435,1696,-171.875000,25000000.000
17436,1659,-189.941406,25000000.000
17437,1652,-193.359375,25000000.000
17438,1652,-193.359375,25000000.000
17439,1652,-193.359375,25000000.000
17440,1686,-176.757812,25000000.000
17441,1717,-161.621094,25000000.000
17442,1753,-144.042969,25000000.000
17443,1758,-141.601562,25000000.000
17444,1849,-97.167969,25000000.000
17445,1901,-71.777344,25000000.000
17446,1961,-42.480469,25000000.000
17447,1969,-38.574219,25000000.000
17448,2082,16.601562,25000000.000
17449,2141,45.410156,25000000.000
17450,2201,74.707031,25000000.000
17451,2205,76.660156,25000000.000
17452,2302,124.023438,25000000.000
17453,2346,145.507812,25000000.000
17454,2381,162.597656,25000000.000
17455,2383,163.574219,25000000.000
17456,2429,186.035156,25000000.000
17457,2441,191.894531,25000000.000
17458,2442,192.382812,25000000.000
17459,2440,191.406250,25000000.000
17460,2415,179.199219,25000000.000
17461,2391,167.480469,25000000.000
17462,2365,154.785156,25000000.000
17463,2353,148.925781,25000000.000
17464,2271,108.886719,25000000.000
17465,2214,81.054688,25000000.000
17466,2160,54.687500,25000000.000
17467,2153,51.269531,25000000.000
17468,2038,-4.882812,25000000.000
17469,1980,-33.203125,25000000.000
17470,1917,-63.964844,25000000.000
17471,1914,-65.429688,25000000.000
17472,1810,-116.210938,25000000.000
17473,1766,-137.695312,25000000.000
17474,1724,-158.203125,25000000.000
17475,1723,-158.691406,25000000.000
17476,1667,-186.035156,25000000.000
17477,1654,-192.382812,25000000.000
17478,1650,-194.335938,25000000.000
17479,1651,-193.847656,25000000.000
17480,1666,-186.523438,25000000.000
17481,1691,-174.316406,25000000.000
17482,1722,-159.179688,25000000.000
17483,1724,-158.203125,25000000.000
17484,1804,-119.140625,25000000.000
17485,1856,-93.750000,25000000.000
17486,1911,-66.894531,25000000.000
17487,1915,-64.941406,25000000.000
17488,2031,-8.300781,25000000.000
17489,2090,20.507812,25000000.000
17490,2149,49.316406,25000000.000
17491,2157,53.222656,25000000.000
17492,2261,104.003906,25000000.000
17493,2311,128.417969,25000000.000
17494,2353,148.925781,25000000.000
17495,2356,150.390625,25000000.000
17496,2414,178.710938,25000000.000
17497,2431,187.011719,25000000.000
17498,2445,193.847656,25000000.000
17499,2442,192.382812,25000000.000
17500,2434,188.476562,25000000.000
17501,2414,178.710938,25000000.000
17502,2386,165.039062,25000000.000
17503,2382,163.085938,25000000.000
17504,2308,126.953125,25000000.000
17505,2261,104.003906,25000000.000
17506,2206,77.148438,25000000.000
17507,2202,75.195312,25000000.000
17508,2088,19.531250,25000000.000
17509,2028,-9.765625,25000000.000
17510,1968,-39.062500,25000000.000
17511,1964,-41.015625,25000000.000
17512,1853,-95.214844,25000000.000
17513,1803,-119.628906,25000000.000
17514,1760,-140.625000,25000000.000
17515,1754,-143.554688,25000000.000
17516,1689,-175.292969,25000000.000
17517,1667,-186.035156,25000000.000
17518,1653,-192.871094,25000000.000
17519,1650,-194.335938,25000000.000
17520,1655,-191.894531,25000000.000
17521,1671,-184.082031,25000000.000
17522,1695,-172.363281,25000000.000
17523,1695,-172.363281,25000000.000
17524,1764,-138.671875,25000000.000
17525,1812,-115.234375,25000000.000
17526,1862,-90.820312,25000000.000
17527,1869,-87.402344,25000000.000
17528,1980,-33.203125,25000000.000
17529,2038,-4.882812,25000000.000
17530,2100,25.390625,25000000.000
17531,2104,27.343750,25000000.000
17532,2218,83.007812,25000000.000
17533,2266,106.445312,25000000.000
17534,2317,131.347656,25000000.000
17535,2321,133.300781,25000000.000
17536,2388,166.015625,25000000.000
17537,2418,180.664062,25000000.000
17538,2435,188.964844,25000000.000
17539,2436,189.453125,25000000.000
17540,2436,189.453125,25000000.000
17541,2432,187.500000,25000000.000
17542,2410,176.757812,25000000.000
17543,2409,176.269531,25000000.000
17544,2346,145.507812,25000000.000
17545,2303,124.511719,25000000.000
17546,2253,100.097656,25000000.000
17547,2249,98.144531,25000000.000
17548,2141,45.410156,25000000.000
17549,2080,15.625000,25000000.000
17550,2020,-13.671875,25000000.000
17551,2014,-16.601562,25000000.000
17552,1900,-72.265625,25000000.000
17553,1847,-98.144531,25000000.000
17554,1795,-123.535156,25000000.000
17555,1790,-125.976562,25000000.000
17556,1713,-163.574219,25000000.000
17557,1686,-176.757812,25000000.000
17558,1662,-188.476562,25000000.000
17559,1664,-187.500000,25000000.000
17560,1650,-194.335938,25000000.000
17561,1656,-191.406250,25000000.000
17562,1678,-180.664062,25000000.000
17563,1676,-181.640625,25000000.000
17564,1732,-154.296875,25000000.000
17565,1771,-135.253906,25000000.000
17566,1822,-110.351562,25000000.000
17567,1823,-109.863281,25000000.000
17568,1930,-57.617188,25000000.000
17569,1987,-29.785156,25000000.000
17570,2048,0.000000,25000000.000
17571,2052,1.953125,25000000.000
17572,2167,58.105469,25000000.000
17573,2225,86.425781,25000000.000
17574,2275,110.839844,25000000.000
17575,2280,113.281250,25000000.000
17576,2364,154.296875,25000000.000
17577,2392,167.968750,25000000.000
17578,2422,182.617188,25000000.000
17579,2424,183.593750,25000000.000
17580,2443,192.871094,25000000.000
17581,2440,191.406250,25000000.000
17582,2429,186.035156,25000000.000
17583,2428,185.546875,25000000.000
17584,2378,161.132812,25000000.000
17585,2341,143.066406,25000000.000
17586,2297,121.582031,25000000.000
17587,2288,117.187500,25000000.000
17588,2191,69.824219,25000000.000
17589,2133,41.503906,25000000.000
17590,2075,13.183594,25000000.000
17591,2072,11.718750,25000000.000
17592,1946,-49.804688,25000000.000
17593,1897,-73.730469,25000000.000
17594,1836,-103.515625,25000000.000
17595,1833,-104.980469,25000000.000
17596,1746,-147.460938,25000000.000
17597,1710,-165.039062,25000000.000
17598,1684,-177.734375,25000000.000
17599,1679,-180.175781,25000000.000
17600,1654,-192.382812,25000000.000
17601,1649,-194.824219,25000000.000
17602,1658,-190.429688,25000000.000
17603,1660,-189.453125,25000000.000
17604,1703,-168.457031,25000000.000
17605,1738,-151.367188,25000000.000
17606,1777,-132.324219,25000000.000
17607,1784,-128.906250,25000000.000
17608,1878,-83.007812,25000000.000
17609,1937,-54.199219,25000000.000
17610,1996,-25.390625,25000000.000
17611,2003,-21.972656,25000000.000
17612,2117,33.691406,25000000.000
17613,2176,62.500000,25000000.000
17614,2230,88.867188,25000000.000
17615,2240,93.750000,25000000.000
17616,2329,137.207031,25000000.000
17617,2369,156.738281,25000000.000
17618,2398,170.898438,25000000.000
17619,2403,173.339844,25000000.000
17620,2438,190.429688,25000000.000
17621,2445,193.847656,25000000.000
17622,2438,190.429688,25000000.000
17623,2439,190.917969,25000000.000
17624,2402,172.851562,25000000.000
17625,2374,159.179688,25000000.000
17626,2334,139.648438,25000000.000
17627,2331,138.183594,25000000.000
17628,2240,93.750000,25000000.000
17629,2182,65.429688,25000000.000
17630,2123,36.621094,25000000.000
17631,2117,33.691406,25000000.000
17632,2002,-22.460938,25000000.000
17633,1940,-52.734375,25000000.000
17634,1886,-79.101562,25000000.000
17635,1878,-83.007812,25000000.000
17636,1780,-130.859375,25000000.000
17637,1742,-149.414062,25000000.000
17638,1705,-167.480469,25000000.000
17639,1701,-169.433594,25000000.000
17640,1660,-189.453125,25000000.000
17641,1651,-193.847656,25000000.000
17642,1651,-193.847656,25000000.000
17643,1653,-192.871094,25000000.000
17644,1681,-179.199219,25000000.000
17645,1708,-166.015625,25000000.000
17646,1743,-148.925781,25000000.000
17647,1748,-146.484375,25000000.000
17648,1838,-102.539062,25000000.000
17649,1887,-78.613281,25000000.000
17650,1948,-48.828125,25000000.000
17651,1952,-46.875000,25000000.000
17652,2065,8.300781,25000000.000
17653,2129,39.550781,25000000.000
17654,2186,67.382812,25000000.000
17655,2193,70.800781,25000000.000
17656,2289,117.675781,25000000.000
17657,2338,141.601562,25000000.000
17658,2373,158.691406,25000000.000
17659,2377,160.644531,25000000.000
17660,2426,184.570312,25000000.000
17661,2439,190.917969,25000000.000
17662,2444,193.359375,25000000.000
17663,2444,193.359375,25000000.000
17664,2423,183.105469,25000000.000
17665,2397,170.410156,25000000.000
17666,2368,156.250000,25000000.000
17667,2364,154.296875,25000000.000
17668,2282,114.257812,25000000.000
17669,2231,89.355469,25000000.000
17670,2174,61.523438,25000000.000
17671,2167,58.105469,25000000.000
17672,2053,2.441406,25000000.000
17673,1995,-25.878906,25000000.000
17674,1932,-56.640625,25000000.000
17675,1928,-58.593750,25000000.000
17676,1823,-109.863281,25000000.000
17677,1775,-133.300781,25000000.000
17678,1735,-152.832031,25000000.000
17679,1733,-153.808594,25000000.000
17680,1675,-182.128906,25000000.000
17681,1658,-190.429688,25000000.000
17682,1651,-193.847656,25000000.000
17683,1649,-194.824219,25000000.000
17684,1663,-187.988281,25000000.000
17685,1684,-177.734375,25000000.000
17686,1712,-164.062500,25000000.000
17687,1716,-162.109375,25000000.000
17688,1792,-125.000000,25000000.000
17689,1843,-100.097656,25000000.000
17690,1895,-74.707031,25000000.000
17691,1903,-70.800781,25000000.000
17692,2014,-16.601562,25000000.000
17693,2076,13.671875,25000000.000
17694,2136,42.968750,25000000.000
17695,2143,46.386719,25000000.000
17696,2249,98.144531,25000000.000
17697,2298,122.070312,25000000.000
17698,2342,143.554688,25000000.000
17699,2347,145.996094,25000000.000
17700,2408,175.781250,25000000.000
17701,2428,185.546875,25000000.000
17702,2439,190.917969,25000000.000
17703,2439,190.917969,25000000.000
17704,2435,188.964844,25000000.000
17705,2419,181.152344,25000000.000
17706,2392,167.968750,25000000.000
17707,2392,167.968750,25000000.000
17708,2321,133.300781,25000000.000
17709,2272,109.375000,25000000.000
17710,2222,84.960938,25000000.000
17711,2217,82.519531,25000000.000
17712,2105,27.832031,25000000.000
17713,2044,-1.953125,25000000.000
17714,1984,-31.250000,25000000.000
17715,1976,-35.156250,25000000.000
17716,1869,-87.402344,25000000.000
17717,1815,-113.769531,25000000.000
17718,1769,-136.230469,25000000.000
17719,1762,-139.648438,25000000.000
17720,1695,-172.363281,25000000.000
17721,1674,-182.617188,25000000.000
17722,1650,-194.335938,25000000.000
17723,1652,-193.359375,25000000.000
17724,1656,-191.406250,25000000.000
17725,1660,-189.453125,25000000.000
17726,1686,-176.757812,25000000.000
17727,1687,-176.269531,25000000.000
17728,1753,-144.042969,25000000.000
17729,1799,-121.582031,25000000.000
17730,1850,-96.679688,25000000.000
17731,1854,-94.726562,25000000.000
17732,1966,-40.039062,25000000.000
17733,2021,-13.183594,25000000.000
17734,2084,17.578125,25000000.000
17735,2089,20.019531,25000000.000
17736,2201,74.707031,25000000.000
17737,2258,102.539062,25000000.000
17738,2304,125.000000,25000000.000
17739,2310,127.929688,25000000.000
17740,2381,162.597656,25000000.000
17741,2412,177.734375,25000000.000
17742,2430,186.523438,25000000.000
17743,2433,187.988281,25000000.000
17744,2442,192.382812,25000000.000
17745,2434,188.476562,25000000.000
17746,2416,179.687500,25000000.000
17747,2415,179.199219,25000000.000
17748,2357,150.878906,25000000.000
17749,2313,129.394531,25000000.000
17750,2265,105.957031,25000000.000
17751,2260,103.515625,25000000.000
17752,2155,52.246094,25000000.000
17753,2096,23.437500,25000000.000
17754,2034,-6.835938,25000000.000
17755,2027,-10.253906,25000000.000
17756,1913,-65.917969,25000000.000
17757,1861,-91.308594,25000000.000
17758,1806,-118.164062,25000000.000
17759,1802,-120.117188,25000000.000
17760,1725,-157.714844,25000000.000
17761,1692,-173.828125,25000000.000
17762,1670,-184.570312,25000000.000
17763,1667,-186.035156,25000000.000
17764,1651,-193.847656,25000000.000
17765,1652,-193.359375,25000000.000
17766,1659,-189.941406,25000000.000
17767,1679,-180.175781,25000000.000
17768,1731,-154.785156,25000000.000
17769,1759,-141.113281,25000000.000
17770,1810,-116.210938,25000000.000
17771,1808,-117.187500,25000000.000
17772,1913,-65.917969,25000000.000
17773,1973,-36.621094,25000000.000
17774,2034,-6.835938,25000000.000
17775,2037,-5.371094,25000000.000
17776,2154,51.757812,25000000.000
17777,2210,79.101562,25000000.000
17778,2265,105.957031,25000000.000
17779,2271,108.886719,25000000.000
17780,2352,148.437500,25000000.000
17781,2387,165.527344,25000000.000
17782,2417,180.175781,25000000.000
17783,2416,179.687500,25000000.000
17784,2441,191.894531,25000000.000
17785,2441,191.894531,25000000.000
17786,2432,187.500000,25000000.000
17787,2429,186.035156,25000000.000
17788,2384,164.062500,25000000.000
17789,2351,147.949219,25000000.000
17790,2304,125.000000,25000000.000
17791,2304,125.000000,25000000.000
17792,2207,77.636719,25000000.000
17793,2147,48.339844,25000000.000
17794,2088,19.531250,25000000.000
17795,2083,17.089844,25000000.000
17796,1968,-39.062500,25000000.000
17797,1906,-69.335938,25000000.000
17798,1860,-91.796875,25000000.000
17799,1849,-97.167969,25000000.000
17800,1757,-142.089844,25000000.000
17801,1707,-166.503906,25000000.000
17802,1689,-175.292969,25000000.000
17803,1681,-179.199219,25000000.000
17804,1657,-190.917969,25000000.000
17805,1648,-195.312500,25000000.000
17806,1655,-191.894531,25000000.000
17807,1655,-191.894531,25000000.000
17808,1697,-171.386719,25000000.000
17809,1724,-158.203125,25000000.000
17810,1771,-135.253906,25000000.000
17811,1770,-135.742188,25000000.000
17812,1867,-88.378906,25000000.000
17813,1920,-62.500000,25000000.000
17814,1983,-31.738281,25000000.000
17815,1987,-29.785156,25000000.000
17816,2103,26.855469,25000000.000
17817,2163,56.152344,25000000.000
17818,2219,83.496094,25000000.000
17819,2223,85.449219,25000000.000
17820,2319,132.324219,25000000.000
17821,2360,152.343750,25000000.000
17822,2393,168.457031,25000000.000
17823,2397,170.410156,25000000.000
17824,2434,188.476562,25000000.000
17825,2442,192.382812,25000000.000
17826,2441,191.894531,25000000.000
17827,2441,191.894531,25000000.000
17828,2410,176.757812,25000000.000
17829,2381,162.597656,25000000.000
17830,2345,145.019531,25000000.000
17831,2340,142.578125,25000000.000
17832,2252,99.609375,25000000.000
17833,2195,71.777344,25000000.000
17834,2139,44.433594,25000000.000
17835,2131,40.527344,25000000.000
17836,2016,-15.625000,25000000.000
17837,1957,-44.433594,25000000.000
17838,1898,-73.242188,25000000.000
17839,1892,-76.171875,25000000.000
17840,1794,-124.023438,25000000.000
17841,1750,-145.507812,25000000.000
17842,1711,-164.550781,25000000.000
17843,1708,-166.015625,25000000.000
17844,1665,-187.011719,25000000.000
17845,1651,-193.847656,25000000.000
17846,1651,-193.847656,25000000.000
17847,1649,-194.824219,25000000.000
17848,1677,-181.152344,25000000.000
17849,1697,-171.386719,25000000.000
17850,1733,-153.808594,25000000.000
17851,1737,-151.855469,25000000.000
17852,1823,-109.863281,25000000.000
17853,1875,-84.472656,25000000.000
17854,1932,-56.640625,25000000.000
17855,1939,-53.222656,25000000.000
17856,2051,1.464844,25000000.000
17857,2112,31.250000,25000000.000
17858,2170,59.570312,25000000.000
17859,2177,62.988281,25000000.000
17860,2280,113.281250,25000000.000
17861,2326,135.742188,25000000.000
17862,2366,155.273438,25000000.000
17863,2371,157.714844,25000000.000
17864,2423,183.105469,25000000.000
17865,2434,188.476562,25000000.000
17866,2443,192.871094,25000000.000
17867,2441,191.894531,25000000.000
17868,2427,185.058594,25000000.000
17869,2407,175.292969,25000000.000
17870,2375,159.667969,25000000.000
17871,2373,158.691406,25000000.000
17872,2292,119.140625,25000000.000
17873,2243,95.214844,25000000.000
17874,2187,67.871094,25000000.000
17875,2183,65.917969,25000000.000
17876,2069,10.253906,25000000.000
17877,2007,-20.019531,25000000.000
17878,1950,-47.851562,25000000.000
17879,1943,-51.269531,25000000.000
17880,1833,-104.980469,25000000.000
17881,1786,-127.929688,25000000.000
17882,1744,-148.437500,25000000.000
17883,1740,-150.390625,25000000.000
17884,1680,-179.687500,25000000.000
17885,1662,-188.476562,25000000.000
17886,1650,-194.335938,25000000.000
17887,1648,-195.312500,25000000.000
17888,1660,-189.453125,25000000.000
17889,1680,-179.687500,25000000.000
17890,1703,-168.457031,25000000.000
17891,1708,-166.015625,25000000.000
17892,1780,-130.859375,25000000.000
17893,1829,-106.933594,25000000.000
17894,1883,-80.566406,25000000.000
17895,1892,-76.171875,25000000.000
17896,2001,-22.949219,25000000.000
17897,2060,5.859375,25000000.000
17898,2124,37.109375,25000000.000
17899,2128,39.062500,25000000.000
17900,2235,91.308594,25000000.000
17901,2287,116.699219,25000000.000
17902,2332,138.671875,25000000.000
17903,2334,139.648438,25000000.000
17904,2401,172.363281,25000000.000
17905,2425,184.082031,25000000.000
17906,2436,189.453125,25000000.000
17907,2439,190.917969,25000000.000
17908,2438,190.429688,25000000.000
17909,2423,183.105469,25000000.000
17910,2401,172.363281,25000000.000
17911,2399,171.386719,25000000.000
17912,2331,138.183594,25000000.000
17913,2285,115.722656,25000000.000
17914,2236,91.796875,25000000.000
17915,2228,87.890625,25000000.000
17916,2121,35.644531,25000000.000
17917,2059,5.371094,25000000.000
17918,1998,-24.414062,25000000.000
17919,1991,-27.832031,25000000.000
17920,1880,-82.031250,25000000.000
17921,1829,-106.933594,25000000.000
17922,1780,-130.859375,25000000.000
17923,1776,-132.812500,25000000.000
17924,1703,-168.457031,25000000.000
17925,1677,-181.152344,25000000.000
17926,1660,-189.453125,25000000.000
17927,1659,-189.941406,25000000.000
17928,1651,-193.847656,25000000.000
17929,1661,-188.964844,25000000.000
17930,1679,-180.175781,25000000.000
17931,1676,-181.640625,25000000.000
17932,1751,-145.019531,25000000.000
17933,1795,-123.535156,25000000.000
17934,1839,-102.050781,25000000.000
17935,1836,-103.515625,25000000.000
17936,1948,-48.828125,25000000.000
17937,2010,-18.554688,25000000.000
17938,2067,9.277344,25000000.000
17939,2075,13.183594,25000000.000
17940,2185,66.894531,25000000.000
17941,2243,95.214844,25000000.000
17942,2294,120.117188,25000000.000
17943,2297,121.582031,25000000.000
17944,2377,160.644531,25000000.000
17945,2405,174.316406,25000000.000
17946,2427,185.058594,25000000.000
17947,2429,186.035156,25000000.000
17948,2443,192.871094,25000000.000
17949,2436,189.453125,25000000.000
17950,2421,182.128906,25000000.000
17951,2418,180.664062,25000000.000
17952,2365,154.785156,25000000.000
17953,2326,135.742188,25000000.000
17954,2278,112.304688,25000000.000
17955,2273,109.863281,25000000.000
17956,2169,59.082031,25000000.000
17957,2112,31.250000,25000000.000
17958,2050,0.976562,25000000.000
17959,2045,-1.464844,25000000.000
17960,1930,-57.617188,25000000.000
17961,1873,-85.449219,25000000.000
17962,1820,-111.328125,25000000.000
17963,1815,-113.769531,25000000.000
17964,1732,-154.296875,25000000.000
17965,1698,-170.898438,25000000.000
17966,1671,-184.082031,25000000.000
17967,1669,-185.058594,25000000.000
17968,1651,-193.847656,25000000.000
17969,1651,-193.847656,25000000.000
17970,1663,-187.988281,25000000.000
17971,1667,-186.035156,25000000.000
17972,1713,-163.574219,25000000.000
17973,1751,-145.019531,25000000.000
17974,1793,-124.511719,25000000.000
17975,1801,-120.605469,25000000.000
17976,1900,-72.265625,25000000.000
17977,1958,-43.945312,25000000.000
17978,2020,-13.671875,25000000.000
17979,2026,-10.742188,25000000.000
17980,2140,44.921875,25000000.000
17981,2196,72.265625,25000000.000
17982,2252,99.609375,25000000.000
17983,2256,101.562500,25000000.000
17984,2342,143.554688,25000000.000
17985,2380,162.109375,25000000.000
17986,2409,176.269531,25000000.000
17987,2411,177.246094,25000000.000
17988,2439,190.917969,25000000.000
17989,2443,192.871094,25000000.000
17990,2433,187.988281,25000000.000
17991,2433,187.988281,25000000.000
17992,2391,167.480469,25000000.000
17993,2359,151.855469,25000000.000
17994,2323,134.277344,25000000.000
17995,2312,128.906250,25000000.000
17996,2219,83.496094,25000000.000
17997,2160,54.687500,25000000.000
17998,2104,27.343750,25000000.000
17999,2096,23.437500,25000000.000
18000,1977,-34.667969,25000000.000
18001,1926,-59.570312,25000000.000
18002,1866,-88.867188,25000000.000
18003,1862,-90.820312,25000000.000
18004,1770,-135.742188,25000000.000
18005,1731,-154.785156,25000000.000
18006,1691,-174.316406,25000000.000
18007,1690,-174.804688,25000000.000
18008,1658,-190.429688,25000000.000
18009,1650,-194.335938,25000000.000
18010,1654,-192.382812,25000000.000
18011,1656,-191.406250,25000000.000
18012,1691,-174.316406,25000000.000
18013,1720,-160.156250,25000000.000
18014,1758,-141.601562,25000000.000
18015,1760,-140.625000,25000000.000
18016,1854,-94.726562,25000000.000
18017,1909,-67.871094,25000000.000
18018,1968,-39.062500,25000000.000
18019,1974,-36.132812,25000000.000
18020,2087,19.042969,25000000.000
18021,2149,49.316406,25000000.000
18022,2205,76.660156,25000000.000
18023,2214,81.054688,25000000.000
18024,2304,125.000000,25000000.000
18025,2351,147.949219,25000000.000
18026,2386,165.039062,25000000.000
18027,2390,166.992188,25000000.000
18028,2432,187.500000,25000000.000
18029,2441,191.894531,25000000.000
18030,2443,192.871094,25000000.000
18031,2442,192.382812,25000000.000
18032,2416,179.687500,25000000.000
18033,2389,166.503906,25000000.000
18034,2355,149.902344,25000000.000
18035,2350,147.460938,25000000.000
18036,2264,105.468750,25000000.000
18037,2211,79.589844,25000000.000
18038,2152,50.781250,25000000.000
18039,2147,48.339844,25000000.000
18040,2031,-8.300781,25000000.000
18041,1971,-37.597656,25000000.000
18042,1912,-66.406250,25000000.000
18043,1906,-69.335938,25000000.000
18044,1807,-117.675781,25000000.000
18045,1761,-140.136719,25000000.000
18046,1722,-159.179688,25000000.000
18047,1717,-161.621094,25000000.000
18048,1670,-184.570312,25000000.000
18049,1654,-192.382812,25000000.000
18050,1650,-194.335938,25000000.000
18051,1650,-194.335938,25000000.000
18052,1670,-184.570312,25000000.000
18053,1693,-173.339844,25000000.000
18054,1723,-158.691406,25000000.000
18055,1729,-155.761719,25000000.000
18056,1810,-116.210938,25000000.000
18057,1862,-90.820312,25000000.000
18058,1915,-64.941406,25000000.000
18059,1923,-61.035156,25000000.000
18060,2036,-5.859375,25000000.000
18061,2098,24.414062,25000000.000
18062,2157,53.222656,25000000.000
18063,2163,56.152344,25000000.000
18064,2269,107.910156,25000000.000
18065,2313,129.394531,25000000.000
18066,2358,151.367188,25000000.000
18067,2359,151.855469,25000000.000
18068,2415,179.199219,25000000.000
18069,2435,188.964844,25000000.000
18070,2442,192.382812,25000000.000
18071,2442,192.382812,25000000.000
18072,2430,186.523438,25000000.000
18073,2412,177.734375,25000000.000
18074,2383,163.574219,25000000.000
18075,2381,162.597656,25000000.000
18076,2307,126.464844,25000000.000
18077,2255,101.074219,25000000.000
18078,2201,74.707031,25000000.000
18079,2196,72.265625,25000000.000
18080,2085,18.066406,25000000.000
18081,2019,-14.160156,25000000.000
18082,1962,-41.992188,25000000.000
18083,1955,-45.410156,25000000.000
18084,1846,-98.632812,25000000.000
18085,1800,-121.093750,25000000.000
18086,1753,-144.042969,25000000.000
18087,1747,-146.972656,25000000.000
18088,1685,-177.246094,25000000.000
18089,1666,-186.523438,25000000.000
18090,1650,-194.335938,25000000.000
18091,1652,-193.359375,25000000.000
18092,1656,-191.406250,25000000.000
18093,1671,-184.082031,25000000.000
18094,1696,-171.875000,25000000.000
18095,1700,-169.921875,25000000.000
18096,1770,-135.742188,25000000.000
18097,1815,-113.769531,25000000.000
18098,1870,-86.914062,25000000.000
18099,1874,-84.960938,25000000.000
18100,1984,-31.250000,25000000.000
18101,2045,-1.464844,25000000.000
18102,2107,28.808594,25000000.000
18103,2111,30.761719,25000000.000
18104,2216,82.031250,25000000.000
18105,2275,110.839844,25000000.000
18106,2322,133.789062,25000000.000
18107,2328,136.718750,25000000.000
18108,2391,167.480469,25000000.000
18109,2405,174.316406,25000000.000
18110,2432,187.500000,25000000.000
18111,2435,188.964844,25000000.000
18112,2432,187.500000,25000000.000
18113,2438,190.429688,25000000.000
18114,2417,180.175781,25000000.000
18115,2401,172.363281,25000000.000
18116,2342,143.554688,25000000.000
18117,2297,121.582031,25000000.000
18118,2249,98.144531,25000000.000
18119,2240,93.750000,25000000.000
18120,2133,41.503906,25000000.000
18121,2075,13.183594,25000000.000
18122,2014,-16.601562,25000000.000
18123,2008,-19.531250,25000000.000
18124,1892,-76.171875,25000000.000
18125,1840,-101.562500,25000000.000
18126,1793,-124.511719,25000000.000
18127,1788,-126.953125,25000000.000
18128,1711,-164.550781,25000000.000
18129,1681,-179.199219,25000000.000
18130,1664,-187.500000,25000000.000
18131,1659,-189.941406,25000000.000
18132,1649,-194.824219,25000000.000
18133,1656,-191.406250,25000000.000
18134,1674,-182.617188,25000000.000
18135,1675,-182.128906,25000000.000
18136,1732,-154.296875,25000000.000
18137,1776,-132.812500,25000000.000
18138,1827,-107.910156,25000000.000
18139,1834,-104.492188,25000000.000
18140,1929,-58.105469,25000000.000
18141,1993,-26.855469,25000000.000
18142,2056,3.906250,25000000.000
18143,2063,7.324219,25000000.000
18144,2172,60.546875,25000000.000
18145,2229,88.378906,25000000.000
18146,2282,114.257812,25000000.000
18147,2287,116.699219,25000000.000
18148,2367,155.761719,25000000.000
18149,2399,171.386719,25000000.000
18150,2421,182.128906,25000000.000
18151,2423,183.105469,25000000.000
18152,2443,192.871094,25000000.000
18153,2439,190.917969,25000000.000
18154,2430,186.523438,25000000.000
18155,2412,177.734375,25000000.000
18156,2375,159.667969,25000000.000
18157,2333,139.160156,25000000.000
18158,2292,119.140625,25000000.000
18159,2285,115.722656,25000000.000
18160,2184,66.406250,25000000.000
18161,2125,37.597656,25000000.000
18162,2066,8.789062,25000000.000
18163,2058,4.882812,25000000.000
18164,1945,-50.292969,25000000.000
18165,1885,-79.589844,25000000.000
18166,1833,-104.980469,25000000.000
18167,1826,-108.398438,25000000.000
18168,1739,-150.878906,25000000.000
18169,1706,-166.992188,25000000.000
18170,1677,-181.152344,25000000.000
18171,1676,-181.640625,25000000.000
18172,1649,-194.824219,25000000.000
18173,1653,-192.871094,25000000.000
18174,1659,-189.941406,25000000.000
18175,1663,-187.988281,25000000.000
18176,1707,-166.503906,25000000.000
18177,1741,-149.902344,25000000.000
18178,1784,-128.906250,25000000.000
18179,1790,-125.976562,25000000.000
18180,1887,-78.613281,25000000.000
18181,1943,-51.269531,25000000.000
18182,2005,-20.996094,25000000.000
18183,2009,-19.042969,25000000.000
18184,2127,38.574219,25000000.000
18185,2183,65.917969,25000000.000
18186,2239,93.261719,25000000.000
18187,2245,96.191406,25000000.000
18188,2318,131.835938,25000000.000
18189,2374,159.179688,25000000.000
18190,2413,178.222656,25000000.000
18191,2403,173.339844,25000000.000
18192,2428,185.546875,25000000.000
18193,2436,189.453125,25000000.000
18194,2447,194.824219,25000000.000
18195,2439,190.917969,25000000.000
18196,2397,170.410156,25000000.000
18197,2366,155.273438,25000000.000
18198,2335,140.136719,25000000.000
18199,2327,136.230469,25000000.000
18200,2230,88.867188,25000000.000
18201,2177,62.988281,25000000.000
18202,2118,34.179688,25000000.000
18203,2111,30.761719,25000000.000
18204,1993,-26.855469,25000000.000
18205,1939,-53.222656,25000000.000
18206,1876,-83.984375,25000000.000
18207,1874,-84.960938,25000000.000
18208,1778,-131.835938,25000000.000
18209,1736,-152.343750,25000000.000
18210,1701,-169.433594,25000000.000
18211,1699,-170.410156,25000000.000
18212,1660,-189.453125,25000000.000
18213,1649,-194.824219,25000000.000
18214,1655,-191.894531,25000000.000
18215,1655,-191.894531,25000000.000
18216,1682,-178.710938,25000000.000
18217,1713,-163.574219,25000000.000
18218,1748,-146.484375,25000000.000
18219,1752,-144.531250,25000000.000
18220,1839,-102.050781,25000000.000
18221,1897,-73.730469,25000000.000
18222,1953,-46.386719,25000000.000
18223,1960,-42.968750,25000000.000
18224,2072,11.718750,25000000.000
18225,2133,41.503906,25000000.000
18226,2193,70.800781,25000000.000
18227,2199,73.730469,25000000.000
18228,2296,121.093750,25000000.000
18229,2339,142.089844,25000000.000
18230,2379,161.621094,25000000.000
18231,2380,162.109375,25000000.000
18232,2429,186.035156,25000000.000
18233,2440,191.406250,25000000.000
18234,2445,193.847656,25000000.000
18235,2437,189.941406,25000000.000
18236,2416,179.687500,25000000.000
18237,2396,169.921875,25000000.000
18238,2361,152.832031,25000000.000
18239,2360,152.343750,25000000.000
18240,2274,110.351562,25000000.000
18241,2224,85.937500,25000000.000
18242,2167,58.105469,25000000.000
18243,2162,55.664062,25000000.000
18244,2048,0.000000,25000000.000
18245,1986,-30.273438,25000000.000
18246,1929,-58.105469,25000000.000
18247,1921,-62.011719,25000000.000
18248,1817,-112.792969,25000000.000
18249,1769,-136.230469,25000000.000
18250,1730,-155.273438,25000000.000
18251,1727,-156.738281,25000000.000
18252,1671,-184.082031,25000000.000
18253,1657,-190.917969,25000000.000
18254,1649,-194.824219,25000000.000
18255,1651,-193.847656,25000000.000
18256,1664,-187.500000,25000000.000
18257,1688,-175.781250,25000000.000
18258,1716,-162.109375,25000000.000
18259,1723,-158.691406,25000000.000
18260,1798,-122.070312,25000000.000
18261,1847,-98.144531,25000000.000
18262,1904,-70.312500,25000000.000
18263,1910,-67.382812,25000000.000
18264,2024,-11.718750,25000000.000
18265,2083,17.089844,25000000.000
18266,2143,46.386719,25000000.000
18267,2146,47.851562,25000000.000
18268,2256,101.562500,25000000.000
18269,2304,125.000000,25000000.000
18270,2347,145.996094,25000000.000
18271,2352,148.437500,25000000.000
18272,2409,176.269531,25000000.000
18273,2434,188.476562,25000000.000
18274,2442,192.382812,25000000.000
18275,2443,192.871094,25000000.000
18276,2434,188.476562,25000000.000
18277,2417,180.175781,25000000.000
18278,2392,167.968750,25000000.000
18279,2389,166.503906,25000000.000
18280,2317,131.347656,25000000.000
18281,2267,106.933594,25000000.000
18282,2215,81.542969,25000000.000
18283,2209,78.613281,25000000.000
18284,2098,24.414062,25000000.000
18285,2038,-4.882812,25000000.000
18286,1975,-35.644531,25000000.000
18287,1967,-39.550781,25000000.000
18288,1860,-91.796875,25000000.000
18289,1811,-115.722656,25000000.000
18290,1763,-139.160156,25000000.000
18291,1759,-141.113281,25000000.000
18292,1693,-173.339844,25000000.000
18293,1669,-185.058594,25000000.000
18294,1655,-191.894531,25000000.000
18295,1653,-192.871094,25000000.000
18296,1655,-191.894531,25000000.000
18297,1665,-187.011719,25000000.000
18298,1690,-174.804688,25000000.000
18299,1693,-173.339844,25000000.000
18300,1758,-141.601562,25000000.000
18301,1805,-118.652344,25000000.000
18302,1837,-103.027344,25000000.000
18303,1870,-86.914062,25000000.000
18304,1969,-38.574219,25000000.000
18305,2042,-2.929688,25000000.000
18306,2091,20.996094,25000000.000
18307,2067,9.277344,25000000.000
18308,2208,78.125000,25000000.000
18309,2265,105.957031,25000000.000
18310,2309,127.441406,25000000.000
18311,2313,129.394531,25000000.000
18312,2387,165.527344,25000000.000
18313,2413,178.222656,25000000.000
18314,2435,188.964844,25000000.000
18315,2434,188.476562,25000000.000
18316,2436,189.453125,25000000.000
18317,2434,188.476562,25000000.000
18318,2416,179.687500,25000000.000
18319,2410,176.757812,25000000.000
18320,2350,147.460938,25000000.000
18321,2310,127.929688,25000000.000
18322,2261,104.003906,25000000.000
18323,2256,101.562500,25000000.000
18324,2147,48.339844,25000000.000
18325,2088,19.531250,25000000.000
18326,2033,-7.324219,25000000.000
18327,2027,-10.253906,25000000.000
18328,1906,-69.335938,25000000.000
18329,1856,-93.750000,25000000.000
18330,1801,-120.605469,25000000.000
18331,1798,-122.070312,25000000.000
18332,1719,-160.644531,25000000.000
18333,1689,-175.292969,25000000.000
18334,1666,-186.523438,25000000.000
18335,1663,-187.988281,25000000.000
18336,1649,-194.824219,25000000.000
18337,1657,-190.917969,25000000.000
18338,1669,-185.058594,25000000.000
18339,1674,-182.617188,25000000.000
18340,1725,-157.714844,25000000.000
18341,1766,-137.695312,25000000.000
18342,1812,-115.234375,25000000.000
18343,1819,-111.816406,25000000.000
18344,1921,-62.011719,25000000.000
18345,1980,-33.203125,25000000.000
18346,2041,-3.417969,25000000.000
18347,2046,-0.976562,25000000.000
18348,2164,56.640625,25000000.000
18349,2222,84.960938,25000000.000
18350,2268,107.421875,25000000.000
18351,2263,104.980469,25000000.000
18352,2331,138.183594,25000000.000
18353,2391,167.480469,25000000.000
18354,2411,177.246094,25000000.000
18355,2436,189.453125,25000000.000
18356,2439,190.917969,25000000.000
18357,2443,192.871094,25000000.000
18358,2434,188.476562,25000000.000
18359,2432,187.500000,25000000.000
18360,2380,162.109375,25000000.000
18361,2346,145.507812,25000000.000
18362,2303,124.511719,25000000.000
18363,2298,122.070312,25000000.000
18364,2198,73.242188,25000000.000
18365,2140,44.921875,25000000.000
18366,2079,15.136719,25000000.000
18367,2074,12.695312,25000000.000
18368,1958,-43.945312,25000000.000
18369,1901,-71.777344,25000000.000
18370,1846,-98.632812,25000000.000
18371,1840,-101.562500,25000000.000
18372,1750,-145.507812,25000000.000
18373,1715,-162.597656,25000000.000
18374,1686,-176.757812,25000000.000
18375,1683,-178.222656,25000000.000
18376,1653,-192.871094,25000000.000
18377,1651,-193.847656,25000000.000
18378,1658,-190.429688,25000000.000
18379,1659,-189.941406,25000000.000
18380,1699,-170.410156,25000000.000
18381,1731,-154.785156,25000000.000
18382,1774,-133.789062,25000000.000
18383,1774,-133.789062,25000000.000
18384,1871,-86.425781,25000000.000
18385,1928,-58.593750,25000000.000
18386,1990,-28.320312,25000000.000
18387,1996,-25.390625,25000000.000
18388,2108,29.296875,25000000.000
18389,2172,60.546875,25000000.000
18390,2223,85.449219,25000000.000
18391,2232,89.843750,25000000.000
18392,2325,135.253906,25000000.000
18393,2363,153.808594,25000000.000
18394,2400,171.875000,25000000.000
18395,2402,172.851562,25000000.000
18396,2436,189.453125,25000000.000
18397,2443,192.871094,25000000.000
18398,2442,192.382812,25000000.000
18399,2438,190.429688,25000000.000
18400,2404,173.828125,25000000.000
18401,2376,160.156250,25000000.000
18402,2341,143.066406,25000000.000
18403,2334,139.648438,25000000.000
18404,2243,95.214844,25000000.000
18405,2191,69.824219,25000000.000
18406,2131,40.527344,25000000.000
18407,2125,37.597656,25000000.000
18408,2011,-18.066406,25000000.000
18409,1948,-48.828125,25000000.000
18410,1892,-76.171875,25000000.000
18411,1887,-78.613281,25000000.000
18412,1789,-126.464844,25000000.000
18413,1742,-149.414062,25000000.000
18414,1712,-164.062500,25000000.000
18415,1706,-166.992188,25000000.000
18416,1661,-188.964844,25000000.000
18417,1650,-194.335938,25000000.000
18418,1650,-194.335938,25000000.000
18419,1649,-194.824219,25000000.000
18420,1677,-181.152344,25000000.000
18421,1703,-168.457031,25000000.000
18422,1735,-152.832031,25000000.000
18423,1741,-149.902344,25000000.000
18424,1827,-107.910156,25000000.000
18425,1880,-82.031250,25000000.000
18426,1938,-53.710938,25000000.000
18427,1946,-49.804688,25000000.000
18428,2060,5.859375,25000000.000
18429,2116,33.203125,25000000.000
18430,2179,63.964844,25000000.000
18431,2183,65.917969,25000000.000
18432,2284,115.234375,25000000.000
18433,2332,138.671875,25000000.000
18434,2369,156.738281,25000000.000
18435,2371,157.714844,25000000.000
18436,2423,183.105469,25000000.000
18437,2438,190.429688,25000000.000
18438,2443,192.871094,25000000.000
18439,2446,194.335938,25000000.000
18440,2425,184.082031,25000000.000
18441,2402,172.851562,25000000.000
18442,2373,158.691406,25000000.000
18443,2369,156.738281,25000000.000
18444,2289,117.675781,25000000.000
18445,2237,92.285156,25000000.000
18446,2183,65.917969,25000000.000
18447,2175,62.011719,25000000.000
18448,2062,6.835938,25000000.000
18449,2000,-23.437500,25000000.000
18450,1942,-51.757812,25000000.000
18451,1935,-55.175781,25000000.000
18452,1828,-107.421875,25000000.000
18453,1784,-128.906250,25000000.000
18454,1740,-150.390625,25000000.000
18455,1737,-151.855469,25000000.000
18456,1677,-181.152344,25000000.000
18457,1659,-189.941406,25000000.000
18458,1648,-195.312500,25000000.000
18459,1642,-198.242188,25000000.000
18460,1660,-189.453125,25000000.000
18461,1676,-181.640625,25000000.000
18462,1708,-166.015625,25000000.000
18463,1711,-164.550781,25000000.000
18464,1787,-127.441406,25000000.000
18465,1836,-103.515625,25000000.000
18466,1887,-78.613281,25000000.000
18467,1893,-75.683594,25000000.000
18468,2008,-19.531250,25000000.000
18469,2068,9.765625,25000000.000
18470,2128,39.062500,25000000.000
18471,2134,41.992188,25000000.000
18472,2241,94.238281,25000000.000
18473,2292,119.140625,25000000.000
18474,2335,140.136719,25000000.000
18475,2339,142.089844,25000000.000
18476,2405,174.316406,25000000.000
18477,2425,184.082031,25000000.000
18478,2439,190.917969,25000000.000
18479,2439,190.917969,25000000.000
18480,2438,190.429688,25000000.000
18481,2421,182.128906,25000000.000
18482,2397,170.410156,25000000.000
18483,2395,169.433594,25000000.000
18484,2327,136.230469,25000000.000
18485,2280,113.281250,25000000.000
18486,2228,87.890625,25000000.000
18487,2223,85.449219,25000000.000
18488,2110,30.273438,25000000.000
18489,2054,2.929688,25000000.000
18490,1989,-28.808594,25000000.000
18491,1986,-30.273438,25000000.000
18492,1876,-83.984375,25000000.000
18493,1821,-110.839844,25000000.000
18494,1774,-133.789062,25000000.000
18495,1768,-136.718750,25000000.000
18496,1699,-170.410156,25000000.000
18497,1672,-183.593750,25000000.000
18498,1654,-192.382812,25000000.000
18499,1656,-191.406250,25000000.000
18500,1653,-192.871094,25000000.000
18501,1652,-193.359375,25000000.000
18502,1687,-176.269531,25000000.000
18503,1683,-178.222656,25000000.000
18504,1752,-144.531250,25000000.000
18505,1793,-124.511719,25000000.000
18506,1842,-100.585938,25000000.000
18507,1850,-96.679688,25000000.000
18508,1957,-44.433594,25000000.000
18509,2014,-16.601562,25000000.000
18510,2076,13.671875,25000000.000
18511,2082,16.601562,25000000.000
18512,2196,72.265625,25000000.000
18513,2247,97.167969,25000000.000
18514,2298,122.070312,25000000.000
18515,2302,124.023438,25000000.000
18516,2379,161.621094,25000000.000
18517,2409,176.269531,25000000.000
18518,2428,185.546875,25000000.000
18519,2429,186.035156,25000000.000
18520,2442,192.382812,25000000.000
18521,2436,189.453125,25000000.000
18522,2422,182.617188,25000000.000
18523,2419,181.152344,25000000.000
18524,2360,152.343750,25000000.000
18525,2319,132.324219,25000000.000
18526,2274,110.351562,25000000.000
18527,2269,107.910156,25000000.000
18528,2164,56.640625,25000000.000
18529,2103,26.855469,25000000.000
18530,2043,-2.441406,25000000.000
18531,2037,-5.371094,25000000.000
18532,1923,-61.035156,25000000.000
18533,1866,-88.867188,25000000.000
18534,1814,-114.257812,25000000.000
18535,1808,-117.187500,25000000.000
18536,1727,-156.738281,25000000.000
18537,1697,-171.386719,25000000.000
18538,1669,-185.058594,25000000.000
18539,1669,-185.058594,25000000.000
18540,1648,-195.312500,25000000.000
18541,1652,-193.359375,25000000.000
18542,1667,-186.035156,25000000.000
18543,1669,-185.058594,25000000.000
18544,1718,-161.132812,25000000.000
18545,1753,-144.042969,25000000.000
18546,1801,-120.605469,25000000.000
18547,1804,-119.140625,25000000.000
18548,1905,-69.824219,25000000.000
18549,1966,-40.039062,25000000.000
18550,2023,-12.207031,25000000.000
18551,2030,-8.789062,25000000.000
18552,2145,47.363281,25000000.000
18553,2204,76.171875,25000000.000
18554,2256,101.562500,25000000.000
18555,2263,104.980469,25000000.000
18556,2348,146.484375,25000000.000
18557,2384,164.062500,25000000.000
18558,2412,177.734375,25000000.000
18559,2414,178.710938,25000000.000
18560,2441,191.894531,25000000.000
18561,2442,192.382812,25000000.000
18562,2434,188.476562,25000000.000
18563,2431,187.011719,25000000.000
18564,2389,166.503906,25000000.000
18565,2354,149.414062,25000000.000
18566,2313,129.394531,25000000.000
18567,2308,126.953125,25000000.000
18568,2211,79.589844,25000000.000
18569,2155,52.246094,25000000.000
18570,2096,23.437500,25000000.000
18571,2089,20.019531,25000000.000
18572,1973,-36.621094,25000000.000
18573,1916,-64.453125,25000000.000
18574,1858,-92.773438,25000000.000
18575,1855,-94.238281,25000000.000
18576,1762,-139.648438,25000000.000
18577,1723,-158.691406,25000000.000
18578,1694,-172.851562,25000000.000
18579,1691,-174.316406,25000000.000
18580,1654,-192.382812,25000000.000
18581,1650,-194.335938,25000000.000
18582,1656,-191.406250,25000000.000
18583,1655,-191.894531,25000000.000
18584,1692,-173.828125,25000000.000
18585,1725,-157.714844,25000000.000
18586,1761,-140.136719,25000000.000
18587,1766,-137.695312,25000000.000
18588,1858,-92.773438,25000000.000
18589,1918,-63.476562,25000000.000
18590,1974,-36.132812,25000000.000
18591,1980,-33.203125,25000000.000
18592,2095,22.949219,25000000.000
18593,2155,52.246094,25000000.000
18594,2214,81.054688,25000000.000
18595,2216,82.031250,25000000.000
18596,2314,129.882812,25000000.000
18597,2354,149.414062,25000000.000
18598,2390,166.992188,25000000.000
18599,2392,167.968750,25000000.000
18600,2433,187.988281,25000000.000
18601,2441,191.894531,25000000.000
18602,2441,191.894531,25000000.000
18603,2441,191.894531,25000000.000
18604,2411,177.246094,25000000.000
18605,2387,165.527344,25000000.000
18606,2350,147.460938,25000000.000
18607,2346,145.507812,25000000.000
18608,2263,104.980469,25000000.000
18609,2198,73.242188,25000000.000
18610,2145,47.363281,25000000.000
18611,2137,43.457031,25000000.000
18612,2025,-11.230469,25000000.000
18613,1962,-41.992188,25000000.000
18614,1909,-67.871094,25000000.000
18615,1902,-71.289062,25000000.000
18616,1800,-121.093750,25000000.000
18617,1755,-143.066406,25000000.000
18618,1717,-161.621094,25000000.000
18619,1714,-163.085938,25000000.000
18620,1665,-187.011719,25000000.000
18621,1656,-191.406250,25000000.000
18622,1649,-194.824219,25000000.000
18623,1652,-193.359375,25000000.000
18624,1672,-183.593750,25000000.000
18625,1696,-171.875000,25000000.000
18626,1729,-155.761719,25000000.000
18627,1734,-153.320312,25000000.000
18628,1817,-112.792969,25000000.000
18629,1865,-89.355469,25000000.000
18630,1924,-60.546875,25000000.000
18631,1929,-58.105469,25000000.000
18632,2043,-2.441406,25000000.000
18633,2105,27.832031,25000000.000
18634,2163,56.152344,25000000.000
18635,2168,58.593750,25000000.000
18636,2271,108.886719,25000000.000
18637,2321,133.300781,25000000.000
18638,2359,151.855469,25000000.000
18639,2363,153.808594,25000000.000
18640,2419,181.152344,25000000.000
18641,2435,188.964844,25000000.000
18642,2443,192.871094,25000000.000
18643,2443,192.871094,25000000.000
18644,2430,186.523438,25000000.000
18645,2409,176.269531,25000000.000
18646,2381,162.597656,25000000.000
18647,2377,160.644531,25000000.000
18648,2297,121.582031,25000000.000
18649,2251,99.121094,25000000.000
18650,2196,72.265625,25000000.000
18651,2190,69.335938,25000000.000
18652,2077,14.160156,25000000.000
18653,2017,-15.136719,25000000.000
18654,1956,-44.921875,25000000.000
18655,1950,-47.851562,25000000.000
18656,1842,-100.585938,25000000.000
18657,1794,-124.023438,25000000.000
18658,1750,-145.507812,25000000.000
18659,1748,-146.484375,25000000.000
18660,1684,-177.734375,25000000.000
18661,1662,-188.476562,25000000.000
18662,1654,-192.382812,25000000.000
18663,1651,-193.847656,25000000.000
18664,1659,-189.941406,25000000.000
18665,1676,-181.640625,25000000.000
18666,1698,-170.898438,25000000.000
18667,1701,-169.433594,25000000.000
18668,1777,-132.324219,25000000.000
18669,1822,-110.351562,25000000.000
18670,1874,-84.960938,25000000.000
18671,1881,-81.542969,25000000.000
18672,1990,-28.320312,25000000.000
18673,2052,1.953125,25000000.000
18674,2113,31.738281,25000000.000
18675,2120,35.156250,25000000.000
18676,2228,87.890625,25000000.000
18677,2281,113.769531,25000000.000
18678,2328,136.718750,25000000.000
18679,2330,137.695312,25000000.000
18680,2400,171.875000,25000000.000
18681,2423,183.105469,25000000.000
18682,2436,189.453125,25000000.000
18683,2436,189.453125,25000000.000
18684,2440,191.406250,25000000.000
18685,2429,186.035156,25000000.000
18686,2404,173.828125,25000000.000
18687,2402,172.851562,25000000.000
18688,2336,140.625000,25000000.000
18689,2294,120.117188,25000000.000
18690,2241,94.238281,25000000.000
18691,2237,92.285156,25000000.000
18692,2127,38.574219,25000000.000
18693,2066,8.789062,25000000.000
18694,2006,-20.507812,25000000.000
18695,2001,-22.949219,25000000.000
18696,1890,-77.148438,25000000.000
18697,1833,-104.980469,25000000.000
18698,1785,-128.417969,25000000.000
18699,1780,-130.859375,25000000.000
18700,1707,-166.503906,25000000.000
18701,1680,-179.687500,25000000.000
18702,1661,-188.964844,25000000.000
18703,1659,-189.941406,25000000.000
18704,1649,-194.824219,25000000.000
18705,1660,-189.453125,25000000.000
18706,1678,-180.664062,25000000.000
18707,1679,-180.175781,25000000.000
18708,1740,-150.390625,25000000.000
18709,1779,-131.347656,25000000.000
18710,1832,-105.468750,25000000.000
18711,1836,-103.515625,25000000.000
18712,1941,-52.246094,25000000.000
18713,1999,-23.925781,25000000.000
18714,2063,7.324219,25000000.000
18715,2069,10.253906,25000000.000
18716,2178,63.476562,25000000.000
18717,2237,92.285156,25000000.000
18718,2288,117.187500,25000000.000
18719,2292,119.140625,25000000.000
18720,2369,156.738281,25000000.000
18721,2404,173.828125,25000000.000
18722,2423,183.105469,25000000.000
18723,2427,185.058594,25000000.000
18724,2443,192.871094,25000000.000
18725,2437,189.941406,25000000.000
18726,2422,182.617188,25000000.000
18727,2421,182.128906,25000000.000
18728,2370,157.226562,25000000.000
18729,2328,136.718750,25000000.000
18730,2285,115.722656,25000000.000
18731,2280,113.281250,25000000.000
18732,2176,62.500000,25000000.000
18733,2119,34.667969,25000000.000
18734,2058,4.882812,25000000.000
18735,2052,1.953125,25000000.000
18736,1935,-55.175781,25000000.000
18737,1882,-81.054688,25000000.000
18738,1821,-110.839844,25000000.000
18739,1821,-110.839844,25000000.000
18740,1743,-148.925781,25000000.000
18741,1701,-169.433594,25000000.000
18742,1663,-187.988281,25000000.000
18743,1670,-184.570312,25000000.000
18744,1653,-192.871094,25000000.000
18745,1659,-189.941406,25000000.000
18746,1656,-191.406250,25000000.000
18747,1663,-187.988281,25000000.000
18748,1710,-165.039062,25000000.000
18749,1750,-145.507812,25000000.000
18750,1785,-128.417969,25000000.000
18751,1790,-125.976562,25000000.000
18752,1895,-74.707031,25000000.000
18753,1952,-46.875000,25000000.000
18754,2008,-19.531250,25000000.000
18755,2017,-15.136719,25000000.000
18756,2132,41.015625,25000000.000
18757,2193,70.800781,25000000.000
18758,2242,94.726562,25000000.000
18759,2249,98.144531,25000000.000
18760,2340,142.578125,25000000.000
18761,2375,159.667969,25000000.000
18762,2405,174.316406,25000000.000
18763,2406,174.804688,25000000.000
18764,2441,191.894531,25000000.000
18765,2443,192.871094,25000000.000
18766,2434,188.476562,25000000.000
18767,2432,187.500000,25000000.000
18768,2396,169.921875,25000000.000
18769,2362,153.320312,25000000.000
18770,2323,134.277344,25000000.000
18771,2318,131.835938,25000000.000
18772,2226,86.914062,25000000.000
18773,2166,57.617188,25000000.000
18774,2109,29.785156,25000000.000
18775,2103,26.855469,25000000.000
18776,1990,-28.320312,25000000.000
18777,1929,-58.105469,25000000.000
18778,1874,-84.960938,25000000.000
18779,1867,-88.378906,25000000.000
18780,1773,-134.277344,25000000.000
18781,1731,-154.785156,25000000.000
18782,1699,-170.410156,25000000.000
18783,1693,-173.339844,25000000.000
18784,1657,-190.917969,25000000.000
18785,1651,-193.847656,25000000.000
18786,1651,-193.847656,25000000.000
18787,1654,-192.382812,25000000.000
18788,1684,-177.734375,25000000.000
18789,1715,-162.597656,25000000.000
18790,1753,-144.042969,25000000.000
18791,1757,-142.089844,25000000.000
18792,1846,-98.632812,25000000.000
18793,1900,-72.265625,25000000.000
18794,1960,-42.968750,25000000.000
18795,1963,-41.503906,25000000.000
18796,2081,16.113281,25000000.000
18797,2138,43.945312,25000000.000
18798,2197,72.753906,25000000.000
18799,2202,75.195312,25000000.000
18800,2300,123.046875,25000000.000
18801,2345,145.019531,25000000.000
18802,2381,162.597656,25000000.000
18803,2384,164.062500,25000000.000
18804,2428,185.546875,25000000.000
18805,2429,186.035156,25000000.000
18806,2454,198.242188,25000000.000
18807,2426,184.570312,25000000.000
18808,2420,181.640625,25000000.000
18809,2394,168.945312,25000000.000
18810,2362,153.320312,25000000.000
18811,2356,150.390625,25000000.000
18812,2273,109.863281,25000000.000
18813,2216,82.031250,25000000.000
18814,2162,55.664062,25000000.000
18815,2155,52.246094,25000000.000
18816,2040,-3.906250,25000000.000
18817,1981,-32.714844,25000000.000
18818,1921,-62.011719,25000000.000
18819,1915,-64.941406,25000000.000
18820,1812,-115.234375,25000000.000
18821,1768,-136.718750,25000000.000
18822,1727,-156.738281,25000000.000
18823,1723,-158.691406,25000000.000
18824,1671,-184.082031,25000000.000
18825,1656,-191.406250,25000000.000
18826,1651,-193.847656,25000000.000
18827,1652,-193.359375,25000000.000
18828,1668,-185.546875,25000000.000
18829,1689,-175.292969,25000000.000
18830,1723,-158.691406,25000000.000
18831,1723,-158.691406,25000000.000
18832,1804,-119.140625,25000000.000
18833,1855,-94.238281,25000000.000
18834,1911,-66.894531,25000000.000
18835,1917,-63.964844,25000000.000
18836,2027,-10.253906,25000000.000
18837,2093,21.972656,25000000.000
18838,2149,49.316406,25000000.000
18839,2156,52.734375,25000000.000
18840,2259,103.027344,25000000.000
18841,2308,126.953125,25000000.000
18842,2352,148.437500,25000000.000
18843,2357,150.878906,25000000.000
18844,2414,178.710938,25000000.000
18845,2430,186.523438,25000000.000
18846,2442,192.382812,25000000.000
18847,2443,192.871094,25000000.000
18848,2446,194.335938,25000000.000
18849,2414,178.710938,25000000.000
18850,2386,165.039062,25000000.000
18851,2387,165.527344,25000000.000
18852,2312,128.906250,25000000.000
18853,2266,106.445312,25000000.000
18854,2207,77.636719,25000000.000
18855,2206,77.148438,25000000.000
18856,2093,21.972656,25000000.000
18857,2031,-8.300781,25000000.000
18858,1972,-37.109375,25000000.000
18859,1968,-39.062500,25000000.000
18860,1856,-93.750000,25000000.000
18861,1804,-119.140625,25000000.000
18862,1761,-140.136719,25000000.000
18863,1756,-142.578125,25000000.000
18864,1690,-174.804688,25000000.000
18865,1669,-185.058594,25000000.000
18866,1653,-192.871094,25000000.000
18867,1651,-193.847656,25000000.000
18868,1656,-191.406250,25000000.000
18869,1672,-183.593750,25000000.000
18870,1692,-173.828125,25000000.000
18871,1696,-171.875000,25000000.000
18872,1762,-139.648438,25000000.000
18873,1809,-116.699219,25000000.000
18874,1860,-91.796875,25000000.000
18875,1869,-87.402344,25000000.000
18876,1976,-35.156250,25000000.000
18877,2036,-5.859375,25000000.000
18878,2094,22.460938,25000000.000
18879,2098,24.414062,25000000.000
18880,2216,82.031250,25000000.000
18881,2268,107.421875,25000000.000
18882,2310,127.929688,25000000.000
18883,2318,131.835938,25000000.000
18884,2387,165.527344,25000000.000
18885,2417,180.175781,25000000.000
18886,2432,187.500000,25000000.000
18887,2440,191.406250,25000000.000
18888,2436,189.453125,25000000.000
18889,2437,189.941406,25000000.000
18890,2407,175.292969,25000000.000
18891,2410,176.757812,25000000.000
18892,2351,147.949219,25000000.000
18893,2305,125.488281,25000000.000
18894,2253,100.097656,25000000.000
18895,2247,97.167969,25000000.000
18896,2143,46.386719,25000000.000
18897,2082,16.601562,25000000.000
18898,2020,-13.671875,25000000.000
18899,2013,-17.089844,25000000.000
18900,1902,-71.289062,25000000.000
18901,1848,-97.656250,25000000.000
18902,1797,-122.558594,25000000.000
18903,1792,-125.000000,25000000.000
18904,1714,-163.085938,25000000.000
18905,1687,-176.269531,25000000.000
18906,1663,-187.988281,25000000.000
18907,1664,-187.500000,25000000.000
18908,1650,-194.335938,25000000.000
18909,1656,-191.406250,25000000.000
18910,1673,-183.105469,25000000.000
18911,1673,-183.105469,25000000.000
18912,1731,-154.785156,25000000.000
18913,1769,-136.230469,25000000.000
18914,1818,-112.304688,25000000.000
18915,1821,-110.839844,25000000.000
18916,1925,-60.058594,25000000.000
18917,1986,-30.273438,25000000.000
18918,2046,-0.976562,25000000.000
18919,2052,1.953125,25000000.000
18920,2164,56.640625,25000000.000
18921,2223,85.449219,25000000.000
18922,2276,111.328125,25000000.000
18923,2279,112.792969,25000000.000
18924,2363,153.808594,25000000.000
18925,2394,168.945312,25000000.000
18926,2419,181.152344,25000000.000
18927,2422,182.617188,25000000.000
18928,2443,192.871094,25000000.000
18929,2437,189.941406,25000000.000
18930,2428,185.546875,25000000.000
18931,2426,184.570312,25000000.000
18932,2376,160.156250,25000000.000
18933,2341,143.066406,25000000.000
18934,2296,121.093750,25000000.000
18935,2292,119.140625,25000000.000
18936,2190,69.335938,25000000.000
18937,2140,44.921875,25000000.000
18938,2071,11.230469,25000000.000
18939,2076,13.671875,25000000.000
18940,1954,-45.898438,25000000.000
18941,1901,-71.777344,25000000.000
18942,1848,-97.656250,25000000.000
18943,1840,-101.562500,25000000.000
18944,1739,-150.878906,25000000.000
18945,1709,-165.527344,25000000.000
18946,1686,-176.757812,25000000.000
18947,1681,-179.199219,25000000.000
18948,1649,-194.824219,25000000.000
18949,1652,-193.359375,25000000.000
18950,1659,-189.941406,25000000.000
18951,1659,-189.941406,25000000.000
18952,1701,-169.433594,25000000.000
18953,1738,-151.367188,25000000.000
18954,1777,-132.324219,25000000.000
18955,1783,-129.394531,25000000.000
18956,1879,-82.519531,25000000.000
18957,1936,-54.687500,25000000.000
18958,1997,-24.902344,25000000.000
18959,2004,-21.484375,25000000.000
18960,2118,34.179688,25000000.000
18961,2174,61.523438,25000000.000
18962,2233,90.332031,25000000.000
18963,2236,91.796875,25000000.000
18964,2329,137.207031,25000000.000
18965,2367,155.761719,25000000.000
18966,2399,171.386719,25000000.000
18967,2401,172.363281,25000000.000
18968,2437,189.941406,25000000.000
18969,2443,192.871094,25000000.000
18970,2437,189.941406,25000000.000
18971,2439,190.917969,25000000.000
18972,2403,173.339844,25000000.000
18973,2372,158.203125,25000000.000
18974,2336,140.625000,25000000.000
18975,2333,139.160156,25000000.000
18976,2238,92.773438,25000000.000
18977,2182,65.429688,25000000.000
18978,2127,38.574219,25000000.000
18979,2117,33.691406,25000000.000
18980,2004,-21.484375,25000000.000
18981,1944,-50.781250,25000000.000
18982,1886,-79.101562,25000000.000
18983,1880,-82.031250,25000000.000
18984,1784,-128.906250,25000000.000
18985,1742,-149.414062,25000000.000
18986,1706,-166.992188,25000000.000
18987,1703,-168.457031,25000000.000
18988,1660,-189.453125,25000000.000
18989,1652,-193.359375,25000000.000
18990,1652,-193.359375,25000000.000
18991,1653,-192.871094,25000000.000
18992,1680,-179.687500,25000000.000
18993,1708,-166.015625,25000000.000
18994,1744,-148.437500,25000000.000
18995,1745,-147.949219,25000000.000
18996,1835,-104.003906,25000000.000
18997,1888,-78.125000,25000000.000
18998,1946,-49.804688,25000000.000
18999,1949,-48.339844,25000000.000
19000,2063,7.324219,25000000.000
19001,2126,38.085938,25000000.000
19002,2183,65.917969,25000000.000
19003,2190,69.335938,25000000.000
19004,2288,117.187500,25000000.000
19005,2336,140.625000,25000000.000
19006,2374,159.179688,25000000.000
19007,2376,160.156250,25000000.000
19008,2426,184.570312,25000000.000
19009,2438,190.429688,25000000.000
19010,2443,192.871094,25000000.000
19011,2444,193.359375,25000000.000
19012,2425,184.082031,25000000.000
19013,2398,170.898438,25000000.000
19014,2368,156.250000,25000000.000
19015,2365,154.785156,25000000.000
19016,2283,114.746094,25000000.000
19017,2231,89.355469,25000000.000
19018,2174,61.523438,25000000.000
19019,2171,60.058594,25000000.000
19020,2054,2.929688,25000000.000
19021,1996,-25.390625,25000000.000
19022,1934,-55.664062,25000000.000
19023,1929,-58.105469,25000000.000
19024,1826,-108.398438,25000000.000
19025,1776,-132.812500,25000000.000
19026,1734,-153.320312,25000000.000
19027,1732,-154.296875,25000000.000
19028,1677,-181.152344,25000000.000
19029,1657,-190.917969,25000000.000
19030,1649,-194.824219,25000000.000
19031,1650,-194.335938,25000000.000
19032,1663,-187.988281,25000000.000
19033,1682,-178.710938,25000000.000
19034,1711,-164.550781,25000000.000
19035,1714,-163.085938,25000000.000
19036,1790,-125.976562,25000000.000
19037,1842,-100.585938,25000000.000
19038,1895,-74.707031,25000000.000
19039,1902,-71.289062,25000000.000
19040,2014,-16.601562,25000000.000
19041,2073,12.207031,25000000.000
19042,2136,42.968750,25000000.000
19043,2141,45.410156,25000000.000
19044,2247,97.167969,25000000.000
19045,2295,120.605469,25000000.000
19046,2342,143.554688,25000000.000
19047,2344,144.531250,25000000.000
19048,2407,175.292969,25000000.000
19049,2428,185.546875,25000000.000
19050,2439,190.917969,25000000.000
19051,2439,190.917969,25000000.000
19052,2434,188.476562,25000000.000
19053,2421,182.128906,25000000.000
19054,2394,168.945312,25000000.000
19055,2393,168.457031,25000000.000
19056,2323,134.277344,25000000.000
19057,2275,110.839844,25000000.000
19058,2223,85.449219,25000000.000
19059,2218,83.007812,25000000.000
19060,2106,28.320312,25000000.000
19061,2044,-1.953125,25000000.000
19062,1987,-29.785156,25000000.000
19063,1980,-33.203125,25000000.000
19064,1868,-87.890625,25000000.000
19065,1816,-113.281250,25000000.000
19066,1768,-136.718750,25000000.000
19067,1763,-139.160156,25000000.000
19068,1697,-171.386719,25000000.000
19069,1674,-182.617188,25000000.000
19070,1656,-191.406250,25000000.000
19071,1656,-191.406250,25000000.000
19072,1652,-193.359375,25000000.000
19073,1665,-187.011719,25000000.000
19074,1686,-176.757812,25000000.000
19075,1690,-174.804688,25000000.000
19076,1753,-144.042969,25000000.000
19077,1798,-122.070312,25000000.000
19078,1850,-96.679688,25000000.000
19079,1853,-95.214844,25000000.000
19080,1963,-41.503906,25000000.000
19081,2022,-12.695312,25000000.000
19082,2081,16.113281,25000000.000
19083,2088,19.531250,25000000.000
19084,2199,73.730469,25000000.000
19085,2255,101.074219,25000000.000
19086,2301,123.535156,25000000.000
19087,2308,126.953125,25000000.000
19088,2382,163.085938,25000000.000
19089,2409,176.269531,25000000.000
19090,2429,186.035156,25000000.000
19091,2432,187.500000,25000000.000
19092,2442,192.382812,25000000.000
19093,2432,187.500000,25000000.000
19094,2416,179.687500,25000000.000
19095,2411,177.246094,25000000.000
19096,2357,150.878906,25000000.000
19097,2317,131.347656,25000000.000
19098,2270,108.398438,25000000.000
19099,2259,103.027344,25000000.000
19100,2148,48.828125,25000000.000
19101,2094,22.460938,25000000.000
19102,2038,-4.882812,25000000.000
19103,2043,-2.441406,25000000.000
19104,1909,-67.871094,25000000.000
19105,1860,-91.796875,25000000.000
19106,1813,-114.746094,25000000.000
19107,1805,-118.652344,25000000.000
19108,1725,-157.714844,25000000.000
19109,1691,-174.316406,25000000.000
19110,1672,-183.593750,25000000.000
19111,1667,-186.035156,25000000.000
19112,1649,-194.824219,25000000.000
19113,1654,-192.382812,25000000.000
19114,1668,-185.546875,25000000.000
19115,1669,-185.058594,25000000.000
19116,1720,-160.156250,25000000.000
19117,1761,-140.136719,25000000.000
19118,1806,-118.164062,25000000.000
19119,1811,-115.722656,25000000.000
19120,1911,-66.894531,25000000.000
19121,1971,-37.597656,25000000.000
19122,2030,-8.789062,25000000.000
19123,2038,-4.882812,25000000.000
19124,2153,51.269531,25000000.000
19125,2207,77.636719,25000000.000
19126,2261,104.003906,25000000.000
19127,2267,106.933594,25000000.000
19128,2353,148.925781,25000000.000
19129,2386,165.039062,25000000.000
19130,2414,178.710938,25000000.000
19131,2415,179.199219,25000000.000
19132,2440,191.406250,25000000.000
19133,2441,191.894531,25000000.000
19134,2431,187.011719,25000000.000
19135,2429,186.035156,25000000.000
19136,2385,164.550781,25000000.000
19137,2351,147.949219,25000000.000
19138,2308,126.953125,25000000.000
19139,2303,124.511719,25000000.000
19140,2206,77.148438,25000000.000
19141,2148,48.828125,25000000.000
19142,2089,20.019531,25000000.000
19143,2084,17.578125,25000000.000
19144,1968,-39.062500,25000000.000
19145,1907,-68.847656,25000000.000
19146,1853,-95.214844,25000000.000
19147,1846,-98.632812,25000000.000
19148,1752,-144.531250,25000000.000
19149,1721,-159.667969,25000000.000
19150,1684,-177.734375,25000000.000
19151,1683,-178.222656,25000000.000
19152,1661,-188.964844,25000000.000
19153,1660,-189.453125,25000000.000
19154,1647,-195.800781,25000000.000
19155,1658,-190.429688,25000000.000
19156,1693,-173.339844,25000000.000
19157,1711,-164.550781,25000000.000
19158,1766,-137.695312,25000000.000
19159,1777,-132.324219,25000000.000
19160,1876,-83.984375,25000000.000
19161,1912,-66.406250,25000000.000
19162,1979,-33.691406,25000000.000
19163,1985,-30.761719,25000000.000
19164,2102,26.367188,25000000.000
19165,2156,52.734375,25000000.000
19166,2217,82.519531,25000000.000
19167,2223,85.449219,25000000.000
19168,2316,130.859375,25000000.000
19169,2359,151.855469,25000000.000
19170,2390,166.992188,25000000.000
19171,2396,169.921875,25000000.000
19172,2433,187.988281,25000000.000
19173,2441,191.894531,25000000.000
19174,2442,192.382812,25000000.000
19175,2443,192.871094,25000000.000
19176,2411,177.246094,25000000.000
19177,2380,162.109375,25000000.000
19178,2346,145.507812,25000000.000
19179,2342,143.554688,25000000.000
19180,2252,99.609375,25000000.000
19181,2197,72.753906,25000000.000
19182,2141,45.410156,25000000.000
19183,2134,41.992188,25000000.000
19184,2020,-13.671875,25000000.000
19185,1961,-42.480469,25000000.000
19186,1899,-72.753906,25000000.000
19187,1895,-74.707031,25000000.000
19188,1795,-123.535156,25000000.000
19189,1751,-145.019531,25000000.000
19190,1715,-162.597656,25000000.000
19191,1713,-163.574219,25000000.000
19192,1662,-188.476562,25000000.000
19193,1655,-191.894531,25000000.000
19194,1656,-191.406250,25000000.000
19195,1652,-193.359375,25000000.000
19196,1674,-182.617188,25000000.000
19197,1702,-168.945312,25000000.000
19198,1733,-153.808594,25000000.000
19199,1736,-152.343750,25000000.000
19200,1820,-111.328125,25000000.000
19201,1875,-84.472656,25000000.000
19202,1929,-58.105469,25000000.000
19203,1937,-54.199219,25000000.000
19204,2051,1.464844,25000000.000
19205,2111,30.761719,25000000.000
19206,2172,60.546875,25000000.000
19207,2179,63.964844,25000000.000
19208,2278,112.304688,25000000.000
19209,2326,135.742188,25000000.000
19210,2366,155.273438,25000000.000
19211,2368,156.250000,25000000.000
19212,2421,182.128906,25000000.000
19213,2436,189.453125,25000000.000
19214,2442,192.382812,25000000.000
19215,2442,192.382812,25000000.000
19216,2428,185.546875,25000000.000
19217,2408,175.781250,25000000.000
19218,2375,159.667969,25000000.000
19219,2372,158.203125,25000000.000
19220,2294,120.117188,25000000.000
19221,2245,96.191406,25000000.000
19222,2189,68.847656,25000000.000
19223,2186,67.382812,25000000.000
19224,2070,10.742188,25000000.000
19225,2009,-19.042969,25000000.000
19226,1948,-48.828125,25000000.000
19227,1943,-51.269531,25000000.000
19228,1839,-102.050781,25000000.000
19229,1787,-127.441406,25000000.000
19230,1746,-147.460938,25000000.000
19231,1741,-149.902344,25000000.000
19232,1680,-179.687500,25000000.000
19233,1662,-188.476562,25000000.000
19234,1652,-193.359375,25000000.000
19235,1650,-194.335938,25000000.000
19236,1658,-190.429688,25000000.000
19237,1679,-180.175781,25000000.000
19238,1704,-167.968750,25000000.000
19239,1708,-166.015625,25000000.000
19240,1780,-130.859375,25000000.000
19241,1829,-106.933594,25000000.000
19242,1882,-81.054688,25000000.000
19243,1887,-78.613281,25000000.000
19244,1999,-23.925781,25000000.000
19245,2059,5.371094,25000000.000
19246,2128,39.062500,25000000.000
19247,2131,40.527344,25000000.000
19248,2231,89.355469,25000000.000
19249,2310,127.929688,25000000.000
19250,2316,130.859375,25000000.000
19251,2343,144.042969,25000000.000
19252,2397,170.410156,25000000.000
19253,2425,184.082031,25000000.000
19254,2433,187.988281,25000000.000
19255,2442,192.382812,25000000.000
19256,2438,190.429688,25000000.000
19257,2428,185.546875,25000000.000
19258,2403,173.339844,25000000.000
19259,2401,172.363281,25000000.000
19260,2333,139.160156,25000000.000
19261,2287,116.699219,25000000.000
19262,2235,91.308594,25000000.000
19263,2230,88.867188,25000000.000
19264,2122,36.132812,25000000.000
19265,2063,7.324219,25000000.000
19266,2000,-23.437500,25000000.000
19267,1993,-26.855469,25000000.000
19268,1881,-81.542969,25000000.000
19269,1830,-106.445312,25000000.000
19270,1778,-131.835938,25000000.000
19271,1774,-133.789062,25000000.000
19272,1703,-168.457031,25000000.000
19273,1676,-181.640625,25000000.000
19274,1660,-189.453125,25000000.000
19275,1657,-190.917969,25000000.000
19276,1653,-192.871094,25000000.000
19277,1661,-188.964844,25000000.000
19278,1680,-179.687500,25000000.000
19279,1682,-178.710938,25000000.000
19280,1742,-149.414062,25000000.000
19281,1787,-127.441406,25000000.000
19282,1818,-112.304688,25000000.000
19283,1842,-100.585938,25000000.000
19284,1946,-49.804688,25000000.000
19285,1983,-31.738281,25000000.000
19286,2055,3.417969,25000000.000
19287,2061,6.347656,25000000.000
19288,2182,65.429688,25000000.000
19289,2247,97.167969,25000000.000
19290,2293,119.628906,25000000.000
19291,2291,118.652344,25000000.000
19292,2372,158.203125,25000000.000
19293,2403,173.339844,25000000.000
19294,2427,185.058594,25000000.000
19295,2427,185.058594,25000000.000
19296,2443,192.871094,25000000.000
19297,2436,189.453125,25000000.000
19298,2424,183.593750,25000000.000
19299,2419,181.152344,25000000.000
19300,2365,154.785156,25000000.000
19301,2325,135.253906,25000000.000
19302,2278,112.304688,25000000.000
19303,2275,110.839844,25000000.000
19304,2170,59.570312,25000000.000
19305,2112,31.250000,25000000.000
19306,2053,2.441406,25000000.000
19307,2047,-0.488281,25000000.000
19308,1931,-57.128906,25000000.000
19309,1876,-83.984375,25000000.000
19310,1824,-109.375000,25000000.000
19311,1815,-113.769531,25000000.000
19312,1733,-153.808594,25000000.000
19313,1700,-169.921875,25000000.000
19314,1674,-182.617188,25000000.000
19315,1671,-184.082031,25000000.000
19316,1649,-194.824219,25000000.000
19317,1652,-193.359375,25000000.000
19318,1661,-188.964844,25000000.000
19319,1665,-187.011719,25000000.000
19320,1711,-164.550781,25000000.000
19321,1750,-145.507812,25000000.000
19322,1795,-123.535156,25000000.000
19323,1801,-120.605469,25000000.000
19324,1899,-72.753906,25000000.000
19325,1956,-44.921875,25000000.000
19326,2018,-14.648438,25000000.000
19327,2021,-13.183594,25000000.000
19328,2138,43.945312,25000000.000
19329,2195,71.777344,25000000.000
19330,2249,98.144531,25000000.000
19331,2254,100.585938,25000000.000
19332,2342,143.554688,25000000.000
19333,2379,161.621094,25000000.000
19334,2407,175.292969,25000000.000
19335,2410,176.757812,25000000.000
19336,2439,190.917969,25000000.000
19337,2441,191.894531,25000000.000
19338,2435,188.964844,25000000.000
19339,2433,187.988281,25000000.000
19340,2393,168.457031,25000000.000
19341,2359,151.855469,25000000.000
19342,2320,132.812500,25000000.000
19343,2314,129.882812,25000000.000
19344,2222,84.960938,25000000.000
19345,2161,55.175781,25000000.000
19346,2103,26.855469,25000000.000
19347,2096,23.437500,25000000.000
19348,1981,-32.714844,25000000.000
19349,1924,-60.546875,25000000.000
19350,1867,-88.378906,25000000.000
19351,1861,-91.308594,25000000.000
19352,1767,-137.207031,25000000.000
19353,1729,-155.761719,25000000.000
19354,1695,-172.363281,25000000.000
19355,1693,-173.339844,25000000.000
19356,1658,-190.429688,25000000.000
19357,1650,-194.335938,25000000.000
19358,1654,-192.382812,25000000.000
19359,1655,-191.894531,25000000.000
19360,1691,-174.316406,25000000.000
19361,1719,-160.644531,25000000.000
19362,1757,-142.089844,25000000.000
19363,1759,-141.113281,25000000.000
19364,1850,-96.679688,25000000.000
19365,1909,-67.871094,25000000.000
19366,1967,-39.550781,25000000.000
19367,1972,-37.109375,25000000.000
19368,2085,18.066406,25000000.000
19369,2148,48.828125,25000000.000
19370,2204,76.171875,25000000.000
19371,2212,80.078125,25000000.000
19372,2305,125.488281,25000000.000
19373,2349,146.972656,25000000.000
19374,2387,165.527344,25000000.000
19375,2390,166.992188,25000000.000
19376,2432,187.500000,25000000.000
19377,2439,190.917969,25000000.000
19378,2444,193.359375,25000000.000
19379,2441,191.894531,25000000.000
19380,2415,179.199219,25000000.000
19381,2390,166.992188,25000000.000
19382,2355,149.902344,25000000.000
19383,2349,146.972656,25000000.000
19384,2265,105.957031,25000000.000
19385,2213,80.566406,25000000.000
19386,2153,51.269531,25000000.000
19387,2149,49.316406,25000000.000
19388,2034,-6.835938,25000000.000
19389,1973,-36.621094,25000000.000
19390,1915,-64.941406,25000000.000
19391,1911,-66.894531,25000000.000
19392,1811,-115.722656,25000000.000
19393,1760,-140.625000,25000000.000
19394,1724,-158.203125,25000000.000
19395,1718,-161.132812,25000000.000
19396,1668,-185.546875,25000000.000
19397,1656,-191.406250,25000000.000
19398,1650,-194.335938,25000000.000
19399,1649,-194.824219,25000000.000
19400,1669,-185.058594,25000000.000
19401,1693,-173.339844,25000000.000
19402,1723,-158.691406,25000000.000
19403,1727,-156.738281,25000000.000
19404,1808,-117.187500,25000000.000
19405,1860,-91.796875,25000000.000
19406,1917,-63.964844,25000000.000
19407,1922,-61.523438,25000000.000
19408,2036,-5.859375,25000000.000
19409,2095,22.949219,25000000.000
19410,2157,53.222656,25000000.000
19411,2161,55.175781,25000000.000
19412,2266,106.445312,25000000.000
19413,2313,129.394531,25000000.000
19414,2355,149.902344,25000000.000
19415,2358,151.367188,25000000.000
19416,2415,179.199219,25000000.000
19417,2434,188.476562,25000000.000
19418,2440,191.406250,25000000.000
19419,2442,192.382812,25000000.000
19420,2430,186.523438,25000000.000
19421,2412,177.734375,25000000.000
19422,2385,164.550781,25000000.000
19423,2383,163.574219,25000000.000
19424,2306,125.976562,25000000.000
19425,2256,101.562500,25000000.000
19426,2204,76.171875,25000000.000
19427,2196,72.265625,25000000.000
19428,2085,18.066406,25000000.000
19429,2024,-11.718750,25000000.000
19430,1963,-41.503906,25000000.000
19431,1957,-44.433594,25000000.000
19432,1850,-96.679688,25000000.000
19433,1798,-122.070312,25000000.000
19434,1754,-143.554688,25000000.000
19435,1751,-145.019531,25000000.000
19436,1685,-177.246094,25000000.000
19437,1666,-186.523438,25000000.000
19438,1654,-192.382812,25000000.000
19439,1654,-192.382812,25000000.000
19440,1650,-194.335938,25000000.000
19441,1670,-184.570312,25000000.000
19442,1697,-171.386719,25000000.000
19443,1700,-169.921875,25000000.000
19444,1772,-134.765625,25000000.000
19445,1816,-113.281250,25000000.000
19446,1868,-87.890625,25000000.000
19447,1872,-85.937500,25000000.000
19448,1985,-30.761719,25000000.000
19449,2045,-1.464844,25000000.000
19450,2105,27.832031,25000000.000
19451,2111,30.761719,25000000.000
19452,2220,83.984375,25000000.000
19453,2276,111.328125,25000000.000
19454,2320,132.812500,25000000.000
19455,2324,134.765625,25000000.000
19456,2395,169.433594,25000000.000
19457,2417,180.175781,25000000.000
19458,2434,188.476562,25000000.000
19459,2435,188.964844,25000000.000
19460,2441,191.894531,25000000.000
19461,2429,186.035156,25000000.000
19462,2407,175.292969,25000000.000
19463,2406,174.804688,25000000.000
19464,2341,143.066406,25000000.000
19465,2300,123.046875,25000000.000
19466,2248,97.656250,25000000.000
19467,2242,94.726562,25000000.000
19468,2134,41.992188,25000000.000
19469,2077,14.160156,25000000.000
19470,2012,-17.578125,25000000.000
19471,2008,-19.531250,25000000.000
19472,1896,-74.218750,25000000.000
19473,1841,-101.074219,25000000.000
19474,1792,-125.000000,25000000.000
19475,1789,-126.464844,25000000.000
19476,1712,-164.062500,25000000.000
19477,1682,-178.710938,25000000.000
19478,1662,-188.476562,25000000.000
19479,1657,-190.917969,25000000.000
19480,1647,-195.800781,25000000.000
19481,1659,-189.941406,25000000.000
19482,1674,-182.617188,25000000.000
19483,1676,-181.640625,25000000.000
19484,1732,-154.296875,25000000.000
19485,1776,-132.812500,25000000.000
19486,1824,-109.375000,25000000.000
19487,1829,-106.933594,25000000.000
19488,1934,-55.664062,25000000.000
19489,1990,-28.320312,25000000.000
19490,2054,2.929688,25000000.000
19491,2061,6.347656,25000000.000
19492,2171,60.058594,25000000.000
19493,2228,87.890625,25000000.000
19494,2281,113.769531,25000000.000
19495,2285,115.722656,25000000.000
19496,2365,154.785156,25000000.000
19497,2403,173.339844,25000000.000
19498,2434,188.476562,25000000.000
19499,2422,182.617188,25000000.000
19500,2437,189.941406,25000000.000
19501,2440,191.406250,25000000.000
19502,2422,182.617188,25000000.000
19503,2426,184.570312,25000000.000
19504,2374,159.179688,25000000.000
19505,2336,140.625000,25000000.000
19506,2292,119.140625,25000000.000
19507,2288,117.187500,25000000.000
19508,2186,67.382812,25000000.000
19509,2127,38.574219,25000000.000
19510,2068,9.765625,25000000.000
19511,2059,5.371094,25000000.000
19512,1946,-49.804688,25000000.000
19513,1888,-78.125000,25000000.000
19514,1834,-104.492188,25000000.000
19515,1827,-107.910156,25000000.000
19516,1745,-147.949219,25000000.000
19517,1707,-166.503906,25000000.000
19518,1679,-180.175781,25000000.000
19519,1679,-180.175781,25000000.000
19520,1650,-194.335938,25000000.000
19521,1654,-192.382812,25000000.000
19522,1653,-192.871094,25000000.000
19523,1667,-186.035156,25000000.000
19524,1705,-167.480469,25000000.000
19525,1738,-151.367188,25000000.000
19526,1783,-129.394531,25000000.000
19527,1786,-127.929688,25000000.000
19528,1884,-80.078125,25000000.000
19529,1941,-52.246094,25000000.000
19530,1999,-23.925781,25000000.000
19531,2007,-20.019531,25000000.000
19532,2122,36.132812,25000000.000
19533,2180,64.453125,25000000.000
19534,2236,91.796875,25000000.000
19535,2242,94.726562,25000000.000
19536,2331,138.183594,25000000.000
19537,2372,158.203125,25000000.000
19538,2404,173.828125,25000000.000
19539,2410,176.757812,25000000.000
19540,2444,193.359375,25000000.000
19541,2445,193.847656,25000000.000
19542,2433,187.988281,25000000.000
19543,2429,186.035156,25000000.000
19544,2407,175.292969,25000000.000
19545,2366,155.273438,25000000.000
19546,2332,138.671875,25000000.000
19547,2325,135.253906,25000000.000
19548,2235,91.308594,25000000.000
19549,2177,62.988281,25000000.000
19550,2116,33.203125,25000000.000
19551,2111,30.761719,25000000.000
19552,1997,-24.902344,25000000.000
19553,1937,-54.199219,25000000.000
19554,1880,-82.031250,25000000.000
19555,1875,-84.472656,25000000.000
19556,1779,-131.347656,25000000.000
19557,1736,-152.343750,25000000.000
19558,1703,-168.457031,25000000.000
19559,1698,-170.898438,25000000.000
19560,1661,-188.964844,25000000.000
19561,1648,-195.312500,25000000.000
19562,1652,-193.359375,25000000.000
19563,1652,-193.359375,25000000.000
19564,1682,-178.710938,25000000.000
19565,1709,-165.527344,25000000.000
19566,1746,-147.460938,25000000.000
19567,1750,-145.507812,25000000.000
19568,1837,-103.027344,25000000.000
19569,1891,-76.660156,25000000.000
19570,1953,-46.386719,25000000.000
19571,1958,-43.945312,25000000.000
19572,2073,12.207031,25000000.000
19573,2132,41.015625,25000000.000
19574,2192,70.312500,25000000.000
19575,2196,72.265625,25000000.000
19576,2297,121.582031,25000000.000
19577,2337,141.113281,25000000.000
19578,2378,161.132812,25000000.000
19579,2380,162.109375,25000000.000
19580,2427,185.058594,25000000.000
19581,2440,191.406250,25000000.000
19582,2441,191.894531,25000000.000
19583,2441,191.894531,25000000.000
19584,2421,182.128906,25000000.000
19585,2398,170.898438,25000000.000
19586,2363,153.808594,25000000.000
19587,2360,152.343750,25000000.000
19588,2277,111.816406,25000000.000
19589,2224,85.937500,25000000.000
19590,2167,58.105469,25000000.000
19591,2163,56.152344,25000000.000
19592,2050,0.976562,25000000.000
19593,1986,-30.273438,25000000.000
19594,1929,-58.105469,25000000.000
19595,1919,-62.988281,25000000.000
19596,1820,-111.328125,25000000.000
19597,1772,-134.765625,25000000.000
19598,1730,-155.273438,25000000.000
19599,1725,-157.714844,25000000.000
19600,1673,-183.105469,25000000.000
19601,1657,-190.917969,25000000.000
19602,1650,-194.335938,25000000.000
19603,1651,-193.847656,25000000.000
19604,1666,-186.523438,25000000.000
19605,1685,-177.246094,25000000.000
19606,1717,-161.621094,25000000.000
19607,1721,-159.667969,25000000.000
19608,1798,-122.070312,25000000.000
19609,1846,-98.632812,25000000.000
19610,1903,-70.800781,25000000.000
19611,1908,-68.359375,25000000.000
19612,2021,-13.183594,25000000.000
19613,2081,16.113281,25000000.000
19614,2143,46.386719,25000000.000
19615,2145,47.363281,25000000.000
19616,2251,99.121094,25000000.000
19617,2304,125.000000,25000000.000
19618,2344,144.531250,25000000.000
19619,2350,147.460938,25000000.000
19620,2410,176.757812,25000000.000
19621,2430,186.523438,25000000.000
19622,2441,191.894531,25000000.000
19623,2443,192.871094,25000000.000
19624,2435,188.964844,25000000.000
19625,2418,180.664062,25000000.000
19626,2393,168.457031,25000000.000
19627,2388,166.015625,25000000.000
19628,2318,131.835938,25000000.000
19629,2270,108.398438,25000000.000
19630,2216,82.031250,25000000.000
19631,2211,79.589844,25000000.000
19632,2101,25.878906,25000000.000
19633,2040,-3.906250,25000000.000
19634,1978,-34.179688,25000000.000
19635,1972,-37.109375,25000000.000
19636,1864,-89.843750,25000000.000
19637,1811,-115.722656,25000000.000
19638,1766,-137.695312,25000000.000
19639,1763,-139.160156,25000000.000
19640,1695,-172.363281,25000000.000
19641,1670,-184.570312,25000000.000
19642,1657,-190.917969,25000000.000
19643,1655,-191.894531,25000000.000
19644,1656,-191.406250,25000000.000
19645,1668,-185.546875,25000000.000
19646,1689,-175.292969,25000000.000
19647,1690,-174.804688,25000000.000
19648,1760,-140.625000,25000000.000
19649,1804,-119.140625,25000000.000
19650,1854,-94.726562,25000000.000
19651,1861,-91.308594,25000000.000
19652,1969,-38.574219,25000000.000
19653,2031,-8.300781,25000000.000
19654,2092,21.484375,25000000.000
19655,2097,23.925781,25000000.000
19656,2207,77.636719,25000000.000
19657,2260,103.515625,25000000.000
19658,2310,127.929688,25000000.000
19659,2312,128.906250,25000000.000
19660,2387,165.527344,25000000.000
19661,2411,177.246094,25000000.000
19662,2431,187.011719,25000000.000
19663,2431,187.011719,25000000.000
19664,2441,191.894531,25000000.000
19665,2432,187.500000,25000000.000
19666,2414,178.710938,25000000.000
19667,2411,177.246094,25000000.000
19668,2352,148.437500,25000000.000
19669,2310,127.929688,25000000.000
19670,2260,103.515625,25000000.000
19671,2257,102.050781,25000000.000
19672,2152,50.781250,25000000.000
19673,2091,20.996094,25000000.000
19674,2030,-8.789062,25000000.000
19675,2025,-11.230469,25000000.000
19676,1911,-66.894531,25000000.000
19677,1854,-94.726562,25000000.000
19678,1804,-119.140625,25000000.000
19679,1799,-121.582031,25000000.000
19680,1720,-160.156250,25000000.000
19681,1689,-175.292969,25000000.000
19682,1667,-186.035156,25000000.000
19683,1664,-187.500000,25000000.000
19684,1647,-195.800781,25000000.000
19685,1656,-191.406250,25000000.000
19686,1668,-185.546875,25000000.000
19687,1672,-183.593750,25000000.000
19688,1719,-160.644531,25000000.000
19689,1778,-131.835938,25000000.000
19690,1821,-110.839844,25000000.000
19691,1841,-101.074219,25000000.000
19692,1908,-68.359375,25000000.000
19693,1983,-31.738281,25000000.000
19694,2041,-3.417969,25000000.000
19695,2049,0.488281,25000000.000
19696,2153,51.269531,25000000.000
19697,2218,83.007812,25000000.000
19698,2270,108.398438,25000000.000
19699,2275,110.839844,25000000.000
19700,2354,149.414062,25000000.000
19701,2393,168.457031,25000000.000
19702,2416,179.687500,25000000.000
19703,2419,181.152344,25000000.000
19704,2442,192.382812,25000000.000
19705,2441,191.894531,25000000.000
19706,2431,187.011719,25000000.000
19707,2430,186.523438,25000000.000
19708,2384,164.062500,25000000.000
19709,2347,145.996094,25000000.000
19710,2304,125.000000,25000000.000
19711,2298,122.070312,25000000.000
19712,2201,74.707031,25000000.000
19713,2142,45.898438,25000000.000
19714,2080,15.625000,25000000.000
19715,2074,12.695312,25000000.000
19716,1959,-43.457031,25000000.000
19717,1902,-71.289062,25000000.000
19718,1844,-99.609375,25000000.000
19719,1840,-101.562500,25000000.000
19720,1752,-144.531250,25000000.000
19721,1714,-163.085938,25000000.000
19722,1684,-177.734375,25000000.000
19723,1684,-177.734375,25000000.000
19724,1654,-192.382812,25000000.000
19725,1647,-195.800781,25000000.000
19726,1658,-190.429688,25000000.000
19727,1657,-190.917969,25000000.000
19728,1698,-170.898438,25000000.000
19729,1730,-155.273438,25000000.000
19730,1770,-135.742188,25000000.000
19731,1775,-133.300781,25000000.000
19732,1870,-86.914062,25000000.000
19733,1928,-58.593750,25000000.000
19734,1986,-30.273438,25000000.000
19735,1994,-26.367188,25000000.000
19736,2106,28.320312,25000000.000
19737,2166,57.617188,25000000.000
19738,2224,85.937500,25000000.000
19739,2230,88.867188,25000000.000
19740,2322,133.789062,25000000.000
19741,2361,152.832031,25000000.000
19742,2398,170.898438,25000000.000
19743,2397,170.410156,25000000.000
19744,2438,190.429688,25000000.000
19745,2443,192.871094,25000000.000
19746,2439,190.917969,25000000.000
19747,2438,190.429688,25000000.000
19748,2407,175.292969,25000000.000
19749,2379,161.621094,25000000.000
19750,2340,142.578125,25000000.000
19751,2336,140.625000,25000000.000
19752,2246,96.679688,25000000.000
19753,2193,70.800781,25000000.000
19754,2135,42.480469,25000000.000
19755,2130,40.039062,25000000.000
19756,2011,-18.066406,25000000.000
19757,1951,-47.363281,25000000.000
19758,1895,-74.707031,25000000.000
19759,1888,-78.125000,25000000.000
19760,1790,-125.976562,25000000.000
19761,1745,-147.949219,25000000.000
19762,1710,-165.039062,25000000.000
19763,1704,-167.968750,25000000.000
19764,1663,-187.988281,25000000.000
19765,1652,-193.359375,25000000.000
19766,1649,-194.824219,25000000.000
19767,1651,-193.847656,25000000.000
19768,1675,-182.128906,25000000.000
19769,1704,-167.968750,25000000.000
19770,1736,-152.343750,25000000.000
19771,1742,-149.414062,25000000.000
19772,1825,-108.886719,25000000.000
19773,1880,-82.031250,25000000.000
19774,1939,-53.222656,25000000.000
19775,1944,-50.781250,25000000.000
19776,2060,5.859375,25000000.000
19777,2118,34.179688,25000000.000
19778,2177,62.988281,25000000.000
19779,2182,65.429688,25000000.000
19780,2283,114.746094,25000000.000
19781,2331,138.183594,25000000.000
19782,2369,156.738281,25000000.000
19783,2373,158.691406,25000000.000
19784,2420,181.640625,25000000.000
19785,2439,190.917969,25000000.000
19786,2443,192.871094,25000000.000
19787,2442,192.382812,25000000.000
19788,2426,184.570312,25000000.000
19789,2403,173.339844,25000000.000
19790,2373,158.691406,25000000.000
19791,2370,157.226562,25000000.000
19792,2291,118.652344,25000000.000
19793,2237,92.285156,25000000.000
19794,2184,66.406250,25000000.000
19795,2176,62.500000,25000000.000
19796,2064,7.812500,25000000.000
19797,2004,-21.484375,25000000.000
19798,1943,-51.269531,25000000.000
19799,1939,-53.222656,25000000.000
19800,1831,-105.957031,25000000.000
19801,1786,-127.929688,25000000.000
19802,1741,-149.902344,25000000.000
19803,1739,-150.878906,25000000.000
19804,1680,-179.687500,25000000.000
19805,1659,-189.941406,25000000.000
19806,1651,-193.847656,25000000.000
19807,1652,-193.359375,25000000.000
19808,1661,-188.964844,25000000.000
19809,1678,-180.664062,25000000.000
19810,1710,-165.039062,25000000.000
19811,1711,-164.550781,25000000.000
19812,1785,-128.417969,25000000.000
19813,1833,-104.980469,25000000.000
19814,1886,-79.101562,25000000.000
19815,1892,-76.171875,25000000.000
19816,2004,-21.484375,25000000.000
19817,2067,9.277344,25000000.000
19818,2125,37.597656,25000000.000
19819,2134,41.992188,25000000.000
19820,2241,94.238281,25000000.000
19821,2286,116.210938,25000000.000
19822,2342,143.554688,25000000.000
19823,2344,144.531250,25000000.000
19824,2401,172.363281,25000000.000
19825,2426,184.570312,25000000.000
19826,2442,192.382812,25000000.000
19827,2441,191.894531,25000000.000
19828,2437,189.941406,25000000.000
19829,2424,183.593750,25000000.000
19830,2400,171.875000,25000000.000
19831,2395,169.433594,25000000.000
19832,2327,136.230469,25000000.000
19833,2284,115.234375,25000000.000
19834,2228,87.890625,25000000.000
19835,2226,86.914062,25000000.000
19836,2113,31.738281,25000000.000
19837,2053,2.441406,25000000.000
19838,1995,-25.878906,25000000.000
19839,1991,-27.832031,25000000.000
19840,1877,-83.496094,25000000.000
19841,1821,-110.839844,25000000.000
19842,1778,-131.835938,25000000.000
19843,1771,-135.253906,25000000.000
19844,1694,-172.851562,25000000.000
19845,1663,-187.988281,25000000.000
19846,1659,-189.941406,25000000.000
19847,1653,-192.871094,25000000.000
19848,1652,-193.359375,25000000.000
19849,1666,-186.523438,25000000.000
19850,1682,-178.710938,25000000.000
19851,1688,-175.781250,25000000.000
19852,1748,-146.484375,25000000.000
19853,1794,-124.023438,25000000.000
19854,1842,-100.585938,25000000.000
19855,1848,-97.656250,25000000.000
19856,1955,-45.410156,25000000.000
19857,2011,-18.066406,25000000.000
19858,2078,14.648438,25000000.000
19859,2081,16.113281,25000000.000
19860,2194,71.289062,25000000.000
19861,2248,97.656250,25000000.000
19862,2294,120.117188,25000000.000
19863,2298,122.070312,25000000.000
19864,2379,161.621094,25000000.000
19865,2408,175.781250,25000000.000
19866,2426,184.570312,25000000.000
19867,2429,186.035156,25000000.000
19868,2441,191.894531,25000000.000
19869,2434,188.476562,25000000.000
19870,2419,181.152344,25000000.000
19871,2417,180.175781,25000000.000
19872,2361,152.832031,25000000.000
19873,2319,132.324219,25000000.000
19874,2275,110.839844,25000000.000
19875,2270,108.398438,25000000.000
19876,2166,57.617188,25000000.000
19877,2105,27.832031,25000000.000
19878,2045,-1.464844,25000000.000
19879,2038,-4.882812,25000000.000
19880,1923,-61.035156,25000000.000
19881,1868,-87.890625,25000000.000
19882,1817,-112.792969,25000000.000
19883,1813,-114.746094,25000000.000
19884,1727,-156.738281,25000000.000
19885,1695,-172.363281,25000000.000
19886,1671,-184.082031,25000000.000
19887,1669,-185.058594,25000000.000
19888,1655,-191.894531,25000000.000
19889,1653,-192.871094,25000000.000
19890,1662,-188.476562,25000000.000
19891,1670,-184.570312,25000000.000
19892,1720,-160.156250,25000000.000
19893,1752,-144.531250,25000000.000
19894,1798,-122.070312,25000000.000
19895,1802,-120.117188,25000000.000
19896,1904,-70.312500,25000000.000
19897,1963,-41.503906,25000000.000
19898,2024,-11.718750,25000000.000
19899,2030,-8.789062,25000000.000
19900,2142,45.898438,25000000.000
19901,2203,75.683594,25000000.000
19902,2253,100.097656,25000000.000
19903,2258,102.539062,25000000.000
19904,2348,146.484375,25000000.000
19905,2383,163.574219,25000000.000
19906,2410,176.757812,25000000.000
19907,2415,179.199219,25000000.000
19908,2442,192.382812,25000000.000
19909,2441,191.894531,25000000.000
19910,2433,187.988281,25000000.000
19911,2433,187.988281,25000000.000
19912,2388,166.015625,25000000.000
19913,2365,154.785156,25000000.000
19914,2320,132.812500,25000000.000
19915,2310,127.929688,25000000.000
19916,2209,78.613281,25000000.000
19917,2160,54.687500,25000000.000
19918,2093,21.972656,25000000.000
19919,2092,21.484375,25000000.000
19920,1974,-36.132812,25000000.000
19921,1917,-63.964844,25000000.000
19922,1861,-91.308594,25000000.000
19923,1855,-94.238281,25000000.000
19924,1763,-139.160156,25000000.000
19925,1722,-159.179688,25000000.000
19926,1693,-173.339844,25000000.000
19927,1690,-174.804688,25000000.000
19928,1654,-192.382812,25000000.000
19929,1651,-193.847656,25000000.000
19930,1653,-192.871094,25000000.000
19931,1654,-192.382812,25000000.000
19932,1690,-174.804688,25000000.000
19933,1722,-159.179688,25000000.000
19934,1759,-141.113281,25000000.000
19935,1766,-137.695312,25000000.000
19936,1856,-93.750000,25000000.000
19937,1912,-66.406250,25000000.000
19938,1972,-37.109375,25000000.000
19939,1980,-33.203125,25000000.000
19940,2093,21.972656,25000000.000
19941,2152,50.781250,25000000.000
19942,2212,80.078125,25000000.000
19943,2216,82.031250,25000000.000
19944,2313,129.394531,25000000.000
19945,2354,149.414062,25000000.000
19946,2387,165.527344,25000000.000
19947,2387,165.527344,25000000.000
19948,2434,188.476562,25000000.000
19949,2443,192.871094,25000000.000
19950,2441,191.894531,25000000.000
19951,2441,191.894531,25000000.000
19952,2412,177.734375,25000000.000
19953,2386,165.039062,25000000.000
19954,2351,147.949219,25000000.000
19955,2348,146.484375,25000000.000
19956,2260,103.515625,25000000.000
19957,2205,76.660156,25000000.000
19958,2149,49.316406,25000000.000
19959,2142,45.898438,25000000.000
19960,2027,-10.253906,25000000.000
19961,1966,-40.039062,25000000.000
19962,1906,-69.335938,25000000.000
19963,1900,-72.265625,25000000.000
19964,1802,-120.117188,25000000.000
19965,1756,-142.578125,25000000.000
19966,1717,-161.621094,25000000.000
19967,1715,-162.597656,25000000.000
19968,1665,-187.011719,25000000.000
19969,1654,-192.382812,25000000.000
19970,1650,-194.335938,25000000.000
19971,1650,-194.335938,25000000.000
19972,1671,-184.082031,25000000.000
19973,1693,-173.339844,25000000.000
19974,1730,-155.273438,25000000.000
19975,1730,-155.273438,25000000.000
19976,1815,-113.769531,25000000.000
19977,1865,-89.355469,25000000.000
19978,1923,-61.035156,25000000.000
19979,1927,-59.082031,25000000.000
19980,2043,-2.441406,25000000.000
19981,2103,26.855469,25000000.000
19982,2161,55.175781,25000000.000
19983,2168,58.593750,25000000.000
19984,2271,108.886719,25000000.000
19985,2320,132.812500,25000000.000
19986,2359,151.855469,25000000.000
19987,2363,153.808594,25000000.000
19988,2421,182.128906,25000000.000
19989,2436,189.453125,25000000.000
19990,2443,192.871094,25000000.000
19991,2443,192.871094,25000000.000
19992,2431,187.011719,25000000.000
19993,2409,176.269531,25000000.000
19994,2382,163.085938,25000000.000
19995,2377,160.644531,25000000.000
19996,2301,123.535156,25000000.000
19997,2253,100.097656,25000000.000
19998,2197,72.753906,25000000.000
19999,2191,69.824219,25000000.000
20000,2077,14.160156,25000000.000
20001,2019,-14.160156,25000000.000
20002,1956,-44.921875,25000000.000
20003,1951,-47.363281,25000000.000
20004,1845,-99.121094,25000000.000
20005,1795,-123.535156,25000000.000
20006,1752,-144.531250,25000000.000
20007,1750,-145.507812,25000000.000
20008,1686,-176.757812,25000000.000
20009,1663,-187.988281,25000000.000
20010,1653,-192.871094,25000000.000
20011,1652,-193.359375,25000000.000
20012,1658,-190.429688,25000000.000
20013,1674,-182.617188,25000000.000
20014,1699,-170.410156,25000000.000
20015,1703,-168.457031,25000000.000
20016,1773,-134.277344,25000000.000
20017,1823,-109.863281,25000000.000
20018,1873,-85.449219,25000000.000
20019,1881,-81.542969,25000000.000
20020,1990,-28.320312,25000000.000
20021,2051,1.464844,25000000.000
20022,2113,31.738281,25000000.000
20023,2119,34.667969,25000000.000
20024,2227,87.402344,25000000.000
20025,2277,111.816406,25000000.000
20026,2326,135.742188,25000000.000
20027,2329,137.207031,25000000.000
20028,2397,170.410156,25000000.000
20029,2423,183.105469,25000000.000
20030,2436,189.453125,25000000.000
20031,2435,188.964844,25000000.000
20032,2439,190.917969,25000000.000
20033,2428,185.546875,25000000.000
20034,2404,173.828125,25000000.000
20035,2403,173.339844,25000000.000
20036,2339,142.089844,25000000.000
20037,2293,119.628906,25000000.000
20038,2243,95.214844,25000000.000
20039,2240,93.750000,25000000.000
20040,2130,40.039062,25000000.000
20041,2070,10.742188,25000000.000
20042,2010,-18.554688,25000000.000
20043,2001,-22.949219,25000000.000
20044,1891,-76.660156,25000000.000
20045,1835,-104.003906,25000000.000
20046,1786,-127.929688,25000000.000
20047,1781,-130.371094,25000000.000
20048,1708,-166.015625,25000000.000
20049,1681,-179.199219,25000000.000
20050,1660,-189.453125,25000000.000
20051,1661,-188.964844,25000000.000
20052,1650,-194.335938,25000000.000
20053,1659,-189.941406,25000000.000
20054,1679,-180.175781,25000000.000
20055,1681,-179.199219,25000000.000
20056,1739,-150.878906,25000000.000
20057,1779,-131.347656,25000000.000
20058,1828,-107.421875,25000000.000
20059,1833,-104.980469,25000000.000
20060,1940,-52.734375,25000000.000
20061,1999,-23.925781,25000000.000
20062,2060,5.859375,25000000.000
20063,2064,7.812500,25000000.000
20064,2178,63.476562,25000000.000
20065,2233,90.332031,25000000.000
20066,2284,115.234375,25000000.000
20067,2291,118.652344,25000000.000
20068,2369,156.738281,25000000.000
20069,2401,172.363281,25000000.000
20070,2423,183.105469,25000000.000
20071,2426,184.570312,25000000.000
20072,2442,192.382812,25000000.000
20073,2437,189.941406,25000000.000
20074,2425,184.082031,25000000.000
20075,2421,182.128906,25000000.000
20076,2371,157.714844,25000000.000
20077,2332,138.671875,25000000.000
20078,2286,116.210938,25000000.000
20079,2280,113.281250,25000000.000
20080,2180,64.453125,25000000.000
20081,2121,35.644531,25000000.000
20082,2058,4.882812,25000000.000
20083,2054,2.929688,25000000.000
20084,1938,-53.710938,25000000.000
20085,1881,-81.542969,25000000.000
20086,1827,-107.910156,25000000.000
20087,1823,-109.863281,25000000.000
20088,1738,-151.367188,25000000.000
20089,1702,-168.945312,25000000.000
20090,1691,-174.316406,25000000.000
20091,1666,-186.523438,25000000.000
20092,1647,-195.800781,25000000.000
20093,1617,-210.449219,25000000.000
20094,1660,-189.453125,25000000.000
20095,1651,-193.847656,25000000.000
20096,1710,-165.039062,25000000.000
20097,1740,-150.390625,25000000.000
20098,1787,-127.441406,25000000.000
20099,1791,-125.488281,25000000.000
20100,1890,-77.148438,25000000.000
20101,1951,-47.363281,25000000.000
20102,2008,-19.531250,25000000.000
20103,2016,-15.625000,25000000.000
20104,2132,41.015625,25000000.000
20105,2187,67.871094,25000000.000
20106,2237,92.285156,25000000.000
20107,2243,95.214844,25000000.000
20108,2340,142.578125,25000000.000
20109,2371,157.714844,25000000.000
20110,2404,173.828125,25000000.000
20111,2406,174.804688,25000000.000
20112,2440,191.406250,25000000.000
20113,2443,192.871094,25000000.000
20114,2435,188.964844,25000000.000
20115,2432,187.500000,25000000.000
20116,2397,170.410156,25000000.000
20117,2367,155.761719,25000000.000
20118,2324,134.765625,25000000.000
20119,2321,133.300781,25000000.000
20120,2226,86.914062,25000000.000
20121,2171,60.058594,25000000.000
20122,2110,30.273438,25000000.000
20123,2107,28.808594,25000000.000
20124,1991,-27.832031,25000000.000
20125,1928,-58.593750,25000000.000
20126,1873,-85.449219,25000000.000
20127,1868,-87.890625,25000000.000
20128,1773,-134.277344,25000000.000
20129,1732,-154.296875,25000000.000
20130,1699,-170.410156,25000000.000
20131,1695,-172.363281,25000000.000
20132,1657,-190.917969,25000000.000
20133,1652,-193.359375,25000000.000
20134,1651,-193.847656,25000000.000
20135,1654,-192.382812,25000000.000
20136,1685,-177.246094,25000000.000
20137,1713,-163.574219,25000000.000
20138,1752,-144.531250,25000000.000
20139,1755,-143.066406,25000000.000
20140,1845,-99.121094,25000000.000
20141,1897,-73.730469,25000000.000
20142,1960,-42.968750,25000000.000
20143,1963,-41.503906,25000000.000
20144,2079,15.136719,25000000.000
20145,2139,44.433594,25000000.000
20146,2195,71.777344,25000000.000
20147,2201,74.707031,25000000.000
20148,2301,123.535156,25000000.000
20149,2345,145.019531,25000000.000
20150,2380,162.109375,25000000.000
20151,2386,165.039062,25000000.000
20152,2430,186.523438,25000000.000
20153,2440,191.406250,25000000.000
20154,2444,193.359375,25000000.000
20155,2444,193.359375,25000000.000
20156,2405,174.316406,25000000.000
20157,2402,172.851562,25000000.000
20158,2365,154.785156,25000000.000
20159,2359,151.855469,25000000.000
20160,2269,107.910156,25000000.000
20161,2212,80.078125,25000000.000
20162,2157,53.222656,25000000.000
20163,2159,54.199219,25000000.000
20164,2045,-1.464844,25000000.000
20165,1978,-34.179688,25000000.000
20166,1910,-67.382812,25000000.000
20167,1904,-70.312500,25000000.000
20168,1803,-119.628906,25000000.000
20169,1765,-138.183594,25000000.000
20170,1727,-156.738281,25000000.000
20171,1721,-159.667969,25000000.000
20172,1675,-182.128906,25000000.000
20173,1654,-192.382812,25000000.000
20174,1651,-193.847656,25000000.000
20175,1650,-194.335938,25000000.000
20176,1669,-185.058594,25000000.000
20177,1687,-176.269531,25000000.000
20178,1720,-160.156250,25000000.000
20179,1723,-158.691406,25000000.000
20180,1803,-119.628906,25000000.000
20181,1852,-95.703125,25000000.000
20182,1907,-68.847656,25000000.000
20183,1914,-65.429688,25000000.000
20184,2025,-11.230469,25000000.000
20185,2087,19.042969,25000000.000
20186,2148,48.828125,25000000.000
20187,2154,51.757812,25000000.000
20188,2257,102.050781,25000000.000
20189,2307,126.464844,25000000.000
20190,2358,151.367188,25000000.000
20191,2355,149.902344,25000000.000
20192,2398,170.898438,25000000.000
20193,2433,187.988281,25000000.000
20194,2440,191.406250,25000000.000
20195,2444,193.359375,25000000.000
20196,2432,187.500000,25000000.000
20197,2416,179.687500,25000000.000
20198,2387,165.527344,25000000.000
20199,2386,165.039062,25000000.000
20200,2312,128.906250,25000000.000
20201,2266,106.445312,25000000.000
20202,2211,79.589844,25000000.000
20203,2206,77.148438,25000000.000
20204,2095,22.949219,25000000.000
20205,2032,-7.812500,25000000.000
20206,1972,-37.109375,25000000.000
20207,1966,-40.039062,25000000.000
20208,1859,-92.285156,25000000.000
20209,1805,-118.652344,25000000.000
20210,1762,-139.648438,25000000.000
20211,1758,-141.601562,25000000.000
20212,1693,-173.339844,25000000.000
20213,1662,-188.476562,25000000.000
20214,1645,-196.777344,25000000.000
20215,1656,-191.406250,25000000.000
20216,1655,-191.894531,25000000.000
20217,1669,-185.058594,25000000.000
20218,1692,-173.828125,25000000.000
20219,1714,-163.085938,25000000.000
20220,1762,-139.648438,25000000.000
20221,1810,-116.210938,25000000.000
20222,1865,-89.355469,25000000.000
20223,1871,-86.425781,25000000.000
20224,1974,-36.132812,25000000.000
20225,2035,-6.347656,25000000.000
20226,2097,23.925781,25000000.000
20227,2103,26.855469,25000000.000
20228,2213,80.566406,25000000.000
20229,2268,107.421875,25000000.000
20230,2314,129.882812,25000000.000
20231,2317,131.347656,25000000.000
20232,2393,168.457031,25000000.000
20233,2415,179.199219,25000000.000
20234,2429,186.035156,25000000.000
20235,2433,187.988281,25000000.000
20236,2445,193.847656,25000000.000
20237,2431,187.011719,25000000.000
20238,2412,177.734375,25000000.000
20239,2409,176.269531,25000000.000
20240,2348,146.484375,25000000.000
20241,2304,125.000000,25000000.000
20242,2256,101.562500,25000000.000
20243,2251,99.121094,25000000.000
20244,2144,46.875000,25000000.000
20245,2085,18.066406,25000000.000
20246,2022,-12.695312,25000000.000
20247,2015,-16.113281,25000000.000
20248,1902,-71.289062,25000000.000
20249,1850,-96.679688,25000000.000
20250,1795,-123.535156,25000000.000
20251,1794,-124.023438,25000000.000
20252,1716,-162.109375,25000000.000
20253,1685,-177.246094,25000000.000
20254,1665,-187.011719,25000000.000
20255,1664,-187.500000,25000000.000
20256,1650,-194.335938,25000000.000
20257,1656,-191.406250,25000000.000
20258,1673,-183.105469,25000000.000
20259,1673,-183.105469,25000000.000
20260,1730,-155.273438,25000000.000
20261,1770,-135.742188,25000000.000
20262,1816,-113.281250,25000000.000
20263,1819,-111.816406,25000000.000
20264,1925,-60.058594,25000000.000
20265,1985,-30.761719,25000000.000
20266,2043,-2.441406,25000000.000
20267,2051,1.464844,25000000.000
20268,2164,56.640625,25000000.000
20269,2221,84.472656,25000000.000
20270,2275,110.839844,25000000.000
20271,2280,113.281250,25000000.000
20272,2361,152.832031,25000000.000
20273,2393,168.457031,25000000.000
20274,2418,180.664062,25000000.000
20275,2420,181.640625,25000000.000
20276,2442,192.382812,25000000.000
20277,2439,190.917969,25000000.000
20278,2428,185.546875,25000000.000
20279,2425,184.082031,25000000.000
20280,2378,161.132812,25000000.000
20281,2344,144.531250,25000000.000
20282,2297,121.582031,25000000.000
20283,2293,119.628906,25000000.000
20284,2194,71.289062,25000000.000
20285,2134,41.992188,25000000.000
20286,2073,12.207031,25000000.000
20287,2068,9.765625,25000000.000
20288,1955,-45.410156,25000000.000
20289,1895,-74.707031,25000000.000
20290,1844,-99.609375,25000000.000
20291,1837,-103.027344,25000000.000
20292,1747,-146.972656,25000000.000
20293,1711,-164.550781,25000000.000
20294,1685,-177.246094,25000000.000
20295,1681,-179.199219,25000000.000
20296,1651,-193.847656,25000000.000
20297,1649,-194.824219,25000000.000
20298,1660,-189.453125,25000000.000
20299,1661,-188.964844,25000000.000
20300,1698,-170.898438,25000000.000
20301,1734,-153.320312,25000000.000
20302,1777,-132.324219,25000000.000
20303,1781,-130.371094,25000000.000
20304,1878,-83.007812,25000000.000
20305,1931,-57.128906,25000000.000
20306,1994,-26.367188,25000000.000
20307,1999,-23.925781,25000000.000
20308,2115,32.714844,25000000.000
20309,2174,61.523438,25000000.000
20310,2228,87.890625,25000000.000
20311,2232,89.843750,25000000.000
20312,2328,136.718750,25000000.000
20313,2367,155.761719,25000000.000
20314,2398,170.898438,25000000.000
20315,2402,172.851562,25000000.000
20316,2434,188.476562,25000000.000
20317,2445,193.847656,25000000.000
20318,2438,190.429688,25000000.000
20319,2437,189.941406,25000000.000
20320,2405,174.316406,25000000.000
20321,2374,159.179688,25000000.000
20322,2337,141.113281,25000000.000
20323,2333,139.160156,25000000.000
20324,2242,94.726562,25000000.000
20325,2184,66.406250,25000000.000
20326,2126,38.085938,25000000.000
20327,2119,34.667969,25000000.000
20328,2007,-20.019531,25000000.000
20329,1944,-50.781250,25000000.000
20330,1887,-78.613281,25000000.000
20331,1883,-80.566406,25000000.000
20332,1784,-128.906250,25000000.000
20333,1743,-148.925781,25000000.000
20334,1706,-166.992188,25000000.000
20335,1706,-166.992188,25000000.000
20336,1662,-188.476562,25000000.000
20337,1649,-194.824219,25000000.000
20338,1651,-193.847656,25000000.000
20339,1651,-193.847656,25000000.000
20340,1678,-180.664062,25000000.000
20341,1705,-167.480469,25000000.000
20342,1742,-149.414062,25000000.000
20343,1744,-148.437500,25000000.000
20344,1831,-105.957031,25000000.000
20345,1886,-79.101562,25000000.000
20346,1942,-51.757812,25000000.000
20347,1946,-49.804688,25000000.000
20348,2064,7.812500,25000000.000
20349,2125,37.597656,25000000.000
20350,2181,64.941406,25000000.000
20351,2187,67.871094,25000000.000
20352,2290,118.164062,25000000.000
20353,2332,138.671875,25000000.000
20354,2372,158.203125,25000000.000
20355,2375,159.667969,25000000.000
20356,2433,187.988281,25000000.000
20357,2440,191.406250,25000000.000
20358,2446,194.335938,25000000.000
20359,2440,191.406250,25000000.000
20360,2423,183.105469,25000000.000
20361,2400,171.875000,25000000.000
20362,2369,156.738281,25000000.000
20363,2365,154.785156,25000000.000
20364,2284,115.234375,25000000.000
20365,2236,91.796875,25000000.000
20366,2174,61.523438,25000000.000
20367,2171,60.058594,25000000.000
20368,2055,3.417969,25000000.000
20369,1996,-25.390625,25000000.000
20370,1936,-54.687500,25000000.000
20371,1934,-55.664062,25000000.000
20372,1826,-108.398438,25000000.000
20373,1778,-131.835938,25000000.000
20374,1737,-151.855469,25000000.000
20375,1733,-153.808594,25000000.000
20376,1677,-181.152344,25000000.000
20377,1660,-189.453125,25000000.000
20378,1653,-192.871094,25000000.000
20379,1649,-194.824219,25000000.000
20380,1663,-187.988281,25000000.000
20381,1682,-178.710938,25000000.000
20382,1714,-163.085938,25000000.000
20383,1721,-159.667969,25000000.000
20384,1787,-127.441406,25000000.000
20385,1847,-98.144531,25000000.000
20386,1893,-75.683594,25000000.000
20387,1903,-70.800781,25000000.000
20388,2014,-16.601562,25000000.000
20389,2072,11.718750,25000000.000
20390,2134,41.992188,25000000.000
20391,2139,44.433594,25000000.000
20392,2248,97.656250,25000000.000
20393,2296,121.093750,25000000.000
20394,2339,142.089844,25000000.000
20395,2342,143.554688,25000000.000
20396,2408,175.781250,25000000.000
20397,2429,186.035156,25000000.000
20398,2438,190.429688,25000000.000
20399,2441,191.894531,25000000.000
20400,2435,188.964844,25000000.000
20401,2422,182.617188,25000000.000
20402,2396,169.921875,25000000.000
20403,2394,168.945312,25000000.000
20404,2324,134.765625,25000000.000
20405,2276,111.328125,25000000.000
20406,2226,86.914062,25000000.000
20407,2218,83.007812,25000000.000
20408,2111,30.761719,25000000.000
20409,2049,0.488281,25000000.000
20410,1985,-30.761719,25000000.000
20411,1980,-33.203125,25000000.000
20412,1870,-86.914062,25000000.000
20413,1819,-111.816406,25000000.000
20414,1772,-134.765625,25000000.000
20415,1768,-136.718750,25000000.000
20416,1695,-172.363281,25000000.000
20417,1675,-182.128906,25000000.000
20418,1656,-191.406250,25000000.000
20419,1657,-190.917969,25000000.000
20420,1656,-191.406250,25000000.000
20421,1665,-187.011719,25000000.000
20422,1686,-176.757812,25000000.000
20423,1687,-176.269531,25000000.000
20424,1756,-142.578125,25000000.000
20425,1795,-123.535156,25000000.000
20426,1846,-98.632812,25000000.000
20427,1851,-96.191406,25000000.000
20428,1963,-41.503906,25000000.000
20429,2020,-13.671875,25000000.000
20430,2080,15.625000,25000000.000
20431,2085,18.066406,25000000.000
20432,2198,73.242188,25000000.000
20433,2253,100.097656,25000000.000
20434,2301,123.535156,25000000.000
20435,2305,125.488281,25000000.000
20436,2384,164.062500,25000000.000
20437,2412,177.734375,25000000.000
20438,2428,185.546875,25000000.000
20439,2430,186.523438,25000000.000
20440,2442,192.382812,25000000.000
20441,2433,187.988281,25000000.000
20442,2418,180.664062,25000000.000
20443,2415,179.199219,25000000.000
20444,2356,150.390625,25000000.000
20445,2316,130.859375,25000000.000
20446,2268,107.421875,25000000.000
20447,2262,104.492188,25000000.000
20448,2157,53.222656,25000000.000
20449,2100,25.390625,25000000.000
20450,2035,-6.347656,25000000.000
20451,2031,-8.300781,25000000.000
20452,1919,-62.988281,25000000.000
20453,1862,-90.820312,25000000.000
20454,1811,-115.722656,25000000.000
20455,1807,-117.675781,25000000.000
20456,1725,-157.714844,25000000.000
20457,1692,-173.828125,25000000.000
20458,1672,-183.593750,25000000.000
20459,1667,-186.035156,25000000.000
20460,1649,-194.824219,25000000.000
20461,1653,-192.871094,25000000.000
20462,1667,-186.035156,25000000.000
20463,1667,-186.035156,25000000.000
20464,1720,-160.156250,25000000.000
20465,1760,-140.625000,25000000.000
20466,1803,-119.628906,25000000.000
20467,1810,-116.210938,25000000.000
20468,1911,-66.894531,25000000.000
20469,1969,-38.574219,25000000.000
20470,2030,-8.789062,25000000.000
20471,2037,-5.371094,25000000.000
20472,2151,50.292969,25000000.000
20473,2208,78.125000,25000000.000
20474,2261,104.003906,25000000.000
20475,2266,106.445312,25000000.000
20476,2350,147.460938,25000000.000
20477,2388,166.015625,25000000.000
20478,2413,178.222656,25000000.000
20479,2415,179.199219,25000000.000
20480,2440,191.406250,25000000.000
20481,2442,192.382812,25000000.000
20482,2431,187.011719,25000000.000
20483,2432,187.500000,25000000.000
20484,2386,165.039062,25000000.000
20485,2351,147.949219,25000000.000
20486,2309,127.441406,25000000.000
20487,2307,126.464844,25000000.000
20488,2207,77.636719,25000000.000
20489,2150,49.804688,25000000.000
20490,2091,20.996094,25000000.000
20491,2084,17.578125,25000000.000
20492,1970,-38.085938,25000000.000
20493,1909,-67.871094,25000000.000
20494,1853,-95.214844,25000000.000
20495,1848,-97.656250,25000000.000
20496,1757,-142.089844,25000000.000
20497,1720,-160.156250,25000000.000
20498,1689,-175.292969,25000000.000
20499,1688,-175.781250,25000000.000
20500,1652,-193.359375,25000000.000
20501,1651,-193.847656,25000000.000
20502,1655,-191.894531,25000000.000
20503,1656,-191.406250,25000000.000
20504,1695,-172.363281,25000000.000
20505,1726,-157.226562,25000000.000
20506,1768,-136.718750,25000000.000
20507,1769,-136.230469,25000000.000
20508,1864,-89.843750,25000000.000
20509,1919,-62.988281,25000000.000
20510,1978,-34.179688,25000000.000
20511,1983,-31.738281,25000000.000
20512,2099,24.902344,25000000.000
20513,2158,53.710938,25000000.000
20514,2216,82.031250,25000000.000
20515,2221,84.472656,25000000.000
20516,2314,129.882812,25000000.000
20517,2357,150.878906,25000000.000
20518,2391,167.480469,25000000.000
20519,2393,168.457031,25000000.000
20520,2433,187.988281,25000000.000
20521,2442,192.382812,25000000.000
20522,2441,191.894531,25000000.000
20523,2440,191.406250,25000000.000
20524,2410,176.757812,25000000.000
20525,2381,162.597656,25000000.000
20526,2347,145.996094,25000000.000
20527,2343,144.042969,25000000.000
20528,2252,99.609375,25000000.000
20529,2200,74.218750,25000000.000
20530,2142,45.898438,25000000.000
20531,2137,43.457031,25000000.000
20532,2018,-14.648438,25000000.000
20533,1962,-41.992188,25000000.000
20534,1902,-71.289062,25000000.000
20535,1897,-73.730469,25000000.000
20536,1797,-122.558594,25000000.000
20537,1757,-142.089844,25000000.000
20538,1699,-170.410156,25000000.000
20539,1720,-160.156250,25000000.000
20540,1666,-186.523438,25000000.000
20541,1653,-192.871094,25000000.000
20542,1650,-194.335938,25000000.000
20543,1648,-195.312500,25000000.000
20544,1673,-183.105469,25000000.000
20545,1699,-170.410156,25000000.000
20546,1732,-154.296875,25000000.000
20547,1733,-153.808594,25000000.000
20548,1819,-111.816406,25000000.000
20549,1873,-85.449219,25000000.000
20550,1928,-58.593750,25000000.000
20551,1935,-55.175781,25000000.000
20552,2049,0.488281,25000000.000
20553,2109,29.785156,25000000.000
20554,2169,59.082031,25000000.000
20555,2174,61.523438,25000000.000
20556,2279,112.792969,25000000.000
20557,2322,133.789062,25000000.000
20558,2364,154.296875,25000000.000
20559,2369,156.738281,25000000.000
20560,2421,182.128906,25000000.000
20561,2435,188.964844,25000000.000
20562,2441,191.894531,25000000.000
20563,2442,192.382812,25000000.000
20564,2427,185.058594,25000000.000
20565,2409,176.269531,25000000.000
20566,2377,160.644531,25000000.000
20567,2375,159.667969,25000000.000
20568,2297,121.582031,25000000.000
20569,2245,96.191406,25000000.000
20570,2191,69.824219,25000000.000
20571,2187,67.871094,25000000.000
20572,2073,12.207031,25000000.000
20573,2010,-18.554688,25000000.000
20574,1950,-47.851562,25000000.000
20575,1946,-49.804688,25000000.000
20576,1839,-102.050781,25000000.000
20577,1790,-125.976562,25000000.000
20578,1743,-148.925781,25000000.000
20579,1743,-148.925781,25000000.000
20580,1681,-179.199219,25000000.000
20581,1662,-188.476562,25000000.000
20582,1648,-195.312500,25000000.000
20583,1652,-193.359375,25000000.000
20584,1659,-189.941406,25000000.000
20585,1678,-180.664062,25000000.000
20586,1703,-168.457031,25000000.000
20587,1707,-166.503906,25000000.000
20588,1780,-130.859375,25000000.000
20589,1829,-106.933594,25000000.000
20590,1881,-81.542969,25000000.000
20591,1886,-79.101562,25000000.000
20592,1998,-24.414062,25000000.000
20593,2059,5.371094,25000000.000
20594,2118,34.179688,25000000.000
20595,2122,36.132812,25000000.000
20596,2233,90.332031,25000000.000
20597,2285,115.722656,25000000.000
20598,2327,136.230469,25000000.000
20599,2334,139.648438,25000000.000
20600,2397,170.410156,25000000.000
20601,2422,182.617188,25000000.000
20602,2438,190.429688,25000000.000
20603,2440,191.406250,25000000.000
20604,2439,190.917969,25000000.000
20605,2424,183.593750,25000000.000
20606,2402,172.851562,25000000.000
20607,2400,171.875000,25000000.000
20608,2334,139.648438,25000000.000
20609,2287,116.699219,25000000.000
20610,2236,91.796875,25000000.000
20611,2232,89.843750,25000000.000
20612,2122,36.132812,25000000.000
20613,2062,6.835938,25000000.000
20614,2002,-22.460938,25000000.000
20615,1997,-24.902344,25000000.000
20616,1883,-80.566406,25000000.000
20617,1833,-104.980469,25000000.000
20618,1782,-129.882812,25000000.000
20619,1779,-131.347656,25000000.000
20620,1706,-166.992188,25000000.000
20621,1680,-179.687500,25000000.000
20622,1662,-188.476562,25000000.000
20623,1659,-189.941406,25000000.000
20624,1654,-192.382812,25000000.000
20625,1661,-188.964844,25000000.000
20626,1680,-179.687500,25000000.000
20627,1681,-179.199219,25000000.000
20628,1743,-148.925781,25000000.000
20629,1786,-127.929688,25000000.000
20630,1834,-104.492188,25000000.000
20631,1841,-101.074219,25000000.000
20632,1944,-50.781250,25000000.000
20633,2006,-20.507812,25000000.000
20634,2065,8.300781,25000000.000
20635,2072,11.718750,25000000.000
20636,2185,66.894531,25000000.000
20637,2241,94.238281,25000000.000
20638,2287,116.699219,25000000.000
20639,2290,118.164062,25000000.000
20640,2374,159.179688,25000000.000
20641,2408,175.781250,25000000.000
20642,2433,187.988281,25000000.000
20643,2408,175.781250,25000000.000
20644,2437,189.941406,25000000.000
20645,2432,187.500000,25000000.000
20646,2425,184.082031,25000000.000
20647,2418,180.664062,25000000.000
20648,2363,153.808594,25000000.000
20649,2327,136.230469,25000000.000
20650,2282,114.257812,25000000.000
20651,2277,111.816406,25000000.000
20652,2172,60.546875,25000000.000
20653,2113,31.738281,25000000.000
20654,2053,2.441406,25000000.000
20655,2048,0.000000,25000000.000
20656,1938,-53.710938,25000000.000
20657,1872,-85.937500,25000000.000
20658,1819,-111.816406,25000000.000
20659,1813,-114.746094,25000000.000
20660,1732,-154.296875,25000000.000
20661,1699,-170.410156,25000000.000
20662,1676,-181.640625,25000000.000
20663,1673,-183.105469,25000000.000
20664,1649,-194.824219,25000000.000
20665,1653,-192.871094,25000000.000
20666,1661,-188.964844,25000000.000
20667,1664,-187.500000,25000000.000
20668,1711,-164.550781,25000000.000
20669,1748,-146.484375,25000000.000
20670,1794,-124.023438,25000000.000
20671,1797,-122.558594,25000000.000
20672,1897,-73.730469,25000000.000
20673,1954,-45.898438,25000000.000
20674,2016,-15.625000,25000000.000
20675,2021,-13.183594,25000000.000
20676,2134,41.992188,25000000.000
20677,2195,71.777344,25000000.000
20678,2249,98.144531,25000000.000
20679,2253,100.097656,25000000.000
20680,2340,142.578125,25000000.000
20681,2380,162.109375,25000000.000
20682,2405,174.316406,25000000.000
20683,2411,177.246094,25000000.000
20684,2439,190.917969,25000000.000
20685,2441,191.894531,25000000.000
20686,2435,188.964844,25000000.000
20687,2435,188.964844,25000000.000
20688,2394,168.945312,25000000.000
20689,2360,152.343750,25000000.000
20690,2320,132.812500,25000000.000
20691,2315,130.371094,25000000.000
20692,2220,83.984375,25000000.000
20693,2164,56.640625,25000000.000
20694,2103,26.855469,25000000.000
20695,2098,24.414062,25000000.000
20696,1982,-32.226562,25000000.000
20697,1925,-60.058594,25000000.000
20698,1867,-88.378906,25000000.000
20699,1862,-90.820312,25000000.000
20700,1771,-135.253906,25000000.000
20701,1729,-155.761719,25000000.000
20702,1696,-171.875000,25000000.000
20703,1695,-172.363281,25000000.000
20704,1656,-191.406250,25000000.000
20705,1650,-194.335938,25000000.000
20706,1655,-191.894531,25000000.000
20707,1655,-191.894531,25000000.000
20708,1689,-175.292969,25000000.000
20709,1719,-160.644531,25000000.000
20710,1753,-144.042969,25000000.000
20711,1757,-142.089844,25000000.000
20712,1850,-96.679688,25000000.000
20713,1907,-68.847656,25000000.000
20714,1960,-42.968750,25000000.000
20715,1968,-39.062500,25000000.000
20716,2083,17.089844,25000000.000
20717,2147,48.339844,25000000.000
20718,2201,74.707031,25000000.000
20719,2209,78.613281,25000000.000
20720,2305,125.488281,25000000.000
20721,2348,146.484375,25000000.000
20722,2383,163.574219,25000000.000
20723,2387,165.527344,25000000.000
20724,2430,186.523438,25000000.000
20725,2440,191.406250,25000000.000
20726,2442,192.382812,25000000.000
20727,2441,191.894531,25000000.000
20728,2415,179.199219,25000000.000
20729,2390,166.992188,25000000.000
20730,2355,149.902344,25000000.000
20731,2353,148.925781,25000000.000
20732,2264,105.468750,25000000.000
20733,2215,81.542969,25000000.000
20734,2155,52.246094,25000000.000
20735,2152,50.781250,25000000.000
20736,2035,-6.347656,25000000.000
20737,1975,-35.644531,25000000.000
20738,1917,-63.964844,25000000.000
20739,1910,-67.382812,25000000.000
20740,1810,-116.210938,25000000.000
20741,1761,-140.136719,25000000.000
20742,1723,-158.691406,25000000.000
20743,1720,-160.156250,25000000.000
20744,1668,-185.546875,25000000.000
20745,1654,-192.382812,25000000.000
20746,1651,-193.847656,25000000.000
20747,1650,-194.335938,25000000.000
20748,1669,-185.058594,25000000.000
20749,1693,-173.339844,25000000.000
20750,1722,-159.179688,25000000.000
20751,1727,-156.738281,25000000.000
20752,1808,-117.187500,25000000.000
20753,1858,-92.773438,25000000.000
20754,1914,-65.429688,25000000.000
20755,1920,-62.500000,25000000.000
20756,2035,-6.347656,25000000.000
20757,2093,21.972656,25000000.000
20758,2155,52.246094,25000000.000
20759,2159,54.199219,25000000.000
20760,2262,104.492188,25000000.000
20761,2311,128.417969,25000000.000
20762,2354,149.414062,25000000.000
20763,2357,150.878906,25000000.000
20764,2413,178.222656,25000000.000
20765,2433,187.988281,25000000.000
20766,2441,191.894531,25000000.000
20767,2442,192.382812,25000000.000
20768,2432,187.500000,25000000.000
20769,2414,178.710938,25000000.000
20770,2387,165.527344,25000000.000
20771,2383,163.574219,25000000.000
20772,2307,126.464844,25000000.000
20773,2257,102.050781,25000000.000
20774,2206,77.148438,25000000.000
20775,2199,73.730469,25000000.000
20776,2087,19.042969,25000000.000
20777,2029,-9.277344,25000000.000
20778,1965,-40.527344,25000000.000
20779,1958,-43.945312,25000000.000
20780,1853,-95.214844,25000000.000
20781,1803,-119.628906,25000000.000
20782,1756,-142.578125,25000000.000
20783,1753,-144.042969,25000000.000
20784,1692,-173.828125,25000000.000
20785,1667,-186.035156,25000000.000
20786,1653,-192.871094,25000000.000
20787,1654,-192.382812,25000000.000
20788,1657,-190.917969,25000000.000
20789,1671,-184.082031,25000000.000
20790,1698,-170.898438,25000000.000
20791,1699,-170.410156,25000000.000
20792,1772,-134.765625,25000000.000
20793,1814,-114.257812,25000000.000
20794,1868,-87.890625,25000000.000
20795,1869,-87.402344,25000000.000
20796,1982,-32.226562,25000000.000
20797,2044,-1.953125,25000000.000
20798,2104,27.343750,25000000.000
20799,2110,30.273438,25000000.000
20800,2218,83.007812,25000000.000
20801,2274,110.351562,25000000.000
20802,2321,133.300781,25000000.000
20803,2326,135.742188,25000000.000
20804,2393,168.457031,25000000.000
20805,2418,180.664062,25000000.000
20806,2434,188.476562,25000000.000
20807,2441,191.894531,25000000.000
20808,2443,192.871094,25000000.000
20809,2431,187.011719,25000000.000
20810,2407,175.292969,25000000.000
20811,2404,173.828125,25000000.000
20812,2346,145.507812,25000000.000
20813,2302,124.023438,25000000.000
20814,2249,98.144531,25000000.000
20815,2246,96.679688,25000000.000
20816,2137,43.457031,25000000.000
20817,2079,15.136719,25000000.000
20818,2019,-14.160156,25000000.000
20819,2011,-18.066406,25000000.000
20820,1900,-72.265625,25000000.000
20821,1843,-100.097656,25000000.000
20822,1796,-123.046875,25000000.000
20823,1789,-126.464844,25000000.000
20824,1715,-162.597656,25000000.000
20825,1685,-177.246094,25000000.000
20826,1664,-187.500000,25000000.000
20827,1661,-188.964844,25000000.000
20828,1652,-193.359375,25000000.000
20829,1658,-190.429688,25000000.000
20830,1673,-183.105469,25000000.000
20831,1677,-181.152344,25000000.000
20832,1733,-153.808594,25000000.000
20833,1775,-133.300781,25000000.000
20834,1821,-110.839844,25000000.000
20835,1828,-107.421875,25000000.000
20836,1932,-56.640625,25000000.000
20837,1990,-28.320312,25000000.000
20838,2051,1.464844,25000000.000
20839,2059,5.371094,25000000.000
20840,2174,61.523438,25000000.000
20841,2224,85.937500,25000000.000
20842,2278,112.304688,25000000.000
20843,2283,114.746094,25000000.000
20844,2364,154.296875,25000000.000
20845,2396,169.921875,25000000.000
20846,2420,181.640625,25000000.000
20847,2423,183.105469,25000000.000
20848,2442,192.382812,25000000.000
20849,2440,191.406250,25000000.000
20850,2427,185.058594,25000000.000
20851,2427,185.058594,25000000.000
20852,2375,159.667969,25000000.000
20853,2337,141.113281,25000000.000
20854,2293,119.628906,25000000.000
20855,2290,118.164062,25000000.000
20856,2188,68.359375,25000000.000
20857,2127,38.574219,25000000.000
20858,2069,10.253906,25000000.000
20859,2061,6.347656,25000000.000
20860,1947,-49.316406,25000000.000
20861,1889,-77.636719,25000000.000
20862,1835,-104.003906,25000000.000
20863,1830,-106.445312,25000000.000
20864,1743,-148.925781,25000000.000
20865,1708,-166.015625,25000000.000
20866,1679,-180.175781,25000000.000
20867,1677,-181.152344,25000000.000
20868,1652,-193.359375,25000000.000
20869,1649,-194.824219,25000000.000
20870,1659,-189.941406,25000000.000
20871,1662,-188.476562,25000000.000
20872,1705,-167.480469,25000000.000
20873,1738,-151.367188,25000000.000
20874,1782,-129.882812,25000000.000
20875,1785,-128.417969,25000000.000
20876,1882,-81.054688,25000000.000
20877,1940,-52.734375,25000000.000
20878,1999,-23.925781,25000000.000
20879,2005,-20.996094,25000000.000
20880,2120,35.156250,25000000.000
20881,2181,64.941406,25000000.000
20882,2233,90.332031,25000000.000
20883,2241,94.238281,25000000.000
20884,2323,134.277344,25000000.000
20885,2355,149.902344,25000000.000
20886,2406,174.804688,25000000.000
20887,2400,171.875000,25000000.000
20888,2435,188.964844,25000000.000
20889,2436,189.453125,25000000.000
20890,2442,192.382812,25000000.000
20891,2429,186.035156,25000000.000
20892,2403,173.339844,25000000.000
20893,2374,159.179688,25000000.000
20894,2331,138.183594,25000000.000
20895,2325,135.253906,25000000.000
20896,2234,90.820312,25000000.000
20897,2181,64.941406,25000000.000
20898,2119,34.667969,25000000.000
20899,2114,32.226562,25000000.000
20900,2000,-23.437500,25000000.000
20901,1939,-53.222656,25000000.000
20902,1881,-81.542969,25000000.000
20903,1876,-83.984375,25000000.000
20904,1782,-129.882812,25000000.000
20905,1737,-151.855469,25000000.000
20906,1704,-167.968750,25000000.000
20907,1700,-169.921875,25000000.000
20908,1660,-189.453125,25000000.000
20909,1650,-194.335938,25000000.000
20910,1650,-194.335938,25000000.000
20911,1650,-194.335938,25000000.000
20912,1682,-178.710938,25000000.000
20913,1709,-165.527344,25000000.000
20914,1742,-149.414062,25000000.000
20915,1750,-145.507812,25000000.000
20916,1835,-104.003906,25000000.000
20917,1892,-76.171875,25000000.000
20918,1950,-47.851562,25000000.000
20919,1956,-44.921875,25000000.000
20920,2070,10.742188,25000000.000
20921,2129,39.550781,25000000.000
20922,2189,68.847656,25000000.000
20923,2195,71.777344,25000000.000
20924,2294,120.117188,25000000.000
20925,2337,141.113281,25000000.000
20926,2375,159.667969,25000000.000
20927,2376,160.156250,25000000.000
20928,2426,184.570312,25000000.000
20929,2441,191.894531,25000000.000
20930,2440,191.406250,25000000.000
20931,2442,192.382812,25000000.000
20932,2420,181.640625,25000000.000
20933,2397,170.410156,25000000.000
20934,2364,154.296875,25000000.000
20935,2363,153.808594,25000000.000
20936,2278,112.304688,25000000.000
20937,2226,86.914062,25000000.000
20938,2170,59.570312,25000000.000
20939,2164,56.640625,25000000.000
20940,2052,1.953125,25000000.000
20941,1988,-29.296875,25000000.000
20942,1931,-57.128906,25000000.000
20943,1924,-60.546875,25000000.000
20944,1819,-111.816406,25000000.000
20945,1773,-134.277344,25000000.000
20946,1731,-154.785156,25000000.000
20947,1727,-156.738281,25000000.000
20948,1673,-183.105469,25000000.000
20949,1658,-190.429688,25000000.000
20950,1651,-193.847656,25000000.000
20951,1651,-193.847656,25000000.000
20952,1663,-187.988281,25000000.000
20953,1686,-176.757812,25000000.000
20954,1715,-162.597656,25000000.000
20955,1719,-160.644531,25000000.000
20956,1797,-122.558594,25000000.000
20957,1844,-99.609375,25000000.000
20958,1901,-71.777344,25000000.000
20959,1907,-68.847656,25000000.000
20960,2017,-15.136719,25000000.000
20961,2079,15.136719,25000000.000
20962,2139,44.433594,25000000.000
20963,2144,46.875000,25000000.000
20964,2250,98.632812,25000000.000
20965,2301,123.535156,25000000.000
20966,2344,144.531250,25000000.000
20967,2349,146.972656,25000000.000
20968,2410,176.757812,25000000.000
20969,2430,186.523438,25000000.000
20970,2440,191.406250,25000000.000
20971,2442,192.382812,25000000.000
20972,2436,189.453125,25000000.000
20973,2417,180.175781,25000000.000
20974,2394,168.945312,25000000.000
20975,2390,166.992188,25000000.000
20976,2319,132.324219,25000000.000
20977,2273,109.863281,25000000.000
20978,2219,83.496094,25000000.000
20979,2213,80.566406,25000000.000
20980,2103,26.855469,25000000.000
20981,2044,-1.953125,25000000.000
20982,1975,-35.644531,25000000.000
20983,1970,-38.085938,25000000.000
20984,1869,-87.402344,25000000.000
20985,1809,-116.699219,25000000.000
20986,1769,-136.230469,25000000.000
20987,1763,-139.160156,25000000.000
20988,1695,-172.363281,25000000.000
20989,1668,-185.546875,25000000.000
20990,1656,-191.406250,25000000.000
20991,1653,-192.871094,25000000.000
20992,1653,-192.871094,25000000.000
20993,1666,-186.523438,25000000.000
20994,1689,-175.292969,25000000.000
20995,1689,-175.292969,25000000.000
20996,1758,-141.601562,25000000.000
20997,1804,-119.140625,25000000.000
20998,1852,-95.703125,25000000.000
20999,1858,-92.773438,25000000.000
21000,1968,-39.062500,25000000.000
21001,2026,-10.742188,25000000.000
21002,2088,19.531250,25000000.000
21003,2097,23.925781,25000000.000
21004,2205,76.660156,25000000.000
21005,2258,102.539062,25000000.000
21006,2309,127.441406,25000000.000
21007,2311,128.417969,25000000.000
21008,2386,165.039062,25000000.000
21009,2414,178.710938,25000000.000
21010,2432,187.500000,25000000.000
21011,2432,187.500000,25000000.000
21012,2442,192.382812,25000000.000
21013,2435,188.964844,25000000.000
21014,2413,178.222656,25000000.000
21015,2414,178.710938,25000000.000
21016,2353,148.925781,25000000.000
21017,2313,129.394531,25000000.000
21018,2264,105.468750,25000000.000
21019,2259,103.027344,25000000.000
21020,2153,51.269531,25000000.000
21021,2092,21.484375,25000000.000
21022,2032,-7.812500,25000000.000
21023,2024,-11.718750,25000000.000
21024,1914,-65.429688,25000000.000
21025,1858,-92.773438,25000000.000
21026,1804,-119.140625,25000000.000
21027,1799,-121.582031,25000000.000
21028,1720,-160.156250,25000000.000
21029,1694,-172.851562,25000000.000
21030,1666,-186.523438,25000000.000
21031,1667,-186.035156,25000000.000
21032,1650,-194.335938,25000000.000
21033,1655,-191.894531,25000000.000
21034,1669,-185.058594,25000000.000
21035,1674,-182.617188,25000000.000
21036,1724,-158.203125,25000000.000
21037,1762,-139.648438,25000000.000
21038,1811,-115.722656,25000000.000
21039,1814,-114.257812,25000000.000
21040,1918,-63.476562,25000000.000
21041,1975,-35.644531,25000000.000
21042,2037,-5.371094,25000000.000
21043,2041,-3.417969,25000000.000
21044,2155,52.246094,25000000.000
21045,2214,81.054688,25000000.000
21046,2265,105.957031,25000000.000
21047,2272,109.375000,25000000.000
21048,2356,150.390625,25000000.000
21049,2391,167.480469,25000000.000
21050,2416,179.687500,25000000.000
21051,2419,181.152344,25000000.000
21052,2441,191.894531,25000000.000
21053,2433,187.988281,25000000.000
21054,2448,195.312500,25000000.000
21055,2432,187.500000,25000000.000
21056,2409,176.269531,25000000.000
21057,2330,137.695312,25000000.000
21058,2301,123.535156,25000000.000
21059,2296,121.093750,25000000.000
21060,2203,75.683594,25000000.000
21061,2136,42.968750,25000000.000
21062,2081,16.113281,25000000.000
21063,2075,13.183594,25000000.000
21064,1959,-43.457031,25000000.000
21065,1902,-71.289062,25000000.000
21066,1848,-97.656250,25000000.000
21067,1840,-101.562500,25000000.000
21068,1751,-145.019531,25000000.000
21069,1714,-163.085938,25000000.000
21070,1687,-176.269531,25000000.000
21071,1685,-177.246094,25000000.000
21072,1653,-192.871094,25000000.000
21073,1648,-195.312500,25000000.000
21074,1658,-190.429688,25000000.000
21075,1658,-190.429688,25000000.000
21076,1696,-171.875000,25000000.000
21077,1733,-153.808594,25000000.000
21078,1771,-135.253906,25000000.000
21079,1776,-132.812500,25000000.000
21080,1868,-87.890625,25000000.000
21081,1926,-59.570312,25000000.000
21082,1983,-31.738281,25000000.000
21083,1991,-27.832031,25000000.000
21084,2106,28.320312,25000000.000
21085,2165,57.128906,25000000.000
21086,2221,84.472656,25000000.000
21087,2228,87.890625,25000000.000
21088,2321,133.300781,25000000.000
21089,2359,151.855469,25000000.000
21090,2393,168.457031,25000000.000
21091,2397,170.410156,25000000.000
21092,2435,188.964844,25000000.000
21093,2437,189.941406,25000000.000
21094,2436,189.453125,25000000.000
21095,2442,192.382812,25000000.000
21096,2408,175.781250,25000000.000
21097,2394,168.945312,25000000.000
21098,2343,144.042969,25000000.000
21099,2332,138.671875,25000000.000
21100,2248,97.656250,25000000.000
21101,2194,71.289062,25000000.000
21102,2131,40.527344,25000000.000
21103,2133,41.503906,25000000.000
21104,2012,-17.578125,25000000.000
21105,1954,-45.898438,25000000.000
21106,1897,-73.730469,25000000.000
21107,1890,-77.148438,25000000.000
21108,1791,-125.488281,25000000.000
21109,1749,-145.996094,25000000.000
21110,1712,-164.062500,25000000.000
21111,1707,-166.503906,25000000.000
21112,1660,-189.453125,25000000.000
21113,1653,-192.871094,25000000.000
21114,1648,-195.312500,25000000.000
21115,1651,-193.847656,25000000.000
21116,1674,-182.617188,25000000.000
21117,1703,-168.457031,25000000.000
21118,1734,-153.320312,25000000.000
21119,1737,-151.855469,25000000.000
21120,1826,-108.398438,25000000.000
21121,1877,-83.496094,25000000.000
21122,1935,-55.175781,25000000.000
21123,1941,-52.246094,25000000.000
21124,2056,3.906250,25000000.000
21125,2115,32.714844,25000000.000
21126,2173,61.035156,25000000.000
21127,2180,64.453125,25000000.000
21128,2281,113.769531,25000000.000
21129,2328,136.718750,25000000.000
21130,2366,155.273438,25000000.000
21131,2371,157.714844,25000000.000
21132,2421,182.128906,25000000.000
21133,2438,190.429688,25000000.000
21134,2444,193.359375,25000000.000
21135,2444,193.359375,25000000.000
21136,2426,184.570312,25000000.000
21137,2404,173.828125,25000000.000
21138,2374,159.179688,25000000.000
21139,2369,156.738281,25000000.000
21140,2291,118.652344,25000000.000
21141,2241,94.238281,25000000.000
21142,2184,66.406250,25000000.000
21143,2178,63.476562,25000000.000
21144,2071,11.230469,25000000.000
21145,2009,-19.042969,25000000.000
21146,1944,-50.781250,25000000.000
21147,1953,-46.386719,25000000.000
21148,1856,-93.750000,25000000.000
21149,1789,-126.464844,25000000.000
21150,1742,-149.414062,25000000.000
21151,1731,-154.785156,25000000.000
21152,1678,-180.664062,25000000.000
21153,1662,-188.476562,25000000.000
21154,1644,-197.265625,25000000.000
21155,1647,-195.800781,25000000.000
21156,1665,-187.011719,25000000.000
21157,1678,-180.664062,25000000.000
21158,1704,-167.968750,25000000.000
21159,1707,-166.503906,25000000.000
21160,1784,-128.906250,25000000.000
21161,1831,-105.957031,25000000.000
21162,1885,-79.589844,25000000.000
21163,1890,-77.148438,25000000.000
21164,2002,-22.460938,25000000.000
21165,2065,8.300781,25000000.000
21166,2124,37.109375,25000000.000
21167,2131,40.527344,25000000.000
21168,2240,93.750000,25000000.000
21169,2289,117.675781,25000000.000
21170,2334,139.648438,25000000.000
21171,2340,142.578125,25000000.000
21172,2404,173.828125,25000000.000
21173,2425,184.082031,25000000.000
21174,2440,191.406250,25000000.000
21175,2440,191.406250,25000000.000
21176,2438,190.429688,25000000.000
21177,2426,184.570312,25000000.000
21178,2400,171.875000,25000000.000
21179,2398,170.898438,25000000.000
21180,2328,136.718750,25000000.000
21181,2286,116.210938,25000000.000
21182,2232,89.843750,25000000.000
21183,2228,87.890625,25000000.000
21184,2119,34.667969,25000000.000
21185,2057,4.394531,25000000.000
21186,1997,-24.902344,25000000.000
21187,1990,-28.320312,25000000.000
21188,1880,-82.031250,25000000.000
21189,1823,-109.863281,25000000.000
21190,1779,-131.347656,25000000.000
21191,1774,-133.789062,25000000.000
21192,1701,-169.433594,25000000.000
21193,1678,-180.664062,25000000.000
21194,1659,-189.941406,25000000.000
21195,1657,-190.917969,25000000.000
21196,1651,-193.847656,25000000.000
21197,1665,-187.011719,25000000.000
21198,1683,-178.222656,25000000.000
21199,1686,-176.757812,25000000.000
21200,1749,-145.996094,25000000.000
21201,1791,-125.488281,25000000.000
21202,1841,-101.074219,25000000.000
21203,1848,-97.656250,25000000.000
21204,1954,-45.898438,25000000.000
21205,2011,-18.066406,25000000.000
21206,2076,13.671875,25000000.000
21207,2079,15.136719,25000000.000
21208,2192,70.312500,25000000.000
21209,2249,98.144531,25000000.000
21210,2295,120.605469,25000000.000
21211,2300,123.046875,25000000.000
21212,2377,160.644531,25000000.000
21213,2408,175.781250,25000000.000
21214,2426,184.570312,25000000.000
21215,2430,186.523438,25000000.000
21216,2441,191.894531,25000000.000
21217,2437,189.941406,25000000.000
21218,2421,182.128906,25000000.000
21219,2420,181.640625,25000000.000
21220,2365,154.785156,25000000.000
21221,2321,133.300781,25000000.000
21222,2278,112.304688,25000000.000
21223,2270,108.398438,25000000.000
21224,2167,58.105469,25000000.000
21225,2107,28.808594,25000000.000
21226,2047,-0.488281,25000000.000
21227,2040,-3.906250,25000000.000
21228,1926,-59.570312,25000000.000
21229,1867,-88.378906,25000000.000
21230,1839,-102.050781,25000000.000
21231,1785,-128.417969,25000000.000
21232,1729,-155.761719,25000000.000
21233,1691,-174.316406,25000000.000
21234,1673,-183.105469,25000000.000
21235,1671,-184.082031,25000000.000
21236,1651,-193.847656,25000000.000
21237,1651,-193.847656,25000000.000
21238,1666,-186.523438,25000000.000
21239,1667,-186.035156,25000000.000
21240,1715,-162.597656,25000000.000
21241,1753,-144.042969,25000000.000
21242,1797,-122.558594,25000000.000
21243,1802,-120.117188,25000000.000
21244,1901,-71.777344,25000000.000
21245,1960,-42.968750,25000000.000
21246,2020,-13.671875,25000000.000
21247,2028,-9.765625,25000000.000
21248,2142,45.898438,25000000.000
21249,2200,74.218750,25000000.000
21250,2254,100.585938,25000000.000
21251,2261,104.003906,25000000.000
21252,2347,145.996094,25000000.000
21253,2382,163.085938,25000000.000
21254,2411,177.246094,25000000.000
21255,2412,177.734375,25000000.000
21256,2441,191.894531,25000000.000
21257,2442,192.382812,25000000.000
21258,2436,189.453125,25000000.000
21259,2434,188.476562,25000000.000
21260,2387,165.527344,25000000.000
21261,2359,151.855469,25000000.000
21262,2315,130.371094,25000000.000
21263,2314,129.882812,25000000.000
21264,2213,80.566406,25000000.000
21265,2159,54.199219,25000000.000
21266,2098,24.414062,25000000.000
21267,2092,21.484375,25000000.000
21268,1977,-34.667969,25000000.000
21269,1918,-63.476562,25000000.000
21270,1861,-91.308594,25000000.000
21271,1858,-92.773438,25000000.000
21272,1765,-138.183594,25000000.000
21273,1725,-157.714844,25000000.000
21274,1690,-174.804688,25000000.000
21275,1696,-171.875000,25000000.000
21276,1652,-193.359375,25000000.000
21277,1650,-194.335938,25000000.000
21278,1654,-192.382812,25000000.000
21279,1657,-190.917969,25000000.000
21280,1687,-176.269531,25000000.000
21281,1721,-159.667969,25000000.000
21282,1759,-141.113281,25000000.000
21283,1766,-137.695312,25000000.000
21284,1856,-93.750000,25000000.000
21285,1911,-66.894531,25000000.000
21286,1969,-38.574219,25000000.000
21287,1976,-35.156250,25000000.000
21288,2091,20.996094,25000000.000
21289,2148,48.828125,25000000.000
21290,2206,77.148438,25000000.000
21291,2215,81.542969,25000000.000
21292,2310,127.929688,25000000.000
21293,2352,148.437500,25000000.000
21294,2387,165.527344,25000000.000
21295,2389,166.503906,25000000.000
21296,2431,187.011719,25000000.000
21297,2442,192.382812,25000000.000
21298,2441,191.894531,25000000.000
21299,2440,191.406250,25000000.000
21300,2412,177.734375,25000000.000
21301,2387,165.527344,25000000.000
21302,2352,148.437500,25000000.000
21303,2348,146.484375,25000000.000
21304,2262,104.492188,25000000.000
21305,2205,76.660156,25000000.000
21306,2149,49.316406,25000000.000
21307,2142,45.898438,25000000.000
21308,2029,-9.277344,25000000.000
21309,1968,-39.062500,25000000.000
21310,1909,-67.871094,25000000.000
21311,1902,-71.289062,25000000.000
21312,1802,-120.117188,25000000.000
21313,1759,-141.113281,25000000.000
21314,1716,-162.109375,25000000.000
21315,1717,-161.621094,25000000.000
21316,1667,-186.035156,25000000.000
21317,1652,-193.359375,25000000.000
21318,1651,-193.847656,25000000.000
21319,1651,-193.847656,25000000.000
21320,1672,-183.593750,25000000.000
21321,1694,-172.851562,25000000.000
21322,1727,-156.738281,25000000.000
21323,1730,-155.273438,25000000.000
21324,1813,-114.746094,25000000.000
21325,1865,-89.355469,25000000.000
21326,1921,-62.011719,25000000.000
21327,1925,-60.058594,25000000.000
21328,2040,-3.906250,25000000.000
21329,2102,26.367188,25000000.000
21330,2157,53.222656,25000000.000
21331,2164,56.640625,25000000.000
21332,2271,108.886719,25000000.000
21333,2316,130.859375,25000000.000
21334,2358,151.367188,25000000.000
21335,2362,153.320312,25000000.000
21336,2419,181.152344,25000000.000
21337,2433,187.988281,25000000.000
21338,2441,191.894531,25000000.000
21339,2438,190.429688,25000000.000
21340,2432,187.500000,25000000.000
21341,2410,176.757812,25000000.000
21342,2378,161.132812,25000000.000
21343,2377,160.644531,25000000.000
21344,2302,124.023438,25000000.000
21345,2253,100.097656,25000000.000
21346,2198,73.242188,25000000.000
21347,2193,70.800781,25000000.000
21348,2080,15.625000,25000000.000
21349,2020,-13.671875,25000000.000
21350,1959,-43.457031,25000000.000
21351,1954,-45.898438,25000000.000
21352,1848,-97.656250,25000000.000
21353,1796,-123.046875,25000000.000
21354,1753,-144.042969,25000000.000
21355,1747,-146.972656,25000000.000
21356,1687,-176.269531,25000000.000
21357,1660,-189.453125,25000000.000
21358,1658,-190.429688,25000000.000
21359,1654,-192.382812,25000000.000
21360,1653,-192.871094,25000000.000
21361,1675,-182.128906,25000000.000
21362,1700,-169.921875,25000000.000
21363,1705,-167.480469,25000000.000
21364,1772,-134.765625,25000000.000
21365,1820,-111.328125,25000000.000
21366,1874,-84.960938,25000000.000
21367,1879,-82.519531,25000000.000
21368,1989,-28.808594,25000000.000
21369,2049,0.488281,25000000.000
21370,2111,30.761719,25000000.000
21371,2118,34.179688,25000000.000
21372,2226,86.914062,25000000.000
21373,2275,110.839844,25000000.000
21374,2324,134.765625,25000000.000
21375,2327,136.230469,25000000.000
21376,2395,169.433594,25000000.000
21377,2420,181.640625,25000000.000
21378,2436,189.453125,25000000.000
21379,2438,190.429688,25000000.000
21380,2438,190.429688,25000000.000
21381,2430,186.523438,25000000.000
21382,2406,174.804688,25000000.000
21383,2404,173.828125,25000000.000
21384,2341,143.066406,25000000.000
21385,2296,121.093750,25000000.000
21386,2247,97.167969,25000000.000
21387,2241,94.238281,25000000.000
21388,2133,41.503906,25000000.000
21389,2070,10.742188,25000000.000
21390,2010,-18.554688,25000000.000
21391,2004,-21.484375,25000000.000
21392,1891,-76.660156,25000000.000
21393,1837,-103.027344,25000000.000
21394,1789,-126.464844,25000000.000
21395,1784,-128.906250,25000000.000
21396,1707,-166.503906,25000000.000
21397,1683,-178.222656,25000000.000
21398,1662,-188.476562,25000000.000
21399,1661,-188.964844,25000000.000
21400,1651,-193.847656,25000000.000
21401,1660,-189.453125,25000000.000
21402,1676,-181.640625,25000000.000
21403,1680,-179.687500,25000000.000
21404,1740,-150.390625,25000000.000
21405,1780,-130.859375,25000000.000
21406,1828,-107.421875,25000000.000
21407,1832,-105.468750,25000000.000
21408,1937,-54.199219,25000000.000
21409,1998,-24.414062,25000000.000
21410,2058,4.882812,25000000.000
21411,2064,7.812500,25000000.000
21412,2177,62.988281,25000000.000
21413,2235,91.308594,25000000.000
21414,2283,114.746094,25000000.000
21415,2288,117.187500,25000000.000
21416,2370,157.226562,25000000.000
21417,2396,169.921875,25000000.000
21418,2424,183.593750,25000000.000
21419,2426,184.570312,25000000.000
21420,2443,192.871094,25000000.000
21421,2438,190.429688,25000000.000
21422,2426,184.570312,25000000.000
21423,2422,182.617188,25000000.000
21424,2372,158.203125,25000000.000
21425,2333,139.160156,25000000.000
21426,2286,116.210938,25000000.000
21427,2282,114.257812,25000000.000
21428,2180,64.453125,25000000.000
21429,2123,36.621094,25000000.000
21430,2059,5.371094,25000000.000
21431,2056,3.906250,25000000.000
21432,1940,-52.734375,25000000.000
21433,1881,-81.542969,25000000.000
21434,1830,-106.445312,25000000.000
21435,1826,-108.398438,25000000.000
21436,1738,-151.367188,25000000.000
21437,1703,-168.457031,25000000.000
21438,1678,-180.664062,25000000.000
21439,1675,-182.128906,25000000.000
21440,1651,-193.847656,25000000.000
21441,1651,-193.847656,25000000.000
21442,1659,-189.941406,25000000.000
21443,1660,-189.453125,25000000.000
21444,1707,-166.503906,25000000.000
21445,1742,-149.414062,25000000.000
21446,1784,-128.906250,25000000.000
21447,1791,-125.488281,25000000.000
21448,1888,-78.125000,25000000.000
21449,1937,-54.199219,25000000.000
21450,2005,-20.996094,25000000.000
21451,2007,-20.019531,25000000.000
21452,2130,40.039062,25000000.000
21453,2184,66.406250,25000000.000
21454,2244,95.703125,25000000.000
21455,2247,97.167969,25000000.000
21456,2335,140.136719,25000000.000
21457,2373,158.691406,25000000.000
21458,2404,173.828125,25000000.000
21459,2406,174.804688,25000000.000
21460,2437,189.941406,25000000.000
21461,2442,192.382812,25000000.000
21462,2436,189.453125,25000000.000
21463,2436,189.453125,25000000.000
21464,2396,169.921875,25000000.000
21465,2366,155.273438,25000000.000
21466,2327,136.230469,25000000.000
21467,2322,133.789062,25000000.000
21468,2229,88.378906,25000000.000
21469,2172,60.546875,25000000.000
21470,2115,32.714844,25000000.000
21471,2107,28.808594,25000000.000
21472,1992,-27.343750,25000000.000
21473,1933,-56.152344,25000000.000
21474,1875,-84.472656,25000000.000
21475,1869,-87.402344,25000000.000
21476,1774,-133.789062,25000000.000
21477,1733,-153.808594,25000000.000
21478,1699,-170.410156,25000000.000
21479,1697,-171.386719,25000000.000
21480,1655,-191.894531,25000000.000
21481,1652,-193.359375,25000000.000
21482,1652,-193.359375,25000000.000
21483,1652,-193.359375,25000000.000
21484,1684,-177.734375,25000000.000
21485,1711,-164.550781,25000000.000
21486,1749,-145.996094,25000000.000
21487,1753,-144.042969,25000000.000
21488,1843,-100.097656,25000000.000
21489,1897,-73.730469,25000000.000
21490,1956,-44.921875,25000000.000
21491,1961,-42.480469,25000000.000
21492,2076,13.671875,25000000.000
21493,2136,42.968750,25000000.000
21494,2195,71.777344,25000000.000
21495,2199,73.730469,25000000.000
21496,2296,121.093750,25000000.000
21497,2343,144.042969,25000000.000
21498,2378,161.132812,25000000.000
21499,2381,162.597656,25000000.000
21500,2429,186.035156,25000000.000
21501,2440,191.406250,25000000.000
21502,2441,191.894531,25000000.000
21503,2441,191.894531,25000000.000
21504,2421,182.128906,25000000.000
21505,2393,168.457031,25000000.000
21506,2359,151.855469,25000000.000
21507,2354,149.414062,25000000.000
21508,2274,110.351562,25000000.000
21509,2220,83.984375,25000000.000
21510,2162,55.664062,25000000.000
21511,2157,53.222656,25000000.000
21512,2042,-2.929688,25000000.000
21513,1982,-32.226562,25000000.000
21514,1922,-61.523438,25000000.000
21515,1917,-63.964844,25000000.000
21516,1815,-113.769531,25000000.000
21517,1767,-137.207031,25000000.000
21518,1729,-155.761719,25000000.000
21519,1726,-157.226562,25000000.000
21520,1671,-184.082031,25000000.000
21521,1653,-192.871094,25000000.000
21522,1650,-194.335938,25000000.000
21523,1650,-194.335938,25000000.000
21524,1666,-186.523438,25000000.000
21525,1688,-175.781250,25000000.000
21526,1717,-161.621094,25000000.000
21527,1721,-159.667969,25000000.000
21528,1800,-121.093750,25000000.000
21529,1853,-95.214844,25000000.000
21530,1906,-69.335938,25000000.000
21531,1914,-65.429688,25000000.000
21532,2026,-10.742188,25000000.000
21533,2086,18.554688,25000000.000
21534,2148,48.828125,25000000.000
21535,2154,51.757812,25000000.000
21536,2258,102.539062,25000000.000
21537,2306,125.976562,25000000.000
21538,2349,146.972656,25000000.000
21539,2352,148.437500,25000000.000
21540,2413,178.222656,25000000.000
21541,2431,187.011719,25000000.000
21542,2441,191.894531,25000000.000
21543,2441,191.894531,25000000.000
21544,2433,187.988281,25000000.000
21545,2419,181.152344,25000000.000
21546,2388,166.015625,25000000.000
21547,2388,166.015625,25000000.000
21548,2314,129.882812,25000000.000
21549,2266,106.445312,25000000.000
21550,2213,80.566406,25000000.000
21551,2209,78.613281,25000000.000
21552,2095,22.949219,25000000.000
21553,2033,-7.324219,25000000.000
21554,1978,-34.179688,25000000.000
21555,1970,-38.085938,25000000.000
21556,1858,-92.773438,25000000.000
21557,1808,-117.187500,25000000.000
21558,1762,-139.648438,25000000.000
21559,1758,-141.601562,25000000.000
21560,1690,-174.804688,25000000.000
21561,1669,-185.058594,25000000.000
21562,1655,-191.894531,25000000.000
21563,1655,-191.894531,25000000.000
21564,1653,-192.871094,25000000.000
21565,1669,-185.058594,25000000.000
21566,1692,-173.828125,25000000.000
21567,1696,-171.875000,25000000.000
21568,1763,-139.160156,25000000.000
21569,1808,-117.187500,25000000.000
21570,1861,-91.308594,25000000.000
21571,1864,-89.843750,25000000.000
21572,1974,-36.132812,25000000.000
21573,2035,-6.347656,25000000.000
21574,2097,23.925781,25000000.000
21575,2101,25.878906,25000000.000
21576,2202,75.195312,25000000.000
21577,2253,100.097656,25000000.000
21578,2315,130.371094,25000000.000
21579,2310,127.929688,25000000.000
21580,2386,165.039062,25000000.000
21581,2415,179.199219,25000000.000
21582,2434,188.476562,25000000.000
21583,2434,188.476562,25000000.000
21584,2443,192.871094,25000000.000
21585,2431,187.011719,25000000.000
21586,2413,178.222656,25000000.000
21587,2409,176.269531,25000000.000
21588,2350,147.460938,25000000.000
21589,2306,125.976562,25000000.000
21590,2257,102.050781,25000000.000
21591,2250,98.632812,25000000.000
21592,2148,48.828125,25000000.000
21593,2077,14.160156,25000000.000
21594,2027,-10.253906,25000000.000
21595,2019,-14.160156,25000000.000
21596,1890,-77.148438,25000000.000
21597,1854,-94.726562,25000000.000
21598,1797,-122.558594,25000000.000
21599,1785,-128.417969,25000000.000
21600,1720,-160.156250,25000000.000
21601,1683,-178.222656,25000000.000
21602,1665,-187.011719,25000000.000
21603,1662,-188.476562,25000000.000
21604,1652,-193.359375,25000000.000
21605,1653,-192.871094,25000000.000
21606,1673,-183.105469,25000000.000
21607,1673,-183.105469,25000000.000
21608,1727,-156.738281,25000000.000
21609,1768,-136.718750,25000000.000
21610,1815,-113.769531,25000000.000
21611,1819,-111.816406,25000000.000
21612,1921,-62.011719,25000000.000
21613,1983,-31.738281,25000000.000
21614,2043,-2.441406,25000000.000
21615,2049,0.488281,25000000.000
21616,2162,55.664062,25000000.000
21617,2219,83.496094,25000000.000
21618,2271,108.886719,25000000.000
21619,2279,112.792969,25000000.000
21620,2367,155.761719,25000000.000
21621,2389,166.503906,25000000.000
21622,2421,182.128906,25000000.000
21623,2422,182.617188,25000000.000
21624,2442,192.382812,25000000.000
21625,2441,191.894531,25000000.000
21626,2427,185.058594,25000000.000
21627,2426,184.570312,25000000.000
21628,2379,161.621094,25000000.000
21629,2345,145.019531,25000000.000
21630,2299,122.558594,25000000.000
21631,2296,121.093750,25000000.000
21632,2195,71.777344,25000000.000
21633,2136,42.968750,25000000.000
21634,2076,13.671875,25000000.000
21635,2072,11.718750,25000000.000
21636,1959,-43.457031,25000000.000
21637,1893,-75.683594,25000000.000
21638,1841,-101.074219,25000000.000
21639,1832,-105.468750,25000000.000
21640,1748,-146.484375,25000000.000
21641,1711,-164.550781,25000000.000
21642,1684,-177.734375,25000000.000
21643,1681,-179.199219,25000000.000
21644,1652,-193.359375,25000000.000
21645,1650,-194.335938,25000000.000
21646,1656,-191.406250,25000000.000
21647,1660,-189.453125,25000000.000
21648,1699,-170.410156,25000000.000
21649,1733,-153.808594,25000000.000
21650,1776,-132.812500,25000000.000
21651,1781,-130.371094,25000000.000
21652,1875,-84.472656,25000000.000
21653,1930,-57.617188,25000000.000
21654,1992,-27.343750,25000000.000
21655,1997,-24.902344,25000000.000
21656,2112,31.250000,25000000.000
21657,2173,61.035156,25000000.000
21658,2228,87.890625,25000000.000
21659,2231,89.355469,25000000.000
21660,2325,135.253906,25000000.000
21661,2366,155.273438,25000000.000
21662,2396,169.921875,25000000.000
21663,2401,172.363281,25000000.000
21664,2436,189.453125,25000000.000
21665,2441,191.894531,25000000.000
21666,2439,190.917969,25000000.000
21667,2438,190.429688,25000000.000
21668,2406,174.804688,25000000.000
21669,2374,159.179688,25000000.000
21670,2337,141.113281,25000000.000
21671,2332,138.671875,25000000.000
21672,2244,95.703125,25000000.000
21673,2186,67.382812,25000000.000
21674,2127,38.574219,25000000.000
21675,2120,35.156250,25000000.000
21676,2006,-20.507812,25000000.000
21677,1946,-49.804688,25000000.000
21678,1887,-78.613281,25000000.000
21679,1882,-81.054688,25000000.000
21680,1783,-129.394531,25000000.000
21681,1743,-148.925781,25000000.000
21682,1708,-166.015625,25000000.000
21683,1707,-166.503906,25000000.000
21684,1660,-189.453125,25000000.000
21685,1650,-194.335938,25000000.000
21686,1651,-193.847656,25000000.000
21687,1650,-194.335938,25000000.000
21688,1679,-180.175781,25000000.000
21689,1705,-167.480469,25000000.000
21690,1739,-150.878906,25000000.000
21691,1744,-148.437500,25000000.000
21692,1827,-107.910156,25000000.000
21693,1884,-80.078125,25000000.000
21694,1943,-51.269531,25000000.000
21695,1948,-48.828125,25000000.000
21696,2059,5.371094,25000000.000
21697,2122,36.132812,25000000.000
21698,2179,63.964844,25000000.000
21699,2185,66.894531,25000000.000
21700,2287,116.699219,25000000.000
21701,2331,138.183594,25000000.000
21702,2372,158.203125,25000000.000
21703,2374,159.179688,25000000.000
21704,2426,184.570312,25000000.000
21705,2437,189.941406,25000000.000
21706,2443,192.871094,25000000.000
21707,2442,192.382812,25000000.000
21708,2423,183.105469,25000000.000
21709,2401,172.363281,25000000.000
21710,2369,156.738281,25000000.000
21711,2366,155.273438,25000000.000
21712,2285,115.722656,25000000.000
21713,2235,91.308594,25000000.000
21714,2178,63.476562,25000000.000
21715,2174,61.523438,25000000.000
21716,2059,5.371094,25000000.000
21717,1997,-24.902344,25000000.000
21718,1940,-52.734375,25000000.000
21719,1933,-56.152344,25000000.000
21720,1829,-106.933594,25000000.000
21721,1777,-132.324219,25000000.000
21722,1738,-151.367188,25000000.000
21723,1733,-153.808594,25000000.000
21724,1678,-180.664062,25000000.000
21725,1660,-189.453125,25000000.000
21726,1650,-194.335938,25000000.000
21727,1651,-193.847656,25000000.000
21728,1661,-188.964844,25000000.000
21729,1683,-178.222656,25000000.000
21730,1708,-166.015625,25000000.000
21731,1713,-163.574219,25000000.000
21732,1790,-125.976562,25000000.000
21733,1838,-102.539062,25000000.000
21734,1894,-75.195312,25000000.000
21735,1898,-73.242188,25000000.000
21736,2011,-18.066406,25000000.000
21737,2071,11.230469,25000000.000
21738,2132,41.015625,25000000.000
21739,2137,43.457031,25000000.000
21740,2245,96.191406,25000000.000
21741,2295,120.605469,25000000.000
21742,2338,141.601562,25000000.000
21743,2341,143.066406,25000000.000
21744,2406,174.804688,25000000.000
21745,2428,185.546875,25000000.000
21746,2439,190.917969,25000000.000
21747,2440,191.406250,25000000.000
21748,2435,188.964844,25000000.000
21749,2421,182.128906,25000000.000
21750,2398,170.898438,25000000.000
21751,2397,170.410156,25000000.000
21752,2327,136.230469,25000000.000
21753,2278,112.304688,25000000.000
21754,2228,87.890625,25000000.000
21755,2221,84.472656,25000000.000
21756,2110,30.273438,25000000.000
21757,2049,0.488281,25000000.000
21758,1988,-29.296875,25000000.000
21759,1980,-33.203125,25000000.000
21760,1871,-86.425781,25000000.000
21761,1822,-110.351562,25000000.000
21762,1770,-135.742188,25000000.000
21763,1767,-137.207031,25000000.000
21764,1698,-170.898438,25000000.000
21765,1673,-183.105469,25000000.000
21766,1658,-190.429688,25000000.000
21767,1657,-190.917969,25000000.000
21768,1654,-192.382812,25000000.000
21769,1664,-187.500000,25000000.000
21770,1687,-176.269531,25000000.000
21771,1689,-175.292969,25000000.000
21772,1753,-144.042969,25000000.000
21773,1796,-123.046875,25000000.000
21774,1846,-98.632812,25000000.000
21775,1851,-96.191406,25000000.000
21776,1959,-43.457031,25000000.000
21777,2020,-13.671875,25000000.000
21778,2080,15.625000,25000000.000
21779,2088,19.531250,25000000.000
21780,2196,72.265625,25000000.000
21781,2252,99.609375,25000000.000
21782,2303,124.511719,25000000.000
21783,2307,126.464844,25000000.000
21784,2382,163.085938,25000000.000
21785,2408,175.781250,25000000.000
21786,2431,187.011719,25000000.000
21787,2429,186.035156,25000000.000
21788,2444,193.359375,25000000.000
21789,2435,188.964844,25000000.000
21790,2416,179.687500,25000000.000
21791,2415,179.199219,25000000.000
21792,2362,153.320312,25000000.000
21793,2320,132.812500,25000000.000
21794,2269,107.910156,25000000.000
21795,2265,105.957031,25000000.000
21796,2162,55.664062,25000000.000
21797,2102,26.367188,25000000.000
21798,2041,-3.417969,25000000.000
21799,2036,-5.859375,25000000.000
21800,1921,-62.011719,25000000.000
21801,1862,-90.820312,25000000.000
21802,1814,-114.257812,25000000.000
21803,1808,-117.187500,25000000.000
21804,1728,-156.250000,25000000.000
21805,1693,-173.339844,25000000.000
21806,1672,-183.593750,25000000.000
21807,1669,-185.058594,25000000.000
21808,1651,-193.847656,25000000.000
21809,1654,-192.382812,25000000.000
21810,1667,-186.035156,25000000.000
21811,1667,-186.035156,25000000.000
21812,1719,-160.644531,25000000.000
21813,1760,-140.625000,25000000.000
21814,1803,-119.628906,25000000.000
21815,1809,-116.699219,25000000.000
21816,1911,-66.894531,25000000.000
21817,1968,-39.062500,25000000.000
21818,2029,-9.277344,25000000.000
21819,2035,-6.347656,25000000.000
21820,2150,49.804688,25000000.000
21821,2204,76.171875,25000000.000
21822,2259,103.027344,25000000.000
21823,2263,104.980469,25000000.000
21824,2350,147.460938,25000000.000
21825,2386,165.039062,25000000.000
21826,2413,178.222656,25000000.000
21827,2414,178.710938,25000000.000
21828,2440,191.406250,25000000.000
21829,2442,192.382812,25000000.000
21830,2431,187.011719,25000000.000
21831,2432,187.500000,25000000.000
21832,2387,165.527344,25000000.000
21833,2352,148.437500,25000000.000
21834,2313,129.394531,25000000.000
21835,2308,126.953125,25000000.000
21836,2210,79.101562,25000000.000
21837,2150,49.804688,25000000.000
21838,2092,21.484375,25000000.000
21839,2084,17.578125,25000000.000
21840,1970,-38.085938,25000000.000
21841,1911,-66.894531,25000000.000
21842,1856,-93.750000,25000000.000
21843,1850,-96.679688,25000000.000
21844,1759,-141.113281,25000000.000
21845,1723,-158.691406,25000000.000
21846,1689,-175.292969,25000000.000
21847,1689,-175.292969,25000000.000
21848,1654,-192.382812,25000000.000
21849,1650,-194.335938,25000000.000
21850,1655,-191.894531,25000000.000
21851,1657,-190.917969,25000000.000
21852,1694,-172.851562,25000000.000
21853,1724,-158.203125,25000000.000
21854,1766,-137.695312,25000000.000
21855,1769,-136.230469,25000000.000
21856,1862,-90.820312,25000000.000
21857,1918,-63.476562,25000000.000
21858,1976,-35.156250,25000000.000
21859,1983,-31.738281,25000000.000
21860,2097,23.925781,25000000.000
21861,2158,53.710938,25000000.000
21862,2212,80.078125,25000000.000
21863,2221,84.472656,25000000.000
21864,2315,130.371094,25000000.000
21865,2356,150.390625,25000000.000
21866,2390,166.992188,25000000.000
21867,2395,169.433594,25000000.000
21868,2432,187.500000,25000000.000
21869,2441,191.894531,25000000.000
21870,2443,192.871094,25000000.000
21871,2439,190.917969,25000000.000
21872,2411,177.246094,25000000.000
21873,2383,163.574219,25000000.000
21874,2347,145.996094,25000000.000
21875,2342,143.554688,25000000.000
21876,2254,100.585938,25000000.000
21877,2201,74.707031,25000000.000
21878,2141,45.410156,25000000.000
21879,2138,43.945312,25000000.000
21880,2021,-13.183594,25000000.000
21881,1952,-46.875000,25000000.000
21882,1911,-66.894531,25000000.000
21883,1909,-67.871094,25000000.000
21884,1795,-123.535156,25000000.000
21885,1744,-148.437500,25000000.000
21886,1716,-162.109375,25000000.000
21887,1711,-164.550781,25000000.000
21888,1668,-185.546875,25000000.000
21889,1651,-193.847656,25000000.000
21890,1648,-195.312500,25000000.000
21891,1648,-195.312500,25000000.000
21892,1672,-183.593750,25000000.000
21893,1697,-171.386719,25000000.000
21894,1729,-155.761719,25000000.000
21895,1733,-153.808594,25000000.000
21896,1817,-112.792969,25000000.000
21897,1870,-86.914062,25000000.000
21898,1928,-58.593750,25000000.000
21899,1935,-55.175781,25000000.000
21900,2048,0.000000,25000000.000
21901,2107,28.808594,25000000.000
21902,2169,59.082031,25000000.000
21903,2172,60.546875,25000000.000
21904,2279,112.792969,25000000.000
21905,2323,134.277344,25000000.000
21906,2362,153.320312,25000000.000
21907,2366,155.273438,25000000.000
21908,2421,182.128906,25000000.000
21909,2437,189.941406,25000000.000
21910,2443,192.871094,25000000.000
21911,2443,192.871094,25000000.000
21912,2422,182.617188,25000000.000
21913,2412,177.734375,25000000.000
21914,2380,162.109375,25000000.000
21915,2378,161.132812,25000000.000
21916,2297,121.582031,25000000.000
21917,2249,98.144531,25000000.000
21918,2192,70.312500,25000000.000
21919,2188,68.359375,25000000.000
21920,2075,13.183594,25000000.000
21921,2012,-17.578125,25000000.000
21922,1944,-50.781250,25000000.000
21923,1959,-43.457031,25000000.000
21924,1841,-101.074219,25000000.000
21925,1798,-122.070312,25000000.000
21926,1745,-147.949219,25000000.000
21927,1744,-148.437500,25000000.000
21928,1679,-180.175781,25000000.000
21929,1666,-186.523438,25000000.000
21930,1651,-193.847656,25000000.000
21931,1651,-193.847656,25000000.000
21932,1660,-189.453125,25000000.000
21933,1677,-181.152344,25000000.000
21934,1703,-168.457031,25000000.000
21935,1705,-167.480469,25000000.000
21936,1779,-131.347656,25000000.000
21937,1824,-109.375000,25000000.000
21938,1880,-82.031250,25000000.000
21939,1883,-80.566406,25000000.000
21940,1994,-26.367188,25000000.000
21941,2057,4.394531,25000000.000
21942,2113,31.738281,25000000.000
21943,2121,35.644531,25000000.000
21944,2229,88.378906,25000000.000
21945,2284,115.234375,25000000.000
21946,2326,135.742188,25000000.000
21947,2333,139.160156,25000000.000
21948,2400,171.875000,25000000.000
21949,2421,182.128906,25000000.000
21950,2438,190.429688,25000000.000
21951,2439,190.917969,25000000.000
21952,2441,191.894531,25000000.000
21953,2425,184.082031,25000000.000
21954,2406,174.804688,25000000.000
21955,2402,172.851562,25000000.000
21956,2335,140.136719,25000000.000
21957,2293,119.628906,25000000.000
21958,2240,93.750000,25000000.000
21959,2234,90.820312,25000000.000
21960,2123,36.621094,25000000.000
21961,2067,9.277344,25000000.000
21962,2003,-21.972656,25000000.000
21963,1998,-24.414062,25000000.000
21964,1885,-79.589844,25000000.000
21965,1833,-104.980469,25000000.000
21966,1782,-129.882812,25000000.000
21967,1786,-127.929688,25000000.000
21968,1703,-168.457031,25000000.000
21969,1679,-180.175781,25000000.000
21970,1662,-188.476562,25000000.000
21971,1659,-189.941406,25000000.000
21972,1652,-193.359375,25000000.000
21973,1662,-188.476562,25000000.000
21974,1680,-179.687500,25000000.000
21975,1680,-179.687500,25000000.000
21976,1743,-148.925781,25000000.000
21977,1785,-128.417969,25000000.000
21978,1832,-105.468750,25000000.000
21979,1839,-102.050781,25000000.000
21980,1944,-50.781250,25000000.000
21981,2005,-20.996094,25000000.000
21982,2065,8.300781,25000000.000
21983,2073,12.207031,25000000.000
21984,2184,66.406250,25000000.000
21985,2240,93.750000,25000000.000
21986,2291,118.652344,25000000.000
21987,2294,120.117188,25000000.000
21988,2372,158.203125,25000000.000
21989,2404,173.828125,25000000.000
21990,2425,184.082031,25000000.000
21991,2426,184.570312,25000000.000
21992,2443,192.871094,25000000.000
21993,2439,190.917969,25000000.000
21994,2422,182.617188,25000000.000
21995,2421,182.128906,25000000.000
21996,2367,155.761719,25000000.000
21997,2328,136.718750,25000000.000
21998,2285,115.722656,25000000.000
21999,2280,113.281250,25000000.000
22000,2175,62.011719,25000000.000
22001,2115,32.714844,25000000.000
22002,2056,3.906250,25000000.000
22003,2049,0.488281,25000000.000
22004,1935,-55.175781,25000000.000
22005,1876,-83.984375,25000000.000
22006,1824,-109.375000,25000000.000
22007,1819,-111.816406,25000000.000
22008,1735,-152.832031,25000000.000
22009,1702,-168.945312,25000000.000
22010,1674,-182.617188,25000000.000
22011,1674,-182.617188,25000000.000
22012,1648,-195.312500,25000000.000
22013,1651,-193.847656,25000000.000
22014,1662,-188.476562,25000000.000
22015,1665,-187.011719,25000000.000
22016,1712,-164.062500,25000000.000
22017,1747,-146.972656,25000000.000
22018,1794,-124.023438,25000000.000
22019,1797,-122.558594,25000000.000
22020,1896,-74.218750,25000000.000
22021,1957,-44.433594,25000000.000
22022,2017,-15.136719,25000000.000
22023,2022,-12.695312,25000000.000
22024,2128,39.062500,25000000.000
22025,2203,75.683594,25000000.000
22026,2243,95.214844,25000000.000
22027,2251,99.121094,25000000.000
22028,2330,137.695312,25000000.000
22029,2387,165.527344,25000000.000
22030,2400,171.875000,25000000.000
22031,2410,176.757812,25000000.000
22032,2434,188.476562,25000000.000
22033,2443,192.871094,25000000.000
22034,2436,189.453125,25000000.000
22035,2433,187.988281,25000000.000
22036,2395,169.433594,25000000.000
22037,2359,151.855469,25000000.000
22038,2323,134.277344,25000000.000
22039,2317,131.347656,25000000.000
22040,2224,85.937500,25000000.000
22041,2166,57.617188,25000000.000
22042,2109,29.785156,25000000.000
22043,2101,25.878906,25000000.000
22044,1985,-30.761719,25000000.000
22045,1927,-59.082031,25000000.000
22046,1868,-87.890625,25000000.000
22047,1865,-89.355469,25000000.000
22048,1772,-134.765625,25000000.000
22049,1729,-155.761719,25000000.000
22050,1698,-170.898438,25000000.000
22051,1694,-172.851562,25000000.000
22052,1656,-191.406250,25000000.000
22053,1648,-195.312500,25000000.000
22054,1656,-191.406250,25000000.000
22055,1654,-192.382812,25000000.000
22056,1686,-176.757812,25000000.000
22057,1716,-162.109375,25000000.000
22058,1753,-144.042969,25000000.000
22059,1757,-142.089844,25000000.000
22060,1847,-98.144531,25000000.000
22061,1904,-70.312500,25000000.000
22062,1960,-42.968750,25000000.000
22063,1967,-39.550781,25000000.000
22064,2083,17.089844,25000000.000
22065,2141,45.410156,25000000.000
22066,2200,74.218750,25000000.000
22067,2206,77.148438,25000000.000
22068,2304,125.000000,25000000.000
22069,2345,145.019531,25000000.000
22070,2383,163.574219,25000000.000
22071,2385,164.550781,25000000.000
22072,2440,191.406250,25000000.000
22073,2447,194.824219,25000000.000
22074,2440,191.406250,25000000.000
22075,2442,192.382812,25000000.000
22076,2419,181.152344,25000000.000
22077,2398,170.898438,25000000.000
22078,2359,151.855469,25000000.000
22079,2358,151.367188,25000000.000
22080,2265,105.957031,25000000.000
22081,2213,80.566406,25000000.000
22082,2154,51.757812,25000000.000
22083,2156,52.734375,25000000.000
22084,2035,-6.347656,25000000.000
22085,1973,-36.621094,25000000.000
22086,1917,-63.964844,25000000.000
22087,1910,-67.382812,25000000.000
22088,1809,-116.699219,25000000.000
22089,1766,-137.695312,25000000.000
22090,1723,-158.691406,25000000.000
22091,1716,-162.109375,25000000.000
22092,1672,-183.593750,25000000.000
22093,1654,-192.382812,25000000.000
22094,1650,-194.335938,25000000.000
22095,1649,-194.824219,25000000.000
22096,1668,-185.546875,25000000.000
22097,1690,-174.804688,25000000.000
22098,1721,-159.667969,25000000.000
22099,1726,-157.226562,25000000.000
22100,1807,-117.675781,25000000.000
22101,1860,-91.796875,25000000.000
22102,1913,-65.917969,25000000.000
22103,1919,-62.988281,25000000.000
22104,2033,-7.324219,25000000.000
22105,2092,21.484375,25000000.000
22106,2151,50.292969,25000000.000
22107,2158,53.710938,25000000.000
22108,2263,104.980469,25000000.000
22109,2314,129.882812,25000000.000
22110,2350,147.460938,25000000.000
22111,2357,150.878906,25000000.000
22112,2415,179.199219,25000000.000
22113,2433,187.988281,25000000.000
22114,2440,191.406250,25000000.000
22115,2442,192.382812,25000000.000
22116,2435,188.964844,25000000.000
22117,2413,178.222656,25000000.000
22118,2386,165.039062,25000000.000
22119,2381,162.597656,25000000.000
22120,2311,128.417969,25000000.000
22121,2259,103.027344,25000000.000
22122,2205,76.660156,25000000.000
22123,2201,74.707031,25000000.000
22124,2088,19.531250,25000000.000
22125,2028,-9.765625,25000000.000
22126,1969,-38.574219,25000000.000
22127,1963,-41.503906,25000000.000
22128,1852,-95.703125,25000000.000
22129,1803,-119.628906,25000000.000
22130,1756,-142.578125,25000000.000
22131,1754,-143.554688,25000000.000
22132,1690,-174.804688,25000000.000
22133,1668,-185.546875,25000000.000
22134,1655,-191.894531,25000000.000
22135,1652,-193.359375,25000000.000
22136,1658,-190.429688,25000000.000
22137,1670,-184.570312,25000000.000
22138,1696,-171.875000,25000000.000
22139,1697,-171.386719,25000000.000
22140,1785,-128.417969,25000000.000
22141,1809,-116.699219,25000000.000
22142,1860,-91.796875,25000000.000
22143,1869,-87.402344,25000000.000
22144,2010,-18.554688,25000000.000
22145,2039,-4.394531,25000000.000
22146,2098,24.414062,25000000.000
22147,2120,35.156250,25000000.000
22148,2215,81.542969,25000000.000
22149,2277,111.816406,25000000.000
22150,2318,131.835938,25000000.000
22151,2323,134.277344,25000000.000
22152,2391,167.480469,25000000.000
22153,2420,181.640625,25000000.000
22154,2433,187.988281,25000000.000
22155,2434,188.476562,25000000.000
22156,2441,191.894531,25000000.000
22157,2429,186.035156,25000000.000
22158,2409,176.269531,25000000.000
22159,2404,173.828125,25000000.000
22160,2344,144.531250,25000000.000
22161,2300,123.046875,25000000.000
22162,2253,100.097656,25000000.000
22163,2248,97.656250,25000000.000
22164,2137,43.457031,25000000.000
22165,2077,14.160156,25000000.000
22166,2019,-14.160156,25000000.000
22167,2015,-16.113281,25000000.000
22168,1898,-73.242188,25000000.000
22169,1843,-100.097656,25000000.000
22170,1799,-121.582031,25000000.000
22171,1793,-124.511719,25000000.000
22172,1713,-163.574219,25000000.000
22173,1686,-176.757812,25000000.000
22174,1666,-186.523438,25000000.000
22175,1662,-188.476562,25000000.000
22176,1650,-194.335938,25000000.000
22177,1660,-189.453125,25000000.000
22178,1674,-182.617188,25000000.000
22179,1677,-181.152344,25000000.000
22180,1732,-154.296875,25000000.000
22181,1772,-134.765625,25000000.000
22182,1822,-110.351562,25000000.000
22183,1827,-107.910156,25000000.000
22184,1931,-57.128906,25000000.000
22185,1989,-28.808594,25000000.000
22186,2051,1.464844,25000000.000
22187,2055,3.417969,25000000.000
22188,2170,59.570312,25000000.000
22189,2226,86.914062,25000000.000
22190,2276,111.328125,25000000.000
22191,2280,113.281250,25000000.000
22192,2363,153.808594,25000000.000
22193,2396,169.921875,25000000.000
22194,2418,180.664062,25000000.000
22195,2424,183.593750,25000000.000
22196,2440,191.406250,25000000.000
22197,2442,192.382812,25000000.000
22198,2427,185.058594,25000000.000
22199,2427,185.058594,25000000.000
22200,2376,160.156250,25000000.000
22201,2338,141.601562,25000000.000
22202,2295,120.605469,25000000.000
22203,2288,117.187500,25000000.000
22204,2189,68.847656,25000000.000
22205,2129,39.550781,25000000.000
22206,2069,10.253906,25000000.000
22207,2062,6.835938,25000000.000
22208,1950,-47.851562,25000000.000
22209,1891,-76.660156,25000000.000
22210,1834,-104.492188,25000000.000
22211,1833,-104.980469,25000000.000
22212,1743,-148.925781,25000000.000
22213,1708,-166.015625,25000000.000
22214,1680,-179.687500,25000000.000
22215,1680,-179.687500,25000000.000
22216,1651,-193.847656,25000000.000
22217,1646,-196.289062,25000000.000
22218,1661,-188.964844,25000000.000
22219,1658,-190.429688,25000000.000
22220,1704,-167.968750,25000000.000
22221,1738,-151.367188,25000000.000
22222,1780,-130.859375,25000000.000
22223,1782,-129.882812,25000000.000
22224,1880,-82.031250,25000000.000
22225,1940,-52.734375,25000000.000
22226,1999,-23.925781,25000000.000
22227,2004,-21.484375,25000000.000
22228,2115,32.714844,25000000.000
22229,2181,64.941406,25000000.000
22230,2237,92.285156,25000000.000
22231,2240,93.750000,25000000.000
22232,2329,137.207031,25000000.000
22233,2368,156.250000,25000000.000
22234,2402,172.851562,25000000.000
22235,2404,173.828125,25000000.000
22236,2437,189.941406,25000000.000
22237,2442,192.382812,25000000.000
22238,2438,190.429688,25000000.000
22239,2437,189.941406,25000000.000
22240,2401,172.363281,25000000.000
22241,2371,157.714844,25000000.000
22242,2332,138.671875,25000000.000
22243,2329,137.207031,25000000.000
22244,2234,90.820312,25000000.000
22245,2181,64.941406,25000000.000
22246,2122,36.132812,25000000.000
22247,2115,32.714844,25000000.000
22248,2001,-22.949219,25000000.000
22249,1940,-52.734375,25000000.000
22250,1884,-80.078125,25000000.000
22251,1879,-82.519531,25000000.000
22252,1782,-129.882812,25000000.000
22253,1739,-150.878906,25000000.000
22254,1705,-167.480469,25000000.000
22255,1700,-169.921875,25000000.000
22256,1659,-189.941406,25000000.000
22257,1651,-193.847656,25000000.000
22258,1651,-193.847656,25000000.000
22259,1651,-193.847656,25000000.000
22260,1679,-180.175781,25000000.000
22261,1710,-165.039062,25000000.000
22262,1742,-149.414062,25000000.000
22263,1747,-146.972656,25000000.000
22264,1831,-105.957031,25000000.000
22265,1889,-77.636719,25000000.000
22266,1948,-48.828125,25000000.000
22267,1955,-45.410156,25000000.000
22268,2069,10.253906,25000000.000
22269,2111,30.761719,25000000.000
22270,2197,72.753906,25000000.000
22271,2175,62.011719,25000000.000
22272,2295,120.605469,25000000.000
22273,2336,140.625000,25000000.000
22274,2377,160.644531,25000000.000
22275,2376,160.156250,25000000.000
22276,2428,185.546875,25000000.000
22277,2439,190.917969,25000000.000
22278,2443,192.871094,25000000.000
22279,2443,192.871094,25000000.000
22280,2423,183.105469,25000000.000
22281,2397,170.410156,25000000.000
22282,2365,154.785156,25000000.000
22283,2364,154.296875,25000000.000
22284,2281,113.769531,25000000.000
22285,2227,87.402344,25000000.000
22286,2170,59.570312,25000000.000
22287,2163,56.152344,25000000.000
22288,2055,3.417969,25000000.000
22289,1986,-30.273438,25000000.000
22290,1931,-57.128906,25000000.000
22291,1922,-61.523438,25000000.000
22292,1819,-111.816406,25000000.000
22293,1776,-132.812500,25000000.000
22294,1731,-154.785156,25000000.000
22295,1730,-155.273438,25000000.000
22296,1674,-182.617188,25000000.000
22297,1655,-191.894531,25000000.000
22298,1651,-193.847656,25000000.000
22299,1649,-194.824219,25000000.000
22300,1663,-187.988281,25000000.000
22301,1683,-178.222656,25000000.000
22302,1715,-162.597656,25000000.000
22303,1717,-161.621094,25000000.000
22304,1795,-123.535156,25000000.000
22305,1844,-99.609375,25000000.000
22306,1896,-74.218750,25000000.000
22307,1903,-70.800781,25000000.000
22308,2017,-15.136719,25000000.000
22309,2079,15.136719,25000000.000
22310,2135,42.480469,25000000.000
22311,2143,46.386719,25000000.000
22312,2254,100.585938,25000000.000
22313,2297,121.582031,25000000.000
22314,2342,143.554688,25000000.000
22315,2351,147.949219,25000000.000
22316,2409,176.269531,25000000.000
22317,2430,186.523438,25000000.000
22318,2442,192.382812,25000000.000
22319,2441,191.894531,25000000.000
22320,2436,189.453125,25000000.000
22321,2420,181.640625,25000000.000
22322,2394,168.945312,25000000.000
22323,2390,166.992188,25000000.000
22324,2320,132.812500,25000000.000
22325,2274,110.351562,25000000.000
22326,2219,83.496094,25000000.000
22327,2215,81.542969,25000000.000
22328,2103,26.855469,25000000.000
22329,2043,-2.441406,25000000.000
22330,1983,-31.738281,25000000.000
22331,1977,-34.667969,25000000.000
22332,1867,-88.378906,25000000.000
22333,1815,-113.769531,25000000.000
22334,1769,-136.230469,25000000.000
22335,1764,-138.671875,25000000.000
22336,1698,-170.898438,25000000.000
22337,1671,-184.082031,25000000.000
22338,1656,-191.406250,25000000.000
22339,1655,-191.894531,25000000.000
22340,1653,-192.871094,25000000.000
22341,1668,-185.546875,25000000.000
22342,1691,-174.316406,25000000.000
22343,1691,-174.316406,25000000.000
22344,1754,-143.554688,25000000.000
22345,1805,-118.652344,25000000.000
22346,1851,-96.191406,25000000.000
22347,1858,-92.773438,25000000.000
22348,1969,-38.574219,25000000.000
22349,2026,-10.742188,25000000.000
22350,2088,19.531250,25000000.000
22351,2092,21.484375,25000000.000
22352,2206,77.148438,25000000.000
22353,2257,102.050781,25000000.000
22354,2304,125.000000,25000000.000
22355,2310,127.929688,25000000.000
22356,2385,164.550781,25000000.000
22357,2414,178.710938,25000000.000
22358,2432,187.500000,25000000.000
22359,2431,187.011719,25000000.000
22360,2440,191.406250,25000000.000
22361,2434,188.476562,25000000.000
22362,2416,179.687500,25000000.000
22363,2414,178.710938,25000000.000
22364,2355,149.902344,25000000.000
22365,2312,128.906250,25000000.000
22366,2266,106.445312,25000000.000
22367,2261,104.003906,25000000.000
22368,2154,51.757812,25000000.000
22369,2093,21.972656,25000000.000
22370,2034,-6.835938,25000000.000
22371,2028,-9.765625,25000000.000
22372,1913,-65.917969,25000000.000
22373,1859,-92.285156,25000000.000
22374,1807,-117.675781,25000000.000
22375,1800,-121.093750,25000000.000
22376,1721,-159.667969,25000000.000
22377,1692,-173.828125,25000000.000
22378,1668,-185.546875,25000000.000
22379,1668,-185.546875,25000000.000
22380,1650,-194.335938,25000000.000
22381,1656,-191.406250,25000000.000
22382,1669,-185.058594,25000000.000
22383,1672,-183.593750,25000000.000
22384,1724,-158.203125,25000000.000
22385,1762,-139.648438,25000000.000
22386,1808,-117.187500,25000000.000
22387,1812,-115.234375,25000000.000
22388,1915,-64.941406,25000000.000
22389,1975,-35.644531,25000000.000
22390,2033,-7.324219,25000000.000
22391,2039,-4.394531,25000000.000
22392,2155,52.246094,25000000.000
22393,2212,80.078125,25000000.000
22394,2263,104.980469,25000000.000
22395,2269,107.910156,25000000.000
22396,2353,148.925781,25000000.000
22397,2388,166.015625,25000000.000
22398,2416,179.687500,25000000.000
22399,2419,181.152344,25000000.000
22400,2443,192.871094,25000000.000
22401,2440,191.406250,25000000.000
22402,2432,187.500000,25000000.000
22403,2429,186.035156,25000000.000
22404,2384,164.062500,25000000.000
22405,2346,145.507812,25000000.000
22406,2304,125.000000,25000000.000
22407,2300,123.046875,25000000.000
22408,2202,75.195312,25000000.000
22409,2146,47.851562,25000000.000
22410,2083,17.089844,25000000.000
22411,2080,15.625000,25000000.000
22412,1962,-41.992188,25000000.000
22413,1904,-70.312500,25000000.000
22414,1850,-96.679688,25000000.000
22415,1846,-98.632812,25000000.000
22416,1754,-143.554688,25000000.000
22417,1718,-161.132812,25000000.000
22418,1690,-174.804688,25000000.000
22419,1683,-178.222656,25000000.000
22420,1652,-193.359375,25000000.000
22421,1650,-194.335938,25000000.000
22422,1656,-191.406250,25000000.000
22423,1655,-191.894531,25000000.000
22424,1695,-172.363281,25000000.000
22425,1728,-156.250000,25000000.000
22426,1768,-136.718750,25000000.000
22427,1773,-134.277344,25000000.000
22428,1867,-88.378906,25000000.000
22429,1925,-60.058594,25000000.000
22430,1984,-31.250000,25000000.000
22431,1991,-27.832031,25000000.000
22432,2103,26.855469,25000000.000
22433,2161,55.175781,25000000.000
22434,2221,84.472656,25000000.000
22435,2225,86.425781,25000000.000
22436,2320,132.812500,25000000.000
22437,2358,151.367188,25000000.000
22438,2392,167.968750,25000000.000
22439,2396,169.921875,25000000.000
22440,2435,188.964844,25000000.000
22441,2441,191.894531,25000000.000
22442,2438,190.429688,25000000.000
22443,2440,191.406250,25000000.000
22444,2405,174.316406,25000000.000
22445,2378,161.132812,25000000.000
22446,2341,143.066406,25000000.000
22447,2339,142.089844,25000000.000
22448,2250,98.632812,25000000.000
22449,2193,70.800781,25000000.000
22450,2136,42.968750,25000000.000
22451,2131,40.527344,25000000.000
22452,2017,-15.136719,25000000.000
22453,1953,-46.386719,25000000.000
22454,1896,-74.218750,25000000.000
22455,1891,-76.660156,25000000.000
22456,1792,-125.000000,25000000.000
22457,1749,-145.996094,25000000.000
22458,1711,-164.550781,25000000.000
22459,1708,-166.015625,25000000.000
22460,1663,-187.988281,25000000.000
22461,1653,-192.871094,25000000.000
22462,1649,-194.824219,25000000.000
22463,1651,-193.847656,25000000.000
22464,1676,-181.640625,25000000.000
22465,1700,-169.921875,25000000.000
22466,1735,-152.832031,25000000.000
22467,1738,-151.367188,25000000.000
22468,1825,-108.886719,25000000.000
22469,1874,-84.960938,25000000.000
22470,1934,-55.664062,25000000.000
22471,1938,-53.710938,25000000.000
22472,2053,2.441406,25000000.000
22473,2113,31.738281,25000000.000
22474,2172,60.546875,25000000.000
22475,2178,63.476562,25000000.000
22476,2279,112.792969,25000000.000
22477,2328,136.718750,25000000.000
22478,2365,154.785156,25000000.000
22479,2370,157.226562,25000000.000
22480,2422,182.617188,25000000.000
22481,2436,189.453125,25000000.000
22482,2443,192.871094,25000000.000
22483,2445,193.847656,25000000.000
22484,2428,185.546875,25000000.000
22485,2403,173.339844,25000000.000
22486,2376,160.156250,25000000.000
22487,2374,159.179688,25000000.000
22488,2292,119.140625,25000000.000
22489,2242,94.726562,25000000.000
22490,2188,68.359375,25000000.000
22491,2181,64.941406,25000000.000
22492,2067,9.277344,25000000.000
22493,2009,-19.042969,25000000.000
22494,1945,-50.292969,25000000.000
22495,1942,-51.757812,25000000.000
22496,1836,-103.515625,25000000.000
22497,1785,-128.417969,25000000.000
22498,1743,-148.925781,25000000.000
22499,1741,-149.902344,25000000.000
22500,1680,-179.687500,25000000.000
22501,1661,-188.964844,25000000.000
22502,1653,-192.871094,25000000.000
22503,1651,-193.847656,25000000.000
22504,1661,-188.964844,25000000.000
22505,1678,-180.664062,25000000.000
22506,1706,-166.992188,25000000.000
22507,1707,-166.503906,25000000.000
22508,1783,-129.394531,25000000.000
22509,1832,-105.468750,25000000.000
22510,1884,-80.078125,25000000.000
22511,1892,-76.171875,25000000.000
22512,2002,-22.460938,25000000.000
22513,2062,6.835938,25000000.000
22514,2122,36.132812,25000000.000
22515,2130,40.039062,25000000.000
22516,2237,92.285156,25000000.000
22517,2287,116.699219,25000000.000
22518,2336,140.625000,25000000.000
22519,2336,140.625000,25000000.000
22520,2403,173.339844,25000000.000
22521,2426,184.570312,25000000.000
22522,2438,190.429688,25000000.000
22523,2438,190.429688,25000000.000
22524,2438,190.429688,25000000.000
22525,2424,183.593750,25000000.000
22526,2400,171.875000,25000000.000
22527,2399,171.386719,25000000.000
22528,2330,137.695312,25000000.000
22529,2285,115.722656,25000000.000
22530,2235,91.308594,25000000.000
22531,2230,88.867188,25000000.000
22532,2118,34.179688,25000000.000
22533,2059,5.371094,25000000.000
22534,2000,-23.437500,25000000.000
22535,1991,-27.832031,25000000.000
22536,1881,-81.542969,25000000.000
22537,1826,-108.398438,25000000.000
22538,1779,-131.347656,25000000.000
22539,1773,-134.277344,25000000.000
22540,1703,-168.457031,25000000.000
22541,1677,-181.152344,25000000.000
22542,1658,-190.429688,25000000.000
22543,1660,-189.453125,25000000.000
22544,1650,-194.335938,25000000.000
22545,1663,-187.988281,25000000.000
22546,1684,-177.734375,25000000.000
22547,1686,-176.757812,25000000.000
22548,1746,-147.460938,25000000.000
22549,1790,-125.976562,25000000.000
22550,1839,-102.050781,25000000.000
22551,1843,-100.097656,25000000.000
22552,1952,-46.875000,25000000.000
22553,2010,-18.554688,25000000.000
22554,2073,12.207031,25000000.000
22555,2078,14.648438,25000000.000
22556,2188,68.359375,25000000.000
22557,2246,96.679688,25000000.000
22558,2295,120.605469,25000000.000
22559,2300,123.046875,25000000.000
22560,2375,159.667969,25000000.000
22561,2408,175.781250,25000000.000
22562,2427,185.058594,25000000.000
22563,2429,186.035156,25000000.000
22564,2442,192.382812,25000000.000
22565,2441,191.894531,25000000.000
22566,2421,182.128906,25000000.000
22567,2418,180.664062,25000000.000
22568,2386,165.039062,25000000.000
22569,2334,139.648438,25000000.000
22570,2278,112.304688,25000000.000
22571,2275,110.839844,25000000.000
22572,2174,61.523438,25000000.000
22573,2114,32.226562,25000000.000
22574,2049,0.488281,25000000.000
22575,2046,-0.976562,25000000.000
22576,1930,-57.617188,25000000.000
22577,1875,-84.472656,25000000.000
22578,1817,-112.792969,25000000.000
22579,1815,-113.769531,25000000.000
22580,1733,-153.808594,25000000.000
22581,1700,-169.921875,25000000.000
22582,1674,-182.617188,25000000.000
22583,1672,-183.593750,25000000.000
22584,1652,-193.359375,25000000.000
22585,1652,-193.359375,25000000.000
22586,1664,-187.500000,25000000.000
22587,1666,-186.523438,25000000.000
22588,1715,-162.597656,25000000.000
22589,1754,-143.554688,25000000.000
22590,1796,-123.046875,25000000.000
22591,1800,-121.093750,25000000.000
22592,1900,-72.265625,25000000.000
22593,1961,-42.480469,25000000.000
22594,2018,-14.648438,25000000.000
22595,2026,-10.742188,25000000.000
22596,2140,44.921875,25000000.000
22597,2197,72.753906,25000000.000
22598,2252,99.609375,25000000.000
22599,2258,102.539062,25000000.000
22600,2344,144.531250,25000000.000
22601,2381,162.597656,25000000.000
22602,2410,176.757812,25000000.000
22603,2411,177.246094,25000000.000
22604,2439,190.917969,25000000.000
22605,2441,191.894531,25000000.000
22606,2432,187.500000,25000000.000
22607,2431,187.011719,25000000.000
22608,2391,167.480469,25000000.000
22609,2357,150.878906,25000000.000
22610,2316,130.859375,25000000.000
22611,2312,128.906250,25000000.000
22612,2216,82.031250,25000000.000
22613,2159,54.199219,25000000.000
22614,2102,26.367188,25000000.000
22615,2095,22.949219,25000000.000
22616,1983,-31.738281,25000000.000
22617,1924,-60.546875,25000000.000
22618,1860,-91.796875,25000000.000
22619,1856,-93.750000,25000000.000
22620,1762,-139.648438,25000000.000
22621,1725,-157.714844,25000000.000
22622,1693,-173.339844,25000000.000
22623,1688,-175.781250,25000000.000
22624,1653,-192.871094,25000000.000
22625,1650,-194.335938,25000000.000
22626,1652,-193.359375,25000000.000
22627,1655,-191.894531,25000000.000
22628,1691,-174.316406,25000000.000
22629,1720,-160.156250,25000000.000
22630,1759,-141.113281,25000000.000
22631,1762,-139.648438,25000000.000
22632,1852,-95.703125,25000000.000
22633,1908,-68.359375,25000000.000
22634,1971,-37.597656,25000000.000
22635,1974,-36.132812,25000000.000
22636,2089,20.019531,25000000.000
22637,2150,49.804688,25000000.000
22638,2206,77.148438,25000000.000
22639,2212,80.078125,25000000.000
22640,2307,126.464844,25000000.000
22641,2351,147.949219,25000000.000
22642,2385,164.550781,25000000.000
22643,2392,167.968750,25000000.000
22644,2430,186.523438,25000000.000
22645,2441,191.894531,25000000.000
22646,2441,191.894531,25000000.000
22647,2442,192.382812,25000000.000
22648,2414,178.710938,25000000.000
22649,2387,165.527344,25000000.000
22650,2354,149.414062,25000000.000
22651,2348,146.484375,25000000.000
22652,2262,104.492188,25000000.000
22653,2208,78.125000,25000000.000
22654,2150,49.804688,25000000.000
22655,2144,46.875000,25000000.000
22656,2031,-8.300781,25000000.000
22657,1969,-38.574219,25000000.000
22658,1912,-66.406250,25000000.000
22659,1900,-72.265625,25000000.000
22660,1803,-119.628906,25000000.000
22661,1755,-143.066406,25000000.000
22662,1723,-158.691406,25000000.000
22663,1715,-162.597656,25000000.000
22664,1668,-185.546875,25000000.000
22665,1653,-192.871094,25000000.000
22666,1651,-193.847656,25000000.000
22667,1650,-194.335938,25000000.000
22668,1672,-183.593750,25000000.000
22669,1691,-174.316406,25000000.000
22670,1726,-157.226562,25000000.000
22671,1729,-155.761719,25000000.000
22672,1811,-115.722656,25000000.000
22673,1862,-90.820312,25000000.000
22674,1918,-63.476562,25000000.000
22675,1925,-60.058594,25000000.000
22676,2037,-5.371094,25000000.000
22677,2099,24.902344,25000000.000
22678,2159,54.199219,25000000.000
22679,2167,58.105469,25000000.000
22680,2265,105.957031,25000000.000
22681,2316,130.859375,25000000.000
22682,2359,151.855469,25000000.000
22683,2362,153.320312,25000000.000
22684,2418,180.664062,25000000.000
22685,2434,188.476562,25000000.000
22686,2444,193.359375,25000000.000
22687,2443,192.871094,25000000.000
22688,2430,186.523438,25000000.000
22689,2412,177.734375,25000000.000
22690,2382,163.085938,25000000.000
22691,2379,161.621094,25000000.000
22692,2302,124.023438,25000000.000
22693,2255,101.074219,25000000.000
22694,2200,74.218750,25000000.000
22695,2195,71.777344,25000000.000
22696,2082,16.601562,25000000.000
22697,2021,-13.183594,25000000.000
22698,1961,-42.480469,25000000.000
22699,1955,-45.410156,25000000.000
22700,1848,-97.656250,25000000.000
22701,1796,-123.046875,25000000.000
22702,1754,-143.554688,25000000.000
22703,1748,-146.484375,25000000.000
22704,1685,-177.246094,25000000.000
22705,1666,-186.523438,25000000.000
22706,1653,-192.871094,25000000.000
22707,1651,-193.847656,25000000.000
22708,1657,-190.917969,25000000.000
22709,1675,-182.128906,25000000.000
22710,1697,-171.386719,25000000.000
22711,1703,-168.457031,25000000.000
22712,1772,-134.765625,25000000.000
22713,1820,-111.328125,25000000.000
22714,1870,-86.914062,25000000.000
22715,1877,-83.496094,25000000.000
22716,1989,-28.808594,25000000.000
22717,2045,-1.464844,25000000.000
22718,2113,31.738281,25000000.000
22719,2115,32.714844,25000000.000
22720,2222,84.960938,25000000.000
22721,2275,110.839844,25000000.000
22722,2322,133.789062,25000000.000
22723,2327,136.230469,25000000.000
22724,2394,168.945312,25000000.000
22725,2420,181.640625,25000000.000
22726,2433,187.988281,25000000.000
22727,2437,189.941406,25000000.000
22728,2438,190.429688,25000000.000
22729,2428,185.546875,25000000.000
22730,2407,175.292969,25000000.000
22731,2406,174.804688,25000000.000
22732,2345,145.019531,25000000.000
22733,2299,122.558594,25000000.000
22734,2247,97.167969,25000000.000
22735,2242,94.726562,25000000.000
22736,2134,41.992188,25000000.000
22737,2074,12.695312,25000000.000
22738,2014,-16.601562,25000000.000
22739,2007,-20.019531,25000000.000
22740,1893,-75.683594,25000000.000
22741,1840,-101.562500,25000000.000
22742,1790,-125.976562,25000000.000
22743,1786,-127.929688,25000000.000
22744,1710,-165.039062,25000000.000
22745,1684,-177.734375,25000000.000
22746,1663,-187.988281,25000000.000
22747,1662,-188.476562,25000000.000
22748,1652,-193.359375,25000000.000
22749,1659,-189.941406,25000000.000
22750,1677,-181.152344,25000000.000
22751,1678,-180.664062,25000000.000
22752,1738,-151.367188,25000000.000
22753,1776,-132.812500,25000000.000
22754,1826,-108.398438,25000000.000
22755,1830,-106.445312,25000000.000
22756,1936,-54.687500,25000000.000
22757,1997,-24.902344,25000000.000
22758,2056,3.906250,25000000.000
22759,2063,7.324219,25000000.000
22760,2173,61.035156,25000000.000
22761,2232,89.843750,25000000.000
22762,2283,114.746094,25000000.000
22763,2289,117.675781,25000000.000
22764,2367,155.761719,25000000.000
22765,2397,170.410156,25000000.000
22766,2425,184.082031,25000000.000
22767,2424,183.593750,25000000.000
22768,2442,192.382812,25000000.000
22769,2438,190.429688,25000000.000
22770,2425,184.082031,25000000.000
22771,2423,183.105469,25000000.000
22772,2371,157.714844,25000000.000
22773,2334,139.648438,25000000.000
22774,2289,117.675781,25000000.000
22775,2285,115.722656,25000000.000
22776,2181,64.941406,25000000.000
22777,2125,37.597656,25000000.000
22778,2065,8.300781,25000000.000
22779,2058,4.882812,25000000.000
22780,1942,-51.757812,25000000.000
22781,1885,-79.589844,25000000.000
22782,1833,-104.980469,25000000.000
22783,1828,-107.421875,25000000.000
22784,1742,-149.414062,25000000.000
22785,1704,-167.968750,25000000.000
22786,1680,-179.687500,25000000.000
22787,1676,-181.640625,25000000.000
22788,1651,-193.847656,25000000.000
22789,1652,-193.359375,25000000.000
22790,1661,-188.964844,25000000.000
22791,1662,-188.476562,25000000.000
22792,1706,-166.992188,25000000.000
22793,1743,-148.925781,25000000.000
22794,1782,-129.882812,25000000.000
22795,1789,-126.464844,25000000.000
22796,1888,-78.125000,25000000.000
22797,1943,-51.269531,25000000.000
22798,2006,-20.507812,25000000.000
22799,2012,-17.578125,25000000.000
22800,2127,38.574219,25000000.000
22801,2183,65.917969,25000000.000
22802,2240,93.750000,25000000.000
22803,2245,96.191406,25000000.000
22804,2335,140.136719,25000000.000
22805,2372,158.203125,25000000.000
22806,2402,172.851562,25000000.000
22807,2403,173.339844,25000000.000
22808,2437,189.941406,25000000.000
22809,2444,193.359375,25000000.000
22810,2435,188.964844,25000000.000
22811,2436,189.453125,25000000.000
22812,2399,171.386719,25000000.000
22813,2366,155.273438,25000000.000
22814,2327,136.230469,25000000.000
22815,2323,134.277344,25000000.000
22816,2230,88.867188,25000000.000
22817,2173,61.035156,25000000.000
22818,2117,33.691406,25000000.000
22819,2109,29.785156,25000000.000
22820,1993,-26.855469,25000000.000
22821,1935,-55.175781,25000000.000
22822,1874,-84.960938,25000000.000
22823,1869,-87.402344,25000000.000
22824,1774,-133.789062,25000000.000
22825,1734,-153.320312,25000000.000
22826,1700,-169.921875,25000000.000
22827,1697,-171.386719,25000000.000
22828,1658,-190.429688,25000000.000
22829,1650,-194.335938,25000000.000
22830,1652,-193.359375,25000000.000
22831,1652,-193.359375,25000000.000
22832,1682,-178.710938,25000000.000
22833,1711,-164.550781,25000000.000
22834,1749,-145.996094,25000000.000
22835,1750,-145.507812,25000000.000
22836,1841,-101.074219,25000000.000
22837,1894,-75.195312,25000000.000
22838,1954,-45.898438,25000000.000
22839,1958,-43.945312,25000000.000
22840,2074,12.695312,25000000.000
22841,2135,42.480469,25000000.000
22842,2191,69.824219,25000000.000
22843,2199,73.730469,25000000.000
22844,2296,121.093750,25000000.000
22845,2341,143.066406,25000000.000
22846,2376,160.156250,25000000.000
22847,2384,164.062500,25000000.000
22848,2426,184.570312,25000000.000
22849,2439,190.917969,25000000.000
22850,2442,192.382812,25000000.000
22851,2440,191.406250,25000000.000
22852,2420,181.640625,25000000.000
22853,2395,169.433594,25000000.000
22854,2362,153.320312,25000000.000
22855,2358,151.367188,25000000.000
22856,2273,109.863281,25000000.000
22857,2223,85.449219,25000000.000
22858,2164,56.640625,25000000.000
22859,2158,53.710938,25000000.000
22860,2044,-1.953125,25000000.000
22861,1984,-31.250000,25000000.000
22862,1925,-60.058594,25000000.000
22863,1921,-62.011719,25000000.000
22864,1814,-114.257812,25000000.000
22865,1769,-136.230469,25000000.000
22866,1730,-155.273438,25000000.000
22867,1726,-157.226562,25000000.000
22868,1673,-183.105469,25000000.000
22869,1656,-191.406250,25000000.000
22870,1648,-195.312500,25000000.000
22871,1648,-195.312500,25000000.000
22872,1664,-187.500000,25000000.000
22873,1688,-175.781250,25000000.000
22874,1717,-161.621094,25000000.000
22875,1721,-159.667969,25000000.000
22876,1798,-122.070312,25000000.000
22877,1850,-96.679688,25000000.000
22878,1903,-70.800781,25000000.000
22879,1911,-66.894531,25000000.000
22880,2023,-12.207031,25000000.000
22881,2086,18.554688,25000000.000
22882,2145,47.363281,25000000.000
22883,2150,49.804688,25000000.000
22884,2257,102.050781,25000000.000
22885,2304,125.000000,25000000.000
22886,2348,146.484375,25000000.000
22887,2351,147.949219,25000000.000
22888,2412,177.734375,25000000.000
22889,2431,187.011719,25000000.000
22890,2440,191.406250,25000000.000
22891,2441,191.894531,25000000.000
22892,2431,187.011719,25000000.000
22893,2423,183.105469,25000000.000
22894,2384,164.062500,25000000.000
22895,2385,164.550781,25000000.000
22896,2320,132.812500,25000000.000
22897,2265,105.957031,25000000.000
22898,2213,80.566406,25000000.000
22899,2207,77.636719,25000000.000
22900,2099,24.902344,25000000.000
22901,2043,-2.441406,25000000.000
22902,1975,-35.644531,25000000.000
22903,1967,-39.550781,25000000.000
22904,1861,-91.308594,25000000.000
22905,1811,-115.722656,25000000.000
22906,1762,-139.648438,25000000.000
22907,1760,-140.625000,25000000.000
22908,1692,-173.828125,25000000.000
22909,1673,-183.105469,25000000.000
22910,1654,-192.382812,25000000.000
22911,1655,-191.894531,25000000.000
22912,1654,-192.382812,25000000.000
22913,1667,-186.035156,25000000.000
22914,1691,-174.316406,25000000.000
22915,1695,-172.363281,25000000.000
22916,1762,-139.648438,25000000.000
22917,1806,-118.164062,25000000.000
22918,1859,-92.285156,25000000.000
22919,1861,-91.308594,25000000.000
22920,1975,-35.644531,25000000.000
22921,2033,-7.324219,25000000.000
22922,2092,21.484375,25000000.000
22923,2096,23.437500,25000000.000
22924,2210,79.101562,25000000.000
22925,2264,105.468750,25000000.000
22926,2311,128.417969,25000000.000
22927,2317,131.347656,25000000.000
22928,2389,166.503906,25000000.000
22929,2414,178.710938,25000000.000
22930,2431,187.011719,25000000.000
22931,2434,188.476562,25000000.000
22932,2442,192.382812,25000000.000
22933,2432,187.500000,25000000.000
22934,2415,179.199219,25000000.000
22935,2412,177.734375,25000000.000
22936,2348,146.484375,25000000.000
22937,2310,127.929688,25000000.000
22938,2260,103.515625,25000000.000
22939,2254,100.585938,25000000.000
22940,2146,47.851562,25000000.000
22941,2090,20.507812,25000000.000
22942,2026,-10.742188,25000000.000
22943,2022,-12.695312,25000000.000
22944,1908,-68.359375,25000000.000
22945,1853,-95.214844,25000000.000
22946,1800,-121.093750,25000000.000
22947,1796,-123.046875,25000000.000
22948,1720,-160.156250,25000000.000
22949,1687,-176.269531,25000000.000
22950,1668,-185.546875,25000000.000
22951,1665,-187.011719,25000000.000
22952,1650,-194.335938,25000000.000
22953,1657,-190.917969,25000000.000
22954,1672,-183.593750,25000000.000
22955,1673,-183.105469,25000000.000
22956,1727,-156.738281,25000000.000
22957,1769,-136.230469,25000000.000
22958,1814,-114.257812,25000000.000
22959,1822,-110.351562,25000000.000
22960,1921,-62.011719,25000000.000
22961,1975,-35.644531,25000000.000
22962,2016,-15.625000,25000000.000
22963,2073,12.207031,25000000.000
22964,2166,57.617188,25000000.000
22965,2223,85.449219,25000000.000
22966,2271,108.886719,25000000.000
22967,2271,108.886719,25000000.000
22968,2361,152.832031,25000000.000
22969,2391,167.480469,25000000.000
22970,2414,178.710938,25000000.000
22971,2418,180.664062,25000000.000
22972,2441,191.894531,25000000.000
22973,2441,191.894531,25000000.000
22974,2428,185.546875,25000000.000
22975,2428,185.546875,25000000.000
22976,2381,162.597656,25000000.000
22977,2345,145.019531,25000000.000
22978,2301,123.535156,25000000.000
22979,2296,121.093750,25000000.000
22980,2198,73.242188,25000000.000
22981,2139,44.433594,25000000.000
22982,2079,15.136719,25000000.000
22983,2073,12.207031,25000000.000
22984,1958,-43.945312,25000000.000
22985,1899,-72.753906,25000000.000
22986,1846,-98.632812,25000000.000
22987,1840,-101.562500,25000000.000
22988,1751,-145.019531,25000000.000
22989,1713,-163.574219,25000000.000
22990,1683,-178.222656,25000000.000
22991,1681,-179.199219,25000000.000
22992,1652,-193.359375,25000000.000
22993,1649,-194.824219,25000000.000
22994,1656,-191.406250,25000000.000
22995,1657,-190.917969,25000000.000
22996,1701,-169.433594,25000000.000
22997,1738,-151.367188,25000000.000
22998,1779,-131.347656,25000000.000
22999,1775,-133.300781,25000000.000
23000,1890,-77.148438,25000000.000
23001,1938,-53.710938,25000000.000
23002,1988,-29.296875,25000000.000
23003,2002,-22.460938,25000000.000
23004,2102,26.367188,25000000.000
23005,2176,62.500000,25000000.000
23006,2215,81.542969,25000000.000
23007,2238,92.773438,25000000.000
23008,2321,133.300781,25000000.000
23009,2370,157.226562,25000000.000
23010,2391,167.480469,25000000.000
23011,2399,171.386719,25000000.000
23012,2436,189.453125,25000000.000
23013,2443,192.871094,25000000.000
23014,2437,189.941406,25000000.000
23015,2438,190.429688,25000000.000
23016,2408,175.781250,25000000.000
23017,2377,160.644531,25000000.000
23018,2340,142.578125,25000000.000
23019,2335,140.136719,25000000.000
23020,2243,95.214844,25000000.000
23021,2189,68.847656,25000000.000
23022,2129,39.550781,25000000.000
23023,2121,35.644531,25000000.000
23024,2007,-20.019531,25000000.000
23025,1948,-48.828125,25000000.000
23026,1889,-77.636719,25000000.000
23027,1884,-80.078125,25000000.000
23028,1787,-127.441406,25000000.000
23029,1742,-149.414062,25000000.000
23030,1708,-166.015625,25000000.000
23031,1707,-166.503906,25000000.000
23032,1663,-187.988281,25000000.000
23033,1649,-194.824219,25000000.000
23034,1652,-193.359375,25000000.000
23035,1651,-193.847656,25000000.000
23036,1677,-181.152344,25000000.000
23037,1705,-167.480469,25000000.000
23038,1738,-151.367188,25000000.000
23039,1741,-149.902344,25000000.000
23040,1827,-107.910156,25000000.000
23041,1884,-80.078125,25000000.000
23042,1939,-53.222656,25000000.000
23043,1945,-50.292969,25000000.000
23044,2059,5.371094,25000000.000
23045,2120,35.156250,25000000.000
23046,2178,63.476562,25000000.000
23047,2185,66.894531,25000000.000
23048,2286,116.210938,25000000.000
23049,2330,137.695312,25000000.000
23050,2370,157.226562,25000000.000
23051,2372,158.203125,25000000.000
23052,2424,183.593750,25000000.000
23053,2438,190.429688,25000000.000
23054,2442,192.382812,25000000.000
23055,2442,192.382812,25000000.000
23056,2423,183.105469,25000000.000
23057,2401,172.363281,25000000.000
23058,2370,157.226562,25000000.000
23059,2366,155.273438,25000000.000
23060,2286,116.210938,25000000.000
23061,2235,91.308594,25000000.000
23062,2180,64.453125,25000000.000
23063,2176,62.500000,25000000.000
23064,2059,5.371094,25000000.000
23065,1998,-24.414062,25000000.000
23066,1941,-52.246094,25000000.000
23067,1933,-56.152344,25000000.000
23068,1828,-107.421875,25000000.000
23069,1780,-130.859375,25000000.000
23070,1738,-151.367188,25000000.000
23071,1734,-153.320312,25000000.000
23072,1676,-181.640625,25000000.000
23073,1660,-189.453125,25000000.000
23074,1649,-194.824219,25000000.000
23075,1651,-193.847656,25000000.000
23076,1661,-188.964844,25000000.000
23077,1681,-179.199219,25000000.000
23078,1709,-165.527344,25000000.000
23079,1714,-163.085938,25000000.000
23080,1788,-126.953125,25000000.000
23081,1837,-103.027344,25000000.000
23082,1891,-76.660156,25000000.000
23083,1897,-73.730469,25000000.000
23084,2010,-18.554688,25000000.000
23085,2069,10.253906,25000000.000
23086,2130,40.039062,25000000.000
23087,2135,42.480469,25000000.000
23088,2241,94.238281,25000000.000
23089,2293,119.628906,25000000.000
23090,2338,141.601562,25000000.000
23091,2343,144.042969,25000000.000
23092,2404,173.828125,25000000.000
23093,2427,185.058594,25000000.000
23094,2438,190.429688,25000000.000
23095,2441,191.894531,25000000.000
23096,2438,190.429688,25000000.000
23097,2421,182.128906,25000000.000
23098,2398,170.898438,25000000.000
23099,2396,169.921875,25000000.000
23100,2327,136.230469,25000000.000
23101,2279,112.792969,25000000.000
23102,2229,88.378906,25000000.000
23103,2223,85.449219,25000000.000
23104,2111,30.761719,25000000.000
23105,2052,1.953125,25000000.000
23106,1990,-28.320312,25000000.000
23107,1983,-31.738281,25000000.000
23108,1874,-84.960938,25000000.000
23109,1822,-110.351562,25000000.000
23110,1773,-134.277344,25000000.000
23111,1772,-134.765625,25000000.000
23112,1699,-170.410156,25000000.000
23113,1672,-183.593750,25000000.000
23114,1657,-190.917969,25000000.000
23115,1658,-190.429688,25000000.000
23116,1653,-192.871094,25000000.000
23117,1662,-188.476562,25000000.000
23118,1684,-177.734375,25000000.000
23119,1687,-176.269531,25000000.000
23120,1750,-145.507812,25000000.000
23121,1795,-123.535156,25000000.000
23122,1845,-99.121094,25000000.000
23123,1850,-96.679688,25000000.000
23124,1956,-44.921875,25000000.000
23125,2018,-14.648438,25000000.000
23126,2078,14.648438,25000000.000
23127,2084,17.578125,25000000.000
23128,2196,72.265625,25000000.000
23129,2251,99.121094,25000000.000
23130,2300,123.046875,25000000.000
23131,2307,126.464844,25000000.000
23132,2381,162.597656,25000000.000
23133,2407,175.292969,25000000.000
23134,2432,187.500000,25000000.000
23135,2429,186.035156,25000000.000
23136,2444,193.359375,25000000.000
23137,2434,188.476562,25000000.000
23138,2434,188.476562,25000000.000
23139,2410,176.757812,25000000.000
23140,2333,139.160156,25000000.000
23141,2338,141.601562,25000000.000
23142,2286,116.210938,25000000.000
23143,2271,108.886719,25000000.000
23144,2162,55.664062,25000000.000
23145,2100,25.390625,25000000.000
23146,2048,0.000000,25000000.000
23147,2040,-3.906250,25000000.000
23148,1925,-60.058594,25000000.000
23149,1867,-88.378906,25000000.000
23150,1818,-112.304688,25000000.000
23151,1811,-115.722656,25000000.000
23152,1734,-153.320312,25000000.000
23153,1702,-168.945312,25000000.000
23154,1674,-182.617188,25000000.000
23155,1668,-185.546875,25000000.000
23156,1651,-193.847656,25000000.000
23157,1656,-191.406250,25000000.000
23158,1665,-187.011719,25000000.000
23159,1669,-185.058594,25000000.000
23160,1719,-160.644531,25000000.000
23161,1758,-141.601562,25000000.000
23162,1801,-120.605469,25000000.000
23163,1809,-116.699219,25000000.000
23164,1906,-69.335938,25000000.000
23165,1967,-39.550781,25000000.000
23166,2028,-9.765625,25000000.000
23167,2032,-7.812500,25000000.000
23168,2148,48.828125,25000000.000
23169,2204,76.171875,25000000.000
23170,2257,102.050781,25000000.000
23171,2264,105.468750,25000000.000
23172,2350,147.460938,25000000.000
23173,2385,164.550781,25000000.000
23174,2409,176.269531,25000000.000
23175,2414,178.710938,25000000.000
23176,2440,191.406250,25000000.000
23177,2441,191.894531,25000000.000
23178,2433,187.988281,25000000.000
23179,2432,187.500000,25000000.000
23180,2390,166.992188,25000000.000
23181,2354,149.414062,25000000.000
23182,2311,128.417969,25000000.000
23183,2306,125.976562,25000000.000
23184,2209,78.613281,25000000.000
23185,2152,50.781250,25000000.000
23186,2094,22.460938,25000000.000
23187,2086,18.554688,25000000.000
23188,1971,-37.597656,25000000.000
23189,1915,-64.941406,25000000.000
23190,1862,-90.820312,25000000.000
23191,1853,-95.214844,25000000.000
23192,1760,-140.625000,25000000.000
23193,1723,-158.691406,25000000.000
23194,1691,-174.316406,25000000.000
23195,1690,-174.804688,25000000.000
23196,1654,-192.382812,25000000.000
23197,1647,-195.800781,25000000.000
23198,1656,-191.406250,25000000.000
23199,1655,-191.894531,25000000.000
23200,1695,-172.363281,25000000.000
23201,1721,-159.667969,25000000.000
23202,1763,-139.160156,25000000.000
23203,1761,-140.136719,25000000.000
23204,1862,-90.820312,25000000.000
23205,1914,-65.429688,25000000.000
23206,1975,-35.644531,25000000.000
23207,1980,-33.203125,25000000.000
23208,2095,22.949219,25000000.000
23209,2157,53.222656,25000000.000
23210,2211,79.589844,25000000.000
23211,2219,83.496094,25000000.000
23212,2314,129.882812,25000000.000
23213,2353,148.925781,25000000.000
23214,2389,166.503906,25000000.000
23215,2392,167.968750,25000000.000
23216,2432,187.500000,25000000.000
23217,2445,193.847656,25000000.000
23218,2439,190.917969,25000000.000
23219,2439,190.917969,25000000.000
23220,2415,179.199219,25000000.000
23221,2383,163.574219,25000000.000
23222,2346,145.507812,25000000.000
23223,2340,142.578125,25000000.000
23224,2255,101.074219,25000000.000
23225,2203,75.683594,25000000.000
23226,2145,47.363281,25000000.000
23227,2137,43.457031,25000000.000
23228,2026,-10.742188,25000000.000
23229,1961,-42.480469,25000000.000
23230,1903,-70.800781,25000000.000
23231,1898,-73.242188,25000000.000
23232,1799,-121.582031,25000000.000
23233,1753,-144.042969,25000000.000
23234,1719,-160.644531,25000000.000
23235,1712,-164.062500,25000000.000
23236,1665,-187.011719,25000000.000
23237,1653,-192.871094,25000000.000
23238,1649,-194.824219,25000000.000
23239,1649,-194.824219,25000000.000
23240,1671,-184.082031,25000000.000
23241,1697,-171.386719,25000000.000
23242,1727,-156.738281,25000000.000
23243,1734,-153.320312,25000000.000
23244,1817,-112.792969,25000000.000
23245,1868,-87.890625,25000000.000
23246,1925,-60.058594,25000000.000
23247,1932,-56.640625,25000000.000
23248,2046,-0.976562,25000000.000
23249,2104,27.343750,25000000.000
23250,2165,57.128906,25000000.000
23251,2170,59.570312,25000000.000
23252,2272,109.375000,25000000.000
23253,2320,132.812500,25000000.000
23254,2360,152.343750,25000000.000
23255,2361,152.832031,25000000.000
23256,2418,180.664062,25000000.000
23257,2434,188.476562,25000000.000
23258,2440,191.406250,25000000.000
23259,2441,191.894531,25000000.000
23260,2428,185.546875,25000000.000
23261,2407,175.292969,25000000.000
23262,2380,162.109375,25000000.000
23263,2377,160.644531,25000000.000
23264,2298,122.070312,25000000.000
23265,2247,97.167969,25000000.000
23266,2194,71.289062,25000000.000
23267,2186,67.382812,25000000.000
23268,2077,14.160156,25000000.000
23269,2017,-15.136719,25000000.000
23270,1955,-45.410156,25000000.000
23271,1946,-49.804688,25000000.000
23272,1840,-101.562500,25000000.000
23273,1791,-125.488281,25000000.000
23274,1749,-145.996094,25000000.000
23275,1745,-147.949219,25000000.000
23276,1685,-177.246094,25000000.000
23277,1665,-187.011719,25000000.000
23278,1652,-193.359375,25000000.000
23279,1653,-192.871094,25000000.000
23280,1659,-189.941406,25000000.000
23281,1676,-181.640625,25000000.000
23282,1703,-168.457031,25000000.000
23283,1704,-167.968750,25000000.000
23284,1778,-131.835938,25000000.000
23285,1825,-108.886719,25000000.000
23286,1876,-83.984375,25000000.000
23287,1882,-81.054688,25000000.000
23288,1993,-26.855469,25000000.000
23289,2055,3.417969,25000000.000
23290,2114,32.226562,25000000.000
23291,2122,36.132812,25000000.000
23292,2228,87.890625,25000000.000
23293,2283,114.746094,25000000.000
23294,2328,136.718750,25000000.000
23295,2332,138.671875,25000000.000
23296,2399,171.386719,25000000.000
23297,2422,182.617188,25000000.000
23298,2438,190.429688,25000000.000
23299,2438,190.429688,25000000.000
23300,2439,190.917969,25000000.000
23301,2427,185.058594,25000000.000
23302,2405,174.316406,25000000.000
23303,2401,172.363281,25000000.000
23304,2337,141.113281,25000000.000
23305,2291,118.652344,25000000.000
23306,2240,93.750000,25000000.000
23307,2236,91.796875,25000000.000
23308,2134,41.992188,25000000.000
23309,2074,12.695312,25000000.000
23310,1994,-26.367188,25000000.000
23311,2002,-22.460938,25000000.000
23312,1886,-79.101562,25000000.000
23313,1835,-104.003906,25000000.000
23314,1784,-128.906250,25000000.000
23315,1780,-130.859375,25000000.000
23316,1708,-166.015625,25000000.000
23317,1679,-180.175781,25000000.000
23318,1661,-188.964844,25000000.000
23319,1659,-189.941406,25000000.000
23320,1652,-193.359375,25000000.000
23321,1660,-189.453125,25000000.000
23322,1679,-180.175781,25000000.000
23323,1680,-179.687500,25000000.000
23324,1738,-151.367188,25000000.000
23325,1784,-128.906250,25000000.000
23326,1831,-105.957031,25000000.000
23327,1837,-103.027344,25000000.000
23328,1945,-50.292969,25000000.000
23329,2001,-22.949219,25000000.000
23330,2061,6.347656,25000000.000
23331,2069,10.253906,25000000.000
23332,2183,65.917969,25000000.000
23333,2236,91.796875,25000000.000
23334,2289,117.675781,25000000.000
23335,2292,119.140625,25000000.000
23336,2372,158.203125,25000000.000
23337,2402,172.851562,25000000.000
23338,2425,184.082031,25000000.000
23339,2425,184.082031,25000000.000
23340,2442,192.382812,25000000.000
23341,2439,190.917969,25000000.000
23342,2421,182.128906,25000000.000
23343,2421,182.128906,25000000.000
23344,2370,157.226562,25000000.000
23345,2329,137.207031,25000000.000
23346,2286,116.210938,25000000.000
23347,2280,113.281250,25000000.000
23348,2179,63.964844,25000000.000
23349,2116,33.203125,25000000.000
23350,2059,5.371094,25000000.000
23351,2050,0.976562,25000000.000
23352,1942,-51.757812,25000000.000
23353,1881,-81.542969,25000000.000
23354,1827,-107.910156,25000000.000
23355,1818,-112.304688,25000000.000
23356,1737,-151.855469,25000000.000
23357,1704,-167.968750,25000000.000
23358,1676,-181.640625,25000000.000
23359,1674,-182.617188,25000000.000
23360,1651,-193.847656,25000000.000
23361,1652,-193.359375,25000000.000
23362,1662,-188.476562,25000000.000
23363,1665,-187.011719,25000000.000
23364,1711,-164.550781,25000000.000
23365,1745,-147.949219,25000000.000
23366,1792,-125.000000,25000000.000
23367,1795,-123.535156,25000000.000
23368,1897,-73.730469,25000000.000
23369,1952,-46.875000,25000000.000
23370,2012,-17.578125,25000000.000
23371,2016,-15.625000,25000000.000
23372,2131,40.527344,25000000.000
23373,2187,67.871094,25000000.000
23374,2248,97.656250,25000000.000
23375,2248,97.656250,25000000.000
23376,2342,143.554688,25000000.000
23377,2373,158.691406,25000000.000
23378,2409,176.269531,25000000.000
23379,2408,175.781250,25000000.000
23380,2440,191.406250,25000000.000
23381,2440,191.406250,25000000.000
23382,2436,189.453125,25000000.000
23383,2435,188.964844,25000000.000
23384,2397,170.410156,25000000.000
23385,2364,154.296875,25000000.000
23386,2321,133.300781,25000000.000
23387,2316,130.859375,25000000.000
23388,2225,86.425781,25000000.000
23389,2167,58.105469,25000000.000
23390,2106,28.320312,25000000.000
23391,2101,25.878906,25000000.000
23392,1986,-30.273438,25000000.000
23393,1928,-58.593750,25000000.000
23394,1871,-86.425781,25000000.000
23395,1865,-89.355469,25000000.000
23396,1772,-134.765625,25000000.000
23397,1731,-154.785156,25000000.000
23398,1699,-170.410156,25000000.000
23399,1693,-173.339844,25000000.000
23400,1658,-190.429688,25000000.000
23401,1649,-194.824219,25000000.000
23402,1652,-193.359375,25000000.000
23403,1652,-193.359375,25000000.000
23404,1686,-176.757812,25000000.000
23405,1715,-162.597656,25000000.000
23406,1752,-144.531250,25000000.000
23407,1757,-142.089844,25000000.000
23408,1845,-99.121094,25000000.000
23409,1904,-70.312500,25000000.000
23410,1959,-43.457031,25000000.000
23411,1966,-40.039062,25000000.000
23412,2080,15.625000,25000000.000
23413,2140,44.921875,25000000.000
23414,2199,73.730469,25000000.000
23415,2204,76.171875,25000000.000
23416,2302,124.023438,25000000.000
23417,2345,145.019531,25000000.000
23418,2381,162.597656,25000000.000
23419,2384,164.062500,25000000.000
23420,2428,185.546875,25000000.000
23421,2441,191.894531,25000000.000
23422,2441,191.894531,25000000.000
23423,2442,192.382812,25000000.000
23424,2417,180.175781,25000000.000
23425,2393,168.457031,25000000.000
23426,2356,150.390625,25000000.000
23427,2353,148.925781,25000000.000
23428,2269,107.910156,25000000.000
23429,2216,82.031250,25000000.000
23430,2158,53.710938,25000000.000
23431,2153,51.269531,25000000.000
23432,2040,-3.906250,25000000.000
23433,1976,-35.156250,25000000.000
23434,1920,-62.500000,25000000.000
23435,1912,-66.406250,25000000.000
23436,1809,-116.699219,25000000.000
23437,1765,-138.183594,25000000.000
23438,1724,-158.203125,25000000.000
23439,1720,-160.156250,25000000.000
23440,1669,-185.058594,25000000.000
23441,1656,-191.406250,25000000.000
23442,1649,-194.824219,25000000.000
23443,1650,-194.335938,25000000.000
23444,1667,-186.035156,25000000.000
23445,1689,-175.292969,25000000.000
23446,1720,-160.156250,25000000.000
23447,1724,-158.203125,25000000.000
23448,1807,-117.675781,25000000.000
23449,1851,-96.191406,25000000.000
23450,1911,-66.894531,25000000.000
23451,1917,-63.964844,25000000.000
23452,2030,-8.789062,25000000.000
23453,2091,20.996094,25000000.000
23454,2150,49.804688,25000000.000
23455,2157,53.222656,25000000.000
23456,2260,103.515625,25000000.000
23457,2310,127.929688,25000000.000
23458,2351,147.949219,25000000.000
23459,2357,150.878906,25000000.000
23460,2414,178.710938,25000000.000
23461,2431,187.011719,25000000.000
23462,2441,191.894531,25000000.000
23463,2443,192.871094,25000000.000
23464,2432,187.500000,25000000.000
23465,2411,177.246094,25000000.000
23466,2389,166.503906,25000000.000
23467,2384,164.062500,25000000.000
23468,2310,127.929688,25000000.000
23469,2261,104.003906,25000000.000
23470,2207,77.636719,25000000.000
23471,2200,74.218750,25000000.000
23472,2091,20.996094,25000000.000
23473,2030,-8.789062,25000000.000
23474,1968,-39.062500,25000000.000
23475,1963,-41.503906,25000000.000
23476,1853,-95.214844,25000000.000
23477,1802,-120.117188,25000000.000
23478,1759,-141.113281,25000000.000
23479,1756,-142.578125,25000000.000
23480,1690,-174.804688,25000000.000
23481,1667,-186.035156,25000000.000
23482,1655,-191.894531,25000000.000
23483,1653,-192.871094,25000000.000
23484,1657,-190.917969,25000000.000
23485,1671,-184.082031,25000000.000
23486,1693,-173.339844,25000000.000
23487,1697,-171.386719,25000000.000
23488,1765,-138.183594,25000000.000
23489,1813,-114.746094,25000000.000
23490,1863,-90.332031,25000000.000
23491,1869,-87.402344,25000000.000
23492,1977,-34.667969,25000000.000
23493,2041,-3.417969,25000000.000
23494,2100,25.390625,25000000.000
23495,2106,28.320312,25000000.000
23496,2218,83.007812,25000000.000
23497,2264,105.468750,25000000.000
23498,2319,132.324219,25000000.000
23499,2321,133.300781,25000000.000
23500,2387,165.527344,25000000.000
23501,2420,181.640625,25000000.000
23502,2436,189.453125,25000000.000
23503,2437,189.941406,25000000.000
23504,2442,192.382812,25000000.000
23505,2439,190.917969,25000000.000
23506,2423,183.105469,25000000.000
23507,2412,177.734375,25000000.000
23508,2335,140.136719,25000000.000
23509,2307,126.464844,25000000.000
23510,2248,97.656250,25000000.000
23511,2246,96.679688,25000000.000
23512,2142,45.898438,25000000.000
23513,2081,16.113281,25000000.000
23514,2022,-12.695312,25000000.000
23515,2014,-16.601562,25000000.000
23516,1902,-71.289062,25000000.000
23517,1845,-99.121094,25000000.000
23518,1797,-122.558594,25000000.000
23519,1790,-125.976562,25000000.000
23520,1715,-162.597656,25000000.000
23521,1685,-177.246094,25000000.000
23522,1665,-187.011719,25000000.000
23523,1663,-187.988281,25000000.000
23524,1649,-194.824219,25000000.000
23525,1659,-189.941406,25000000.000
23526,1674,-182.617188,25000000.000
23527,1676,-181.640625,25000000.000
23528,1732,-154.296875,25000000.000
23529,1771,-135.253906,25000000.000
23530,1820,-111.328125,25000000.000
23531,1824,-109.375000,25000000.000
23532,1929,-58.105469,25000000.000
23533,1987,-29.785156,25000000.000
23534,2046,-0.976562,25000000.000
23535,2054,2.929688,25000000.000
23536,2167,58.105469,25000000.000
23537,2225,86.425781,25000000.000
23538,2276,111.328125,25000000.000
23539,2282,114.257812,25000000.000
23540,2362,153.320312,25000000.000
23541,2397,170.410156,25000000.000
23542,2418,180.664062,25000000.000
23543,2423,183.105469,25000000.000
23544,2444,193.359375,25000000.000
23545,2441,191.894531,25000000.000
23546,2427,185.058594,25000000.000
23547,2426,184.570312,25000000.000
23548,2379,161.621094,25000000.000
23549,2340,142.578125,25000000.000
23550,2296,121.093750,25000000.000
23551,2292,119.140625,25000000.000
23552,2189,68.847656,25000000.000
23553,2135,42.480469,25000000.000
23554,2072,11.718750,25000000.000
23555,2066,8.789062,25000000.000
23556,1950,-47.851562,25000000.000
23557,1896,-74.218750,25000000.000
23558,1840,-101.562500,25000000.000
23559,1834,-104.492188,25000000.000
23560,1746,-147.460938,25000000.000
23561,1710,-165.039062,25000000.000
23562,1685,-177.246094,25000000.000
23563,1682,-178.710938,25000000.000
23564,1650,-194.335938,25000000.000
23565,1650,-194.335938,25000000.000
23566,1660,-189.453125,25000000.000
23567,1659,-189.941406,25000000.000
23568,1702,-168.945312,25000000.000
23569,1737,-151.855469,25000000.000
23570,1777,-132.324219,25000000.000
23571,1781,-130.371094,25000000.000
23572,1878,-83.007812,25000000.000
23573,1937,-54.199219,25000000.000
23574,1995,-25.878906,25000000.000
23575,2003,-21.972656,25000000.000
23576,2117,33.691406,25000000.000
23577,2175,62.011719,25000000.000
23578,2232,89.843750,25000000.000
23579,2238,92.773438,25000000.000
23580,2330,137.695312,25000000.000
23581,2368,156.250000,25000000.000
23582,2401,172.363281,25000000.000
23583,2402,172.851562,25000000.000
23584,2437,189.941406,25000000.000
23585,2444,193.359375,25000000.000
23586,2439,190.917969,25000000.000
23587,2436,189.453125,25000000.000
23588,2403,173.339844,25000000.000
23589,2374,159.179688,25000000.000
23590,2331,138.183594,25000000.000
23591,2329,137.207031,25000000.000
23592,2237,92.285156,25000000.000
23593,2180,64.453125,25000000.000
23594,2122,36.132812,25000000.000
23595,2117,33.691406,25000000.000
23596,1999,-23.925781,25000000.000
23597,1942,-51.757812,25000000.000
23598,1885,-79.589844,25000000.000
23599,1878,-83.007812,25000000.000
23600,1781,-130.371094,25000000.000
23601,1738,-151.367188,25000000.000
23602,1705,-167.480469,25000000.000
23603,1701,-169.433594,25000000.000
23604,1659,-189.941406,25000000.000
23605,1651,-193.847656,25000000.000
23606,1651,-193.847656,25000000.000
23607,1652,-193.359375,25000000.000
23608,1678,-180.664062,25000000.000
23609,1708,-166.015625,25000000.000
23610,1744,-148.437500,25000000.000
23611,1749,-145.996094,25000000.000
23612,1834,-104.492188,25000000.000
23613,1888,-78.125000,25000000.000
23614,1947,-49.316406,25000000.000
23615,1952,-46.875000,25000000.000
23616,2067,9.277344,25000000.000
23617,2127,38.574219,25000000.000
23618,2182,65.429688,25000000.000
23619,2190,69.335938,25000000.000
23620,2290,118.164062,25000000.000
23621,2334,139.648438,25000000.000
23622,2371,157.714844,25000000.000
23623,2377,160.644531,25000000.000
23624,2423,183.105469,25000000.000
23625,2439,190.917969,25000000.000
23626,2442,192.382812,25000000.000
23627,2442,192.382812,25000000.000
23628,2423,183.105469,25000000.000
23629,2397,170.410156,25000000.000
23630,2367,155.761719,25000000.000
23631,2362,153.320312,25000000.000
23632,2280,113.281250,25000000.000
23633,2230,88.867188,25000000.000
23634,2174,61.523438,25000000.000
23635,2167,58.105469,25000000.000
23636,2053,2.441406,25000000.000
23637,1993,-26.855469,25000000.000
23638,1933,-56.152344,25000000.000
23639,1927,-59.082031,25000000.000
23640,1821,-110.839844,25000000.000
23641,1776,-132.812500,25000000.000
23642,1733,-153.808594,25000000.000
23643,1730,-155.273438,25000000.000
23644,1675,-182.128906,25000000.000
23645,1658,-190.429688,25000000.000
23646,1651,-193.847656,25000000.000
23647,1652,-193.359375,25000000.000
23648,1665,-187.011719,25000000.000
23649,1681,-179.199219,25000000.000
23650,1713,-163.574219,25000000.000
23651,1714,-163.085938,25000000.000
23652,1791,-125.488281,25000000.000
23653,1842,-100.585938,25000000.000
23654,1895,-74.707031,25000000.000
23655,1892,-76.171875,25000000.000
23656,2010,-18.554688,25000000.000
23657,2070,10.742188,25000000.000
23658,2134,41.992188,25000000.000
23659,2140,44.921875,25000000.000
23660,2249,98.144531,25000000.000
23661,2297,121.582031,25000000.000
23662,2344,144.531250,25000000.000
23663,2347,145.996094,25000000.000
23664,2409,176.269531,25000000.000
23665,2427,185.058594,25000000.000
23666,2441,191.894531,25000000.000
23667,2443,192.871094,25000000.000
23668,2436,189.453125,25000000.000
23669,2420,181.640625,25000000.000
23670,2395,169.433594,25000000.000
23671,2392,167.968750,25000000.000
23672,2321,133.300781,25000000.000
23673,2277,111.816406,25000000.000
23674,2220,83.984375,25000000.000
23675,2215,81.542969,25000000.000
23676,2108,29.296875,25000000.000
23677,2045,-1.464844,25000000.000
23678,1984,-31.250000,25000000.000
23679,1979,-33.691406,25000000.000
23680,1869,-87.402344,25000000.000
23681,1812,-115.234375,25000000.000
23682,1770,-135.742188,25000000.000
23683,1764,-138.671875,25000000.000
23684,1697,-171.386719,25000000.000
23685,1672,-183.593750,25000000.000
23686,1655,-191.894531,25000000.000
23687,1654,-192.382812,25000000.000
23688,1656,-191.406250,25000000.000
23689,1666,-186.523438,25000000.000
23690,1687,-176.269531,25000000.000
23691,1691,-174.316406,25000000.000
23692,1756,-142.578125,25000000.000
23693,1800,-121.093750,25000000.000
23694,1850,-96.679688,25000000.000
23695,1857,-93.261719,25000000.000
23696,1964,-41.015625,25000000.000
23697,2030,-8.789062,25000000.000
23698,2085,18.066406,25000000.000
23699,2091,20.996094,25000000.000
23700,2199,73.730469,25000000.000
23701,2257,102.050781,25000000.000
23702,2304,125.000000,25000000.000
23703,2309,127.441406,25000000.000
23704,2386,165.039062,25000000.000
23705,2412,177.734375,25000000.000
23706,2429,186.035156,25000000.000
23707,2434,188.476562,25000000.000
23708,2441,191.894531,25000000.000
23709,2436,189.453125,25000000.000
23710,2417,180.175781,25000000.000
23711,2414,178.710938,25000000.000
23712,2357,150.878906,25000000.000
23713,2314,129.882812,25000000.000
23714,2267,106.933594,25000000.000
23715,2261,104.003906,25000000.000
23716,2158,53.710938,25000000.000
23717,2096,23.437500,25000000.000
23718,2036,-5.859375,25000000.000
23719,2029,-9.277344,25000000.000
23720,1915,-64.941406,25000000.000
23721,1859,-92.285156,25000000.000
23722,1807,-117.675781,25000000.000
23723,1805,-118.652344,25000000.000
23724,1722,-159.179688,25000000.000
23725,1692,-173.828125,25000000.000
23726,1670,-184.570312,25000000.000
23727,1667,-186.035156,25000000.000
23728,1650,-194.335938,25000000.000
23729,1655,-191.894531,25000000.000
23730,1668,-185.546875,25000000.000
23731,1672,-183.593750,25000000.000
23732,1723,-158.691406,25000000.000
23733,1762,-139.648438,25000000.000
23734,1806,-118.164062,25000000.000
23735,1811,-115.722656,25000000.000
23736,1916,-64.453125,25000000.000
23737,1973,-36.621094,25000000.000
23738,2029,-9.277344,25000000.000
23739,2037,-5.371094,25000000.000
23740,2152,50.781250,25000000.000
23741,2211,79.589844,25000000.000
23742,2262,104.492188,25000000.000
23743,2267,106.933594,25000000.000
23744,2355,149.902344,25000000.000
23745,2389,166.503906,25000000.000
23746,2416,179.687500,25000000.000
23747,2417,180.175781,25000000.000
23748,2444,193.359375,25000000.000
23749,2441,191.894531,25000000.000
23750,2433,187.988281,25000000.000
23751,2430,186.523438,25000000.000
23752,2386,165.039062,25000000.000
23753,2352,148.437500,25000000.000
23754,2308,126.953125,25000000.000
23755,2303,124.511719,25000000.000
23756,2205,76.660156,25000000.000
23757,2152,50.781250,25000000.000
23758,2088,19.531250,25000000.000
23759,2083,17.089844,25000000.000
23760,1966,-40.039062,25000000.000
23761,1907,-68.847656,25000000.000
23762,1852,-95.703125,25000000.000
23763,1848,-97.656250,25000000.000
23764,1757,-142.089844,25000000.000
23765,1716,-162.109375,25000000.000
23766,1689,-175.292969,25000000.000
23767,1684,-177.734375,25000000.000
23768,1653,-192.871094,25000000.000
23769,1651,-193.847656,25000000.000
23770,1655,-191.894531,25000000.000
23771,1658,-190.429688,25000000.000
23772,1697,-171.386719,25000000.000
23773,1729,-155.761719,25000000.000
23774,1761,-140.136719,25000000.000
23775,1767,-137.207031,25000000.000
23776,1870,-86.914062,25000000.000
23777,1920,-62.500000,25000000.000
23778,1982,-32.226562,25000000.000
23779,1988,-29.296875,25000000.000
23780,2103,26.855469,25000000.000
23781,2160,54.687500,25000000.000
23782,2220,83.984375,25000000.000
23783,2224,85.937500,25000000.000
23784,2319,132.324219,25000000.000
23785,2359,151.855469,25000000.000
23786,2392,167.968750,25000000.000
23787,2394,168.945312,25000000.000
23788,2434,188.476562,25000000.000
23789,2441,191.894531,25000000.000
23790,2440,191.406250,25000000.000
23791,2439,190.917969,25000000.000
23792,2407,175.292969,25000000.000
23793,2379,161.621094,25000000.000
23794,2346,145.507812,25000000.000
23795,2341,143.066406,25000000.000
23796,2250,98.632812,25000000.000
23797,2195,71.777344,25000000.000
23798,2139,44.433594,25000000.000
23799,2131,40.527344,25000000.000
23800,2016,-15.625000,25000000.000
23801,1957,-44.433594,25000000.000
23802,1897,-73.730469,25000000.000
23803,1891,-76.660156,25000000.000
23804,1794,-124.023438,25000000.000
23805,1751,-145.019531,25000000.000
23806,1712,-164.062500,25000000.000
23807,1711,-164.550781,25000000.000
23808,1664,-187.500000,25000000.000
23809,1652,-193.359375,25000000.000
23810,1649,-194.824219,25000000.000
23811,1651,-193.847656,25000000.000
23812,1675,-182.128906,25000000.000
23813,1698,-170.898438,25000000.000
23814,1733,-153.808594,25000000.000
23815,1737,-151.855469,25000000.000
23816,1823,-109.863281,25000000.000
23817,1875,-84.472656,25000000.000
23818,1930,-57.617188,25000000.000
23819,1937,-54.199219,25000000.000
23820,2049,0.488281,25000000.000
23821,2112,31.250000,25000000.000
23822,2170,59.570312,25000000.000
23823,2177,62.988281,25000000.000
23824,2277,111.816406,25000000.000
23825,2326,135.742188,25000000.000
23826,2365,154.785156,25000000.000
23827,2370,157.226562,25000000.000
23828,2421,182.128906,25000000.000
23829,2436,189.453125,25000000.000
23830,2441,191.894531,25000000.000
23831,2441,191.894531,25000000.000
23832,2427,185.058594,25000000.000
23833,2405,174.316406,25000000.000
23834,2376,160.156250,25000000.000
23835,2372,158.203125,25000000.000
23836,2293,119.628906,25000000.000
23837,2242,94.726562,25000000.000
23838,2185,66.894531,25000000.000
23839,2181,64.941406,25000000.000
23840,2067,9.277344,25000000.000
23841,2008,-19.531250,25000000.000
23842,1946,-49.804688,25000000.000
23843,1942,-51.757812,25000000.000
23844,1835,-104.003906,25000000.000
23845,1786,-127.929688,25000000.000
23846,1744,-148.437500,25000000.000
23847,1740,-150.390625,25000000.000
23848,1682,-178.710938,25000000.000
23849,1659,-189.941406,25000000.000
23850,1652,-193.359375,25000000.000
23851,1650,-194.335938,25000000.000
23852,1658,-190.429688,25000000.000
23853,1678,-180.664062,25000000.000
23854,1704,-167.968750,25000000.000
23855,1707,-166.503906,25000000.000
23856,1778,-131.835938,25000000.000
23857,1831,-105.957031,25000000.000
23858,1883,-80.566406,25000000.000
23859,1889,-77.636719,25000000.000
23860,2001,-22.949219,25000000.000
23861,2060,5.859375,25000000.000
23862,2121,35.644531,25000000.000
23863,2129,39.550781,25000000.000
23864,2236,91.796875,25000000.000
23865,2285,115.722656,25000000.000
23866,2332,138.671875,25000000.000
23867,2336,140.625000,25000000.000
23868,2400,171.875000,25000000.000
23869,2424,183.593750,25000000.000
23870,2437,189.941406,25000000.000
23871,2438,190.429688,25000000.000
23872,2437,189.941406,25000000.000
23873,2425,184.082031,25000000.000
23874,2400,171.875000,25000000.000
23875,2398,170.898438,25000000.000
23876,2333,139.160156,25000000.000
23877,2286,116.210938,25000000.000
23878,2245,96.191406,25000000.000
23879,2232,89.843750,25000000.000
23880,2122,36.132812,25000000.000
23881,2044,-1.953125,25000000.000
23882,1990,-28.320312,25000000.000
23883,1997,-24.902344,25000000.000
23884,1884,-80.078125,25000000.000
23885,1822,-110.351562,25000000.000
23886,1781,-130.371094,25000000.000
23887,1773,-134.277344,25000000.000
23888,1711,-164.550781,25000000.000
23889,1664,-187.500000,25000000.000
23890,1653,-192.871094,25000000.000
23891,1652,-193.359375,25000000.000
23892,1662,-188.476562,25000000.000
23893,1666,-186.523438,25000000.000
23894,1682,-178.710938,25000000.000
23895,1688,-175.781250,25000000.000
23896,1749,-145.996094,25000000.000
23897,1789,-126.464844,25000000.000
23898,1838,-102.539062,25000000.000
23899,1844,-99.609375,25000000.000
23900,1949,-48.339844,25000000.000
23901,2010,-18.554688,25000000.000
23902,2069,10.253906,25000000.000
23903,2074,12.695312,25000000.000
23904,2189,68.847656,25000000.000
23905,2244,95.703125,25000000.000
23906,2291,118.652344,25000000.000
23907,2298,122.070312,25000000.000
23908,2376,160.156250,25000000.000
23909,2405,174.316406,25000000.000
23910,2427,185.058594,25000000.000
23911,2430,186.523438,25000000.000
23912,2443,192.871094,25000000.000
23913,2437,189.941406,25000000.000
23914,2423,183.105469,25000000.000
23915,2419,181.152344,25000000.000
23916,2367,155.761719,25000000.000
23917,2326,135.742188,25000000.000
23918,2278,112.304688,25000000.000
23919,2272,109.375000,25000000.000
23920,2170,59.570312,25000000.000
23921,2112,31.250000,25000000.000
23922,2050,0.976562,25000000.000
23923,2045,-1.464844,25000000.000
23924,1931,-57.128906,25000000.000
23925,1873,-85.449219,25000000.000
23926,1821,-110.839844,25000000.000
23927,1817,-112.792969,25000000.000
23928,1733,-153.808594,25000000.000
23929,1681,-179.199219,25000000.000
23930,1656,-191.406250,25000000.000
23931,1676,-181.640625,25000000.000
23932,1682,-178.710938,25000000.000
23933,1651,-193.847656,25000000.000
23934,1669,-185.058594,25000000.000
23935,1683,-178.222656,25000000.000
23936,1710,-165.039062,25000000.000
23937,1747,-146.972656,25000000.000
23938,1792,-125.000000,25000000.000
23939,1802,-120.117188,25000000.000
23940,1898,-73.242188,25000000.000
23941,1960,-42.968750,25000000.000
23942,2019,-14.160156,25000000.000
23943,2027,-10.253906,25000000.000
23944,2137,43.457031,25000000.000
23945,2197,72.753906,25000000.000
23946,2252,99.609375,25000000.000
23947,2258,102.539062,25000000.000
23948,2347,145.996094,25000000.000
23949,2380,162.109375,25000000.000
23950,2405,174.316406,25000000.000
23951,2412,177.734375,25000000.000
23952,2439,190.917969,25000000.000
23953,2459,200.683594,25000000.000
23954,2431,187.011719,25000000.000
23955,2433,187.988281,25000000.000
23956,2397,170.410156,25000000.000
23957,2353,148.925781,25000000.000
23958,2318,131.835938,25000000.000
23959,2315,130.371094,25000000.000
23960,2221,84.472656,25000000.000
23961,2160,54.687500,25000000.000
23962,2103,26.855469,25000000.000
23963,2096,23.437500,25000000.000
23964,1982,-32.226562,25000000.000
23965,1919,-62.988281,25000000.000
23966,1864,-89.843750,25000000.000
23967,1857,-93.261719,25000000.000
23968,1765,-138.183594,25000000.000
23969,1727,-156.738281,25000000.000
23970,1695,-172.363281,25000000.000
23971,1691,-174.316406,25000000.000
23972,1653,-192.871094,25000000.000
23973,1653,-192.871094,25000000.000
23974,1653,-192.871094,25000000.000
23975,1654,-192.382812,25000000.000
23976,1689,-175.292969,25000000.000
23977,1719,-160.644531,25000000.000
23978,1759,-141.113281,25000000.000
23979,1763,-139.160156,25000000.000
23980,1854,-94.726562,25000000.000
23981,1906,-69.335938,25000000.000
23982,1967,-39.550781,25000000.000
23983,1972,-37.109375,25000000.000
23984,2088,19.531250,25000000.000
23985,2149,49.316406,25000000.000
23986,2204,76.171875,25000000.000
23987,2209,78.613281,25000000.000
23988,2306,125.976562,25000000.000
23989,2351,147.949219,25000000.000
23990,2382,163.085938,25000000.000
23991,2389,166.503906,25000000.000
23992,2431,187.011719,25000000.000
23993,2440,191.406250,25000000.000
23994,2442,192.382812,25000000.000
23995,2443,192.871094,25000000.000
23996,2413,178.222656,25000000.000
23997,2385,164.550781,25000000.000
23998,2356,150.390625,25000000.000
23999,2350,147.460938,25000000.000
24000,2262,104.492188,25000000.000
24001,2228,87.890625,25000000.000
24002,2167,58.105469,25000000.000
24003,2151,50.292969,25000000.000
24004,2033,-7.324219,25000000.000
24005,1971,-37.597656,25000000.000
24006,1912,-66.406250,25000000.000
24007,1911,-66.894531,25000000.000
24008,1806,-118.164062,25000000.000
24009,1761,-140.136719,25000000.000
24010,1721,-159.667969,25000000.000
24011,1719,-160.644531,25000000.000
24012,1668,-185.546875,25000000.000
24013,1655,-191.894531,25000000.000
24014,1652,-193.359375,25000000.000
24015,1650,-194.335938,25000000.000
24016,1664,-187.500000,25000000.000
24017,1694,-172.851562,25000000.000
24018,1724,-158.203125,25000000.000
24019,1728,-156.250000,25000000.000
24020,1809,-116.699219,25000000.000
24021,1862,-90.820312,25000000.000
24022,1915,-64.941406,25000000.000
24023,1924,-60.546875,25000000.000
24024,2036,-5.859375,25000000.000
24025,2096,23.437500,25000000.000
24026,2157,53.222656,25000000.000
24027,2163,56.152344,25000000.000
24028,2267,106.933594,25000000.000
24029,2314,129.882812,25000000.000
24030,2357,150.878906,25000000.000
24031,2359,151.855469,25000000.000
24032,2417,180.175781,25000000.000
24033,2434,188.476562,25000000.000
24034,2440,191.406250,25000000.000
24035,2441,191.894531,25000000.000
24036,2431,187.011719,25000000.000
24037,2412,177.734375,25000000.000
24038,2382,163.085938,25000000.000
24039,2382,163.085938,25000000.000
24040,2303,124.511719,25000000.000
24041,2256,101.562500,25000000.000
24042,2200,74.218750,25000000.000
24043,2197,72.753906,25000000.000
24044,2092,21.484375,25000000.000
24045,2019,-14.160156,25000000.000
24046,1957,-44.433594,25000000.000
24047,1957,-44.433594,25000000.000
24048,1849,-97.167969,25000000.000
24049,1798,-122.070312,25000000.000
24050,1751,-145.019531,25000000.000
24051,1748,-146.484375,25000000.000
24052,1688,-175.781250,25000000.000
24053,1665,-187.011719,25000000.000
24054,1652,-193.359375,25000000.000
24055,1652,-193.359375,25000000.000
24056,1656,-191.406250,25000000.000
24057,1673,-183.105469,25000000.000
24058,1697,-171.386719,25000000.000
24059,1701,-169.433594,25000000.000
24060,1771,-135.253906,25000000.000
24061,1816,-113.281250,25000000.000
24062,1869,-87.402344,25000000.000
24063,1875,-84.472656,25000000.000
24064,1986,-30.273438,25000000.000
24065,2048,0.000000,25000000.000
24066,2105,27.832031,25000000.000
24067,2111,30.761719,25000000.000
24068,2221,84.472656,25000000.000
24069,2277,111.816406,25000000.000
24070,2321,133.300781,25000000.000
24071,2324,134.765625,25000000.000
24072,2393,168.457031,25000000.000
24073,2420,181.640625,25000000.000
24074,2431,187.011719,25000000.000
24075,2443,192.871094,25000000.000
24076,2441,191.894531,25000000.000
24077,2428,185.546875,25000000.000
24078,2409,176.269531,25000000.000
24079,2406,174.804688,25000000.000
24080,2344,144.531250,25000000.000
24081,2297,121.582031,25000000.000
24082,2249,98.144531,25000000.000
24083,2242,94.726562,25000000.000
24084,2136,42.968750,25000000.000
24085,2076,13.671875,25000000.000
24086,2014,-16.601562,25000000.000
24087,2007,-20.019531,25000000.000
24088,1894,-75.195312,25000000.000
24089,1842,-100.585938,25000000.000
24090,1791,-125.488281,25000000.000
24091,1788,-126.953125,25000000.000
24092,1714,-163.085938,25000000.000
24093,1682,-178.710938,25000000.000
24094,1661,-188.964844,25000000.000
24095,1665,-187.011719,25000000.000
24096,1652,-193.359375,25000000.000
24097,1657,-190.917969,25000000.000
24098,1677,-181.152344,25000000.000
24099,1678,-180.664062,25000000.000
24100,1734,-153.320312,25000000.000
24101,1778,-131.835938,25000000.000
24102,1825,-108.886719,25000000.000
24103,1829,-106.933594,25000000.000
24104,1935,-55.175781,25000000.000
24105,1995,-25.878906,25000000.000
24106,2055,3.417969,25000000.000
24107,2061,6.347656,25000000.000
24108,2175,62.011719,25000000.000
24109,2229,88.378906,25000000.000
24110,2282,114.257812,25000000.000
24111,2287,116.699219,25000000.000
24112,2367,155.761719,25000000.000
24113,2398,170.898438,25000000.000
24114,2424,183.593750,25000000.000
24115,2423,183.105469,25000000.000
24116,2444,193.359375,25000000.000
24117,2439,190.917969,25000000.000
24118,2425,184.082031,25000000.000
24119,2423,183.105469,25000000.000
24120,2373,158.691406,25000000.000
24121,2337,141.113281,25000000.000
24122,2291,118.652344,25000000.000
24123,2287,116.699219,25000000.000
24124,2184,66.406250,25000000.000
24125,2123,36.621094,25000000.000
24126,2069,10.253906,25000000.000
24127,2060,5.859375,25000000.000
24128,1943,-51.269531,25000000.000
24129,1887,-78.613281,25000000.000
24130,1834,-104.492188,25000000.000
24131,1829,-106.933594,25000000.000
24132,1742,-149.414062,25000000.000
24133,1707,-166.503906,25000000.000
24134,1680,-179.687500,25000000.000
24135,1675,-182.128906,25000000.000
24136,1652,-193.359375,25000000.000
24137,1652,-193.359375,25000000.000
24138,1658,-190.429688,25000000.000
24139,1663,-187.988281,25000000.000
24140,1706,-166.992188,25000000.000
24141,1743,-148.925781,25000000.000
24142,1785,-128.417969,25000000.000
24143,1789,-126.464844,25000000.000
24144,1891,-76.660156,25000000.000
24145,1947,-49.316406,25000000.000
24146,1991,-27.832031,25000000.000
24147,2017,-15.136719,25000000.000
24148,2124,37.109375,25000000.000
24149,2188,68.359375,25000000.000
24150,2239,93.261719,25000000.000
24151,2249,98.144531,25000000.000
24152,2330,137.695312,25000000.000
24153,2377,160.644531,25000000.000
24154,2405,174.316406,25000000.000
24155,2401,172.363281,25000000.000
24156,2437,189.941406,25000000.000
24157,2445,193.847656,25000000.000
24158,2438,190.429688,25000000.000
24159,2436,189.453125,25000000.000
24160,2401,172.363281,25000000.000
24161,2366,155.273438,25000000.000
24162,2330,137.695312,25000000.000
24163,2324,134.765625,25000000.000
24164,2234,90.820312,25000000.000
24165,2174,61.523438,25000000.000
24166,2117,33.691406,25000000.000
24167,2110,30.273438,25000000.000
24168,1995,-25.878906,25000000.000
24169,1936,-54.687500,25000000.000
24170,1876,-83.984375,25000000.000
24171,1873,-85.449219,25000000.000
24172,1776,-132.812500,25000000.000
24173,1738,-151.367188,25000000.000
24174,1700,-169.921875,25000000.000
24175,1699,-170.410156,25000000.000
24176,1658,-190.429688,25000000.000
24177,1650,-194.335938,25000000.000
24178,1651,-193.847656,25000000.000
24179,1652,-193.359375,25000000.000
24180,1683,-178.222656,25000000.000
24181,1709,-165.527344,25000000.000
24182,1748,-146.484375,25000000.000
24183,1751,-145.019531,25000000.000
24184,1840,-101.562500,25000000.000
24185,1894,-75.195312,25000000.000
24186,1952,-46.875000,25000000.000
24187,1958,-43.945312,25000000.000
24188,2072,11.718750,25000000.000
24189,2134,41.992188,25000000.000
24190,2189,68.847656,25000000.000
24191,2197,72.753906,25000000.000
24192,2296,121.093750,25000000.000
24193,2338,141.601562,25000000.000
24194,2377,160.644531,25000000.000
24195,2381,162.597656,25000000.000
24196,2428,185.546875,25000000.000
24197,2437,189.941406,25000000.000
24198,2443,192.871094,25000000.000
24199,2441,191.894531,25000000.000
24200,2419,181.152344,25000000.000
24201,2393,168.457031,25000000.000
24202,2363,153.808594,25000000.000
24203,2356,150.390625,25000000.000
24204,2277,111.816406,25000000.000
24205,2224,85.937500,25000000.000
24206,2163,56.152344,25000000.000
24207,2158,53.710938,25000000.000
24208,2046,-0.976562,25000000.000
24209,1985,-30.761719,25000000.000
24210,1927,-59.082031,25000000.000
24211,1923,-61.035156,25000000.000
24212,1819,-111.816406,25000000.000
24213,1770,-135.742188,25000000.000
24214,1732,-154.296875,25000000.000
24215,1727,-156.738281,25000000.000
24216,1671,-184.082031,25000000.000
24217,1658,-190.429688,25000000.000
24218,1649,-194.824219,25000000.000
24219,1649,-194.824219,25000000.000
24220,1665,-187.011719,25000000.000
24221,1687,-176.269531,25000000.000
24222,1714,-163.085938,25000000.000
24223,1720,-160.156250,25000000.000
24224,1797,-122.558594,25000000.000
24225,1846,-98.632812,25000000.000
24226,1903,-70.800781,25000000.000
24227,1909,-67.871094,25000000.000
24228,2022,-12.695312,25000000.000
24229,2082,16.601562,25000000.000
24230,2142,45.898438,25000000.000
24231,2147,48.339844,25000000.000
24232,2254,100.585938,25000000.000
24233,2302,124.023438,25000000.000
24234,2345,145.019531,25000000.000
24235,2346,145.507812,25000000.000
24236,2409,176.269531,25000000.000
24237,2431,187.011719,25000000.000
24238,2438,190.429688,25000000.000
24239,2441,191.894531,25000000.000
24240,2433,187.988281,25000000.000
24241,2416,179.687500,25000000.000
24242,2392,167.968750,25000000.000
24243,2390,166.992188,25000000.000
24244,2315,130.371094,25000000.000
24245,2270,108.398438,25000000.000
24246,2216,82.031250,25000000.000
24247,2207,77.636719,25000000.000
24248,2099,24.902344,25000000.000
24249,2038,-4.882812,25000000.000
24250,1976,-35.156250,25000000.000
24251,1969,-38.574219,25000000.000
24252,1863,-90.332031,25000000.000
24253,1810,-116.210938,25000000.000
24254,1763,-139.160156,25000000.000
24255,1760,-140.625000,25000000.000
24256,1692,-173.828125,25000000.000
24257,1670,-184.570312,25000000.000
24258,1654,-192.382812,25000000.000
24259,1655,-191.894531,25000000.000
24260,1653,-192.871094,25000000.000
24261,1668,-185.546875,25000000.000
24262,1691,-174.316406,25000000.000
24263,1694,-172.851562,25000000.000
24264,1761,-140.136719,25000000.000
24265,1805,-118.652344,25000000.000
24266,1855,-94.238281,25000000.000
24267,1860,-91.796875,25000000.000
24268,1969,-38.574219,25000000.000
24269,2032,-7.812500,25000000.000
24270,2090,20.507812,25000000.000
24271,2096,23.437500,25000000.000
24272,2208,78.125000,25000000.000
24273,2263,104.980469,25000000.000
24274,2310,127.929688,25000000.000
24275,2315,130.371094,25000000.000
24276,2387,165.527344,25000000.000
24277,2414,178.710938,25000000.000
24278,2433,187.988281,25000000.000
24279,2434,188.476562,25000000.000
24280,2444,193.359375,25000000.000
24281,2430,186.523438,25000000.000
24282,2415,179.199219,25000000.000
24283,2411,177.246094,25000000.000
24284,2351,147.949219,25000000.000
24285,2310,127.929688,25000000.000
24286,2261,104.003906,25000000.000
24287,2255,101.074219,25000000.000
24288,2147,48.339844,25000000.000
24289,2090,20.507812,25000000.000
24290,2026,-10.742188,25000000.000
24291,2022,-12.695312,25000000.000
24292,1911,-66.894531,25000000.000
24293,1854,-94.726562,25000000.000
24294,1803,-119.628906,25000000.000
24295,1798,-122.070312,25000000.000
24296,1721,-159.667969,25000000.000
24297,1688,-175.781250,25000000.000
24298,1669,-185.058594,25000000.000
24299,1665,-187.011719,25000000.000
24300,1651,-193.847656,25000000.000
24301,1658,-190.429688,25000000.000
24302,1671,-184.082031,25000000.000
24303,1673,-183.105469,25000000.000
24304,1727,-156.738281,25000000.000
24305,1768,-136.718750,25000000.000
24306,1812,-115.234375,25000000.000
24307,1822,-110.351562,25000000.000
24308,1921,-62.011719,25000000.000
24309,1979,-33.691406,25000000.000
24310,2040,-3.906250,25000000.000
24311,2049,0.488281,25000000.000
24312,2160,54.687500,25000000.000
24313,2215,81.542969,25000000.000
24314,2272,109.375000,25000000.000
24315,2275,110.839844,25000000.000
24316,2358,151.367188,25000000.000
24317,2391,167.480469,25000000.000
24318,2416,179.687500,25000000.000
24319,2418,180.664062,25000000.000
24320,2443,192.871094,25000000.000
24321,2443,192.871094,25000000.000
24322,2430,186.523438,25000000.000
24323,2429,186.035156,25000000.000
24324,2382,163.085938,25000000.000
24325,2346,145.507812,25000000.000
24326,2303,124.511719,25000000.000
24327,2300,123.046875,25000000.000
24328,2199,73.730469,25000000.000
24329,2139,44.433594,25000000.000
24330,2081,16.113281,25000000.000
24331,2074,12.695312,25000000.000
24332,1961,-42.480469,25000000.000
24333,1901,-71.777344,25000000.000
24334,1847,-98.144531,25000000.000
24335,1840,-101.562500,25000000.000
24336,1752,-144.531250,25000000.000
24337,1716,-162.109375,25000000.000
24338,1683,-178.222656,25000000.000
24339,1683,-178.222656,25000000.000
24340,1652,-193.359375,25000000.000
24341,1650,-194.335938,25000000.000
24342,1657,-190.917969,25000000.000
24343,1661,-188.964844,25000000.000
24344,1699,-170.410156,25000000.000
24345,1732,-154.296875,25000000.000
24346,1774,-133.789062,25000000.000
24347,1776,-132.812500,25000000.000
24348,1878,-83.007812,25000000.000
24349,1942,-51.757812,25000000.000
24350,1987,-29.785156,25000000.000
24351,1999,-23.925781,25000000.000
24352,2109,29.785156,25000000.000
24353,2170,59.570312,25000000.000
24354,2224,85.937500,25000000.000
24355,2231,89.355469,25000000.000
24356,2320,132.812500,25000000.000
24357,2363,153.808594,25000000.000
24358,2396,169.921875,25000000.000
24359,2399,171.386719,25000000.000
24360,2437,189.941406,25000000.000
24361,2442,192.382812,25000000.000
24362,2440,191.406250,25000000.000
24363,2436,189.453125,25000000.000
24364,2408,175.781250,25000000.000
24365,2375,159.667969,25000000.000
24366,2339,142.089844,25000000.000
24367,2333,139.160156,25000000.000
24368,2244,95.703125,25000000.000
24369,2190,69.335938,25000000.000
24370,2131,40.527344,25000000.000
24371,2125,37.597656,25000000.000
24372,2009,-19.042969,25000000.000
24373,1951,-47.363281,25000000.000
24374,1890,-77.148438,25000000.000
24375,1886,-79.101562,25000000.000
24376,1788,-126.953125,25000000.000
24377,1744,-148.437500,25000000.000
24378,1708,-166.015625,25000000.000
24379,1706,-166.992188,25000000.000
24380,1664,-187.500000,25000000.000
24381,1650,-194.335938,25000000.000
24382,1650,-194.335938,25000000.000
24383,1650,-194.335938,25000000.000
24384,1677,-181.152344,25000000.000
24385,1702,-168.945312,25000000.000
24386,1736,-152.343750,25000000.000
24387,1742,-149.414062,25000000.000
24388,1828,-107.421875,25000000.000
24389,1880,-82.031250,25000000.000
24390,1942,-51.757812,25000000.000
24391,1941,-52.246094,25000000.000
24392,2061,6.347656,25000000.000
24393,2117,33.691406,25000000.000
24394,2180,64.453125,25000000.000
24395,2181,64.941406,25000000.000
24396,2286,116.210938,25000000.000
24397,2327,136.230469,25000000.000
24398,2368,156.250000,25000000.000
24399,2372,158.203125,25000000.000
24400,2423,183.105469,25000000.000
24401,2436,189.453125,25000000.000
24402,2442,192.382812,25000000.000
24403,2439,190.917969,25000000.000
24404,2425,184.082031,25000000.000
24405,2404,173.828125,25000000.000
24406,2371,157.714844,25000000.000
24407,2368,156.250000,25000000.000
24408,2290,118.164062,25000000.000
24409,2237,92.285156,25000000.000
24410,2181,64.941406,25000000.000
24411,2177,62.988281,25000000.000
24412,2062,6.835938,25000000.000
24413,1999,-23.925781,25000000.000
24414,1941,-52.246094,25000000.000
24415,1936,-54.687500,25000000.000
24416,1829,-106.933594,25000000.000
24417,1781,-130.371094,25000000.000
24418,1739,-150.878906,25000000.000
24419,1735,-152.832031,25000000.000
24420,1678,-180.664062,25000000.000
24421,1660,-189.453125,25000000.000
24422,1649,-194.824219,25000000.000
24423,1651,-193.847656,25000000.000
24424,1661,-188.964844,25000000.000
24425,1679,-180.175781,25000000.000
24426,1708,-166.015625,25000000.000
24427,1712,-164.062500,25000000.000
24428,1787,-127.441406,25000000.000
24429,1834,-104.492188,25000000.000
24430,1887,-78.613281,25000000.000
24431,1891,-76.660156,25000000.000
24432,2009,-19.042969,25000000.000
24433,2061,6.347656,25000000.000
24434,2127,38.574219,25000000.000
24435,2131,40.527344,25000000.000
24436,2238,92.773438,25000000.000
24437,2291,118.652344,25000000.000
24438,2335,140.136719,25000000.000
24439,2340,142.578125,25000000.000
24440,2403,173.339844,25000000.000
24441,2423,183.105469,25000000.000
24442,2439,190.917969,25000000.000
24443,2439,190.917969,25000000.000
24444,2436,189.453125,25000000.000
24445,2421,182.128906,25000000.000
24446,2400,171.875000,25000000.000
24447,2394,168.945312,25000000.000
24448,2327,136.230469,25000000.000
24449,2280,113.281250,25000000.000
24450,2228,87.890625,25000000.000
24451,2222,84.960938,25000000.000
24452,2114,32.226562,25000000.000
24453,2050,0.976562,25000000.000
24454,1982,-32.226562,25000000.000
24455,1986,-30.273438,25000000.000
24456,1881,-81.542969,25000000.000
24457,1826,-108.398438,25000000.000
24458,1764,-138.671875,25000000.000
24459,1762,-139.648438,25000000.000
24460,1703,-168.457031,25000000.000
24461,1676,-181.640625,25000000.000
24462,1657,-190.917969,25000000.000
24463,1652,-193.359375,25000000.000
24464,1655,-191.894531,25000000.000
24465,1662,-188.476562,25000000.000
24466,1683,-178.222656,25000000.000
24467,1684,-177.734375,25000000.000
24468,1750,-145.507812,25000000.000
24469,1793,-124.511719,25000000.000
24470,1841,-101.074219,25000000.000
24471,1848,-97.656250,25000000.000
24472,1956,-44.921875,25000000.000
24473,2016,-15.625000,25000000.000
24474,2076,13.671875,25000000.000
24475,2082,16.601562,25000000.000
24476,2195,71.777344,25000000.000
24477,2249,98.144531,25000000.000
24478,2300,123.046875,25000000.000
24479,2303,124.511719,25000000.000
24480,2379,161.621094,25000000.000
24481,2409,176.269531,25000000.000
24482,2429,186.035156,25000000.000
24483,2430,186.523438,25000000.000
24484,2443,192.871094,25000000.000
24485,2434,188.476562,25000000.000
24486,2418,180.664062,25000000.000
24487,2417,180.175781,25000000.000
24488,2361,152.832031,25000000.000
24489,2322,133.789062,25000000.000
24490,2271,108.886719,25000000.000
24491,2267,106.933594,25000000.000
24492,2164,56.640625,25000000.000
24493,2105,27.832031,25000000.000
24494,2044,-1.953125,25000000.000
24495,2038,-4.882812,25000000.000
24496,1923,-61.035156,25000000.000
24497,1867,-88.378906,25000000.000
24498,1814,-114.257812,25000000.000
24499,1810,-116.210938,25000000.000
24500,1728,-156.250000,25000000.000
24501,1697,-171.386719,25000000.000
24502,1672,-183.593750,25000000.000
24503,1670,-184.570312,25000000.000
24504,1650,-194.335938,25000000.000
24505,1655,-191.894531,25000000.000
24506,1665,-187.011719,25000000.000
24507,1670,-184.570312,25000000.000
24508,1719,-160.644531,25000000.000
24509,1755,-143.066406,25000000.000
24510,1801,-120.605469,25000000.000
24511,1805,-118.652344,25000000.000
24512,1907,-68.847656,25000000.000
24513,1964,-41.015625,25000000.000
24514,2025,-11.230469,25000000.000
24515,2031,-8.300781,25000000.000
24516,2146,47.851562,25000000.000
24517,2202,75.195312,25000000.000
24518,2257,102.050781,25000000.000
24519,2261,104.003906,25000000.000
24520,2348,146.484375,25000000.000
24521,2386,165.039062,25000000.000
24522,2410,176.757812,25000000.000
24523,2414,178.710938,25000000.000
24524,2442,192.382812,25000000.000
24525,2442,192.382812,25000000.000
24526,2434,188.476562,25000000.000
24527,2432,187.500000,25000000.000
24528,2390,166.992188,25000000.000
24529,2354,149.414062,25000000.000
24530,2314,129.882812,25000000.000
24531,2310,127.929688,25000000.000
24532,2213,80.566406,25000000.000
24533,2154,51.757812,25000000.000
24534,2095,22.949219,25000000.000
24535,2089,20.019531,25000000.000
24536,1973,-36.621094,25000000.000
24537,1916,-64.453125,25000000.000
24538,1856,-93.750000,25000000.000
24539,1856,-93.750000,25000000.000
24540,1762,-139.648438,25000000.000
24541,1723,-158.691406,25000000.000
24542,1692,-173.828125,25000000.000
24543,1691,-174.316406,25000000.000
24544,1656,-191.406250,25000000.000
24545,1649,-194.824219,25000000.000
24546,1656,-191.406250,25000000.000
24547,1654,-192.382812,25000000.000
24548,1693,-173.339844,25000000.000
24549,1723,-158.691406,25000000.000
24550,1762,-139.648438,25000000.000
24551,1766,-137.695312,25000000.000
24552,1859,-92.285156,25000000.000
24553,1920,-62.500000,25000000.000
24554,1974,-36.132812,25000000.000
24555,1982,-32.226562,25000000.000
24556,2095,22.949219,25000000.000
24557,2158,53.710938,25000000.000
24558,2211,79.589844,25000000.000
24559,2218,83.007812,25000000.000
24560,2314,129.882812,25000000.000
24561,2355,149.902344,25000000.000
24562,2388,166.015625,25000000.000
24563,2389,166.503906,25000000.000
24564,2436,189.453125,25000000.000
24565,2441,191.894531,25000000.000
24566,2439,190.917969,25000000.000
24567,2437,189.941406,25000000.000
24568,2415,179.199219,25000000.000
24569,2385,164.550781,25000000.000
24570,2347,145.996094,25000000.000
24571,2344,144.531250,25000000.000
24572,2257,102.050781,25000000.000
24573,2204,76.171875,25000000.000
24574,2145,47.363281,25000000.000
24575,2140,44.921875,25000000.000
24576,2025,-11.230469,25000000.000
24577,1964,-41.015625,25000000.000
24578,1905,-69.824219,25000000.000
24579,1898,-73.242188,25000000.000
24580,1801,-120.605469,25000000.000
24581,1755,-143.066406,25000000.000
24582,1718,-161.132812,25000000.000
24583,1713,-163.574219,25000000.000
24584,1667,-186.035156,25000000.000
24585,1653,-192.871094,25000000.000
24586,1649,-194.824219,25000000.000
24587,1651,-193.847656,25000000.000
24588,1670,-184.570312,25000000.000
24589,1698,-170.898438,25000000.000
24590,1728,-156.250000,25000000.000
24591,1734,-153.320312,25000000.000
24592,1815,-113.769531,25000000.000
24593,1866,-88.867188,25000000.000
24594,1924,-60.546875,25000000.000
24595,1929,-58.105469,25000000.000
24596,2043,-2.441406,25000000.000
24597,2104,27.343750,25000000.000
24598,2163,56.152344,25000000.000
24599,2168,58.593750,25000000.000
24600,2270,108.398438,25000000.000
24601,2318,131.835938,25000000.000
24602,2358,151.367188,25000000.000
24603,2361,152.832031,25000000.000
24604,2417,180.175781,25000000.000
24605,2436,189.453125,25000000.000
24606,2439,190.917969,25000000.000
24607,2441,191.894531,25000000.000
24608,2429,186.035156,25000000.000
24609,2410,176.757812,25000000.000
24610,2378,161.132812,25000000.000
24611,2376,160.156250,25000000.000
24612,2303,124.511719,25000000.000
24613,2246,96.679688,25000000.000
24614,2193,70.800781,25000000.000
24615,2186,67.382812,25000000.000
24616,2076,13.671875,25000000.000
24617,2015,-16.113281,25000000.000
24618,1954,-45.898438,25000000.000
24619,1948,-48.828125,25000000.000
24620,1840,-101.562500,25000000.000
24621,1792,-125.000000,25000000.000
24622,1748,-146.484375,25000000.000
24623,1745,-147.949219,25000000.000
24624,1684,-177.734375,25000000.000
24625,1661,-188.964844,25000000.000
24626,1652,-193.359375,25000000.000
24627,1653,-192.871094,25000000.000
24628,1659,-189.941406,25000000.000
24629,1674,-182.617188,25000000.000
24630,1702,-168.945312,25000000.000
24631,1705,-167.480469,25000000.000
24632,1774,-133.789062,25000000.000
24633,1824,-109.375000,25000000.000
24634,1875,-84.472656,25000000.000
24635,1880,-82.031250,25000000.000
24636,1992,-27.343750,25000000.000
24637,2053,2.441406,25000000.000
24638,2111,30.761719,25000000.000
24639,2118,34.179688,25000000.000
24640,2228,87.890625,25000000.000
24641,2280,113.281250,25000000.000
24642,2325,135.253906,25000000.000
24643,2330,137.695312,25000000.000
24644,2398,170.898438,25000000.000
24645,2420,181.640625,25000000.000
24646,2437,189.941406,25000000.000
24647,2437,189.941406,25000000.000
24648,2439,190.917969,25000000.000
24649,2426,184.570312,25000000.000
24650,2406,174.804688,25000000.000
24651,2398,170.898438,25000000.000
24652,2340,142.578125,25000000.000
24653,2292,119.140625,25000000.000
24654,2247,97.167969,25000000.000
24655,2234,90.820312,25000000.000
24656,2134,41.992188,25000000.000
24657,2070,10.742188,25000000.000
24658,2010,-18.554688,25000000.000
24659,2002,-22.460938,25000000.000
24660,1890,-77.148438,25000000.000
24661,1833,-104.980469,25000000.000
24662,1789,-126.464844,25000000.000
24663,1782,-129.882812,25000000.000
24664,1708,-166.015625,25000000.000
24665,1680,-179.687500,25000000.000
24666,1662,-188.476562,25000000.000
24667,1660,-189.453125,25000000.000
24668,1652,-193.359375,25000000.000
24669,1661,-188.964844,25000000.000
24670,1676,-181.640625,25000000.000
24671,1681,-179.199219,25000000.000
24672,1740,-150.390625,25000000.000
24673,1783,-129.394531,25000000.000
24674,1832,-105.468750,25000000.000
24675,1837,-103.027344,25000000.000
24676,1942,-51.757812,25000000.000
24677,2000,-23.437500,25000000.000
24678,2062,6.835938,25000000.000
24679,2067,9.277344,25000000.000
24680,2182,65.429688,25000000.000
24681,2234,90.820312,25000000.000
24682,2288,117.187500,25000000.000
24683,2292,119.140625,25000000.000
24684,2371,157.714844,25000000.000
24685,2403,173.339844,25000000.000
24686,2423,183.105469,25000000.000
24687,2427,185.058594,25000000.000
24688,2441,191.894531,25000000.000
24689,2438,190.429688,25000000.000
24690,2424,183.593750,25000000.000
24691,2423,183.105469,25000000.000
24692,2370,157.226562,25000000.000
24693,2330,137.695312,25000000.000
24694,2308,126.953125,25000000.000
24695,2257,102.050781,25000000.000
24696,2176,62.500000,25000000.000
24697,2117,33.691406,25000000.000
24698,2060,5.859375,25000000.000
24699,2053,2.441406,25000000.000
24700,1938,-53.710938,25000000.000
24701,1881,-81.542969,25000000.000
24702,1827,-107.910156,25000000.000
24703,1822,-110.351562,25000000.000
24704,1736,-152.343750,25000000.000
24705,1704,-167.968750,25000000.000
24706,1678,-180.664062,25000000.000
24707,1676,-181.640625,25000000.000
24708,1650,-194.335938,25000000.000
24709,1653,-192.871094,25000000.000
24710,1662,-188.476562,25000000.000
24711,1664,-187.500000,25000000.000
24712,1708,-166.015625,25000000.000
24713,1748,-146.484375,25000000.000
24714,1790,-125.976562,25000000.000
24715,1796,-123.046875,25000000.000
24716,1895,-74.707031,25000000.000
24717,1952,-46.875000,25000000.000
24718,2008,-19.531250,25000000.000
24719,2015,-16.113281,25000000.000
24720,2129,39.550781,25000000.000
24721,2191,69.824219,25000000.000
24722,2244,95.703125,25000000.000
24723,2249,98.144531,25000000.000
24724,2340,142.578125,25000000.000
24725,2376,160.156250,25000000.000
24726,2405,174.316406,25000000.000
24727,2408,175.781250,25000000.000
24728,2441,191.894531,25000000.000
24729,2441,191.894531,25000000.000
24730,2438,190.429688,25000000.000
24731,2435,188.964844,25000000.000
24732,2397,170.410156,25000000.000
24733,2365,154.785156,25000000.000
24734,2326,135.742188,25000000.000
24735,2320,132.812500,25000000.000
24736,2234,90.820312,25000000.000
24737,2171,60.058594,25000000.000
24738,2109,29.785156,25000000.000
24739,2108,29.296875,25000000.000
24740,1987,-29.785156,25000000.000
24741,1930,-57.617188,25000000.000
24742,1871,-86.425781,25000000.000
24743,1868,-87.890625,25000000.000
24744,1773,-134.277344,25000000.000
24745,1730,-155.273438,25000000.000
24746,1700,-169.921875,25000000.000
24747,1697,-171.386719,25000000.000
24748,1657,-190.917969,25000000.000
24749,1650,-194.335938,25000000.000
24750,1651,-193.847656,25000000.000
24751,1652,-193.359375,25000000.000
24752,1684,-177.734375,25000000.000
24753,1715,-162.597656,25000000.000
24754,1751,-145.019531,25000000.000
24755,1756,-142.578125,25000000.000
24756,1843,-100.097656,25000000.000
24757,1900,-72.265625,25000000.000
24758,1959,-43.457031,25000000.000
24759,1966,-40.039062,25000000.000
24760,2078,14.648438,25000000.000
24761,2138,43.945312,25000000.000
24762,2197,72.753906,25000000.000
24763,2199,73.730469,25000000.000
24764,2301,123.535156,25000000.000
24765,2344,144.531250,25000000.000
24766,2379,161.621094,25000000.000
24767,2382,163.085938,25000000.000
24768,2429,186.035156,25000000.000
24769,2440,191.406250,25000000.000
24770,2442,192.382812,25000000.000
24771,2444,193.359375,25000000.000
24772,2416,179.687500,25000000.000
24773,2393,168.457031,25000000.000
24774,2359,151.855469,25000000.000
24775,2356,150.390625,25000000.000
24776,2271,108.886719,25000000.000
24777,2217,82.519531,25000000.000
24778,2161,55.175781,25000000.000
24779,2155,52.246094,25000000.000
24780,2040,-3.906250,25000000.000
24781,1980,-33.203125,25000000.000
24782,1920,-62.500000,25000000.000
24783,1914,-65.429688,25000000.000
24784,1811,-115.722656,25000000.000
24785,1766,-137.695312,25000000.000
24786,1726,-157.226562,25000000.000
24787,1723,-158.691406,25000000.000
24788,1669,-185.058594,25000000.000
24789,1655,-191.894531,25000000.000
24790,1649,-194.824219,25000000.000
24791,1651,-193.847656,25000000.000
24792,1666,-186.523438,25000000.000
24793,1689,-175.292969,25000000.000
24794,1721,-159.667969,25000000.000
24795,1723,-158.691406,25000000.000
24796,1806,-118.164062,25000000.000
24797,1853,-95.214844,25000000.000
24798,1908,-68.359375,25000000.000
24799,1913,-65.917969,25000000.000
24800,2028,-9.765625,25000000.000
24801,2087,19.042969,25000000.000
24802,2148,48.828125,25000000.000
24803,2154,51.757812,25000000.000
24804,2257,102.050781,25000000.000
24805,2309,127.441406,25000000.000
24806,2351,147.949219,25000000.000
24807,2355,149.902344,25000000.000
24808,2413,178.222656,25000000.000
24809,2432,187.500000,25000000.000
24810,2435,188.964844,25000000.000
24811,2445,193.847656,25000000.000
24812,2423,183.105469,25000000.000
24813,2416,179.687500,25000000.000
24814,2401,172.363281,25000000.000
24815,2379,161.621094,25000000.000
24816,2314,129.882812,25000000.000
24817,2260,103.515625,25000000.000
24818,2211,79.589844,25000000.000
24819,2206,77.148438,25000000.000
24820,2090,20.507812,25000000.000
24821,2030,-8.789062,25000000.000
24822,1972,-37.109375,25000000.000
24823,1964,-41.015625,25000000.000
24824,1855,-94.238281,25000000.000
24825,1803,-119.628906,25000000.000
24826,1759,-141.113281,25000000.000
24827,1756,-142.578125,25000000.000
24828,1691,-174.316406,25000000.000
24829,1667,-186.035156,25000000.000
24830,1655,-191.894531,25000000.000
24831,1653,-192.871094,25000000.000
24832,1656,-191.406250,25000000.000
24833,1671,-184.082031,25000000.000
24834,1693,-173.339844,25000000.000
24835,1694,-172.851562,25000000.000
24836,1764,-138.671875,25000000.000
24837,1811,-115.722656,25000000.000
24838,1861,-91.308594,25000000.000
24839,1869,-87.402344,25000000.000
24840,1979,-33.691406,25000000.000
24841,2037,-5.371094,25000000.000
24842,2099,24.902344,25000000.000
24843,2103,26.855469,25000000.000
24844,2216,82.031250,25000000.000
24845,2266,106.445312,25000000.000
24846,2317,131.347656,25000000.000
24847,2320,132.812500,25000000.000
24848,2389,166.503906,25000000.000
24849,2417,180.175781,25000000.000
24850,2433,187.988281,25000000.000
24851,2434,188.476562,25000000.000
24852,2440,191.406250,25000000.000
24853,2433,187.988281,25000000.000
24854,2410,176.757812,25000000.000
24855,2409,176.269531,25000000.000
24856,2349,146.972656,25000000.000
24857,2305,125.488281,25000000.000
24858,2256,101.562500,25000000.000
24859,2251,99.121094,25000000.000
24860,2142,45.898438,25000000.000
24861,2082,16.601562,25000000.000
24862,2014,-16.601562,25000000.000
24863,2031,-8.300781,25000000.000
24864,1912,-66.406250,25000000.000
24865,1844,-99.609375,25000000.000
24866,1798,-122.070312,25000000.000
24867,1790,-125.976562,25000000.000
24868,1720,-160.156250,25000000.000
24869,1690,-174.804688,25000000.000
24870,1661,-188.964844,25000000.000
24871,1664,-187.500000,25000000.000
24872,1654,-192.382812,25000000.000
24873,1658,-190.429688,25000000.000
24874,1673,-183.105469,25000000.000
24875,1676,-181.640625,25000000.000
24876,1734,-153.320312,25000000.000
24877,1783,-129.394531,25000000.000
24878,1827,-107.910156,25000000.000
24879,1818,-112.304688,25000000.000
24880,1926,-59.570312,25000000.000
24881,1989,-28.808594,25000000.000
24882,2044,-1.953125,25000000.000
24883,2050,0.976562,25000000.000
24884,2166,57.617188,25000000.000
24885,2224,85.937500,25000000.000
24886,2274,110.351562,25000000.000
24887,2280,113.281250,25000000.000
24888,2359,151.855469,25000000.000
24889,2395,169.433594,25000000.000
24890,2419,181.152344,25000000.000
24891,2422,182.617188,25000000.000
24892,2444,193.359375,25000000.000
24893,2440,191.406250,25000000.000
24894,2429,186.035156,25000000.000
24895,2425,184.082031,25000000.000
24896,2379,161.621094,25000000.000
24897,2341,143.066406,25000000.000
24898,2296,121.093750,25000000.000
24899,2291,118.652344,25000000.000
24900,2173,61.035156,25000000.000
24901,2136,42.968750,25000000.000
24902,2084,17.578125,25000000.000
24903,2073,12.207031,25000000.000
24904,1940,-52.734375,25000000.000
24905,1891,-76.660156,25000000.000
24906,1841,-101.074219,25000000.000
24907,1830,-106.445312,25000000.000
24908,1740,-150.390625,25000000.000
24909,1710,-165.039062,25000000.000
24910,1682,-178.710938,25000000.000
24911,1679,-180.175781,25000000.000
24912,1652,-193.359375,25000000.000
24913,1648,-195.312500,25000000.000
24914,1659,-189.941406,25000000.000
24915,1658,-190.429688,25000000.000
24916,1702,-168.945312,25000000.000
24917,1736,-152.343750,25000000.000
24918,1778,-131.835938,25000000.000
24919,1783,-129.394531,25000000.000
24920,1876,-83.984375,25000000.000
24921,1936,-54.687500,25000000.000
24922,1998,-24.414062,25000000.000
24923,2003,-21.972656,25000000.000
24924,2117,33.691406,25000000.000
24925,2175,62.011719,25000000.000
24926,2231,89.355469,25000000.000
24927,2237,92.285156,25000000.000
24928,2331,138.183594,25000000.000
24929,2366,155.273438,25000000.000
24930,2398,170.898438,25000000.000
24931,2399,171.386719,25000000.000
24932,2437,189.941406,25000000.000
24933,2443,192.871094,25000000.000
24934,2439,190.917969,25000000.000
24935,2438,190.429688,25000000.000
24936,2401,172.363281,25000000.000
24937,2374,159.179688,25000000.000
24938,2334,139.648438,25000000.000
24939,2331,138.183594,25000000.000
24940,2238,92.773438,25000000.000
24941,2184,66.406250,25000000.000
24942,2126,38.085938,25000000.000
24943,2121,35.644531,25000000.000
24944,2004,-21.484375,25000000.000
24945,1943,-51.269531,25000000.000
24946,1889,-77.636719,25000000.000
24947,1881,-81.542969,25000000.000
24948,1781,-130.371094,25000000.000
24949,1745,-147.949219,25000000.000
24950,1706,-166.992188,25000000.000
24951,1700,-169.921875,25000000.000
24952,1660,-189.453125,25000000.000
24953,1652,-193.359375,25000000.000
24954,1649,-194.824219,25000000.000
24955,1651,-193.847656,25000000.000
24956,1679,-180.175781,25000000.000
24957,1705,-167.480469,25000000.000
24958,1741,-149.902344,25000000.000
24959,1746,-147.460938,25000000.000
24960,1833,-104.980469,25000000.000
24961,1885,-79.589844,25000000.000
24962,1945,-50.292969,25000000.000
24963,1949,-48.339844,25000000.000
24964,2062,6.835938,25000000.000
24965,2125,37.597656,25000000.000
24966,2182,65.429688,25000000.000
24967,2188,68.359375,25000000.000
24968,2288,117.187500,25000000.000
24969,2334,139.648438,25000000.000
24970,2370,157.226562,25000000.000
24971,2375,159.667969,25000000.000
24972,2424,183.593750,25000000.000
24973,2437,189.941406,25000000.000
24974,2443,192.871094,25000000.000
24975,2444,193.359375,25000000.000
24976,2424,183.593750,25000000.000
24977,2398,170.898438,25000000.000
24978,2369,156.738281,25000000.000
24979,2363,153.808594,25000000.000
24980,2283,114.746094,25000000.000
24981,2231,89.355469,25000000.000
24982,2174,61.523438,25000000.000
24983,2168,58.593750,25000000.000
24984,2056,3.906250,25000000.000
24985,1994,-26.367188,25000000.000
24986,1934,-55.664062,25000000.000
24987,1930,-57.617188,25000000.000
24988,1823,-109.863281,25000000.000
24989,1776,-132.812500,25000000.000
24990,1734,-153.320312,25000000.000
24991,1731,-154.785156,25000000.000
24992,1679,-180.175781,25000000.000
24993,1650,-194.335938,25000000.000
24994,1653,-192.871094,25000000.000
24995,1647,-195.800781,25000000.000
24996,1659,-189.941406,25000000.000
24997,1683,-178.222656,25000000.000
24998,1712,-164.062500,25000000.000
24999,1715,-162.597656,25000000.000
